t,label,ee_x_mm,ee_y_mm,ee_z_mm,displacement_mm,stability_elapsed_sec,marker_0_x,marker_0_y,marker_0_z,marker_0_stable,marker_1_x,marker_1_y,marker_1_z,marker_1_stable,marker_2_x,marker_2_y,marker_2_z,marker_2_stable,marker_3_x,marker_3_y,marker_3_z,marker_3_stable,marker_4_x,marker_4_y,marker_4_z,marker_4_stable
0.0,start,474.271,496.618,558.502,0.0,0.4,-0.15889260217870207,-0.09432157578571036,0.4357161193290704,1,-0.0753983506845593,-0.0329414382097084,0.4294904304891764,1,-0.0017851239411236554,0.0032752344493582023,0.4274031496291339,1,0.07190130860609006,0.008947484880511065,0.4249684758338483,1,0.154254814191949,-0.013951469931101154,0.4401799889481916,1
22.954572,grid_0001_y350_z400,480.792,352.416,401.75,213.0913647921942,7.506,-0.32275750034261597,0.08223783855855187,0.42353610187681623,1,-0.20000181168680534,0.10490795774718636,0.42052712977654516,1,-0.09002179592028015,0.09918182632995727,0.4333092597740613,1,0.02439807299556962,0.05546316121489814,0.4186833288004381,1,0.14654434642403216,-0.00977030120146513,0.44566775510636797,1
28.386682,grid_0002_y355_z400,480.824,353.135,400.213,213.74218259155114,5.422,-0.32170700390611395,0.08430150858863518,0.4229771909162918,1,-0.1988759564165343,0.10624288399304067,0.4189790944736777,1,-0.0888436741724023,0.0998544355125439,0.4310646499712958,1,0.025725582443099516,0.0582616988134295,0.4349558606163714,1,0.14654434642403216,-0.00977030120146513,0.44566775510636797,1
32.558716,grid_0003_y360_z400,480.774,357.955,400.127,210.59999335944906,3.89,-0.3169742281106995,0.08463276611488853,0.42419370774588105,1,-0.1953333361279601,0.10598445966717007,0.4203201346085094,1,-0.08595174665641898,0.09870191010648781,0.4286358789621922,1,0.027066596786246507,0.05797586987469091,0.4370528454413492,1,0.1400744062609892,-0.009253447980964846,0.42405799463547794,1
39.09657,grid_0004_y365_z400,480.699,362.827,399.974,207.53909908496757,6.256,-0.30524643590798983,0.08323309584193152,0.4156850786606518,1,-0.1915322076276563,0.10648437603739729,0.42063125335116774,1,-0.08297731120917919,0.09874191768610813,0.4286318968036693,1,0.027602425945938213,0.05586582171822696,0.42022982202201487,1,0.1443814039940722,-0.009829234061670791,0.43552746411847854,1
41.328797,grid_0005_y370_z400,480.729,367.865,400.116,204.21842661474008,1.969,-0.30497031565752214,0.08444026644351445,0.42289851399922984,1,-0.18631242703540485,0.10578489443306723,0.41831802975449234,1,-0.08077406685552384,0.09956982232517947,0.43085420750762116,1,0.03003409526388001,0.05756847468646773,0.43232074136215276,1,0.1439378592419935,-0.009832078413413799,0.4340955229444059,1
41.98979,grid_0006_y375_z400,480.581,373.324,399.794,201.07077311235463,0.399,-0.3006372149425109,0.08556591337117603,0.42411761832258216,1,-0.18421262471355493,0.10667620109420878,0.4225242479173019,1,-0.07763978075446477,0.09878850507433894,0.42963476843366427,1,0.031074042816801997,0.056639062796868096,0.4267486387615082,1,0.14406828495179655,-0.00982585789500016,0.43413478933417626,1
44.020291,grid_0007_y380_z400,480.836,377.939,400.043,198.0834645976286,1.799,-0.2953638433628252,0.08567434646122894,0.42471665000349185,1,-0.1809653633551009,0.10719393401640027,0.4254131654370689,1,-0.07491738916331149,0.09861432659121712,0.43027351817939335,1,0.032165199982298075,0.05541097564600955,0.42108826466470645,1,0.14375676210904015,-0.0098345138736836,0.43228228581611156,1
49.599118,grid_0008_y385_z400,480.915,382.644,400.064,195.28649532417742,5.298,-0.2895663242930398,0.08552671427427976,0.42381048874383076,1,-0.17579074852096613,0.10692680165962003,0.42225406012455435,1,-0.07198317326287886,0.0991846859745199,0.42856233816113004,1,0.033794403133369975,0.05687160245994721,0.4280550309560671,1,0.14353309363739353,-0.009852270862310636,0.4302986709409848,1
50.548341,grid_0009_y390_z400,480.972,387.661,400.239,192.2594820002384,0.677,-0.2833741439203292,0.08532404051974933,0.4228546144698404,1,-0.16812074492484255,0.1048079699043103,0.4144454042691183,1,-0.06915058831140228,0.09934570293628586,0.4309307652618131,1,0.03537542241259866,0.056089425482764244,0.42472401492577094,1,0.14338923805023052,-0.009866247907001835,0.42897739868491414,1
53.080184,grid_0010_y395_z400,480.897,392.619,400.249,189.4827376992426,2.259,-0.27715577886246007,0.08510491345650799,0.4218223699746009,1,-0.16871010355719185,0.10751420106173554,0.42626991826819527,1,-0.06575492595582764,0.09838016678768736,0.42825166065475084,1,0.03751554885490006,0.056709454403389155,0.4308345465505881,1,0.14426650703909782,-0.010099724301315536,0.43144024024841815,1
54.124909,grid_0011_y400_z400,480.685,398.02,400.483,186.367135946765,0.792,-0.2709923146016399,0.08492959698671089,0.42192524751996824,1,-0.1616374182829544,0.1050655137694239,0.4181719610934476,1,-0.06379310482319218,0.09904187571365843,0.433474874907259,1,0.03857494605469563,0.05575928066804234,0.4274951580546707,1,0.1459513700924482,-0.010201201323011609,0.4357729889482071,1
55.591106,grid_0012_y405_z400,480.841,402.863,400.106,184.18050315112072,1.294,-0.2643464052227555,0.0847504295279264,0.41969907058889183,1,-0.1596405205430194,0.10672807456719437,0.42292553573502695,1,-0.06088966980753327,0.09889844846245081,0.4307570764264941,1,0.03964942508280165,0.05567175456777307,0.4237195702811491,1,0.14650454195219173,-0.010344877740408017,0.4365535707050523,1
57.710223,grid_0013_y410_z400,480.815,408.075,399.901,181.76073279451748,1.858,-0.25395441848079287,0.08368857164023741,0.41217157883870975,1,-0.15437374963674994,0.10683038739331867,0.4216409309331884,1,-0.05719076803041733,0.098489630542991,0.4275052330326441,1,0.041760919546307035,0.05623399270238016,0.42882587980905856,1,0.1465764112983167,-0.010466113526313173,0.4354127333598575,1
58.414391,grid_0014_y415_z400,480.809,413.054,400.142,179.17471121785013,0.399,-0.250387682326204,0.08379060292652663,0.41325327066365086,1,-0.15116888679224727,0.10620369054505208,0.42224411004089024,1,-0.05579944812981572,0.09885433339452183,0.4330740719336496,1,0.04314460935477318,0.0564112891047488,0.4328067782768131,1,0.1481253773160811,-0.010619404504567711,0.43993801527618565,1
58.976322,grid_0015_y420_z400,480.875,417.853,399.931,177.1787235590097,0.399,-0.24901863349165312,0.08553641381256549,0.4198850050778209,1,-0.1473608767742128,0.10694815541883611,0.4237535750309925,1,-0.051973777696783546,0.09767856695525902,0.4264142526029797,1,0.04450725594794563,0.05647359259428006,0.4323808295026941,1,0.14816036194175092,-0.01060382531342672,0.4396587115643497,1
60.517455,grid_0016_y425_z400,481.08,422.934,399.943,174.97614356820185,1.3,-0.2445479214193965,0.0864650991509235,0.4238174199536448,1,-0.14409948777256978,0.10786494158913422,0.4272249780854282,1,-0.049611497051586025,0.09857562341135438,0.4318449405100979,1,0.045722807046271075,0.0555045616114954,0.4278546024275843,1,0.14651957807518629,-0.010472889947771466,0.4332028249747381,1
61.568857,grid_0017_y430_z400,481.026,427.884,399.948,172.94323836739034,0.85,-0.23748122737063126,0.08586743380230694,0.4209589814892605,1,-0.13696616367803593,0.10593757798151493,0.4196097794374393,1,-0.046050343668246785,0.09785063221191094,0.4274969713582586,1,0.04781071899925319,0.05605153117446193,0.4318209619218447,1,0.14695400888414914,-0.010406911733201301,0.43337115099066775,1
62.215094,grid_0018_y435_z400,481.037,432.811,400.191,170.82003607890965,0.455,-0.23131218584331725,0.08540894284264468,0.41896201776222003,1,-0.13521789436404916,0.1066956931883435,0.42422501847727573,1,-0.04375298940729805,0.09778051252188687,0.42954792056040536,1,0.04922402108352147,0.05540023260122536,0.43069696336828583,1,0.14897854537351687,-0.010735522604215474,0.4392810788269892,1
63.007056,grid_0019_y440_z400,481.066,437.602,400.211,169.07128958519237,0.622,-0.2259966848927423,0.085438878623417,0.41905575403821027,1,-0.1306072474022207,0.10662446754740974,0.42331060010991545,1,-0.04101720491650046,0.09777676152115407,0.4294160720707056,1,0.05044616023907489,0.05487916332000375,0.4276285438597807,1,0.15049898194548617,-0.010864756909924172,0.4426444615284331,1
64.530221,grid_0020_y445_z400,481.158,442.774,400.227,167.32478217526534,1.294,-0.22034701219225697,0.08552033904836742,0.4194383012116931,1,-0.12585257465088975,0.1062778456453728,0.4223399670542413,1,-0.037812188681391724,0.09748780886526594,0.42913496588280986,1,0.05247179034490429,0.0556537337661506,0.43272524580623495,1,0.1487522122995791,-0.010744212197910658,0.43693115692650575,1
67.802999,grid_0021_y450_z400,480.828,447.915,399.726,166.20708358550783,3.112,-0.21713500061122015,0.0876235419055294,0.42452410786357325,1,-0.1207933572349259,0.10644990763023066,0.420317068647444,1,-0.03501410665843146,0.0976862315004936,0.42822865933157445,1,0.05243991437856663,0.05419266112093541,0.4214253352231965,1,0.14750504527064764,-0.010480225237029727,0.4325687731843649,1
68.819087,grid_0022_y455_z400,481.284,452.557,399.822,164.8329344821598,0.734,-0.2095468325906021,0.08648340872388512,0.41928435441174616,1,-0.11755143638909425,0.10656489867564196,0.42200011001299553,1,-0.03225234084929022,0.09747625941895048,0.42797517562609516,1,0.055233321151812696,0.054995530382826896,0.4308975676168203,1,0.1512585873918744,-0.010860946651526487,0.44277066285839917,1
70.044778,grid_0023_y460_z400,481.114,457.698,399.927,163.42467278229435,1.016,-0.2028840645478923,0.0860746167541754,0.4174138836545889,1,-0.11232320977684546,0.10564877467189425,0.4189245942288739,1,-0.029131719962112817,0.0974846674829431,0.4289792541165111,1,0.05617666674139223,0.05452931537064882,0.4263504241267661,1,0.15123886322473745,-0.010910754542508769,0.4419869892180855,1
70.708361,grid_0024_y465_z400,481.275,462.566,399.999,162.27074822345517,0.453,-0.19764723264111253,0.08549972110638827,0.41542031204005864,1,-0.10884043966463136,0.1050915411797011,0.41902167250761063,1,-0.026838107152990464,0.09748425067859236,0.430562359953986,1,0.057552636372566614,0.05448318742961349,0.42742040147902727,1,0.15098399521980432,-0.010981841799826683,0.440700592538459,1
71.841268,grid_0025_y470_z400,481.227,467.768,400.008,161.248430913296,0.912,-0.19198201421100958,0.08608492257442708,0.4174846525533502,1,-0.10476301768534046,0.10591062700813796,0.4218855293849097,1,-0.023540688689942347,0.09736254196564897,0.4300232663278565,1,0.05841625701665084,0.05346574976935827,0.4212141142886103,1,0.15136273632158093,-0.011019290398657677,0.4405963039442977,1
73.501999,grid_0026_y475_z400,480.842,472.675,399.918,160.5158258428121,1.47,-0.18609380535356987,0.08589648789620617,0.41669733236011713,1,-0.10078846815555319,0.10618336706922958,0.42286858377244,1,-0.020859001176486983,0.0964927491990124,0.42697157504806754,1,0.06060870052531325,0.05468240223776935,0.4301358480314794,1,0.1498179638084781,-0.010804408809462774,0.43571313588664523,1
75.454536,grid_0027_y480_z400,480.68,477.722,399.671,160.0794198452755,1.75,-0.1826744035261153,0.08717152032561283,0.4222722397998448,1,-0.0960087964056744,0.10559851418418381,0.42075039069756887,1,-0.018118680102898337,0.09664389813261441,0.4305150022956546,1,0.062027640635250104,0.05408721860998104,0.4291657098892181,1,0.15158435903609085,-0.01107913858786634,0.439890067780725,1
76.556049,grid_0028_y485_z400,480.924,482.722,399.527,159.71979166653077,0.85,-0.17560386727583657,0.08683813605051487,0.417959788786102,1,-0.09226370611574118,0.10608522159461535,0.4208731437925079,1,-0.015276609236757747,0.09661005085430581,0.4269311410312908,1,0.06342658835875396,0.053770639982618336,0.42675085989779915,1,0.15250248603242542,-0.011233372835447472,0.4413746978403538,1
77.21831,grid_0029_y490_z400,481.108,487.533,399.453,159.4549033269281,0.399,-0.17173843580109507,0.08740057089121563,0.4198619076085844,1,-0.08921287023056422,0.10689909534028523,0.42504743042113335,1,-0.012313835452015328,0.09702811947464962,0.4302174902154692,1,0.06520728908555841,0.05366204361047602,0.42785122126733893,1,0.1523322020083533,-0.01137586252515578,0.440599814356789,1
77.851758,grid_0030_y495_z400,481.007,492.472,399.397,159.30148786813007,0.401,-0.165684463201413,0.08701643059345254,0.4173920412156864,1,-0.08534107800373182,0.10618374817790598,0.4226123284574243,1,-0.010328644347639629,0.09663396686742338,0.4302612277539532,1,0.06668945010019406,0.05413582491427762,0.4305041160841616,1,0.15276504502200489,-0.011393889127045075,0.4411096630672621,1
80.0335,grid_0031_y500_z400,481.179,497.586,399.516,159.1389508699865,1.919,-0.15866054694177825,0.08675961242077596,0.4161706994482226,1,-0.08068261348662882,0.10707653221324138,0.42526152373420373,1,-0.006864528202742816,0.09691361920930813,0.43048328081252746,1,0.06876387424205878,0.053651994545001795,0.43125876173586314,1,0.15308547593995267,-0.011375389375870348,0.4405978051169371,1
82.597094,grid_0032_y505_z400,481.17,502.472,399.587,159.17236802284492,2.323,-0.15346510683829737,0.08705731165098278,0.41706514575790626,1,-0.0758793810408069,0.1059161823847009,0.42213249367501904,1,-0.003936188194589701,0.09730725097885969,0.43471477672167286,1,0.069998562097419,0.05347207122141456,0.4296129671531496,1,0.15344654540313127,-0.01138105324263982,0.4407392333510363,1
85.121034,grid_0033_y510_z400,481.065,507.526,399.825,159.1965239224776,2.253,-0.14746100020846223,0.08648117551092395,0.4152277218129719,1,-0.07231059070276595,0.10672893642608024,0.4265398347731371,1,-0.0009425654060001692,0.09425818259807495,0.42244818192294215,1,0.0725498071100128,0.05363087403869884,0.4344678721532731,1,0.1532437946921341,-0.01141356956458773,0.4396578274673497,1
91.852116,grid_0034_y515_z400,480.918,512.926,399.593,159.88184310296145,6.469,-0.1418761997338418,0.0871579123966721,0.4178151496086142,1,-0.06487940485450458,0.10264264935420055,0.4103641752576892,1,0.0021916736851430537,0.09511043315333768,0.4277166064553692,1,0.07340145637558596,0.05291390549498185,0.4314641527157172,1,0.15451947418815487,-0.01146100052386629,0.44236093496406054,1
93.582722,grid_0035_y520_z400,481.047,517.788,399.356,160.69079747141708,1.46,-0.13694866630153066,0.08741502097921715,0.4162140260257523,1,-0.06392746549318666,0.10754846045817468,0.4294716611165254,1,0.00512248217453016,0.09610483711280332,0.43241545189010927,1,0.07436572512388483,0.05265926509263852,0.4292082038520751,1,0.1545811681349084,-0.011384831926058415,0.44081931801336643,1
100.196017,grid_0036_y525_z400,481.367,522.608,399.535,161.2338066442642,6.312,-0.13146500639205813,0.08735050500654423,0.41603085480474516,1,-0.058418566347566515,0.10500219524752002,0.4196478413261166,1,0.007839751736990619,0.09552873366280275,0.4298531786286804,1,0.07641894633903003,0.05227855228978733,0.4298701934072204,1,0.1547697825121932,-0.01139181831732052,0.4410123319516604,1
101.819648,grid_0037_y530_z400,481.262,527.596,399.77,161.877603111116,1.352,-0.1259759152176916,0.08727626793488184,0.41579820632728204,1,-0.05497091453528941,0.10634723444248965,0.42725929519772454,1,0.010679481775902534,0.0951450078468789,0.43182675618240324,1,0.07694520058727695,0.0517622875224979,0.4259323035982998,1,0.15348547581019067,-0.01143703801004269,0.4365882471579878,1
107.333432,grid_0038_y535_z400,481.394,532.399,399.73,162.90968379442634,5.233,-0.12159555438219255,0.08818412169428584,0.4188656740018289,1,-0.049284123540702614,0.10300176637154995,0.4147036917947031,1,0.013717600987249294,0.09602152598938613,0.4359857734522925,1,0.07682337215745406,0.05031708143170024,0.416142079140474,1,0.15204956085757126,-0.011468496039817722,0.43145210723536526,1
112.63191,grid_0039_y540_z400,481.586,537.202,399.803,163.96933518801612,5.016,-0.11777671018141779,0.08928490181187147,0.42426022290269644,1,-0.04535717517800924,0.10337989976771426,0.41587517702181936,1,0.016277081543198905,0.09435146586095015,0.4293076554492439,1,0.08091780712709,0.051574191841618704,0.431242095930207,1,0.15224898381169333,-0.011406057418968473,0.43078965075433623,1
114.233707,grid_0040_y545_z400,481.391,542.48,399.208,165.9174369377733,1.3,-0.11197875363362604,0.08977960964295938,0.4231082528103974,1,-0.04153724912972142,0.10546019816092857,0.4228777097369272,1,0.01935876633751624,0.09400894725213786,0.42750459911926825,1,0.0818997818695797,0.05126826042100141,0.4278107952912073,1,0.1559856816533098,-0.011399472737303953,0.4412048153237345,1
115.854434,grid_0041_y550_z400,481.284,547.563,399.27,167.33022744859935,1.309,-0.10479619560400133,0.08852149264751202,0.4171315275321504,1,-0.036856382820414285,0.10489739907951545,0.42062467641989776,1,0.022556295742564195,0.09547886123116668,0.4349803091977154,1,0.08363725723215149,0.051215562034653474,0.4285977960464515,1,0.15555444606406643,-0.011427476400729818,0.43907737628117277,1
119.94701,grid_0042_y555_z400,481.028,552.999,399.466,168.8695458216193,3.791,-0.10044118625410368,0.08995365888710628,0.4241060592511194,1,-0.03287176302271749,0.10611837932219263,0.4283908494745802,1,0.02545002028119456,0.09342067635620671,0.42935291483871346,1,0.08573039995595248,0.05145484414873363,0.4309352400884248,1,0.1540020366094121,-0.011492637453173247,0.4330347663919875,1
120.662592,grid_0043_y560_z400,480.95,557.835,399.365,170.6362062957331,0.404,-0.09490545843479285,0.08903901894295646,0.4208811077686168,1,-0.02899881788680876,0.10473958478455148,0.4233977192803117,1,0.028145603799573312,0.09440084741558509,0.43491570385087175,1,0.08685636217223784,0.051065929121612626,0.43090112008877096,1,0.15374097226954966,-0.011475183249743795,0.43205840383907534,1
126.219402,grid_0044_y565_z400,481.429,562.686,399.756,172.0944801671454,5.205,-0.09038239010174957,0.0907524199383064,0.4286920547299258,1,-0.023940642261666242,0.10381130303022967,0.42055343297207076,1,0.031093397116323668,0.0934553204377717,0.4321976345941206,1,0.0909714828800322,0.05166507327625299,0.44170945433958736,1,0.1550891749447543,-0.011879294504732843,0.43542344439734393,1
128.301239,grid_0045_y570_z400,481.542,567.626,399.542,174.25063875062264,1.771,-0.08236949408808894,0.08819957612471675,0.41488945556460477,1,-0.02017365669997822,0.1050144592713642,0.42579281177704836,1,0.033789223988754356,0.09361064244853322,0.4336588551428164,1,0.09040955501869107,0.05066490473490532,0.4327613590788015,1,0.15382137974506035,-0.011950078487929283,0.43113811088581727,1
129.142206,grid_0059_y565_z405,481.47,566.58,402.462,171.15778873600814,0.628,-0.08321284421219484,0.08412666965299315,0.41254912645481917,1,-0.02090055076273244,0.1011881586666989,0.42206949625926465,1,0.03319992354043372,0.09172375433907025,0.4335147637244332,1,0.08992520960125722,0.04948599592039862,0.4318342545135247,1,0.15454929494670397,-0.01205561926022853,0.43338361757132887,1
133.175401,grid_0060_y560_z405,480.744,563.089,403.327,168.93659815149587,3.782,-0.0884380727957982,0.084997299675738,0.4207995858696605,1,-0.02394230428014057,0.10093806211770388,0.42390701485149446,1,0.031486618209072885,0.09132579410906654,0.4348697291350027,1,0.09073970958582489,0.0504664073924512,0.440906512557466,1,0.15438929405517335,-0.011998962220860492,0.4333783699237983,1
137.665652,grid_0061_y555_z405,480.522,558.089,403.489,166.8735719369607,4.179,-0.09203692950129673,0.0832759622975633,0.4138825889056255,1,-0.028140405389993198,0.10010718790806704,0.41991503395637264,1,0.028384742604297075,0.09212264071811212,0.43658325868663694,1,0.08746252904518598,0.04982824631759983,0.43308639855089703,1,0.15399110409373504,-0.011545190652690239,0.43276628446668025,1
139.770651,grid_0062_y550_z405,480.225,553.371,403.745,164.94266329243013,1.813,-0.09928854631780765,0.08448056135290406,0.42311365122704897,1,-0.032419967099167946,0.1007902614625812,0.4241785244425474,1,0.02566462077337044,0.0911449663464373,0.4327884179619945,1,0.08663976373657646,0.05046377511602695,0.4357943713767734,1,0.1540020366094121,-0.011492637453173247,0.4330347663919875,1
140.756559,grid_0063_y545_z405,479.963,548.043,403.812,163.11322935004378,0.625,-0.1037695110119654,0.08306921638931487,0.4175094300540206,1,-0.03804432994254293,0.10316833823944305,0.4332842501902762,1,0.022158624498129265,0.09203430204911044,0.43388334650787,1,0.08389173515937853,0.05005928165205547,0.43178649341023007,1,0.15453377793425235,-0.011461820106105601,0.4353671637447942,1
142.885478,grid_0064_y540_z405,480.336,542.921,404.27,161.14670911315562,1.868,-0.10996636954785848,0.08295313043323578,0.4201139034112951,1,-0.04212947802771564,0.10177201382827351,0.42754205618612656,1,0.018980396898294376,0.09103492814923904,0.4296385739725453,1,0.08214981059503766,0.05019297659547428,0.4304154722497667,1,0.1559856816533098,-0.011399472737303953,0.4412048153237345,1
144.141801,grid_0065_y535_z405,480.3,537.778,404.232,159.78024703010064,0.966,-0.11670795507916955,0.08383035704658959,0.4244791026327484,1,-0.04609788413328922,0.10180186789833624,0.4277262112919389,1,0.016417208515428012,0.09208207629931248,0.4334225865360229,1,0.0807775083520615,0.050228179065284685,0.4299203716900996,1,0.1527371110749556,-0.011431681242761392,0.4319272810160906,1
145.173464,grid_0066_y530_z405,480.301,532.775,403.901,158.88725169125425,0.739,-0.1215689615160027,0.08360189835166931,0.42163489941557436,1,-0.05056253540643841,0.10253436889890932,0.4273315174251024,1,0.013587191593913271,0.09322943732284404,0.43490937616191383,1,0.07820211443369647,0.04999607006656357,0.4236224798068197,1,0.15232756958565866,-0.011476237864217323,0.4319876922524368,1
146.736386,grid_0067_y525_z405,480.579,527.734,403.773,157.95271368672329,1.3,-0.1286774078267793,0.08407212386980921,0.4259175946163564,1,-0.05473486195624466,0.1022047099039609,0.4259189573988593,1,0.010336722622565105,0.0916577443262696,0.4265307447543539,1,0.077985741595693,0.051177059285996945,0.4314287357113689,1,0.1522769732334966,-0.011489138534238427,0.43252018992879004,1
148.198455,grid_0068_y520_z405,480.478,522.744,403.578,157.2340309888416,1.191,-0.13341432381188453,0.08367927125635626,0.4236228659904839,1,-0.05938406306044657,0.10314450279607791,0.4282834735971683,1,0.00757893847145123,0.0922644798940051,0.42892137706432903,1,0.07481686211056221,0.05027668845744502,0.42222424290336297,1,0.1547697825121932,-0.01139181831732052,0.4410123319516604,1
149.20817,grid_0069_y515_z405,480.517,517.645,404.033,156.018650186444,0.738,-0.13712324952434618,0.08225701599980842,0.41695851342611934,1,-0.06292473440458347,0.10143460758513319,0.4223776669804346,1,0.004630165576256967,0.09131088434611206,0.42360285659474073,1,0.07401736515652678,0.0512605790629237,0.42777657286342374,1,0.15464403959400333,-0.011387160723145785,0.4408836559927978,1
149.942432,grid_0070_y510_z405,480.286,512.731,404.27,155.1880111928753,0.453,-0.14284583602463463,0.08263390744318301,0.42128127032907076,1,-0.06695027384006656,0.10154703092942148,0.42327451785552633,1,0.002056934108784774,0.09171949017684823,0.42506428907866395,1,0.07345758757859953,0.05153217278878256,0.4316338962998252,1,0.1537089755263605,-0.011435741246170085,0.43867679222667494,1
150.61881,grid_0071_y505_z405,480.595,507.862,404.427,154.61412010874034,0.456,-0.14705019302766073,0.08166768750565197,0.41799508524453327,1,-0.07065060225218907,0.10084859781962725,0.42027702957974994,1,-0.0009613914702387816,0.09206525582865994,0.4269900924419128,1,0.07139838075688652,0.05144984032478265,0.4300418534346959,1,0.15209320440427238,-0.011460851262528174,0.4356671805077075,1
151.312016,grid_0072_y500_z405,480.779,502.656,404.06,154.69693879324174,0.452,-0.15372039400167584,0.08220948536911124,0.42019524339109343,1,-0.07551559154614024,0.1014706298512099,0.4211620594573225,1,-0.0037253404799317234,0.09255567054485149,0.427174195271133,1,0.06983693594749052,0.05211124394928757,0.42890677562268054,1,0.15319070766641144,-0.01140477813863528,0.4396109111747543,1
152.395459,grid_0073_y495_z405,480.369,497.708,403.839,154.78700615038713,0.793,-0.1579780021480526,0.08156849027021627,0.4156667632522512,1,-0.07953633993902152,0.10140662329709149,0.4201789275473296,1,-0.006655431704081905,0.09323388698806606,0.42815877345392667,1,0.06867227201965684,0.052196753546774055,0.431499198364473,1,0.15323613072627254,-0.011375294746013261,0.44059740326896674,1
153.035704,grid_0074_y490_z405,480.518,492.668,403.59,155.08821764724743,0.399,-0.1621541042694604,0.08163565773043686,0.4142045757267227,1,-0.0828072625959549,0.10136718192826598,0.4180763004575138,1,-0.009387976494447956,0.09432157535727533,0.4320247365426046,1,0.06697912951967654,0.05215320005146957,0.42768729593094273,1,0.15308547593995264,-0.011375389375870348,0.4405978051169371,1
153.678967,grid_0075_y485_z405,480.577,487.467,403.831,155.06974133595497,0.401,-0.16910720165905788,0.08174995262737433,0.4175450270223893,1,-0.08686620778834135,0.10105389885397831,0.41793949938133723,1,-0.012190977849110376,0.09444907017137372,0.4327438315045171,1,0.06510902826020441,0.0521086315258068,0.4275081223344465,1,0.15274102349805108,-0.011413563424442141,0.4412628867957326,1
156.661478,grid_0076_y480_z405,480.3,482.493,404.225,155.0395342969011,2.721,-0.17555516382260986,0.0814099957060852,0.41775523491016614,1,-0.0927413742296902,0.10157871146991883,0.4218064205600336,1,-0.0154274476782375,0.09384838025554214,0.4298114741800306,1,0.06316844196424364,0.052177472296767835,0.4253639394525171,1,0.1523322020083533,-0.01137586252515578,0.440599814356789,1
158.847556,grid_0077_y475_z405,480.378,477.723,404.327,155.44853521021028,1.982,-0.18114395335901637,0.08119064087843068,0.4192104536622951,1,-0.09638941973058217,0.10143010414473473,0.4213862566513606,1,-0.018249894143192905,0.09300016881151386,0.4269991266734878,1,0.06120769465134493,0.05164815424150641,0.4236173556195892,1,0.15339763460460024,-0.011241216454938448,0.44445370426235215,1
159.506754,grid_0078_y470_z405,480.501,472.719,404.348,156.11992447154202,0.456,-0.1841232423329943,0.08066809945941578,0.41556310368246224,1,-0.09931649932925102,0.10208881201841408,0.42019562351913003,1,-0.02011170037067592,0.09479920216786093,0.43005484629330254,1,0.0612458987276627,0.05314131855370808,0.4280560969200368,1,0.1494944128130444,-0.010856213089934437,0.4340585818923184,1
160.482325,grid_0079_y465_z405,480.372,467.724,403.918,157.37947290863565,0.733,-0.1908512428509449,0.0809676370213853,0.4165639225257684,1,-0.10384589030994017,0.10129796584437166,0.4190636781981547,1,-0.02368293213151196,0.09461994457906257,0.4318172036117156,1,0.05899510333459546,0.052306184011550995,0.42443716413716875,1,0.14979923463253625,-0.011009552557993978,0.4359385861752056,1
161.991357,grid_0080_y460_z405,480.448,462.582,403.78,158.5417986179039,1.298,-0.19872455358768773,0.08233933300581357,0.4206969018176472,1,-0.10964565989993376,0.10325884249798196,0.42406362946073733,1,-0.026733837237738454,0.09497263856432091,0.42941992381479527,1,0.05794755629178305,0.0535205776729877,0.4290709996810032,1,0.1506625165142557,-0.01118203560646567,0.43932873788136995,1
163.094634,grid_0081_y455_z405,480.616,457.482,403.575,159.9195449280668,0.903,-0.20470726386804847,0.08250317733566465,0.4214075021146954,1,-0.11344137124026527,0.10333395987972151,0.42336842225409005,1,-0.029122525091070908,0.09479977916455634,0.4273744026706092,1,0.0559672057524063,0.05355757811385175,0.4274900356894802,1,0.15225237101574718,-0.01101843274115605,0.44487727637962954,1
163.702226,grid_0082_y450_z405,480.639,452.495,404.099,160.70991556839294,0.396,-0.20510437655255742,0.08032730913119442,0.4132997170510803,1,-0.11822720958283034,0.10398339047124594,0.42685207390559404,1,-0.03199269796581916,0.0956093594299084,0.4312853008295712,1,0.054874499885044975,0.0532336036365915,0.42697205769377927,1,0.14970499163366055,-0.010859993869750726,0.43771673292855673,1
164.673472,grid_0083_y445_z405,480.787,447.497,404.378,161.89360170494692,0.791,-0.20937899040871796,0.07877988462828671,0.4092691600098343,1,-0.12010716374355268,0.1009562523977192,0.4172130716563152,1,-0.034881175444339906,0.09418225834680011,0.42788404584269135,1,0.05336208403603851,0.0533391592744944,0.42829536903701465,1,0.15054160552493573,-0.010943111731539583,0.44097078534725465,1
165.851027,grid_0084_y440_z405,480.835,442.743,404.58,163.21024417909555,1.016,-0.21601098277763287,0.0790014977385838,0.4119785487513716,1,-0.12364281562086628,0.10113316445867994,0.41748093253569046,1,-0.037380801405577875,0.09496026805748396,0.42912699357204903,1,0.05241273742404485,0.05430194442210324,0.43209540528743556,1,0.14805561369697737,-0.010723173311597443,0.4339220978874856,1
166.672911,grid_0085_y435_z405,480.871,437.474,404.273,165.3123019530004,0.621,-0.2193656296156795,0.07840338048738847,0.4073686558398013,1,-0.13090920774653428,0.10286044312952573,0.4235333859121783,1,-0.0417640788065711,0.09558995725825968,0.4311076162729562,1,0.04973379315336959,0.05376726959234518,0.4268791814820711,1,0.15012957345167538,-0.010843360644124339,0.44112460937016823,1
167.999704,grid_0086_y430_z405,480.845,432.365,404.165,167.30682907161912,1.084,-0.2263005389680319,0.0787728058520404,0.4097366213041876,1,-0.13446931996042047,0.10289510536369721,0.4235164741098283,1,-0.04342923551735689,0.09588884513908447,0.431872944491653,1,0.04979813432133662,0.05453970911122177,0.43209237423875074,1,0.15041763261761132,-0.010827789672159352,0.4427807787271265,1
169.817589,grid_0087_y425_z405,480.929,427.535,404.279,169.11984975750178,1.627,-0.23429607244176787,0.079502010347622,0.4147593674470458,1,-0.13798018343419252,0.10290684510055446,0.42221377947701483,1,-0.04626407169854524,0.09596241710947069,0.4309155753825877,1,0.04727824850741899,0.05435325023720195,0.4268269329127315,1,0.14724824281029034,-0.010501455450980614,0.4343595389347486,1
170.387544,grid_0088_y420_z405,480.942,422.552,404.1,171.3775136971008,0.399,-0.2405031895905959,0.0803821256539783,0.41964229919896817,1,-0.14147748571757027,0.1030072731007336,0.42566356613028183,1,-0.04783220158793978,0.09493204408181706,0.42950891128045865,1,0.046907450761040644,0.054163808034517986,0.4304708507205568,1,0.14982982973574863,-0.010810518203943393,0.44250186183744256,1
172.085537,grid_0089_y415_z405,480.774,417.638,403.958,173.67779750158044,1.536,-0.24276578655269102,0.0790060907004719,0.4111340334123434,1,-0.14639861828057207,0.10300464793982556,0.4212974673058934,1,-0.052545456027442726,0.0961765312155783,0.42800883721164024,1,0.04396502593509418,0.05517858397101,0.4272617219585691,1,0.14732114566939258,-0.0106506928290783,0.43658336711031326,1
173.136853,grid_0090_y410_z405,480.754,412.531,404.068,175.96168109562942,0.85,-0.256276159945324,0.08106656536084024,0.4243155016357251,1,-0.15054740431716765,0.10232635556232277,0.4219333313196631,1,-0.05458830368608178,0.0949676451411604,0.42784049856471135,1,0.04298613490226625,0.05453459011309511,0.4283508031399972,1,0.14519487490081545,-0.01049570349676273,0.43060542815002206,1
174.04008,grid_0091_y405_z405,480.793,407.478,404.16,178.3533824966602,0.739,-0.2603959587526503,0.08067149002186848,0.4219764571427407,1,-0.1538462584273969,0.1024364212442962,0.42007728893450264,1,-0.05696885484421291,0.09575319170676568,0.4281119661418391,1,0.0412761441446087,0.053628105900462984,0.4205994032895502,1,0.14598677014164546,-0.01060402838281197,0.43359465704210004,1
178.260256,grid_0092_y400_z405,480.855,402.454,404.545,180.59060274831572,4.008,-0.25850780100791937,0.077840771566777,0.4098400836591149,1,-0.15851972027777816,0.10167204483681934,0.4190679558570432,1,-0.061151974595551016,0.09563751159003542,0.4304366445908551,1,0.040004201027837624,0.054630944022560024,0.42803927548509874,1,0.14676149751167258,-0.01056681115728706,0.4368095883712328,1
180.075934,grid_0093_y395_z405,480.979,397.371,404.513,183.32369294229264,1.635,-0.26747193942461295,0.07865380840095533,0.41494998934967126,1,-0.1619445203085509,0.10191816528458476,0.4187900480620468,1,-0.06357415010545282,0.09632427622530226,0.43075081605636784,1,0.038205478359384946,0.05431649100446698,0.4235120086467837,1,0.14647216987677017,-0.010501429741281043,0.4367757076770719,1
180.85852,grid_0094_y390_z405,481.091,392.415,404.43,186.12619050794538,0.509,-0.27455262383950224,0.07912698618935936,0.41776100751127015,1,-0.16761078943849528,0.10249764474530394,0.4225895974822591,1,-0.06640784572411174,0.09566519831699465,0.4299968005945873,1,0.03688352177008198,0.054805867004101054,0.4290023452637484,1,0.14362572414838037,-0.010292008187855898,0.4290709460337329,1
186.457329,grid_0095_y385_z405,481.153,387.358,404.427,189.0085054938004,5.418,-0.28142002113766523,0.07933402717476491,0.4193313555017977,1,-0.17166886055731242,0.10284919512372591,0.4215937183018476,1,-0.06966436832803669,0.09693224669105842,0.4318250549519762,1,0.03565634035347136,0.05541711081277017,0.4284206040742744,1,0.14268881022927096,-0.010035080309831705,0.4269539004466938,1
187.101845,grid_0096_y380_z405,481.023,382.598,404.237,191.94749315633163,0.401,-0.2828929723512093,0.07857125232553398,0.4144668504757309,1,-0.17494873367359723,0.10277538297813398,0.42061248499275483,1,-0.071583631983678,0.09604309544474511,0.42736099500202235,1,0.03412904452042126,0.05568049583463767,0.4296170582255887,1,0.14216328305915896,-0.00987793101133982,0.42569488473013073,1
189.639835,grid_0097_y375_z405,481.155,377.602,404.274,194.93197196971047,2.317,-0.2901265261684394,0.07894259490104107,0.41645998384476685,1,-0.1818592070579811,0.10382602696059949,0.4262254261429457,1,-0.07492396575270104,0.09621138369861815,0.43005100545360775,1,0.031976885211706475,0.05481633924101056,0.4230505816036017,1,0.14507852877773633,-0.010013334731166166,0.4358579602617021,1
192.038989,grid_0098_y370_z405,481.273,372.578,404.091,198.18604018699196,2.197,-0.29077377446687586,0.0776444336196932,0.40955333613494066,1,-0.1831370069522548,0.10240532629373371,0.4197218651219498,1,-0.07745594825189665,0.09628315778752866,0.42797294950057907,1,0.03055561678731093,0.054560417969952375,0.42019818431867934,1,0.1429591797930713,-0.009933951071472706,0.43063679712403474,1
198.167173,grid_0099_y365_z405,481.206,367.456,404.091,201.42907781648603,5.897,-0.30646386447037616,0.08000781785915619,0.42353071603238196,1,-0.19131612096096262,0.10504339146461628,0.42845236514641294,1,-0.08106429250937276,0.09696081824492735,0.430049133429847,1,0.03018029821484794,0.05707891601269521,0.43732967341836043,1,0.14177587619199375,-0.009872039893199425,0.42746504995947054,1
199.002797,grid_0100_y360_z405,481.199,362.467,404.176,204.59961451820968,0.625,-0.31131802272639547,0.0798903187831315,0.42265721699348163,1,-0.19420213507341774,0.1042576110957395,0.42571462467130483,1,-0.08268896200673535,0.09641131695478537,0.42704870354571495,1,0.0277878351188956,0.055244866252298436,0.42174719012909456,1,0.14282192637872074,-0.009862167752440703,0.43078471630633475,1
200.167396,grid_0101_y355_z405,481.137,357.426,404.161,207.94878961176954,0.965,-0.31733947727058964,0.07993621998899947,0.4232791236259294,1,-0.1984799729381382,0.1040443837227043,0.4250181502921952,1,-0.08578131548507635,0.096303830772979,0.42526892165159086,1,0.026317257551973058,0.056867280856742,0.43182743408313656,1,0.14333480681153607,-0.009603760223264155,0.4337360820408731,1
204.72403,grid_0102_y350_z405,481.128,352.323,404.152,211.4047964782256,4.326,-0.32113602927641666,0.07941995388972554,0.42081508546321933,1,-0.2022400665784123,0.10417699499412518,0.4245268392738264,1,-0.08918136351302675,0.09736864116293902,0.428530719602144,1,0.024847742344942494,0.05643538067035588,0.426948893065594,1,0.14563345234544925,-0.009796110850251694,0.4417076734966621,1
206.539938,grid_0103_y350_z410,480.248,351.671,408.224,208.8751651633099,1.405,-0.3170204655641422,0.07360339913600923,0.41563474718449944,1,-0.20342488601347022,0.10085060159595928,0.4260668756813352,1,-0.08940169560930389,0.09419779437392446,0.4271151579020727,1,0.02429779933944461,0.05461588803170955,0.4255582107679472,1,0.14395820813888272,-0.009806580432143904,0.43758357864376163,1
207.183969,grid_0104_y355_z410,480.678,353.19,408.763,207.44736429754897,0.633,-0.32306552662458904,0.07492075603961422,0.42542264895487536,1,-0.2013291455173403,0.09981178995039598,0.4246640785324966,1,-0.08936946125220478,0.09474429735082786,0.4314399652722209,1,0.025238843839143817,0.0552321825878813,0.4296106163282651,1,0.14211273117655981,-0.009634099229703881,0.4308468797866152,1
208.701194,grid_0105_y360_z410,480.735,358.326,410.121,202.9368909809155,1.246,-0.3137764378636267,0.07237022893604819,0.42033515642069635,1,-0.19482258939717104,0.09729243635423508,0.4199394973385635,1,-0.0856799629785366,0.09371538224782743,0.43002293851676493,1,0.027269608209518872,0.05484839928326973,0.42770561472185564,1,0.1437910717857738,-0.009843556354734872,0.434007101550554,1
210.851097,grid_0106_y365_z410,480.353,363.455,410.573,199.12901429475315,1.858,-0.3074131874386014,0.0718692161448289,0.4201155968678569,1,-0.1917233489718224,0.09760077944790128,0.4226180876536718,1,-0.0829258699839543,0.09324487229062273,0.4305493184468683,1,0.028543323457320594,0.054055870532339796,0.42605347380445874,1,0.143258879059321,-0.0099351366061034,0.4320134451765049,1
212.267113,grid_0107_y370_z410,480.695,368.028,410.613,196.08113676996055,1.184,-0.29820481877643196,0.07094397608173668,0.41382815411346346,1,-0.18909358131257228,0.09788709839505357,0.4245267421919093,1,-0.08110619983960828,0.09307063133043537,0.43222488305633133,1,0.02944844960712471,0.054136717697127995,0.42941359775627036,1,0.1437247308109141,-0.01018428097027436,0.4336283881317519,1
213.253681,grid_0108_y375_z410,480.64,373.052,410.283,193.0750954369827,0.734,-0.29834155547657243,0.0729093674638255,0.42166052132704857,1,-0.18511893501053955,0.09870232505662783,0.4252758887766304,1,-0.07764321190791869,0.09339142545320671,0.43000699940444415,1,0.030604965824491414,0.05344710401696872,0.421492060803254,1,0.1426866033638918,-0.010094037126956243,0.4301589677479745,1
219.363611,grid_0109_y380_z410,480.775,377.865,410.507,189.86073066856133,5.919,-0.2887811777269543,0.07170942945197879,0.41546900275900334,1,-0.17958193268812084,0.09754232222525168,0.42223524775474863,1,-0.0744469479766575,0.09268153161252242,0.42860828788536026,1,0.03218662107265224,0.05317142017633967,0.421387025593448,1,0.1424415145138874,-0.010053551855258849,0.42744800406855293,1
220.011669,grid_0110_y385_z410,481.048,382.555,410.086,187.3061791666254,0.397,-0.2884085926217266,0.07325092224723143,0.42115769354267124,1,-0.1766578969578665,0.09794346457508403,0.42214278305365754,1,-0.07270784162412426,0.09334483857927717,0.4310985000001544,1,0.03448840815891959,0.05497236807794583,0.4356682055002547,1,0.1448082903413705,-0.010280895215250004,0.4342938032235259,1
227.717528,grid_0111_y390_z410,480.828,387.778,410.209,184.0650800613739,7.444,-0.27843139920280074,0.07234693818613848,0.4159093383106283,1,-0.17247721897193166,0.0984489565102049,0.4247574886655494,1,-0.06889074262241328,0.09305088165189467,0.4292931803715356,1,0.035005209066766484,0.05286467203813158,0.4210503227104938,1,0.14444475717307537,-0.010281279603160753,0.4325450996196503,1
228.789901,grid_0112_y395_z410,480.912,392.757,410.246,181.1382117003477,0.851,-0.27138459915393454,0.0721370465142475,0.4138515434158596,1,-0.16675295919800473,0.09736073383325689,0.42117503693584407,1,-0.06593977951877925,0.09240669555916599,0.4288582413767066,1,0.03660679961992855,0.052909603198280836,0.42358225590934123,1,0.1468721854416821,-0.010695270635366003,0.4392950578447599,1
230.34352,grid_0113_y400_z410,480.773,397.753,410.155,178.39113385479672,1.292,-0.26748516255024146,0.07262296916452994,0.4161102703232493,1,-0.16318038218951203,0.09771958469141485,0.42240340317529346,1,-0.06378335375719767,0.09330441521146293,0.4310663262124998,1,0.03841326230636818,0.05371578739853492,0.4295187215961871,1,0.14533314977836798,-0.010547847998089556,0.43424665025728837,1
232.298816,grid_0114_y405_z410,480.888,402.891,410.641,175.18964164299206,1.753,-0.2606405238980507,0.07179011114481874,0.41381145936980285,1,-0.15948520720476034,0.09759070272930868,0.42212626967442385,1,-0.06002656261414432,0.09202965786482059,0.42737848549884877,1,0.040671757150693454,0.05290186727242341,0.4272168383121863,1,0.1490780918532588,-0.01081599600803912,0.4429661030530363,1
234.827449,grid_0115_y410_z410,480.773,407.883,410.53,172.66119718396487,2.307,-0.25648643055727555,0.07247358233722297,0.4161340338242981,1,-0.15528376254189163,0.09822535410519669,0.4256100618777321,1,-0.05756230842588788,0.09280557223544823,0.4313491976037002,1,0.0413014211094767,0.05277708615413363,0.4248548945401083,1,0.1490780918532588,-0.010815996008039118,0.44296610305303635,1
236.466166,grid_0116_y415_z410,480.61,413.113,410.35,170.18308685060327,1.418,-0.2533989052400202,0.07375971096631839,0.4207977684339958,1,-0.14997900457441404,0.09720637183756724,0.4211059862116944,1,-0.055434153225499994,0.0926595334708395,0.4308755474002229,1,0.04223733028202268,0.05261609374633011,0.4236675840109623,1,0.14973503983275896,-0.010901981684742308,0.44480811852668695,1
237.481875,grid_0117_y420_z410,480.867,417.653,410.35,168.01188513018946,0.794,-0.25118480562879236,0.07462803991321275,0.42533412271335824,1,-0.14741115379186367,0.09793402351155339,0.4246417854057729,1,-0.0514723779831353,0.09192015151442244,0.4281325162982554,1,0.044489157485955715,0.052617888744237125,0.42482858843474663,1,0.14631376301940258,-0.010584334355008251,0.4329870510076195,1
238.443525,grid_0118_y425_z410,480.964,422.751,410.242,165.777433741749,0.79,-0.24471183459230836,0.07438862918310284,0.424128125521315,1,-0.1415417560136632,0.09699721309566776,0.4208203326158381,1,-0.04886416424140188,0.09178947900204587,0.4302448473962377,1,0.04631642854805514,0.05295506591569316,0.4304632294601389,1,0.14639949789342474,-0.010596305667219362,0.4325773012167034,1
240.646989,grid_0119_y430_z410,480.872,427.83,409.98,163.81131410558913,1.982,-0.23172232694840103,0.07278256511692947,0.4113425867618972,1,-0.13764579052237025,0.09773144660223253,0.4219403767321672,1,-0.046085301211796104,0.09253194106261735,0.4316863066414906,1,0.04761556369271861,0.05230819073407631,0.42631504918172,1,0.15010687611707751,-0.010821705358937924,0.44258797471017614,1
242.111325,grid_0120_y435_z410,481.067,432.776,409.729,162.0351570153835,1.303,-0.23307499680547442,0.07523546273061203,0.4227969650361065,1,-0.13481923680784297,0.0984191433820728,0.423537125030997,1,-0.04415737011549897,0.09234992167579394,0.42884171174817093,1,0.048910157172327655,0.05327697880075578,0.4318841814845796,1,0.15034775559518035,-0.010818073799340465,0.4427372691022573,1
243.132469,grid_0121_y440_z410,481.058,437.981,410.068,159.74045666017108,0.79,-0.22258099874696635,0.0734728048966479,0.4145736730570975,1,-0.12987748554296139,0.09754458752700558,0.4221227942163937,1,-0.04040039306439696,0.09091026116141206,0.4252631361637784,1,0.050708416230854536,0.05257864995144923,0.42910733994972805,1,0.1507542340055442,-0.01094522294025285,0.4432485892975376,1
245.705848,grid_0122_y445_z410,480.913,442.691,409.903,158.22104883358594,2.431,-0.22317474835256498,0.07564254471534321,0.4253742493111318,1,-0.12590622603423454,0.09803657091771778,0.4231994338689793,1,-0.03769561927553807,0.09132454035698734,0.4259269130860015,1,0.051898241245720816,0.05253089879376446,0.42888584733109414,1,0.14818576678081463,-0.010761114282351672,0.43501049200145253,1
246.30519,grid_0123_y450_z410,480.763,447.784,409.989,156.4704981426211,0.397,-0.21713786353639752,0.07489366868567295,0.4215241208060296,1,-0.12165292260502257,0.09688629803294324,0.4198014026091761,1,-0.034972707515347555,0.09125444112764525,0.4262668756849808,1,0.05289582439985396,0.05206258557863619,0.42475147582257594,1,0.14815301540791065,-0.0106885149611693,0.4340187884702614,1
248.345573,grid_0124_y455_z410,481.046,452.122,410.194,154.98728175240697,1.868,-0.21204759881336033,0.07533682133568785,0.4238606123234145,1,-0.11973102923856871,0.09897542113755183,0.42811157792657273,1,-0.032567435487988246,0.09099288058149775,0.4257833184984811,1,0.05420893107052205,0.05191925626473306,0.4257652115267126,1,0.1513783036277385,-0.010861366912384573,0.44283684623414893,1
249.929419,grid_0125_y460_z410,481.27,457.607,410.285,153.42464994582838,1.303,-0.20317662314311244,0.0743154578650071,0.41793075793224177,1,-0.11401574459110575,0.0976741026485932,0.4246247135466323,1,-0.029475530449981222,0.09131949653568128,0.42932942935064583,1,0.0563229433305511,0.05154592875104527,0.4273722443596751,1,0.14980383700274638,-0.010936025705990782,0.43783447866093606,1
250.480646,grid_0126_y465_z410,481.059,462.353,409.644,152.90150860276032,0.399,-0.2004976133986364,0.07520219981452046,0.4198459401721089,1,-0.10951240395399507,0.09722697374927879,0.41875417338238347,1,-0.02757672478020548,0.09200773977885339,0.42986996622793344,1,0.057375048963732654,0.05213617164745698,0.4283701735366343,1,0.1497524615844771,-0.01101927271408376,0.4369615140753811,1
252.904913,grid_0127_y470_z410,480.787,467.92,409.772,151.6134768416053,2.194,-0.18937351769051214,0.07406605038482511,0.4132072471704627,1,-0.10505396120656608,0.09830091967883949,0.4243758622381841,1,-0.02364815658004597,0.09213262836013542,0.4329628458312862,1,0.05968705530207532,0.05150334121836878,0.4289961882754887,1,0.1497231049398913,-0.010977242281042245,0.43579552959605605,1
253.532036,grid_0128_y475_z410,481.003,472.572,410.024,150.5630978161647,0.396,-0.18542608344532308,0.07393568121767834,0.4125058439542306,1,-0.10066291104253673,0.09574072266691314,0.4174165152955238,1,-0.021755414200708714,0.09024624028809942,0.4283422984917135,1,0.060133485363360724,0.05124431624138751,0.42792052552897947,1,0.15048559055655428,-0.011179346957934258,0.4379555925815657,1
256.18844,grid_0129_y480_z410,481.149,477.421,410.013,149.88267015902804,2.435,-0.1772484508938921,0.07322517294514336,0.40870507397878236,1,-0.09617740299859467,0.0960740670870454,0.41866282369774505,1,-0.017911720287199753,0.09067895799373117,0.43010724301830533,1,0.06268943071590528,0.05084190395342761,0.4269652002999697,1,0.15252140498368263,-0.01130130881023692,0.4414283412945552,1
257.089439,grid_0130_y485_z410,481.069,482.414,409.966,149.36836919508755,0.68,-0.17701227681527945,0.07581143363748263,0.4211409560149035,1,-0.0917321560497207,0.0966912795368517,0.418289704351492,1,-0.015439789017485122,0.09108135737143846,0.430354611837747,1,0.06375699603546728,0.05108623567545743,0.4277938339840335,1,0.15188112285105054,-0.011354235224222848,0.4393330896255591,1
258.75689,grid_0131_y490_z410,481.209,487.378,410.002,148.9488618419086,1.415,-0.17153671159160547,0.07574448605618095,0.4208967118435801,1,-0.0885428863745828,0.09740896672488282,0.42370201115466655,1,-0.012356670025245563,0.0912845236977849,0.43285395196661386,1,0.06488528599178127,0.05005640054490513,0.42320096013294983,1,0.15233373763402724,-0.011402910733473146,0.4393022968761732,1
259.722716,grid_0132_y495_z410,480.92,492.727,409.597,149.10415187713585,0.734,-0.1620865316485571,0.07456367024709885,0.412146304434182,1,-0.08250842764166276,0.09536364953610921,0.41341258464141584,1,-0.009486930172846235,0.09121266726919414,0.43242539777859196,1,0.06681981525747521,0.05035348164041472,0.42541885113854955,1,0.15274120497668184,-0.01139745174766981,0.43943800581351583,1
261.897572,grid_0133_y500_z410,481.117,497.623,409.166,149.49621612937227,1.933,-0.1605328032964313,0.07692033206479654,0.42177271116229603,1,-0.07982074201131406,0.09778564511490372,0.42341615020105156,1,-0.006624325252172814,0.09166999118652243,0.43488016492710074,1,0.06810216954610664,0.0503014428320224,0.4256868088526434,1,0.1533939417339166,-0.01137961361848318,0.44070377583051895,1
262.892742,grid_0134_y505_z410,481.147,502.676,409.55,149.23363241575265,0.734,-0.1518856183903354,0.07538918364532991,0.4143770654022784,1,-0.0752631977367074,0.09681426103926344,0.42119718030584624,1,-0.0036126636496170185,0.09089671055989719,0.43319753340331174,1,0.0694435832242088,0.04992068476585795,0.42447951173403026,1,0.152468617516113,-0.011446469433999634,0.4372124367401206,1
263.877535,grid_0135_y510_z410,481.062,507.617,409.567,149.4949159904777,0.733,-0.14920446590144162,0.07671504860847184,0.4209130888795085,1,-0.07149970876564853,0.09655189664738616,0.42160424057029583,1,-0.0007566531170665725,0.09109413091306062,0.4368897448778171,1,0.07230528541965861,0.05044870576044259,0.43158912521401094,1,0.15194953232758662,-0.01148947503375856,0.43484765956541843,1
264.603925,grid_0136_y515_z410,481.437,512.159,409.805,149.67856241292534,0.455,-0.14421592828036897,0.07638264085519121,0.41962154498836246,1,-0.0664692683154565,0.09499766808066991,0.4151500577161374,1,0.001971853899696272,0.08962137440147233,0.43082089214394986,1,0.07259169301917168,0.04962028471685329,0.4257230619527515,1,0.15186957365541717,-0.011462087655191284,0.43356620478823843,1
265.838779,grid_0137_y520_z410,481.455,517.087,409.727,150.34823059151708,0.963,-0.13899256545202007,0.07680792409162117,0.42133685368876567,1,-0.0627191127962881,0.09564514659007038,0.41854347795740837,1,0.004882219982983145,0.09026573753309401,0.434033432969019,1,0.07434061721119457,0.04952700800559775,0.4265034411262884,1,0.1547697825121932,-0.01139181831732052,0.4410123319516604,1
267.440251,grid_0138_y525_z410,481.487,522.209,409.514,151.3419772601111,1.31,-0.13101602761102324,0.07606768131189626,0.41359375028231676,1,-0.05914823520177855,0.09685024374819312,0.42284559108569136,1,0.007680299391341507,0.08799649861045357,0.4252565736661375,1,0.07595574561361614,0.049175842549784694,0.4273144382444203,1,0.15431641223642287,-0.011404597937736722,0.43941896116561113,1
270.728175,grid_0139_y530_z410,481.585,527.204,409.463,152.3207849014703,2.997,-0.1292270751091699,0.07862807657379328,0.425796055497433,1,-0.05493954494566605,0.09700506896764109,0.4241349976097553,1,0.010596962949590184,0.08862976586442807,0.4283331185186586,1,0.07741650856915021,0.049240303966521404,0.4279081171840799,1,0.1521253649828797,-0.011475376871291292,0.4318081347998402,1
271.474404,grid_0140_y535_z410,481.362,532.361,409.825,153.07741394144333,0.454,-0.12127604736537774,0.07622618750640234,0.41771872881367794,1,-0.0503721159354944,0.09645105346923809,0.4241043352076068,1,0.013413198471663655,0.08777137113493565,0.4261441355577272,1,0.07929497913251306,0.04915024492477114,0.4282426948968499,1,0.1526181903476506,-0.011473855323295307,0.43206316624257385,1
272.156848,grid_0141_y540_z410,481.089,537.398,409.605,154.53093584457443,0.4,-0.11684638634263494,0.076864765717907,0.4194004270877647,1,-0.04586078642106964,0.09510740355777085,0.41698849352026296,1,0.01599899275365264,0.0884503264720488,0.43030356885168936,1,0.08114341353588213,0.04924549649492601,0.43195730356287326,1,0.1530025077691385,-0.011449547432482608,0.43292297706009664,1
273.672415,grid_0142_y545_z410,481.181,542.461,409.924,155.64302372094932,1.194,-0.11071028986038213,0.076802728528446,0.42088016230889647,1,-0.04120072188570614,0.09572119327028984,0.42183752787823886,1,0.019277743856376203,0.08629316853251634,0.42242597712229024,1,0.08183960979230813,0.048140812075130296,0.42564216148221945,1,0.15595485996886604,-0.01157214630603208,0.4408709072497287,1
274.653268,grid_0143_y550_z410,481.323,547.67,409.258,157.89176338238798,0.681,-0.10516288291043784,0.07757454220589313,0.4200495910088175,1,-0.036614773760454515,0.09558993959457925,0.42074096422165036,1,0.022663772574715513,0.08775879972144705,0.4293390837693361,1,0.0838337880731599,0.04804631954480262,0.42696271150839804,1,0.15481660259268226,-0.011583057747804514,0.43601398187606694,1
275.964488,grid_0144_y555_z410,481.433,552.432,409.136,159.61421865234934,1.019,-0.10001464397694611,0.07808221022391428,0.41933523138813206,1,-0.03271044406238883,0.09526474641103637,0.41870122128757425,1,0.02559262744238552,0.08954368884486147,0.4393172346933607,1,0.08586591225465513,0.048379957138665504,0.4312196025725427,1,0.15691368999902597,-0.011916412439136522,0.4412641557088241,1
278.016199,grid_0145_y560_z410,481.562,557.603,409.441,161.21882838862211,1.69,-0.09289368519895685,0.07679536565736929,0.4144015923871787,1,-0.027966439362659565,0.09379461551601943,0.4129919960105108,1,0.02837002009775851,0.0874054663302164,0.4301040253173863,1,0.08723676675477422,0.048227010664041836,0.43017123342832636,1,0.15442413622615322,-0.01174322419075484,0.4336973348590092,1
279.676133,grid_0146_y565_z410,481.489,562.557,409.822,162.8060000276402,1.368,-0.08922199720017075,0.07771542045271408,0.4222099011519536,1,-0.02389457512434637,0.0936352912586635,0.41525761077274637,1,0.031049532166726877,0.08678186969746948,0.4302216106587122,1,0.08910172641632076,0.04753086513910514,0.4306130211039914,1,0.15454929494670397,-0.01205561926022853,0.43338361757132887,1
283.157498,grid_0147_y570_z410,481.324,567.546,409.44,165.22713408214764,3.17,-0.08294925387964458,0.07782884591783831,0.4191864394027938,1,-0.019719749362257278,0.09438171022731857,0.4184888222581186,1,0.03401968561287302,0.08716283702484225,0.43226660277445234,1,0.09237073905915956,0.048008811519222705,0.4388135303816217,1,0.15931082158691331,-0.012130056425086235,0.44531239415100327,1
284.724491,grid_0161_y565_z415,481.248,566.774,412.166,162.4338873542094,1.363,-0.08264463742643686,0.07358211536894686,0.41362994045014845,1,-0.020813813484965714,0.09426819192432051,0.4295840130725648,1,0.03333043337030206,0.08447204824277556,0.42853294888753696,1,0.09076885362692401,0.046519938813778784,0.4326412358494478,1,0.15779446980175924,-0.012105148906537444,0.441598352891353,1
285.375019,grid_0162_y560_z415,480.851,563.055,413.005,160.082942183107,0.399,-0.08627282605527654,0.07374342440125269,0.41740820691635,1,-0.022980338997610827,0.09233576694902963,0.4213282392782214,1,0.03167141390003168,0.08518121355029724,0.4310536809962578,1,0.08984908033372953,0.04708469962046282,0.4328059119963594,1,0.1565419707516276,-0.012077812007683417,0.4386595335738088,1
286.163787,grid_0163_y555_z415,480.615,557.744,413.607,157.3886756949177,0.458,-0.0934094711985045,0.07313102066226107,0.41996148559728114,1,-0.028040719710742554,0.09095479698684351,0.4181855683985707,1,0.028079879980649865,0.08443211866768004,0.4290655671008265,1,0.08774870440787823,0.046851270723221976,0.43204655682548454,1,0.15424796711456795,-0.012000831483365748,0.43351452812363345,1
287.241752,grid_0164_y550_z415,480.517,552.905,414.14,155.0729696916906,0.797,-0.09985562610059152,0.07258662855209179,0.4232758626910122,1,-0.032658125970630864,0.09181481429914724,0.4240303213081003,1,0.025240655644909654,0.0845834852594614,0.4302067823513931,1,0.08598963844359708,0.046893093615607985,0.431346783060451,1,0.1583695166938329,-0.01212829993211816,0.4453788503672424,1
290.224772,grid_0165_y545_z415,480.327,547.518,414.235,153.1027511999702,2.643,-0.10533244249087047,0.07205594356700923,0.42193615577094595,1,-0.03719820210601855,0.09158655223409358,0.42327168931096076,1,0.022210059244212727,0.0846525413419978,0.42945882522871504,1,0.08437736862543561,0.047208724939754615,0.43238580221332407,1,0.15849129948741827,-0.012120066729001107,0.4466577694888621,1
293.092053,grid_0166_y540_z415,480.476,542.879,414.224,151.64011154704414,2.616,-0.11115903801876732,0.07283603600068393,0.4245218310130436,1,-0.03987245680968737,0.08884912189612916,0.40882273921455853,1,0.020021932128062164,0.08736842137839589,0.4417070877512954,1,0.08206883819396603,0.04660620814895982,0.426987135659232,1,0.15679661656133415,-0.01188657151266735,0.44308224462679585,1
296.200779,grid_0167_y535_z415,480.335,538.185,414.01,150.47433551606062,2.827,-0.11341188145670356,0.07100210784853234,0.4135977284675804,1,-0.04484224057692323,0.09159360560170215,0.4199817866969792,1,0.01658201089943894,0.08488258945843186,0.42780537508183647,1,0.08050052008576,0.04714912044206873,0.4270900916132807,1,0.1533844401923488,-0.011518088880348555,0.4338493966388371,1
304.561667,grid_0168_y530_z415,480.053,532.958,413.489,149.60881422229102,8.041,-0.11892929341623416,0.07110756496579372,0.414098416370666,1,-0.051981180711205326,0.09671899977362704,0.4407138465228628,1,0.0141683174664553,0.08780862656408843,0.43841921289149316,1,0.07879072401535461,0.047386336432629884,0.4255651492156563,1,0.15636408601618154,-0.012008694443932386,0.4435687074220342,1
309.207247,grid_0169_y525_z415,480.273,527.967,414.029,147.95685700230317,4.3,-0.12706009453730138,0.0724265821974216,0.42232461592192916,1,-0.053197754586615846,0.09103724313168952,0.4169083433737934,1,0.010946001887528208,0.08643319418246782,0.4324716544763307,1,0.07734877656111819,0.04776624614439304,0.4274290596838448,1,0.15291532396948587,-0.011575483276341518,0.4339464160949198,1
309.920682,grid_0170_y520_z415,480.46,522.809,414.444,146.5502629339162,0.454,-0.13139553384400285,0.07151149250907211,0.42085893982968625,1,-0.056835146831374604,0.0910550570921823,0.4166835178212149,1,0.008444067923681823,0.08703333290117239,0.43365898735352965,1,0.07705327108494485,0.048364230589395436,0.43042922731473715,1,0.15204956085757126,-0.011468496039817722,0.43145210723536526,1
313.4004,grid_0171_y515_z415,480.539,517.753,414.375,145.8031830173813,3.219,-0.13740578149067365,0.07102643216788022,0.4196387214454717,1,-0.06210574587403093,0.09167229551976054,0.41931030542101455,1,0.005051411449506306,0.08498230155140933,0.42420447278828916,1,0.07420069498501766,0.0476315468877947,0.42582358468181347,1,0.15482874427637164,-0.011408931978784316,0.4414684791585562,1
314.87325,grid_0172_y510_z415,480.445,512.646,413.88,145.63838073804578,1.193,-0.13909521686653817,0.06974939868770356,0.4090760562663234,1,-0.06582315347333689,0.09129726917423857,0.41482475780135397,1,0.002084693860142335,0.08759746286163761,0.4335274617770066,1,0.07312060447037662,0.04875135906015108,0.42849150891001897,1,0.15404666147710205,-0.011708039692445995,0.43974709314430366,1
320.001324,grid_0173_y505_z415,480.386,507.619,413.826,145.22245075056398,4.857,-0.1473671986123122,0.07075470787809586,0.4163410410524902,1,-0.0696832022878324,0.09078104835081373,0.41209829117492497,1,-0.0009131947463638959,0.08875823577883858,0.4382907360667872,1,0.07143023257516795,0.04852405245474838,0.4269048662609318,1,0.15149967724607274,-0.011492974898014353,0.43299052674654753,1
321.630257,grid_0174_y500_z415,480.588,502.67,413.749,145.01711003188547,1.408,-0.1530548337853543,0.07087861567859073,0.4174174618716362,1,-0.07583127141458991,0.09355643154939564,0.42487544629476925,1,-0.003734246985616829,0.08763664706720786,0.43120664278158904,1,0.06906249445577356,0.048326697935095024,0.42242495135908237,1,0.15174652736581454,-0.011488160729363988,0.4348139623054869,1
322.724617,grid_0175_y495_z415,480.454,497.602,414.0,144.6375668662882,0.842,-0.16053829618119408,0.07161494928728059,0.4229200210389044,1,-0.08001652979318596,0.09344308495322318,0.42362263955812424,1,-0.00646836836936705,0.0867459940971928,0.4250786896580932,1,0.06875140329076325,0.0494132197731078,0.42895856394861864,1,0.15313810399719674,-0.011403338514478637,0.4395754536542369,1
324.29602,grid_0176_y490_z415,480.444,492.615,414.32,144.3695918883197,1.35,-0.16335367983168858,0.0697661754208057,0.415668205743013,1,-0.0842212933838747,0.09319643643905288,0.42356432260543014,1,-0.009274520259659053,0.08750200815525877,0.42907129363676527,1,0.06714595936791336,0.049225385558190206,0.4282777338937533,1,0.15237299056922107,-0.011413496504335522,0.43810045562959793,1
325.90013,grid_0177_y485_z415,480.575,487.413,414.387,144.5462059896419,1.362,-0.1711221138883702,0.07024028470194355,0.4204523250662356,1,-0.08838192194362614,0.09316081284771731,0.42310275961166477,1,-0.012307479644989813,0.08685861479476288,0.4256473959137104,1,0.06480905706274742,0.04869072924008989,0.4230515552721736,1,0.15084807500912648,-0.011419559169168208,0.4348297261963501,1
326.78576,grid_0178_y480_z415,480.488,482.455,414.048,145.27972939815103,0.623,-0.17422971936551424,0.06977191051429184,0.41496287772252155,1,-0.09239531514672909,0.09304764207513151,0.4218067796561121,1,-0.01506433589107225,0.08761557172178613,0.4279077686768413,1,0.0646293821393291,0.050005558579451624,0.4318899079613603,1,0.1512953346294936,-0.011392377748258416,0.43728999927343287,1
328.462913,grid_0179_y475_z415,480.489,477.468,413.714,146.18122645538307,1.466,-0.18065178679183314,0.0706713251740243,0.4171265278271638,1,-0.09648672794100255,0.09304772509125903,0.42091108856534815,1,-0.0178833860982905,0.0876345537290012,0.42813941552313733,1,0.06223375245975835,0.04929507754650073,0.42500926791327426,1,0.15085699958567164,-0.011360753839094406,0.4363986956396025,1
329.950772,grid_0180_y470_z415,480.601,472.655,413.855,146.75506423289107,1.297,-0.18452182749229848,0.0698348064907985,0.41428044060638364,1,-0.100641156426009,0.09418153818598919,0.4227896623040393,1,-0.020308784633356728,0.0900409435290569,0.4338287696284901,1,0.061946324666619736,0.0508430977223974,0.4303499537197848,1,0.15079222961145117,-0.011222109118749893,0.43677963017272736,1
332.718532,grid_0181_y465_z415,480.415,467.757,413.917,147.56533563815043,2.537,-0.1904267998991012,0.06980804451195137,0.4154835289629595,1,-0.10448571726384716,0.09311339031442585,0.42019176871395714,1,-0.024164480020049464,0.08975976279336022,0.4355638659978438,1,0.05924980393791512,0.050241897496831965,0.4279354410040113,1,0.15088579900438306,-0.011236959447710677,0.4387761825178156,1
333.533705,grid_0182_y460_z415,480.373,462.877,414.018,148.49685431348368,0.614,-0.19771863492721334,0.07017621825171497,0.4203140521306805,1,-0.10873186817746051,0.0934171964809387,0.4218170548015829,1,-0.026580008980580216,0.08907261118162396,0.4323363227496351,1,0.05826820045424333,0.050365953964525915,0.428863110057975,1,0.14911095262018845,-0.011187468461330634,0.43461474944331707,1
334.36962,grid_0183_y455_z415,480.328,457.782,414.261,149.50046229359955,0.625,-0.19926132742698702,0.06851029731166162,0.41205615016091524,1,-0.11277246480911185,0.09366361117174145,0.42275176760233113,1,-0.02927310410915331,0.08928023418146704,0.431677316211373,1,0.057112524926807594,0.050740213529666345,0.4323836709031808,1,0.1464686433580548,-0.01096965372024035,0.4274553428199653,1
336.090097,grid_0184_y450_z415,480.446,452.603,414.206,150.9860472560295,1.49,-0.20507318067256822,0.06855084866139936,0.4119743726242495,1,-0.11867747637373617,0.09447031671321206,0.42718718116014887,1,-0.03152818380374434,0.08825659004826981,0.42782631915943653,1,0.05530246274025049,0.05041088548213632,0.4265230937117585,1,0.14776774482852495,-0.010969252166890556,0.43151501312663587,1
339.666215,grid_0185_y445_z415,480.714,447.409,414.117,152.6763444512606,3.394,-0.21182327150897665,0.06886130265313921,0.4134169664048784,1,-0.12182583700009599,0.0949046123589007,0.4204369872249572,1,-0.03613088870877973,0.09183413423635485,0.4324980061213097,1,0.05277386801131475,0.05156526556066523,0.42390474207901346,1,0.15132091304965986,-0.010852784399299618,0.44283028071560687,1
343.114631,grid_0186_y440_z415,480.813,442.486,414.225,154.23658423668485,3.265,-0.21650425914334462,0.0684954217830821,0.412615416950701,1,-0.1260798916827983,0.09393112539974974,0.4230240883595195,1,-0.038591196315818733,0.08976965942059105,0.4322517233496576,1,0.0516814581958985,0.051379180315747376,0.42988457656260426,1,0.14993933456522,-0.010949675849490262,0.4399018808607525,1
344.440569,grid_0187_y435_z415,480.799,437.572,414.181,156.069202410341,1.133,-0.22202459593233545,0.06841127327615876,0.41283801003662496,1,-0.12955218189083098,0.0941918786162067,0.42330155994574553,1,-0.03999196631495309,0.08939296289020006,0.4286602624215881,1,0.051412126752386746,0.05152857061176435,0.43140061170413085,1,0.15032570224765893,-0.01089578272489009,0.44144576441265143,1
345.496998,grid_0188_y430_z415,480.809,432.615,413.947,158.22540086218768,0.856,-0.2279412947672046,0.06869179372532107,0.41353003721895504,1,-0.13392244050898675,0.09427559436593495,0.42138853008449867,1,-0.04347059969333247,0.08980067861278924,0.42750809796968253,1,0.048608561429234275,0.05133253752041574,0.42546706479071844,1,0.14932717209137733,-0.01089825029565295,0.4395366308310271,1
347.931588,grid_0189_y425_z415,480.934,427.431,414.143,160.22096435548,2.252,-0.23650182422668686,0.06921549401452735,0.418221468492292,1,-0.1374687814889164,0.09336846000831288,0.4190584025114359,1,-0.04679475390799618,0.0900703972571754,0.43056365169639227,1,0.047269449354909156,0.05158857015167822,0.42634421911866105,1,0.15008340574314258,-0.010844053091663747,0.44257608275660126,1
348.830693,grid_0190_y420_z415,481.003,422.344,414.42,162.23923577236175,0.677,-0.238628018588795,0.06774146056309722,0.4127097150212491,1,-0.1427515194023957,0.0937174241940581,0.42172748380670644,1,-0.049365791362628995,0.09029029047547377,0.43176539736015024,1,0.04631730348908602,0.051890541007609536,0.4295524966027839,1,0.1473686100466299,-0.010790049877717171,0.43519161312893545,1
350.709437,grid_0191_y415_z415,480.987,417.404,414.688,164.32415844299945,1.697,-0.24598029196520202,0.06795182148460094,0.4160641654991106,1,-0.14694342459863177,0.09351217256090234,0.4222510512805903,1,-0.05275144594742304,0.08993051732551903,0.43250717827307733,1,0.04381789114486512,0.05055721003020952,0.4222127461935523,1,0.14935659078874677,-0.010858916965222079,0.44240011250219696,1
353.714234,grid_0192_y410_z415,480.897,412.627,414.775,166.60084779496168,2.793,-0.2544229694523,0.06847322684942199,0.4215052572930857,1,-0.1514068989906015,0.09370992925327347,0.42285560955520957,1,-0.055728880237113455,0.0898691448084697,0.42920888535711127,1,0.04239692956469368,0.05158652383426304,0.424735272862338,1,0.1488990616548037,-0.010827532720382643,0.4416355141424779,1
354.840796,grid_0193_y405_z415,480.727,407.763,414.456,169.36983520391104,0.915,-0.25732850962656656,0.0681752487313436,0.41768747892553243,1,-0.1535368720771176,0.09338765841901052,0.420961178761603,1,-0.056434288697309244,0.0895193002286543,0.4290139435989741,1,0.04199792304277402,0.05088221077094846,0.42266974760182413,1,0.1501493785505548,-0.010904924249093591,0.44489332502241563,1
356.018489,grid_0194_y400_z415,480.561,402.905,414.285,172.10529787894382,0.966,-0.2624828878694889,0.06839864472042854,0.4173793594852271,1,-0.1594482197162915,0.09434848119664084,0.4231937553204923,1,-0.06086641657493389,0.09062560379909775,0.43102237551368994,1,0.03981211351427665,0.05117537485912646,0.4213584703167324,1,0.14948809876435823,-0.010910764775900859,0.44477127877082445,1
357.451623,grid_0195_y395_z415,480.828,397.645,414.091,175.19470853596005,1.252,-0.2682513713948398,0.06844092593244493,0.4175592065884255,1,-0.1621156450139493,0.09408978637217956,0.42201751149840344,1,-0.06338614661423131,0.09106755430997242,0.43358955944553373,1,0.03872255814575489,0.051955141576372356,0.4251973158414016,1,0.1494293726109054,-0.010943449617512438,0.44496835650169436,1
361.998068,grid_0196_y390_z415,480.925,392.55,414.069,178.14408726926632,4.343,-0.27420152395953007,0.06844893227366906,0.4176660642539954,1,-0.1665306089395299,0.09369752350013043,0.4193361907902134,1,-0.06681681165427818,0.09037667539633365,0.4297161507923704,1,0.03624535753575086,0.05163323482958795,0.420273124076251,1,0.145106114160996,-0.010647138598676414,0.43356175301893884,1
367.128886,grid_0197_y385_z415,481.173,387.521,414.065,181.14038749544505,4.948,-0.27889659242559656,0.06826508262980474,0.416389400067966,1,-0.17077553033446782,0.09381093775166338,0.41951602175345726,1,-0.06970832525807509,0.09135592271307624,0.43395785418244087,1,0.03512029888510979,0.051441328476670926,0.41875648923407666,1,0.14849344958826646,-0.010893196916871186,0.44455209366373244,1
370.178646,grid_0198_y380_z415,481.165,382.405,414.051,184.2775841115788,2.826,-0.28551321113090417,0.06837774882572685,0.41751857440745893,1,-0.17514683076917859,0.09416405963698492,0.41977822461596453,1,-0.07248497480387663,0.09123309855616472,0.43155340348571464,1,0.0344685458379144,0.05343348522704469,0.4326147608420668,1,0.14531406926045123,-0.01043469560556416,0.4353248469264341,1
371.335001,grid_0199_y375_z415,481.141,377.45,414.397,187.12151172166173,0.964,-0.29239159017155913,0.06814143663150847,0.4197761971156489,1,-0.18132035724913156,0.09513699354530337,0.4253812613694338,1,-0.07430109744532888,0.09000705490815669,0.4268253880863964,1,0.03254303763009978,0.052357120720278046,0.42426794355522285,1,0.14699986641451837,-0.010735505615519898,0.4406633112254803,1
375.716759,grid_0200_y370_z415,481.133,372.445,414.284,190.4333282201411,4.171,-0.29472729929003344,0.06725827166477004,0.41558095547422574,1,-0.18423136295172735,0.09439213597774154,0.42235005882352966,1,-0.07818387334145312,0.09135230109951976,0.43161611562892416,1,0.03126294396005815,0.05339961672817219,0.43055038890379,1,0.14312694042193694,-0.010260699014868828,0.4316793174433688,1
376.328679,grid_0201_y365_z415,481.233,367.342,414.568,193.59170947124775,0.399,-0.3008502479482364,0.06739547699228916,0.41845533328120027,1,-0.18523040377131628,0.09287350334786805,0.41811909920459395,1,-0.07976561870555403,0.09033305629240829,0.4280425876973608,1,0.029450007665063237,0.052344799556652076,0.42248706351054083,1,0.14312694042193694,-0.010260699014868828,0.4316793174433688,1
378.527985,grid_0202_y360_z415,481.227,362.367,414.691,196.85863114936055,1.978,-0.3065664425943993,0.0669882564742681,0.41641672882746983,1,-0.1941003805846918,0.09493681912975245,0.42543528304575573,1,-0.08369620900780965,0.09081478526488755,0.4289260341065813,1,0.027847759651158877,0.05305242485321152,0.426464368522992,1,0.14183058472214127,-0.009961358476884384,0.4278261265960799,1
379.160648,grid_0203_y355_z415,481.266,357.517,414.621,200.24924565900363,0.402,-0.3132516159311704,0.06741303149382848,0.41901314989703414,1,-0.19605458406949117,0.09409232030668514,0.42233848747201835,1,-0.08714075006931855,0.09139195237802472,0.4327606774823421,1,0.026364454442187574,0.05308969234577141,0.4273338698539701,1,0.14243474254243324,-0.009918378117479323,0.43054933899913134,1
380.143315,grid_0204_y350_z415,481.173,352.672,414.535,203.70219834110767,0.792,-0.3205128073617735,0.06791871835162937,0.4209784875325358,1,-0.20234632394224397,0.09496842512066561,0.42555920253265644,1,-0.08937251362563359,0.09137228333988233,0.4307683747355222,1,0.024879655689759125,0.053353935384586965,0.42790262362700954,1,0.1426349075185176,-0.009837803312662862,0.43197033805822865,1
381.770537,grid_0205_y350_z420,480.181,351.996,418.231,201.5599276269963,1.194,-0.3199385119835659,0.06341383653319035,0.42032728291810345,1,-0.2039854637903058,0.0920922592707994,0.4287843995068321,1,-0.08975764371921528,0.088975784501514,0.4307849260311683,1,0.02479959925732543,0.05207960251206955,0.4279183758044994,1,0.14256963539115508,-0.009883617813850101,0.43273928007568135,1
382.245404,grid_0206_y355_z420,480.291,353.69,418.713,200.01404476936108,0.463,-0.3157244615270835,0.06226193024969992,0.4159811390173164,1,-0.20130749123993522,0.09123821090369633,0.42421314297183915,1,-0.08919221299822405,0.08866229741267713,0.4303018988802864,1,0.025044092386412597,0.05258809742262572,0.42979405355179834,1,0.14339457090699975,-0.010046467881215451,0.43491631858504015,1
383.0192,grid_0207_y360_z420,480.788,358.107,420.157,195.87523435850684,0.473,-0.31167618937808633,0.06076573801922746,0.416869279517219,1,-0.19892815730877889,0.09047903355161775,0.426797307238268,1,-0.08650911043855318,0.08779404118854219,0.42939595096571237,1,0.02685044956622333,0.05178274345070507,0.4293436640377953,1,0.14712151214229535,-0.010661403901965029,0.4441762781354221,1
385.573397,grid_0208_y365_z420,480.611,362.958,420.364,192.3208211400939,2.323,-0.3098777332805696,0.06130937634292546,0.42228897629052947,1,-0.19404800006501718,0.08992950752018393,0.425838336297222,1,-0.08354028131362023,0.0875901722588344,0.4298924295500388,1,0.028092076172073658,0.051179738486548214,0.42539707336493043,1,0.14500974456973567,-0.010452327212388946,0.43759152824974606,1
387.073443,grid_0209_y370_z420,480.716,367.94,420.414,188.85936951340273,1.247,-0.3013532673421426,0.06085081250380061,0.4182314869495242,1,-0.18986454983851506,0.0901008303270411,0.42731161352298025,1,-0.07973946590902409,0.08690527837330453,0.4279142524411183,1,0.029900091983088826,0.051108305824374846,0.42606366438235715,1,0.14576713750934936,-0.01064883387001852,0.43956523331464337,1
388.630462,grid_0210_y375_z420,480.574,373.198,420.688,185.10786802564604,1.295,-0.29387540624624536,0.06038155182433825,0.4158990074536193,1,-0.18455574228847685,0.08931894989793994,0.4243455189429208,1,-0.07729382222823117,0.08677931934403282,0.42734479085667393,1,0.031148766204951318,0.0512200524620055,0.42699613892267446,1,0.14506146907881454,-0.010522705870638341,0.4370831823704513,1
390.0546,grid_0211_y380_z420,480.676,378.072,420.382,182.1299331274241,1.242,-0.29044669465929035,0.060977154271605445,0.4186138618485449,1,-0.17988109893528056,0.08916964077404743,0.42278758597716776,1,-0.07478598147946372,0.08744185161608897,0.4311080790280883,1,0.033136372286502125,0.05069149730143941,0.42788845164509004,1,0.14621294328004966,-0.01061176359811891,0.4388000322423839,1
390.819136,grid_0212_y385_z420,480.616,383.008,420.489,178.87168387981367,0.511,-0.28331353488652555,0.060605077832564906,0.4154675757956297,1,-0.17859985717722407,0.09046127751838816,0.4293936135583411,1,-0.0727258466095584,0.08749200780847864,0.4322087125925875,1,0.03359760858393014,0.050842461247256644,0.42514596104363706,1,0.14640366446219163,-0.010612254374952184,0.43880859450807325,1
393.308794,grid_0213_y390_z420,480.662,388.005,420.556,175.68929269024903,2.307,-0.2772160964266547,0.060572008995197324,0.4153010446977357,1,-0.16951153402101526,0.08783278913685007,0.41778864823338496,1,-0.06894851323383479,0.08689738885598108,0.4301329539726009,1,0.03561654876486655,0.05064104587995056,0.4246271380547472,1,0.14849344958826646,-0.010893196916871186,0.44455209366373244,1
397.294667,grid_0214_y395_z420,480.843,392.983,420.13,173.00351092680168,3.714,-0.2728691318613567,0.06167197786054274,0.41620741386390575,1,-0.1661442823520326,0.08852063113038199,0.41987384631700814,1,-0.06636927769450736,0.08688409381098468,0.42979085550776014,1,0.037314164177990966,0.0508136421235142,0.42957951304310926,1,0.14377894656381698,-0.010618931713798706,0.4296028226026299,1
404.639589,grid_0215_y400_z420,480.625,398.159,420.086,169.98099026950038,7.113,-0.26800432082113307,0.061988747854775754,0.4183319025746408,1,-0.16183000923583515,0.08881899935666505,0.41954774692098334,1,-0.06348189558039699,0.08756839466456671,0.43178164914369205,1,0.039136636361190136,0.05142886016027093,0.43191655522827405,1,0.15002559753515846,-0.010992903481549049,0.44710132606354674,1
405.310655,grid_0216_y405_z420,480.879,402.915,419.916,167.4216152980253,0.46,-0.2618856462313635,0.06155512764460111,0.4153440062881059,1,-0.1586316560448055,0.08918111204138572,0.4212351703035391,1,-0.060847270038103536,0.08753706994726675,0.43202015398396837,1,0.03990688958653516,0.050171916305329335,0.4242150162823309,1,0.14912582255156878,-0.010924199335423853,0.44328831942934405,1
411.006377,grid_0217_y410_z420,481.002,407.921,419.984,164.6198666443391,5.462,-0.25483843796121847,0.061451484370418384,0.41345492178761784,1,-0.15351340264137595,0.08863561929414325,0.4189340589507846,1,-0.05747615302123665,0.0870807598604812,0.4301038335675986,1,0.043056212149806074,0.05195352581996827,0.43940430083784454,1,0.14897852977746986,-0.01090183845277347,0.4425921778953023,1
413.96653,grid_0218_y415_z420,481.019,412.795,420.485,161.6184492005785,2.769,-0.2509384604352682,0.06151536239219079,0.41579077156913086,1,-0.15151241406733004,0.08963931658063849,0.4252714665768476,1,-0.05476947440294774,0.08651787876125965,0.4293841821480349,1,0.042811959808049506,0.04992685924121143,0.42640536515839633,1,0.14904755894865293,-0.010836696680785539,0.4423630665172797,1
414.534277,grid_0219_y420_z420,480.925,417.843,420.582,158.9707606479883,0.396,-0.24767942407347251,0.06172209504649703,0.41694312843501474,1,-0.1462843553464342,0.08816527424747399,0.41918973726741265,1,-0.051912104838060504,0.08568364785679873,0.42620254352817694,1,0.04433410164248505,0.04967666115124945,0.42380797638316375,1,0.1477429479573574,-0.010785349097670247,0.436624039864955,1
415.543432,grid_0220_y425_z420,480.765,422.754,420.682,156.50052693840996,0.847,-0.23817834933017823,0.0609741509875848,0.4129593603622707,1,-0.1428519798040833,0.08843082945044194,0.4227441277410478,1,-0.04943507712505304,0.08574487128831933,0.4291049352805832,1,0.04572934077323917,0.04932947750314628,0.4246174434071282,1,0.14716305560319992,-0.01069859549352604,0.43457639648668184,1
416.409344,grid_0221_y430_z420,480.828,427.815,420.529,154.3158960930467,0.675,-0.23389678991635765,0.06151358993475067,0.4151762915412775,1,-0.13886016435345547,0.08911603166072807,0.42428023881155114,1,-0.04627564393313598,0.08624261506027053,0.4294460325535654,1,0.04716170878879342,0.049377705488505896,0.42362223025656,1,0.14976509970468962,-0.010926274812980344,0.4413635440314349,1
417.011072,grid_0222_y435_z420,481.024,432.532,419.842,152.90262916313765,0.45,-0.23121620340253454,0.06199348356398471,0.41546641488331676,1,-0.13442500104824542,0.08792212490013147,0.41726950848254224,1,-0.04487735834850535,0.08629914053240066,0.4296730202164322,1,0.04834112225639576,0.049537245925392055,0.42527807954714475,1,0.1491347616629214,-0.010934603685518166,0.4390921337802259,1
418.643276,grid_0223_y440_z420,481.087,437.846,420.129,150.4915046406274,1.411,-0.22275288525766976,0.06222079090547005,0.41444452246496555,1,-0.1286453331083508,0.08820595978127584,0.41904296576402333,1,-0.04028516063761928,0.08642051544338213,0.4312608500206072,1,0.05099662977341731,0.04953179183177165,0.42711526509754494,1,0.14914788294711562,-0.010957199668251247,0.43767637402775844,1
422.245433,grid_0224_y445_z420,480.942,442.429,419.391,149.44169526273444,3.481,-0.2234986537432083,0.06477860666623773,0.42615830931488835,1,-0.12364034818739428,0.08795973566924796,0.41811816206201696,1,-0.037012153592788116,0.08623373597548727,0.43081096760762994,1,0.05275455424763164,0.04983593109420037,0.42991293592960594,1,0.1484811734187401,-0.010812725828018102,0.4346083782621846,1
424.854826,grid_0225_y450_z420,480.835,447.394,419.965,147.16857219189154,2.428,-0.21323961171148254,0.06312970265012553,0.4173579396372609,1,-0.12110011308354929,0.08851977169484652,0.42074321578534585,1,-0.035012710278348146,0.08573209452763349,0.4306202943847728,1,0.05386594681137325,0.04931275624408629,0.4288827632641183,1,0.145751028046232,-0.010832646836010415,0.4265688647149665,1
426.065575,grid_0226_y455_z420,480.91,452.955,419.932,145.43788636390445,0.958,-0.2089139995137316,0.06363176506346106,0.42006944927662393,1,-0.11623753802359116,0.0878987220386217,0.41890153935454283,1,-0.03201093293444668,0.08541551478830957,0.4286385116698783,1,0.05556799292408846,0.04921875194280276,0.42876158965644,1,0.14610144354129437,-0.010954376566293549,0.42667136252638943,1
427.305445,grid_0227_y460_z420,480.728,457.718,419.911,144.09152691952426,0.967,-0.20385528301636693,0.06375750470649265,0.42105436745031505,1,-0.11161676753726009,0.08780857363187171,0.41761912977739724,1,-0.028770470641128216,0.08546202531503234,0.42941646343594125,1,0.0571383109997546,0.04882482404056363,0.42771592005076947,1,0.1477782698034724,-0.011235835682790412,0.4304026505077245,1
428.917581,grid_0228_y465_z420,480.959,462.55,420.065,142.72407273126697,1.41,-0.20007619027478382,0.06437085247820734,0.42392048528703236,1,-0.10912497995444403,0.08910961195665844,0.42400927203138683,1,-0.025597881217785026,0.08523213670530773,0.429054155098697,1,0.05800579673905972,0.04853525696678825,0.4255542612612111,1,0.14816633241904245,-0.011205948139215416,0.4314733739698027,1
429.870426,grid_0229_y470_z420,481.387,467.563,420.435,141.2704037298683,0.681,-0.1910852683778209,0.06271137232550969,0.41555786851635607,1,-0.10462761808595594,0.08844096184738241,0.4199661067810719,1,-0.02394629449458756,0.0857021971361183,0.43079976913209156,1,0.05976943880652479,0.048978968773899866,0.4317830725686694,1,0.1492585204233773,-0.011347518692288042,0.43338017112903926,1
431.677119,grid_0230_y475_z420,481.208,472.411,419.717,141.0509732082696,1.634,-0.1829887110692557,0.06285972851459862,0.40996240808700074,1,-0.10013133209380237,0.08798680551648747,0.41928681872085544,1,-0.020417435272139715,0.08525166288869603,0.429703813032551,1,0.061487053324494646,0.048505393042427326,0.42793725578084624,1,0.15008837460832367,-0.01142866435014161,0.434786018179053,1
432.867954,grid_0231_y480_z420,481.119,477.352,419.47,140.52747376936648,0.969,-0.18293599016578768,0.06501235555928316,0.4218496478094271,1,-0.0963102040651219,0.08836180017234561,0.4201052013019266,1,-0.01789342543801718,0.08500563712167326,0.4296969178063405,1,0.06390733539760285,0.04905578513829031,0.4352986846985498,1,0.15172550490358555,-0.011385134780901732,0.4388266282764486,1
433.901848,grid_0232_y485_z420,481.09,482.465,419.886,139.50341080418062,0.793,-0.17508931478773196,0.06387828330612089,0.4166771344154945,1,-0.09277353961227125,0.0886403863421998,0.4240362003889848,1,-0.014837627818161192,0.08419122538589657,0.4278159712519918,1,0.06452671249401921,0.04800417382325292,0.42822620239738435,1,0.15069269201377314,-0.011451321896300118,0.4353472303661849,1
435.254251,grid_0233_y490_z420,481.019,487.528,419.895,139.06855882261812,1.121,-0.1707195949091097,0.06459500473821905,0.42016766897875635,1,-0.0872600191311375,0.08754450526636848,0.41863082980930005,1,-0.012008019682519718,0.08421382479487817,0.42867002662836,1,0.06513535314736231,0.04760256692526094,0.4245083334718219,1,0.15113999137788206,-0.011599220343665501,0.435508754147981,1
435.958897,grid_0234_y495_z420,480.905,492.623,419.918,138.8001982599448,0.462,-0.1644929702999092,0.06379977920083692,0.4161028649429945,1,-0.08353806703548348,0.08681677196172989,0.41670893080893295,1,-0.009545248312847386,0.08381977515347973,0.42839456692530065,1,0.06711888395446103,0.04730694722991094,0.42637261846409763,1,0.15239946792914083,-0.011406357239222488,0.4379328539376393,1
437.05188,grid_0235_y500_z420,481.343,497.347,419.888,138.7962017527857,0.842,-0.16023342475149516,0.06478648883139491,0.4209659386047835,1,-0.0795067663918272,0.08794126671147216,0.4210297443019935,1,-0.006347497260826676,0.0839622417341851,0.42916971045633373,1,0.06923545198972397,0.047461686526970304,0.42959612158786514,1,0.15173396222160815,-0.011507031287228279,0.43547027861871895,1
438.065,grid_0236_y505_z420,480.937,502.656,419.485,139.3076426080062,0.791,-0.15208283676036213,0.06427654834960256,0.4149691143691665,1,-0.07493432788651314,0.08785848577976928,0.4212104867462785,1,-0.0035958486377447364,0.08420728813101035,0.4299919087609588,1,0.06950491783926684,0.047322004698395266,0.42520353664195903,1,0.15205496877174907,-0.011465875457525171,0.43597774200228634,1
441.043796,grid_0237_y510_z420,481.239,507.531,419.721,139.38368826372758,2.707,-0.14664364702086077,0.06400765436077892,0.4141798284028729,1,-0.07074591363396256,0.0875844142811459,0.42057517503431857,1,-0.0005372190783275139,0.08371510740014287,0.4297776291200845,1,0.07157078374135119,0.0470341207775122,0.42580359135035245,1,0.15516036462532826,-0.012045954562076765,0.4436474765430076,1
443.220446,grid_0238_y515_z420,481.258,512.553,419.475,140.11155956237153,1.916,-0.14451615486472538,0.06642280617959465,0.4251998325660599,1,-0.06691902239538533,0.08808062609938698,0.4231485018366438,1,0.0023129138738822346,0.08356951827197366,0.43060926347090794,1,0.07238799302957376,0.046197929875920175,0.4223085584701986,1,0.15346643819434808,-0.011873322061059571,0.4379210072278603,1
444.236407,grid_0239_y520_z420,481.207,517.622,419.507,140.74404476566667,0.735,-0.13719335535077956,0.06529149133427259,0.4192503548432138,1,-0.06194092708712869,0.08680316904943182,0.41832194449311566,1,0.005295063021446445,0.08330248413472498,0.42967428582621864,1,0.0745736028910736,0.0463401921080002,0.4248548522215465,1,0.15445054169234637,-0.011624048423536202,0.4402943119128149,1
456.34466,grid_0240_y525_z420,481.127,522.879,419.751,141.3806382005683,11.827,-0.13045845507280515,0.06451964302833675,0.4150998697054274,1,-0.058452996416707224,0.08822974944089157,0.42586884599347136,1,0.008363649913953239,0.08148885400308249,0.4237406007953042,1,0.07971300992612985,0.048108890165055866,0.4453095709319341,1,0.1527925753313012,-0.011577799673261278,0.43371649404164536,1
466.513423,grid_0241_y530_z420,480.839,527.92,419.328,142.8018070754008,9.917,-0.128271620955864,0.06660990072861078,0.42647678587476795,1,-0.05425701586878984,0.08869035260034012,0.4274793401941334,1,0.011451039343746605,0.08404371375607837,0.4368051540819138,1,0.0804589302556687,0.04779004501407793,0.4429047593646127,1,0.15724413952905894,-0.012110419458960506,0.4464179603926925,1
471.677636,grid_0242_y535_z420,481.18,532.799,419.151,144.13708836729006,4.862,-0.12050997744755544,0.06627724742963478,0.4186902935712567,1,-0.04971017169923364,0.08821321855245025,0.424425984235246,1,0.014440036302790062,0.08364151029312718,0.43505653417589857,1,0.08020729924093782,0.046360550282531145,0.43128340553384126,1,0.1530512108791856,-0.01171590966036659,0.4328199481088135,1
473.207819,grid_0243_y540_z420,481.461,537.581,419.537,145.05493681360863,1.248,-0.11634008019562693,0.06572981956241226,0.42076652665874964,1,-0.044528490399556114,0.08533714582880203,0.41402046134963405,1,0.017122931556213233,0.08245761375469238,0.432553035104237,1,0.0819904857106193,0.045998650572446696,0.43162559942549056,1,0.154776244879834,-0.01176118607404529,0.4376171831203755,1
474.224228,grid_0244_y545_z420,481.385,542.433,419.636,146.40146576110493,0.734,-0.11016811517335123,0.0652874599420404,0.41821703081660405,1,-0.04008251295071737,0.08482649996146309,0.4116525780067309,1,0.01957902596444585,0.08095506219573319,0.4248426662773867,1,0.08312294063312571,0.04575502698234232,0.43088237082512637,1,0.15847100235515402,-0.012121438929520617,0.4464446163019255,1
475.19269,grid_0245_y550_z420,481.602,547.071,419.473,148.0821110431641,0.676,-0.10607402729128797,0.06682135360551252,0.42187358651135326,1,-0.03717126250787594,0.08698985790656126,0.42198918251034473,1,0.022535304245405594,0.08166105380307813,0.4304663512215647,1,0.08434382731573424,0.045413907753282336,0.4284575767190873,1,0.15843040809062559,-0.012124183330559634,0.4460183099280523,1
477.234509,grid_0246_y555_z420,481.506,552.543,419.66,149.85677099817673,1.711,-0.09840291103982679,0.06499620534650595,0.41483650507113495,1,-0.03194031792312461,0.08625110053900552,0.41947277148357826,1,0.02553468544629436,0.08107258346699175,0.42887809020950457,1,0.08644324626987944,0.04513218170516529,0.43066309416677323,1,0.15558260444557329,-0.012088081063241272,0.43776142325927747,1
479.786772,grid_0247_y560_z420,481.435,557.621,419.344,152.11061063910034,2.261,-0.0927799962710345,0.06580289199485818,0.41508205465010906,1,-0.02721951193512478,0.08407347800222054,0.4092344834601349,1,0.02853324102426492,0.08108349756724449,0.4298496589029144,1,0.08803146988220097,0.04508677077755036,0.4314304559179753,1,0.15454929494670397,-0.01205561926022853,0.43338361757132887,1
481.531329,grid_0248_y565_z420,481.552,562.498,419.169,154.29475768800444,1.414,-0.08880590504479509,0.06663187604008473,0.42030632518632477,1,-0.024189019342367418,0.0874145624606496,0.42375860670451077,1,0.030955222261609353,0.08067488269919515,0.4269550116246592,1,0.08899221730201679,0.04473619709330658,0.4290597891771257,1,0.15771413027177203,-0.012104847209799444,0.44180010354199223,1
482.461517,grid_0249_y570_z420,481.359,567.581,419.281,156.4240197476078,0.619,-0.08429280788303606,0.06769317875039062,0.4265234128710213,1,-0.019665945318983292,0.08650544949444204,0.4238045262637753,1,0.033995464089396236,0.08002802525587051,0.4277735664228148,1,0.09211481587069852,0.04495180963680862,0.43525821223425093,1,0.15886574885467764,-0.012119971282221987,0.4437374020254017,1
483.245871,grid_0263_y565_z425,481.256,566.779,422.282,153.3859333380998,0.57,-0.0839717512717801,0.0637183520850984,0.42064345277259174,1,-0.02039073183151962,0.08368485521442261,0.42228546812125783,1,0.033523120522684934,0.07849907989095213,0.42956300258599156,1,0.09050131618731345,0.04315091551166001,0.42794493316326293,1,0.15865438602722667,-0.012108011480788708,0.44312741551181656,1
484.468103,grid_0264_y560_z425,480.514,563.076,423.57,150.53997953035596,0.96,-0.08788813598757585,0.061272372072788246,0.42045917445399944,1,-0.02337031574473737,0.08193761621580192,0.41941345491651405,1,0.031392494921006736,0.077834313218436,0.430900288243409,1,0.08802271691773328,0.04238285190963389,0.4224955481613956,1,0.15973576415640747,-0.012129485643508896,0.4468856997524506,1
485.500367,grid_0265_y555_z425,480.37,557.893,424.328,147.6295556519764,0.733,-0.09172842701163748,0.05955989915154003,0.4121231668491719,1,-0.02763403045518017,0.08080712697662504,0.4156532734360831,1,0.028334299732599804,0.07760642313064342,0.4308006865171172,1,0.08719503438779154,0.043062613306813824,0.426874552918926,1,0.1549997665747783,-0.012138207651359758,0.4347419643743173,1
486.530437,grid_0266_y550_z425,480.35,553.05,424.261,145.74694146362035,0.739,-0.09726620819801261,0.0594778220511952,0.41333274191086594,1,-0.03237361508367933,0.08283689505627213,0.425225606474207,1,0.0254903452069358,0.07868022662884906,0.43185355481127446,1,0.08729139885308233,0.04412920255109732,0.4347350909845655,1,0.15418914832144348,-0.012067971628802826,0.43395270970529504,1
488.296528,grid_0267_y545_z425,480.497,548.174,424.22,143.97374669015173,1.475,-0.10374455248690051,0.06004820955440729,0.41806194890258447,1,-0.03659295025592369,0.08330780687867881,0.4263630489748502,1,0.022689350891277823,0.07839115217018937,0.4310991564187287,1,0.08415183318002123,0.04373198259276981,0.42879205766487744,1,0.15769308576403224,-0.012116873014379428,0.4436876467771878,1
489.010915,grid_0268_y540_z425,480.55,542.782,423.675,142.64943275737195,0.404,-0.10972100525885559,0.06144714696163375,0.42199505361285433,1,-0.039715169643054056,0.08195450026714594,0.4160953672430601,1,0.02046647659368356,0.07906394376448535,0.43080698911438703,1,0.0825322445524253,0.0440783974319898,0.42633505196510907,1,0.15849129948741827,-0.012120066729001107,0.4466577694888621,1
491.743507,grid_0269_y535_z425,480.47,537.741,423.866,140.91267233999926,2.44,-0.11412597144664892,0.0602604273888594,0.4152818316078056,1,-0.04512921297661768,0.08313590510015899,0.42242320653892446,1,0.01681053438161802,0.07863096811440705,0.4259747926027205,1,0.08239915242903612,0.04502745131020897,0.43539289837114414,1,0.15353311783913604,-0.011854803018623442,0.4341940350859394,1
494.686335,grid_0270_y530_z425,480.399,532.707,424.288,139.11637610648137,2.651,-0.12265820121259662,0.061057583951701806,0.426320473877349,1,-0.04948227131050056,0.08277342154032392,0.4216994647919685,1,0.014013992297536164,0.07928891613468725,0.42933731722025165,1,0.07884599205450599,0.04432670638367924,0.42449517788314955,1,0.1528163466089128,-0.011902032184095709,0.4322975872296844,1
501.322479,grid_0271_y525_z425,480.246,527.762,424.244,137.95238281740544,6.354,-0.1283524991171315,0.06114433021239451,0.42681574317438153,1,-0.05370761908256292,0.08246704159798664,0.4197917815281524,1,0.011128653319528038,0.07960495427649843,0.43036934922031556,1,0.07677757677371065,0.044218224792895576,0.4217301917733373,1,0.15724413952905894,-0.012110419458960506,0.4464179603926925,1
502.028252,grid_0272_y520_z425,480.106,522.984,423.959,137.22620751882633,0.454,-0.13039553049244806,0.06023499831608653,0.4202768841915739,1,-0.05705018345638419,0.08328076783863285,0.42126480437482033,1,0.008722257046567558,0.07919412264598004,0.42481046071540707,1,0.07706853108186143,0.045418546100796174,0.4295421403163337,1,0.15613287914077498,-0.012008065016276227,0.4434638074265891,1
502.700098,grid_0273_y515_z425,480.35,517.754,423.778,136.50729252680966,0.4,-0.13754680325153457,0.060720258039500236,0.4232989345150117,1,-0.06118337669787089,0.0829102029081493,0.4181975660935772,1,0.005454378441856628,0.07964657003208532,0.4258127008971857,1,0.07467799406629183,0.04494865464929965,0.4256834153286919,1,0.15699060266872208,-0.01210394438993951,0.4468657264674742,1
504.380615,grid_0274_y510_z425,480.252,512.865,423.63,135.97865183182245,1.42,-0.1437684134986452,0.06084271876152112,0.4245708982179492,1,-0.06575776540088983,0.08336789412240797,0.4185936250704339,1,0.002308935822536567,0.08121610802128228,0.43256154072219216,1,0.07353821760453418,0.045771731463472555,0.42795995314424545,1,0.1529616363531581,-0.01189507883625209,0.4359163733792492,1
506.477485,grid_0275_y505_z425,480.277,507.463,423.67,135.4007174464005,1.816,-0.1503505409355178,0.06108142377346673,0.42586000058985024,1,-0.07104412817907249,0.0838897538963209,0.42180665602563616,1,-0.0006267138914764622,0.08085029823309572,0.42996489479811895,1,0.07126031063069788,0.04557477324712153,0.4258555120605701,1,0.1559956429129661,-0.012100644965648987,0.4461699196781425,1
508.608889,grid_0276_y500_z425,480.441,502.579,424.377,134.3990998704976,1.92,-0.15468493158052565,0.05951359787439178,0.42207696420368096,1,-0.07732721046082497,0.0859068007455265,0.4338046858991818,1,-0.0035003141889339393,0.08100202982041937,0.4317976311391785,1,0.06948284810849091,0.045250368273431624,0.42410367904111124,1,0.15500619943536967,-0.012009054805585652,0.4436837734857872,1
511.499908,grid_0277_y495_z425,480.659,497.697,424.544,134.11456501439355,2.69,-0.15784568760317416,0.058411667025243426,0.41637777621818545,1,-0.07951174938313721,0.08326720528445608,0.42217151438179146,1,-0.00609739188032143,0.08068499190474862,0.4307849342724988,1,0.06886005745411126,0.04557616748472868,0.42705683882403184,1,0.15509816405193225,-0.012000505401305544,0.44460882177462263,1
512.948215,grid_0278_y490_z425,480.493,492.693,424.207,134.49634171233055,1.178,-0.16669268769705206,0.059800001064417185,0.4245795865750765,1,-0.08320528430207354,0.08362649737282214,0.4196557967343302,1,-0.008994563849442428,0.08164253147844523,0.4306199835267574,1,0.06720456145128877,0.04627726876047333,0.4270625970786271,1,0.15609771203675815,-0.011940152232832629,0.4489062161069102,1
513.702421,grid_0279_y485_z425,480.504,487.651,423.828,135.1160377379384,0.512,-0.16820989687606877,0.05902109709580174,0.4164269411939647,1,-0.08722015707288396,0.08392601357602826,0.4217568800513883,1,-0.011382140759103506,0.08095417273366107,0.42900506657602105,1,0.06601541078111876,0.04597963437506041,0.42611098705512856,1,0.1546706053761856,-0.012035707183790795,0.44527026869888514,1
515.132484,grid_0280_y480_z425,480.256,482.887,423.585,135.74592986531857,1.188,-0.17277291811958773,0.05904456928925391,0.4138108778250789,1,-0.09186258814154469,0.08521920745479071,0.4231146602723606,1,-0.014755366724583384,0.08289570542049149,0.43223868241917146,1,0.06474980522353853,0.04745587232041499,0.43123149602059246,1,0.1532147921418143,-0.011760586378081278,0.44199507552131273,1
515.844168,grid_0281_y475_z425,480.373,477.689,423.741,136.2206613036363,0.46,-0.17950745815636956,0.05916692082330705,0.41684839153877246,1,-0.09629562619424405,0.08522383363720265,0.42459452615053195,1,-0.01721232011222479,0.08231476522904645,0.4308713173907783,1,0.06287636993813019,0.046258637375953454,0.4250810980359594,1,0.14993500464177434,-0.011531295426592252,0.43290102854233364,1
516.817369,grid_0282_y470_z425,480.616,472.592,424.245,136.53735660983037,0.792,-0.1848984343938985,0.058207660220902256,0.41534339801923886,1,-0.10146463673805288,0.08534051724049635,0.4255154104226522,1,-0.020681233237476972,0.08233792381927772,0.42955789422194934,1,0.06078769334780485,0.04751364866502982,0.4276088862460307,1,0.14937732214162738,-0.011477007651103772,0.43283527584256737,1
517.753319,grid_0283_y465_z425,480.46,467.411,424.237,137.544330290274,0.684,-0.18960992788409425,0.057911990025085076,0.41337320069008293,1,-0.10539245168008361,0.08503217504278411,0.42495289241913053,1,-0.023388132095226943,0.08239580112155064,0.43007330449512965,1,0.05958561821386838,0.04695831449283452,0.42479998570952127,1,0.14911107272052948,-0.011473583840090616,0.43248603067209057,1
518.45022,grid_0284_y460_z425,480.611,462.518,424.149,138.7578257576847,0.515,-0.1959098574318314,0.05832419126400412,0.41640951080494415,1,-0.10709606442942292,0.08425347126104539,0.41982535287067496,1,-0.025515279679277,0.08289653371473452,0.4319305987787057,1,0.058832097129789714,0.0474056980361487,0.4277015529166326,1,0.1486196073247865,-0.011321411883807227,0.432042332523143,1
519.365676,grid_0285_y455_z425,480.595,457.457,424.038,140.19323875636792,0.683,-0.20047407816874196,0.05815068142384274,0.4138211539484898,1,-0.11379646924837823,0.0850796614595991,0.42182789820536337,1,-0.029886168529697412,0.08350386805059239,0.4323049028493214,1,0.056704584527009605,0.04792650034658994,0.43031710123422706,1,0.14806429314077071,-0.011196727163522902,0.43112951314079107,1
519.985327,grid_0286_y450_z425,480.536,452.745,424.043,141.57440812166578,0.399,-0.20496172935970125,0.05788947165208391,0.41395654190758985,1,-0.1159857187057232,0.08490004597236217,0.4210766656344282,1,-0.03172672264608614,0.08371175861400959,0.4320403937336308,1,0.05543219005674746,0.04829469065578171,0.4289798387525885,1,0.1458465911822604,-0.011065416281766024,0.4255100902097387,1
520.909969,grid_0287_y445_z425,480.547,447.802,423.884,143.33316418749703,0.734,-0.21191788839512904,0.058017558698776284,0.4151129798340481,1,-0.12083211535176097,0.08515675492308038,0.42211861418077495,1,-0.033818272974343276,0.08311677138340809,0.42915962531822865,1,0.055117698345133116,0.04800107404975515,0.42933561544570575,1,0.14680738631835857,-0.011145464550351718,0.4284732717018674,1
522.384567,grid_0288_y440_z425,480.709,442.52,424.022,145.0962158293592,1.294,-0.21786371140511882,0.05803444901386337,0.41548701518844844,1,-0.12573619674805442,0.08509287844298029,0.42083171340215847,1,-0.03814250847871787,0.08372895172773143,0.4301541791396189,1,0.0523321254809938,0.048445248518816604,0.4288793092169063,1,0.14750784236064665,-0.011056746641892844,0.4322518202621912,1
524.910251,grid_0289_y435_z425,480.665,437.451,424.144,146.94791352380605,2.355,-0.2282186487540043,0.05896005860153927,0.42445504511334486,1,-0.12966367372204768,0.08472827250559013,0.4214687860265909,1,-0.04096489658851169,0.08415681432552609,0.434419581631158,1,0.0509206298221935,0.04831014074334445,0.42740104416147323,1,0.14789039196200068,-0.010986351335615095,0.4328938662809752,1
525.665934,grid_0290_y430_z425,480.822,432.373,424.456,148.7906776044789,0.565,-0.22908470925884772,0.05748152616436048,0.4165048187577726,1,-0.13385607524085327,0.08550695549293219,0.4233283431034776,1,-0.04272866334614974,0.08377231369349077,0.4292594629992861,1,0.049597505983483094,0.04868650630313003,0.4270159392188784,1,0.1466411576478839,-0.010962374161190858,0.43042517411648107,1
526.243639,grid_0291_y425_z425,480.881,427.498,424.526,150.9000830881149,0.396,-0.23497010073694366,0.05754642557281064,0.4177379017750226,1,-0.1385207088450777,0.08485631400493814,0.4228118940231313,1,-0.04672333560534953,0.08337286850177666,0.43058114516253526,1,0.04725184829935209,0.04791128666323003,0.4234839478762051,1,0.14719297150017313,-0.010945850842843644,0.4335848518120801,1
527.376531,grid_0292_y420_z425,480.838,422.53,424.515,153.24709916340993,0.953,-0.2405585257530599,0.05730233778117747,0.416879606375868,1,-0.141373758408169,0.08501594079428722,0.4204250539799379,1,-0.048713388962919824,0.08382128824334924,0.4285388484147217,1,0.04639454585287687,0.049002747650592156,0.4289425480346974,1,0.14828666053981368,-0.010864938904821398,0.4370516106699565,1
531.510925,grid_0293_y415_z425,480.711,417.805,424.486,155.60607579718726,3.943,-0.2470210311477031,0.0576210013169804,0.41906924703733056,1,-0.14697993638757903,0.08590079335959415,0.4247219614635062,1,-0.05233540813547208,0.08459908915712712,0.4303117847059308,1,0.044266205733466485,0.049024934863565746,0.4244777240437134,1,0.14746944725051964,-0.010806029397459505,0.43551827960938977,1
533.151281,grid_0294_y410_z425,480.815,412.732,424.308,158.39101795240782,1.429,-0.2520207165755623,0.05755910586165056,0.41784012320341546,1,-0.14978517112762066,0.08507667512136514,0.4210065462192601,1,-0.054318071317458604,0.08427341828894176,0.4312168864869505,1,0.04356147430275704,0.048444582433873375,0.42477471032350617,1,0.14829338879262377,-0.010833330971148095,0.43922668453920327,1
536.506358,grid_0295_y405_z425,481.017,407.682,424.322,161.11918883857373,3.143,-0.2556023486512131,0.05691204405172948,0.414455884520089,1,-0.1549053852262102,0.08527488495508967,0.4222060282734235,1,-0.05794630807313852,0.08446980496645258,0.43118157095919313,1,0.04186427725319892,0.049586029926953955,0.42989689572782375,1,0.14901238138100917,-0.010840142552567517,0.4425151019191736,1
537.546614,grid_0296_y400_z425,481.169,402.562,424.107,164.1832194988269,0.849,-0.2622109334673213,0.05723807731493776,0.4160306451969933,1,-0.16183993329783866,0.0868728077075721,0.42887593096621407,1,-0.06055849958983325,0.08432472827896874,0.4286070353897862,1,0.040552037134610586,0.04955335359161428,0.4295899585814527,1,0.14973503983275896,-0.010901981684742308,0.44480811852668695,1
541.966278,grid_0297_y395_z425,480.99,397.618,424.256,166.93751369000316,4.217,-0.2642279771214668,0.05617928186822568,0.41099507298070254,1,-0.1640756104051533,0.08579632675120068,0.4249040224296639,1,-0.06303981739502636,0.08418344628917401,0.42992544359640456,1,0.03933889840655489,0.0498491279144311,0.4306130006541336,1,0.14886721851855791,-0.010915430382491986,0.4427911297754068,1
542.779741,grid_0298_y390_z425,480.835,392.707,424.389,169.78480139871175,0.622,-0.2733697291794859,0.056542713789054094,0.4168776399946661,1,-0.1687041471889379,0.08618256485126213,0.4252463107643352,1,-0.06724359018270755,0.08573974966403262,0.43430274400651997,1,0.03747974112538116,0.050269853147387494,0.4328332419359535,1,0.14520899984320987,-0.01077720146844223,0.4334517734368361,1
544.111622,grid_0299_y385_z425,480.891,387.511,424.405,173.00337354514213,1.131,-0.2792413253114752,0.05647157802543987,0.4172194832199048,1,-0.17183591909665416,0.08538235800756482,0.42387785855686105,1,-0.0689715738948617,0.08485859280432505,0.4326276031762586,1,0.036538150036343045,0.0498707780818608,0.4305777037676124,1,0.14829488219431905,-0.010907264066254129,0.44279681069676347,1
545.161745,grid_0300_y380_z425,480.945,382.365,424.482,176.23748376835155,0.848,-0.2858320734778344,0.0566006315257667,0.4184548227658669,1,-0.17648888790436568,0.08619692231768868,0.4230161865313296,1,-0.07310339647402905,0.08572246065662752,0.43231358898084626,1,0.033906045665755384,0.05021565892146895,0.4260777182705842,1,0.14770769908419157,-0.01084748604969244,0.442060548486882,1
546.330238,grid_0301_y375_z425,481.205,377.208,424.349,179.73273453937094,0.976,-0.2905397103830189,0.056470878206640235,0.417360452577718,1,-0.1816540873190078,0.0865407498225866,0.4277286365060447,1,-0.07471428059727402,0.0849335889653311,0.4318905052940445,1,0.03288528320435189,0.04985027715803058,0.42768099705926216,1,0.14740717331985645,-0.010791179895678132,0.4423328612817099,1
546.933011,grid_0302_y370_z425,481.249,372.247,424.347,183.06939162514303,0.402,-0.2961593370968622,0.0565780665660841,0.41820231260853963,1,-0.18470132191435343,0.0859282479570877,0.4233401543072461,1,-0.0787655941015215,0.08586092928170858,0.43174498696691627,1,0.030610047007167237,0.0503497581626963,0.42698139138918795,1,0.14725296684752945,-0.010817147650833777,0.4429960180206621,1
552.184268,grid_0303_y365_z425,481.149,367.386,424.584,186.23170361675795,5.01,-0.3038248120610232,0.05672751995778167,0.42062422704280605,1,-0.188317020671402,0.08516725014436287,0.42207489009336924,1,-0.08110784513237225,0.08503908551325486,0.43150600607910444,1,0.03006865129829889,0.05005559454939631,0.42739631991702914,1,0.14596889374181202,-0.010625647282864034,0.43934402011665014,1
554.903841,grid_0304_y360_z425,481.355,362.464,424.384,189.82917767298045,2.437,-0.3082167548603276,0.05666858603991012,0.41888151776976307,1,-0.19266660354150245,0.08587061930134139,0.42264869758140206,1,-0.08432815123935651,0.08576514192824684,0.4330630935352284,1,0.02840112666551607,0.05041581345189287,0.4283857651011871,1,0.14598134871179944,-0.010764634189144176,0.4406472190752364,1
557.504813,grid_0305_y355_z425,481.235,357.499,424.328,193.4043839549662,2.369,-0.3127721642933236,0.056491566890754345,0.4178517197567326,1,-0.19736379133286394,0.08584336359633558,0.4238654285179034,1,-0.08698784675281174,0.08566072293545335,0.4330417274132447,1,0.026723722081803302,0.050297955584878845,0.42659946742618265,1,0.14614398120407884,-0.01073251082109685,0.4411283512976716,1
558.118851,grid_0306_y350_z425,481.385,352.523,424.381,196.98330046478557,0.402,-0.31355888032705687,0.055659632685483296,0.4126324579765366,1,-0.20154253605032166,0.08638480405585212,0.4245835052963099,1,-0.08889604494510174,0.08553319171078645,0.4296543033588472,1,0.025730350431960203,0.05072241407458413,0.4270400941153592,1,0.14692872214765998,-0.01064713252457044,0.4440364873514901,1
559.371291,grid_0307_y350_z430,480.274,351.774,428.601,194.65376992496186,0.851,-0.3193952840375643,0.05124232238082211,0.4190861354445535,1,-0.20142631667770994,0.08214184420464082,0.42210562529868484,1,-0.08918505646066571,0.08252160582271284,0.42737390517824964,1,0.024977998154305698,0.04908423561721953,0.42446089792958674,1,0.14245967269135085,-0.010385594748486956,0.4313288768352555,1
560.465276,grid_0308_y355_z430,480.69,352.918,429.079,193.49730357294382,1.084,-0.3169241225667945,0.05097068048166161,0.4172278531457077,1,-0.19943463353465044,0.08120426401179041,0.4202047265609017,1,-0.08877087189568512,0.0824956119875045,0.43023027765761696,1,0.025635304129537365,0.04864458656379217,0.4221549903381616,1,0.14659767439013258,-0.010749808343263,0.44275640397027605,1
561.146039,grid_0309_y360_z430,480.777,357.785,430.342,189.0553239795166,0.401,-0.3140590343066246,0.04937113264505671,0.4198831597178641,1,-0.19719476891889945,0.08038969650167338,0.42271962475223895,1,-0.08679680728583998,0.08229259639300647,0.4325697681140401,1,0.027024942639876537,0.04867289975991911,0.4246984202349706,1,0.14598134871179944,-0.010764634189144176,0.4406472190752364,1
562.841123,grid_0310_y365_z430,480.733,362.796,430.177,185.51924631423012,1.473,-0.3065407029081301,0.049572923956565325,0.4178572128666785,1,-0.19086824695077964,0.07988948178427595,0.4203174039897402,1,-0.08270338712751232,0.08089586292027556,0.4269845500745946,1,0.028510856764921346,0.048750422277843986,0.4279753512095595,1,0.1474203399557913,-0.010898743263067015,0.44480172584879013,1
563.575937,grid_0311_y370_z430,480.772,368.021,429.939,181.9557539046237,0.453,-0.3009445426118213,0.04979664904987108,0.41753130543141515,1,-0.18742025899083933,0.0799618837593478,0.4203661661426694,1,-0.08083083017508103,0.0819513933160093,0.43166963525725627,1,0.030402347834684068,0.04855884709374328,0.42815574101636455,1,0.1480348682612101,-0.010906638992513706,0.4447459109910816,1
565.154491,grid_0312_y375_z430,480.759,372.733,429.927,178.66482024729987,1.358,-0.2971742811562619,0.05025317933613028,0.4202584351471829,1,-0.18567123949825007,0.0812559386784225,0.4270863661824809,1,-0.07754796961051219,0.0817962795320893,0.4314498735442647,1,0.03128783539787186,0.048674315448930465,0.42688772600650315,1,0.14664991703926133,-0.010726731918121207,0.4412045196860663,1
566.22902,grid_0313_y380_z430,480.893,377.63,430.189,175.11773467299074,0.793,-0.2919601694366219,0.05026920146250577,0.42037347848685963,1,-0.1799211828351919,0.08043372830517825,0.4227722531210303,1,-0.074673529018669,0.08153667570497562,0.42957445013543133,1,0.03271896827423598,0.048108985263673916,0.4244221208680922,1,0.14771154817458584,-0.010803705575191258,0.44280220069331283,1
567.378147,grid_0314_y385_z430,480.774,382.908,430.128,171.6162491869578,0.957,-0.2857732670869259,0.05019918586981742,0.4196856965661994,1,-0.17504887100552244,0.080252532351424,0.4223083518289823,1,-0.07161172083712966,0.08124524355686148,0.42971268844369764,1,0.034216097243683526,0.04846037463875644,0.4270230024893343,1,0.14796728770253362,-0.010904916675585075,0.4426763183905306,1
575.140139,grid_0315_y390_z430,480.542,388.001,430.402,168.06721313212756,7.5,-0.27890856853200857,0.05002200504849449,0.4181920333945571,1,-0.17398260014825417,0.08167881520652677,0.43002107521742766,1,-0.06891266727450028,0.08133556452278352,0.43012215237030627,1,0.03585069623304347,0.047835953179200315,0.4267820753151328,1,0.14770769908419154,-0.010847486049692441,0.442060548486882,1
575.798776,grid_0316_y395_z430,480.641,392.815,430.257,165.11335419644283,0.456,-0.2740866495591842,0.050004659020987385,0.41794200037866996,1,-0.16875956100091274,0.08090903296812889,0.42528518598368553,1,-0.06648357273864075,0.08126836744024267,0.43115781400546643,1,0.03750832411330685,0.047534845755421884,0.4257969535370581,1,0.14676755029749652,-0.01090679040091446,0.43770960779391305,1
576.367709,grid_0317_y400_z430,480.736,397.753,430.547,161.82881843169957,0.398,-0.2699640516846854,0.05021640080694901,0.4189527221812617,1,-0.16170881541123025,0.07922635464262553,0.41747422944930546,1,-0.0634073811169492,0.08117050471434797,0.4311584428888839,1,0.03885816976878211,0.047532843479043206,0.4258705876649829,1,0.14760669137147384,-0.010967729265560043,0.43866135712571924,1
577.483025,grid_0318_y405_z430,480.963,402.773,430.207,159.09517250375632,0.853,-0.26722304461656377,0.05146484044044258,0.4244674388106806,1,-0.15971704701858788,0.08048447438538786,0.42395535770189224,1,-0.06102534423176245,0.08110724290477744,0.4316668088555598,1,0.04070270079150249,0.04776802349258211,0.42891640880763493,1,0.14794223476323193,-0.010941925478875516,0.439864336096827,1
578.857564,grid_0319_y410_z430,481.107,407.89,430.1,156.22567805581764,1.182,-0.25741647171210214,0.050990048056484966,0.4179345531975298,1,-0.1549506980142887,0.08078596798829336,0.42380520008585165,1,-0.05743384564263088,0.08138297836682142,0.4314173091716878,1,0.04179847349827657,0.04728165697937984,0.42433326678101047,1,0.14889104383138496,-0.010925014363515036,0.44114149326595303,1
581.166891,grid_0320_y415_z430,480.886,413.129,429.911,153.4594950695459,2.088,-0.2523386471638615,0.05139025958130659,0.4198238621476204,1,-0.14987099463094544,0.08064256237391597,0.4218532713266696,1,-0.054596384580672126,0.08186566389846525,0.4321672269916383,1,0.04430856781535636,0.048452914527153,0.43341152543216505,1,0.14732438937826123,-0.010886207910112978,0.43518185139770593,1
582.18161,grid_0321_y420_z430,480.834,417.966,430.023,150.78482521129234,0.853,-0.24600857787308497,0.051081428157356716,0.41810661610737715,1,-0.14566632264139404,0.08041988616047889,0.42271733852544857,1,-0.05160001821925489,0.08112785587471706,0.4318373549747489,1,0.044449290539528764,0.04674714442609273,0.42126008916241214,1,0.14701755458180168,-0.01079725189246606,0.43416085777072216,1
584.380837,grid_0322_y425_z430,480.96,422.731,430.256,148.15892820211678,1.978,-0.2408293521879039,0.05092096048930702,0.41754523380265257,1,-0.14183910222009993,0.0800609130573751,0.42126396575911423,1,-0.048983912521439556,0.08115331716572796,0.4325750132148183,1,0.04609061781739556,0.04670239705213361,0.42198577299794415,1,0.14654387176778735,-0.01096272886594849,0.4319098369713857,1
588.299086,grid_0323_y430_z430,481.163,427.573,430.283,145.79034141533515,3.746,-0.23641287228598576,0.05115106466793295,0.41916409990367826,1,-0.13711822445294597,0.07942622876364638,0.4200858663975257,1,-0.045946206818941106,0.08085616815470031,0.4328596741636339,1,0.04768153689840687,0.046117548168570936,0.42131975616291256,1,0.1461670426616791,-0.01095185881362977,0.4305446487748384,1
591.941606,grid_0324_y435_z430,481.043,432.563,430.685,143.1296213157849,3.391,-0.22877656609853128,0.05055301505873793,0.4155103642932905,1,-0.13378998599271352,0.07960364391697998,0.42167608606988555,1,-0.04429999792632048,0.08140328312374742,0.4365890537953773,1,0.04922460849835611,0.046957134990534284,0.42778788113438787,1,0.14720178946188536,-0.010938281607658444,0.43336927801144576,1
595.15269,grid_0325_y440_z430,481.02,437.839,430.512,141.00340400855572,2.99,-0.2247490366197693,0.05101645825644058,0.41823387532939416,1,-0.12866299625941513,0.0793338451547173,0.42032334558451767,1,-0.04032528552117052,0.08035388772622165,0.43220489706651316,1,0.05092747726215463,0.04605207719803648,0.4236552234640483,1,0.14719076542227705,-0.011064027509795243,0.43095284767548087,1
595.815492,grid_0326_y445_z430,481.124,442.893,430.215,139.25118887463762,0.452,-0.21927826942328923,0.05118888266370045,0.41737647035353814,1,-0.12599258758780102,0.08007677381967082,0.4220679089147776,1,-0.03748757542972044,0.08029749949348201,0.4290636271775546,1,0.05272094372382071,0.04670347980562698,0.4274499067496788,1,0.1462615126648601,-0.010984296855498335,0.4277223263607353,1
596.472537,grid_0327_y450_z430,481.083,447.798,430.23,137.41725411315707,0.456,-0.21525829849288358,0.052175904937594574,0.4210632757746469,1,-0.1204147418281022,0.07952291397991833,0.42029265696771007,1,-0.03405662089107991,0.07999589819903716,0.4316369743703025,1,0.05432184711616661,0.04630558120015516,0.42574367684836395,1,0.14569488261912966,-0.011059703943872628,0.4252081319880663,1
597.389341,grid_0328_y455_z430,481.05,452.813,429.95,135.97959247622413,0.736,-0.20716730875365633,0.051909377639219385,0.4164404393332887,1,-0.11708331994136258,0.08019940109665441,0.4223000755729309,1,-0.03165023598239702,0.08035159757902721,0.4309102261934143,1,0.05555563060640709,0.046350984093750956,0.4255905777493664,1,0.14650128540813845,-0.01115169721604693,0.42701157906365034,1
597.935524,grid_0329_y460_z430,480.954,457.362,429.617,134.89640191643355,0.395,-0.20389512467797663,0.05187632873068956,0.4159636970016607,1,-0.11360216199208906,0.07970100207229927,0.42010267476330837,1,-0.03006115781136026,0.08000283424180789,0.43099786389603606,1,0.05610817877456783,0.046330491636250186,0.4291620474078495,1,0.146531368641288,-0.01115574735026538,0.42750210978590464,1
598.620979,grid_0330_y465_z430,481.162,462.53,429.905,133.21661320571093,0.453,-0.19740545745693794,0.05208956387789431,0.4168687896249445,1,-0.10913698205446988,0.07934833100063765,0.4195578950170167,1,-0.02619450658838372,0.08005635556197152,0.4323190686445871,1,0.05912242842125228,0.04639945969600417,0.4296118707017473,1,0.1485870731088383,-0.011428910224487845,0.4316596598790328,1
599.219572,grid_0331_y470_z430,481.022,467.428,430.061,131.88905406439153,0.398,-0.19150774348319435,0.05180260077474382,0.415363076548491,1,-0.10601758796915911,0.080281635062223,0.4252234592963631,1,-0.02334863633485441,0.07966436431981865,0.4315402551590586,1,0.06014097194858623,0.04631666883448912,0.4295354448519115,1,0.14889593037656149,-0.011376475930001328,0.4324713381704757,1
600.090092,grid_0332_y475_z430,480.761,472.65,430.005,130.87423020977045,0.678,-0.1856227947123271,0.05206742258097807,0.4169799141123049,1,-0.09988008457197774,0.07929384635866049,0.4207771261099765,1,-0.020294217506945895,0.07866704225408226,0.4278894355313614,1,0.061269803820467345,0.04549978236323029,0.4265883694154793,1,0.14922798670106932,-0.011628446562481564,0.4320684465835772,1
601.238489,grid_0333_y480_z430,481.095,477.803,429.785,130.26372207947992,0.899,-0.17952591413909272,0.05246364393433778,0.4157359176964737,1,-0.09662782599596369,0.08023226961729492,0.4235655318225651,1,-0.01760135659291334,0.07907132504811502,0.43022014106837997,1,0.06303037906241235,0.045798296416652756,0.429076983382918,1,0.1499854992278786,-0.011545265476553277,0.43357847247192843,1
605.842044,grid_0334_y485_z430,480.941,482.744,429.656,129.76235390898233,4.393,-0.1740804523789773,0.052563810536601384,0.4155437220405158,1,-0.0916970130822532,0.07954691445147571,0.4216068577412486,1,-0.01452991762467642,0.07860299767283942,0.4294421815309543,1,0.06442909733574684,0.04519592742812014,0.42633443786242564,1,0.15379499760518114,-0.011972868510010712,0.44330157193343195,1
609.564278,grid_0335_y490_z430,481.221,487.509,429.244,129.76481397127642,3.5,-0.17710735228592203,0.05602968803044725,0.43636736262076486,1,-0.08849409961087977,0.0807339922339947,0.4250734909390998,1,-0.011766173907697302,0.0796184906646684,0.43271530169257716,1,0.06714196302845989,0.046044761367122926,0.4337774972082735,1,0.15393773929205004,-0.012041626511129796,0.44329086549044483,1
610.734504,grid_0336_y495_z430,481.169,492.371,429.507,129.2490984030449,0.959,-0.16293002381060376,0.05283582024333771,0.41516127813186116,1,-0.08295970994604766,0.07929451056401904,0.4188487851954458,1,-0.008795469196358532,0.079278545768986,0.4325434865180163,1,0.06806705400699627,0.04550649494760629,0.43125721780198617,1,0.15310526581171416,-0.011810282799843294,0.4395591235480735,1
611.651224,grid_0337_y500_z430,481.118,497.454,429.888,128.79884044897295,0.677,-0.15795101737063327,0.05258686268471685,0.41489186958872337,1,-0.07990840738090925,0.07972263634995386,0.4245088597228601,1,-0.0061526110895196,0.07817915713773976,0.43120535082856226,1,0.0684907936837153,0.04428159638282908,0.4248892056026153,1,0.15597706584258886,-0.01209560369705411,0.44689816108663133,1
612.613542,grid_0338_y505_z430,481.321,502.366,429.952,128.87142625112827,0.682,-0.15270388812822858,0.052880058845886556,0.4166064673405119,1,-0.07492927356876977,0.07850284555204988,0.4192498462575333,1,-0.0031474481353636554,0.07814647098137671,0.4319243183142902,1,0.07096565658512077,0.04466848051123881,0.4295595638656873,1,0.15577455953908648,-0.012107661237019457,0.44577630591744927,1
614.181435,grid_0339_y510_z430,480.936,507.712,429.297,129.85157329043025,1.347,-0.14600946523653158,0.053166680230823736,0.41362229936008826,1,-0.07065553689352984,0.07948748398421297,0.4223550269555832,1,-0.00019219742188134005,0.07803990122120573,0.4310633098121943,1,0.07179776477315758,0.044184208095008844,0.42680194932111376,1,0.15516036462532826,-0.012045954562076765,0.4436474765430076,1
615.261781,grid_0340_y515_z430,481.157,512.834,429.555,130.14493636327148,0.79,-0.14141802885240412,0.05347080169557974,0.41656892705373433,1,-0.06606062011285048,0.07851809259557245,0.4202323785937235,1,0.0029817848341367283,0.07693669601015675,0.4283545806759462,1,0.07401286133572872,0.04386682951447917,0.42811444194033227,1,0.15334243920150878,-0.01192417748894751,0.437439080217718,1
616.017977,grid_0341_y520_z430,481.179,517.716,429.351,131.04513294663022,0.514,-0.13545897084605318,0.053507555876730166,0.4140686428360312,1,-0.06223611561981526,0.07904636996566149,0.4225416643202852,1,0.005708630757481232,0.07716999085744065,0.42894390596282594,1,0.07599861606008133,0.04443463968680303,0.4308218393812968,1,0.15598951992079294,-0.01209094793276016,0.44383026468262826,1
616.896107,grid_0342_y525_z430,481.271,522.433,429.46,131.784870106549,0.617,-0.1302389309821269,0.05352331650842839,0.4139525926314775,1,-0.058956427656779574,0.07984691292678857,0.4270706585367185,1,0.008557876620807505,0.0775628230278662,0.43255414661132163,1,0.07709857085563505,0.04383479801036466,0.42910030430700674,1,0.15699864225268959,-0.012115052252800023,0.4459581162861436,1
617.647065,grid_0343_y530_z430,481.344,527.318,429.805,132.49692501337526,0.459,-0.12682175703356321,0.05354059312389268,0.4164716487420694,1,-0.054589409638393586,0.0784576698456452,0.4207798601507724,1,0.011002836237960993,0.07666685375453909,0.4310196319087591,1,0.07746077763826878,0.04323649784704411,0.4252084731530112,1,0.1560071322990846,-0.01202521397884815,0.4423433186237748,1
618.381177,grid_0344_y535_z430,481.288,532.443,429.701,133.87444309874823,0.463,-0.1208389362253262,0.053714523466809265,0.4169885163735785,1,-0.04968452333788278,0.07835080944690577,0.42118003825385236,1,0.014276888113161051,0.07603092816840687,0.42811812865302357,1,0.07980319607448207,0.04304182864979387,0.4264625152802392,1,0.1546929110385124,-0.011975386211827371,0.43823282605581754,1
619.770084,grid_0345_y540_z430,481.353,537.406,429.307,135.66563195223756,1.128,-0.11622571240411239,0.054778154972807004,0.42067845556229533,1,-0.04547287703648867,0.0787998167092996,0.4228500532493718,1,0.01700094411235894,0.07576699001414598,0.4272941755077859,1,0.08276740330877612,0.04375253605217791,0.43599211131361065,1,0.15424462187364085,-0.011868559381077332,0.43584143365222766,1
620.88891,grid_0346_y545_z430,481.507,542.636,429.213,137.42511248312653,0.789,-0.10851201656004938,0.05417913202986513,0.4140696759560593,1,-0.04039138191536423,0.07867110240448306,0.42287696912701284,1,0.020335602485373,0.07503750661667517,0.42597629112682106,1,0.08312633407465313,0.04250492593293973,0.42723177366819143,1,0.15849129948741827,-0.012120066729001107,0.4466577694888621,1
622.089629,grid_0347_y550_z430,481.601,547.536,429.655,138.7368769758062,0.899,-0.10382996023522773,0.05423042605962678,0.41683383922175077,1,-0.036759393910338285,0.07800166350969351,0.42270850270222304,1,0.022850921020390064,0.07498158044036445,0.4281998309280537,1,0.0847613835668909,0.04223916153624205,0.42815669489344704,1,0.1548858763835084,-0.01207802634602205,0.4358570664822863,1
623.038231,grid_0348_y555_z430,481.282,552.54,429.766,140.53249411079267,0.678,-0.09925201013411421,0.054421179877134206,0.4194997811450538,1,-0.03227492557571544,0.0777016657334611,0.42228689192428576,1,0.025838606371586137,0.07482563950864603,0.4292915828982851,1,0.08618529894602782,0.042115579833756335,0.42731162124514793,1,0.15436922163407374,-0.01206179544451568,0.43366816363831195,1
623.873386,grid_0349_y560_z430,481.307,557.459,429.443,142.85432460377243,0.514,-0.09213063886499068,0.05385295090453482,0.41160677015750685,1,-0.027976758371113807,0.07741913138645008,0.4207272209206661,1,0.028812850151041586,0.07484166493192447,0.43042632364667216,1,0.08722962693591037,0.041546387505079135,0.4252833845978364,1,0.15454929494670397,-0.01205561926022853,0.43338361757132887,1
625.043205,grid_0350_y565_z430,481.72,562.31,429.526,144.93355388246013,0.848,-0.08828026002507879,0.05451778060959612,0.418097569948533,1,-0.0237408397538364,0.07742035665437016,0.4227224346260505,1,0.031921507973126144,0.07460322522828654,0.4315878854131279,1,0.08981662717949991,0.04113803631008936,0.4284468639953119,1,0.15822696412377765,-0.012109429517763408,0.44231881033823783,1
626.160664,grid_0351_y570_z430,481.928,567.216,429.1,147.60618163545857,0.796,-0.0836268719244395,0.05585973905080712,0.4217824305292534,1,-0.0191543764274166,0.07670078531345194,0.41751090949045633,1,0.03478260944879657,0.07452609837876523,0.4320848371981658,1,0.09150349450271456,0.04091220589222276,0.42926219057094833,1,0.1565391833938765,-0.012160796304458503,0.43713574190874005,1
627.091027,grid_0364_y570_z435,482.644,567.615,431.525,145.7183573438844,0.919,-0.08152351306305312,0.052403823985942934,0.4139909224224147,1,-0.018807077639934038,0.07586299420702182,0.4216284697712937,1,0.03457415179385523,0.07303882807342865,0.42708911494513807,1,0.09250661090992994,0.04138300702051839,0.43261343777236805,1,0.15530846287458797,-0.012068876950627432,0.43392633409833437,1
627.856192,grid_0365_y565_z435,482.182,567.034,432.993,144.13017053344518,0.753,-0.08203420067642682,0.05026831295389572,0.41394789673439497,1,-0.019360242622233726,0.07376850465049395,0.4207872901153544,1,0.03452365239108844,0.07132541365046578,0.428157839673914,1,0.09169390974834314,0.039594086382253695,0.4281550333332152,1,0.15530846287458797,-0.012068876950627432,0.43392633409833437,1
631.958511,grid_0366_y560_z435,480.645,563.076,433.965,141.30377917451463,3.791,-0.08620510210649818,0.04948023115179658,0.41569964315330804,1,-0.023858777791434343,0.0747990412150176,0.43282399997744064,1,0.031621880530515165,0.07106637116949353,0.42886142875107464,1,0.09065125059859182,0.04016663155548156,0.4321331265165318,1,0.15570080184888133,-0.012066699970803063,0.4353758135018373,1
633.194514,grid_0367_y555_z435,480.495,557.987,434.082,138.87126677970497,0.904,-0.09270919578204978,0.049140226500546114,0.41723386453329575,1,-0.027637382456765003,0.07356969782996932,0.42261431580381775,1,0.028627400210988963,0.07184661198204599,0.4294488771696286,1,0.08869702097889659,0.0406075549698184,0.43130350957167646,1,0.15541370648165456,-0.012067930324108592,0.43563396460151577,1
634.246236,grid_0368_y550_z435,480.281,552.824,433.495,137.19323811689839,0.73,-0.09901014762329642,0.050494982122328926,0.42236841503081674,1,-0.032021977942242326,0.0738407343011178,0.4193518620510433,1,0.025248780924776792,0.07233490266203406,0.4282293010789664,1,0.08557329888411802,0.040600632684817554,0.42542103777400525,1,0.15474720656079116,-0.012154483461004945,0.43512072269252816,1
635.529662,grid_0369_y545_z435,480.465,547.821,433.601,135.13094629284586,1.021,-0.10309802081851366,0.04929340584362968,0.41564755911527373,1,-0.036345071497019335,0.07413736493873602,0.4211379168952523,1,0.022776246660876586,0.07225480958669808,0.4261123571640581,1,0.0843694969259886,0.040860409452510606,0.42599275931181296,1,0.15418914832144348,-0.012067971628802826,0.43395270970529504,1
637.790932,grid_0370_y540_z435,480.513,542.832,434.056,132.89658865448726,1.98,-0.11131011893745103,0.04991570457453457,0.42541521304682534,1,-0.04006388669887134,0.07280094462175435,0.4152520651341673,1,0.020184320571330728,0.07258571819828465,0.428426308249012,1,0.08262763777055661,0.040908433155670165,0.4249978727145384,1,0.15759988156543778,-0.012105095056089171,0.44417783940402716,1
639.98219,grid_0371_y535_z435,480.414,537.775,434.336,130.95354387720855,1.919,-0.11425681139208975,0.04867031841494415,0.4173039680504195,1,-0.04515404412873327,0.07373984450272614,0.42150671724177036,1,0.017220045069023946,0.0730621772353397,0.43116003196794145,1,0.08094210046138642,0.04121391591312462,0.42537411803211617,1,0.157550076305829,-0.012045401854662444,0.44415058992084283,1
640.9886,grid_0372_y530_z435,480.479,532.805,434.199,129.61201349412013,0.735,-0.11964900758806411,0.04867318300347487,0.4172188769082806,1,-0.049021068048856274,0.07363830034066729,0.41747560701358855,1,0.01457950610704222,0.07409541460224824,0.43270066859275574,1,0.08067537491456399,0.04220642116647469,0.43131878696860587,1,0.15353311783913604,-0.011854803018623442,0.4341940350859394,1
642.704761,grid_0373_y525_z435,480.421,527.59,433.826,128.61256649332515,1.406,-0.12850934653307797,0.050189526706207355,0.42746211246027194,1,-0.05289171460862916,0.0734094722964817,0.41416641963002915,1,0.011223458417958116,0.07379498239254992,0.42956641902904397,1,0.07779699427977119,0.041686415602383974,0.4255070304112705,1,0.15306141205705398,-0.012048522459885726,0.43457290419744043,1
643.372663,grid_0374_y520_z435,480.641,522.944,434.067,127.34875107750364,0.458,-0.1290982179102855,0.04856785716128498,0.41541708865265353,1,-0.056837092644387736,0.0742154451641341,0.4199569868448338,1,0.009316135665441072,0.07523454954465474,0.43758924807843086,1,0.07727504667191491,0.04226980235626013,0.42932959690168376,1,0.15724413952905894,-0.012110419458960506,0.4464179603926925,1
644.502153,grid_0375_y515_z435,480.455,517.626,433.909,126.50293897376451,0.848,-0.13606571167310164,0.04865580510731721,0.4171507366835681,1,-0.06193804902897013,0.07409427221236915,0.41947525579207046,1,0.005522609037272585,0.07419843313950564,0.43004841216990747,1,0.07521480545750543,0.04251617082382959,0.42883570116458075,1,0.15684925404531988,-0.01213211617832668,0.44617201241109505,1
645.441112,grid_0376_y510_z435,480.271,512.708,434.153,125.52912769951037,0.679,-0.14337136788082258,0.048892860156773715,0.42281692914347163,1,-0.0663653847979539,0.0746142489072121,0.4211615022648125,1,0.0026639432178986906,0.07455937506066702,0.4292633284867376,1,0.07295000434712713,0.04218863549672001,0.4226117096943292,1,0.15643612282979355,-0.012128319263553853,0.44575566423853147,1
646.947037,grid_0377_y505_z435,480.154,507.757,434.343,124.79641137067998,1.246,-0.1475479312192113,0.048253621643487614,0.4206411347505507,1,-0.07034807519567464,0.0746840785422679,0.4217379009967443,1,-5.598070391802215e-05,0.0748409180686803,0.4315546967124974,1,0.07279562162866973,0.043214687968549124,0.431216192204913,1,0.15516656090549155,-0.012049861073348976,0.44350680517812363,1
647.599663,grid_0378_y500_z435,480.305,502.725,433.999,124.7986442794952,0.4,-0.15261464386409737,0.04853642415432307,0.4221672599680644,1,-0.07410232929619658,0.07566912871222493,0.42526793390815004,1,-0.002394680970194289,0.07521403113357734,0.4312001300941864,1,0.07042454349135058,0.042700044226736976,0.42523733063507546,1,0.1559956429129661,-0.012100644965648987,0.4461699196781425,1
648.305205,grid_0379_y495_z435,480.43,497.978,433.937,124.72458501033381,0.514,-0.15943807299253146,0.04882725993826742,0.4231139141625239,1,-0.07897916411802038,0.07544648247225856,0.42246780184161686,1,-0.005643925325978481,0.0751444284078742,0.4287397318309556,1,0.0696451173297017,0.04349061060757465,0.42831030711108303,1,0.1559956429129661,-0.012100644965648987,0.4461699196781425,1
649.02012,grid_0380_y490_z435,480.473,492.607,433.741,124.97943849289767,0.453,-0.16241776649033696,0.0479604999398588,0.415847242472749,1,-0.08264593761486656,0.07545162293070076,0.4191837372003025,1,-0.008849645185070943,0.07561327554576819,0.42767786677189384,1,0.06795316205760903,0.043419830656305995,0.42660000767835,1,0.15520404817576658,-0.01204931879382917,0.44509704072656836,1
649.697698,grid_0381_y485_z435,480.621,487.661,433.974,125.01109203986657,0.456,-0.17213980282274155,0.048728238899862726,0.42510704507443026,1,-0.08716039141483915,0.07507502309548718,0.419351118679008,1,-0.01192697246596517,0.07599730491638755,0.4313697534100716,1,0.0661831832050615,0.04378075771403699,0.43006969444362597,1,0.15480548676728995,-0.012106372355024137,0.44560672865032797,1
651.65427,grid_0382_y480_z435,480.565,482.714,434.218,125.21760382629905,1.746,-0.17472028828463151,0.04751853138089059,0.41721882592383547,1,-0.09123363728144761,0.07556272501000735,0.4207174690256028,1,-0.014361602899379744,0.07570137057115416,0.4273206987337133,1,0.06465531352294064,0.043783523979563276,0.4268563429551264,1,0.15391419595302586,-0.011978896515028715,0.4434936305375999,1
653.67041,grid_0383_y475_z435,480.318,477.562,434.181,125.91826073290558,1.754,-0.18015166048952483,0.04745927659666254,0.417017163136112,1,-0.09558755131605397,0.07479653388160462,0.4183669100457927,1,-0.017550951882850444,0.07601776658444966,0.4281780741606944,1,0.06325035267520746,0.04434435570851473,0.42844499457306534,1,0.1498812867930562,-0.01161504799682992,0.4329508493259891,1
654.440007,grid_0384_y470_z435,480.574,472.53,434.174,126.79673157065206,0.569,-0.1853268665126756,0.04748852771951173,0.4171592438566847,1,-0.09998471144165853,0.07594315371779391,0.42263581611684087,1,-0.019908925183694828,0.07615704056986682,0.42882759689342137,1,0.0623378106763898,0.04455895959062015,0.43096267208141725,1,0.15253310909845272,-0.01200168704131113,0.4417202135340386,1
655.071306,grid_0385_y465_z435,480.631,467.418,434.092,127.94896521660498,0.4,-0.19237945072170126,0.04789614723124654,0.42120962644248977,1,-0.10443053572081444,0.0761696638732277,0.42336567997842595,1,-0.023227568201183883,0.07691967959397299,0.4319177298947808,1,0.059782574314626136,0.04420006748497674,0.425746883926164,1,0.15267662415985758,-0.012026921650453902,0.44313793970223236,1
655.925733,grid_0386_y460_z435,480.83,462.403,434.038,129.24772339194212,0.672,-0.19816419721613907,0.04772063356129269,0.4198433589509074,1,-0.10893971359428424,0.07602364888250095,0.42229780232253195,1,-0.026557792749853707,0.07713844126420846,0.43281778024774153,1,0.05733201732235854,0.044400483747382626,0.4242862220967665,1,0.1495747569782758,-0.011569691641009483,0.4348114718719214,1
656.517829,grid_0387_y455_z435,480.923,457.4,433.834,130.86027224486426,0.4,-0.20065072731301978,0.04755973963903237,0.41744942058632506,1,-0.11140948270605444,0.07622570882124212,0.42081717763255705,1,-0.02743987809610153,0.07731170925607207,0.4301403025866864,1,0.05763546123524462,0.045045990947297256,0.42557869401862414,1,0.14946337405826882,-0.011568865352842411,0.4344925135246631,1
658.133676,grid_0388_y450_z435,480.727,452.43,433.894,132.3684741318717,1.365,-0.20841686895289316,0.04769259663076544,0.4185099866297266,1,-0.11780464291570657,0.07674346307249956,0.42306054182817304,1,-0.03245193943108082,0.07765318295000107,0.4315264630287084,1,0.05597751676229668,0.04563974737752798,0.43222868292357286,1,0.14688478257977422,-0.011223592659245574,0.42855538984486935,1
660.570879,grid_0389_y445_z435,480.621,447.644,434.226,133.72845378602113,2.245,-0.21255134317462107,0.04652854329432778,0.4162256020289072,1,-0.12080494311422223,0.07564623286043044,0.4205506493510458,1,-0.03446450108227061,0.07756151562424109,0.4322501850546618,1,0.05388443361338213,0.04481005050217724,0.42430550668329153,1,0.14625862683744184,-0.011138597526448552,0.42687402870761226,1
661.772498,grid_0390_y440_z435,480.584,442.832,434.694,135.1340394904259,1.02,-0.21767349944761583,0.046156538074063835,0.4155407307293198,1,-0.12506373066765938,0.0759134617337517,0.42012716110223186,1,-0.03782774796878461,0.07834682291497087,0.43180816178718223,1,0.052348752380916935,0.04540523924456482,0.424349854278504,1,0.14568073615414842,-0.010981587190060857,0.4258730802319098,1
664.329033,grid_0391_y435_z435,480.603,437.953,434.61,137.22574143723907,2.375,-0.2240201388389448,0.0464117334647392,0.4178112713222431,1,-0.1290688358934927,0.07567060055705029,0.4215097265383824,1,-0.04016140979787056,0.07755728422875548,0.431566635281418,1,0.052193617684056316,0.04601899918532427,0.43404710651516604,1,0.14686263007145517,-0.011075564544410893,0.42999704429499896,1
665.480177,grid_0392_y430_z435,480.688,432.751,434.391,139.72727686103377,0.97,-0.22866343638894437,0.046183788151907566,0.4155859075364006,1,-0.13318193880574644,0.07667237408099208,0.42220075486943065,1,-0.04299435253547262,0.07798562587978736,0.4295980450357623,1,0.04907895009357741,0.045262354858522,0.4217822173037355,1,0.1457641255377035,-0.011065273627318956,0.427635160117523,1
669.564304,grid_0393_y425_z435,480.674,427.665,434.158,142.3268946966805,3.903,-0.2358329480320889,0.046752046320020474,0.4188191511120649,1,-0.1368671857698198,0.07600162276545447,0.4192305494975124,1,-0.046212997199184654,0.07831992818822632,0.43177714483219515,1,0.04795532479261606,0.04572630499278733,0.42593252815152666,1,0.14580924615533822,-0.010966054234990535,0.4289204942210871,1
670.365459,grid_0394_y420_z435,480.817,422.606,434.077,144.92138173851362,0.621,-0.24138050437004724,0.046764761044540144,0.41883928282352373,1,-0.1413504324276299,0.0765231747587297,0.4205093641821167,1,-0.04887507192833129,0.07804008588446372,0.42846915329899726,1,0.04631817180876882,0.04625030499852423,0.4284553588400069,1,0.146177122990143,-0.010977087691846623,0.4307680397072438,1
671.561616,grid_0395_y415_z435,480.963,417.549,433.977,147.6589491023148,1.025,-0.24786082412600233,0.046870977116055056,0.41974009349115243,1,-0.14502635566736513,0.07554266088233645,0.4183819170313634,1,-0.051346455775683496,0.07780463713440726,0.42991951349702046,1,0.04537756127330316,0.0454206971627964,0.4242983088522021,1,0.14584820313975008,-0.010980611754305876,0.4292176376597035,1
673.604935,grid_0396_y410_z435,481.007,412.511,434.217,150.22024620536337,1.871,-0.2550492499482186,0.04699550053405244,0.42252161108536984,1,-0.15091948383341236,0.07691773192283079,0.42292198739910286,1,-0.05470505299420484,0.078628053893836,0.43168801607431284,1,0.043549133735892,0.04560420983560915,0.4227743873110428,1,0.14735956694590496,-0.010882762038331,0.435029815995812,1
676.586799,grid_0397_y405_z435,481.005,407.639,434.44,152.82011988282167,2.698,-0.2582557572504667,0.04572309474640405,0.4190413389381377,1,-0.1540144751067955,0.07657477152933996,0.42094534449689475,1,-0.05715494786128624,0.07837547421355597,0.4284242682537584,1,0.04164579993616883,0.04609279684724424,0.42373054099057583,1,0.14752879482663195,-0.010780278353415733,0.4376539083489048,1
677.336634,grid_0398_y400_z435,481.107,402.346,434.476,155.9371333454607,0.569,-0.2628792937819114,0.045570633142745655,0.4172522316706209,1,-0.15860617258642848,0.07686900433007147,0.4216875406686272,1,-0.06046306237294553,0.07945078490226169,0.43345423847316455,1,0.04060765335391533,0.04632964900439306,0.4245345879670193,1,0.14489944526528206,-0.010885339677638162,0.42990133531556635,1
678.823083,grid_0399_y395_z435,481.141,397.4,434.663,158.83169187854165,1.296,-0.26962096422147414,0.04578916753332505,0.4196020451176932,1,-0.1645861160838334,0.07664299984745229,0.4260316199191397,1,-0.06419564388978637,0.07749121572394162,0.4295642198438136,1,0.03833881757475294,0.045944328762132995,0.42823899256850595,1,0.1469526344836053,-0.010987820501100969,0.43727174119031836,1
679.537943,grid_0400_y390_z435,481.19,392.398,434.578,162.07047459978634,0.513,-0.2739095231719246,0.04558462930590535,0.41808918042430293,1,-0.16662257868217673,0.07668539742682011,0.4208146855402996,1,-0.06574801232910218,0.07933645283157387,0.43138492520725524,1,0.03840911752411293,0.04712323945150127,0.4300798870722926,1,0.14612173627277794,-0.010970076531373675,0.43466228795951917,1
683.947478,grid_0401_y385_z435,481.077,387.631,434.686,165.0905498839955,4.238,-0.27972207146274286,0.04548289999606465,0.41840656824204486,1,-0.17184803152060282,0.07705601146828044,0.42335200251233635,1,-0.06893670596643507,0.07888216125012232,0.42924050712970246,1,0.03621816211374308,0.047268542035211185,0.4276266608045534,1,0.14644957570101277,-0.01089424745602073,0.4371176958070507,1
685.571858,grid_0402_y380_z435,481.019,382.655,434.514,168.5411671283903,1.412,-0.285055960446135,0.04543676833529756,0.41791031931445044,1,-0.1758782677306818,0.07638472185186648,0.42213833568293824,1,-0.07202040495441946,0.0786668038754883,0.4310280830664934,1,0.035078736385849275,0.04668240882027081,0.4280624854700683,1,0.14768245138554084,-0.010918402959680032,0.4409561861088096,1
686.132378,grid_0403_y375_z435,481.206,377.706,434.316,172.0764962596577,0.398,-0.2887346437142775,0.04559762572637585,0.41803587409736714,1,-0.17727952132715039,0.07644548754470169,0.4194200395133445,1,-0.07365114202630384,0.07910783265188921,0.42843717734795606,1,0.03329748670488547,0.04712557150444796,0.42572049065209305,1,0.14789749973565383,-0.010905417945665194,0.44274656421667835,1
686.853299,grid_0404_y370_z435,481.021,372.593,434.168,175.74614272011772,0.46,-0.298679660527374,0.046098161778493345,0.42178046801854285,1,-0.1846476034858945,0.07783935348430107,0.4242383144787523,1,-0.07751373987250865,0.07965176031098203,0.42883941337879355,1,0.031089997773002965,0.04754920107197987,0.4260701762014982,1,0.14734071053726294,-0.010798741335460457,0.44268220821227705,1
687.791607,grid_0405_y365_z435,481.194,367.486,433.934,179.5555289513525,0.737,-0.30303943525486127,0.0458368645284806,0.41974855536199346,1,-0.18825146716206168,0.07732688437134606,0.4216241513147572,1,-0.08056692301908168,0.07936172370892347,0.4289342520555399,1,0.03042843805974228,0.04765905402745596,0.42969568682407094,1,0.14627021979916785,-0.010848090255551265,0.4396987227853432,1
688.73043,grid_0406_y360_z435,481.295,362.332,434.17,183.14069071618133,0.736,-0.3063721030767507,0.04522759899017173,0.4166987429094268,1,-0.19572444512893528,0.07858936534890835,0.43039251399315287,1,-0.08270389783450492,0.07911374651619497,0.4280083110458149,1,0.028129558116254106,0.047247583262332464,0.4244849927335776,1,0.14597482466135145,-0.010828300689778398,0.439571106263958,1
690.452698,grid_0407_y355_z435,481.365,357.307,434.246,186.80854662728893,1.533,-0.3128648611105691,0.045209268194099615,0.4176355800384101,1,-0.1946497670578027,0.07682047180326529,0.4179848768315431,1,-0.08639403256982098,0.08054499469270276,0.4318063644635275,1,0.02708843285234074,0.048213637274211185,0.42875171062960543,1,0.14658439852006752,-0.010855049921856744,0.44243871740983226,1
693.196738,grid_0408_y350_z435,481.28,352.313,434.57,190.34757610749867,2.493,-0.31966990423977176,0.04472477842340373,0.41957430349245706,1,-0.19951167269660297,0.07642257320604556,0.41995395894450405,1,-0.08873695930387854,0.07963907640236607,0.42997502912973234,1,0.025672314887971642,0.047400104432728685,0.42474431144053515,1,0.14596255919265808,-0.010777901121542874,0.4408765813164833,1
695.788346,grid_0409_y350_z440,480.259,351.47,438.446,188.4601846120288,2.201,-0.3195098986608419,0.04032740141750806,0.4194206396934444,1,-0.20206649034921062,0.07317545009867209,0.4231378581231386,1,-0.0906689429922165,0.07734429699026725,0.43263038128440634,1,0.025454407482158214,0.04738941031516375,0.43605394782982637,1,0.1433650431811533,-0.01053262009128856,0.4344785433407876,1
698.453912,grid_0410_y355_z440,480.583,352.883,438.97,187.04943355434142,2.655,-0.30945346682915903,0.03881838159398152,0.407852441581852,1,-0.19986940190232202,0.0730113631856107,0.4216459024838552,1,-0.08911719610255824,0.07718100791986506,0.4309242963065841,1,0.026017174075203885,0.0470262999056912,0.43218943278757793,1,0.14658439852006752,-0.010855049921856744,0.44243871740983226,1
699.126641,grid_0411_y360_z440,480.524,358.013,440.245,182.30514003450367,0.401,-0.31402220276456533,0.0385020472913817,0.42090893571992244,1,-0.19598609357695948,0.07217782150910779,0.4226207608341998,1,-0.08642736560302937,0.07655568423729286,0.43137566640285535,1,0.027530499518279627,0.04665763188211719,0.43295891137481674,1,0.14658439852006752,-0.010855049921856744,0.44243871740983226,1
699.796106,grid_0412_y365_z440,480.718,362.795,440.251,178.69935125511785,0.459,-0.30905829778777044,0.03853177300312816,0.42181750777859084,1,-0.19250090288199861,0.07191202119845587,0.4245923837667862,1,-0.08265904664854778,0.07542781386843157,0.42947000432489796,1,0.029075828233117013,0.04552369356497352,0.42634892647515027,1,0.14589009367636632,-0.010946899702894447,0.4387979720935924,1
700.661198,grid_0413_y370_z440,480.707,367.834,440.335,174.9004878237908,0.623,-0.301356648419517,0.03826554352441206,0.41927225659656825,1,-0.1872813852454638,0.07162061471912184,0.42289668967347976,1,-0.08028786809727512,0.07569431050202834,0.43147035973179865,1,0.029681724467522486,0.045474543721798856,0.4245503685258476,1,0.14615250723064796,-0.010927392944153546,0.43977061815954804,1
701.492954,grid_0414_y375_z440,480.683,372.995,440.094,171.3015304572612,0.571,-0.29718662004371743,0.039313725888818526,0.42035368995717665,1,-0.18443088717143516,0.07220287580762792,0.42274134168564254,1,-0.07734837528612096,0.07606734930470133,0.4310981525915299,1,0.03225917516742096,0.04557607011824825,0.4260131634541973,1,0.14644489039525707,-0.01096481365632565,0.4386063657577591,1
702.37641,grid_0415_y380_z440,480.697,377.83,440.262,167.72769604331896,0.68,-0.2901884198668858,0.039079576580671245,0.41838218941054456,1,-0.17988590657850748,0.07185018906380398,0.4233436396069005,1,-0.07458481502063645,0.07583966227602083,0.4309006899360827,1,0.03389845022221887,0.04522871773895975,0.4260456880096433,1,0.14765495431898099,-0.010928851204147936,0.4415679508122672,1
703.66531,grid_0416_y385_z440,480.774,382.789,440.04,164.41586205108067,1.038,-0.28392991648074783,0.03912806263248222,0.4173270513455678,1,-0.17787699203572774,0.0731965674294822,0.4280788632479881,1,-0.07162254658584082,0.07586481588860693,0.4287950150987729,1,0.034635555861676076,0.04582690765970606,0.4280644609216862,1,0.147492000634291,-0.010918020967069618,0.4409486104392169,1
706.817588,grid_0417_y390_z440,480.865,387.831,439.986,161.0097340566712,2.94,-0.2803284543799536,0.039273145780707897,0.4200425059751934,1,-0.17304572750386857,0.07290082540769953,0.42816960240704555,1,-0.06864088976036682,0.07600035735338499,0.43081497763582344,1,0.03616455387146084,0.0455008772677467,0.42632063345632276,1,0.147276952284178,-0.010931005981084456,0.43915823233134826,1
710.262881,grid_0418_y395_z440,480.734,392.89,440.308,157.38834133759715,3.201,-0.27440337095131107,0.03924699542254847,0.4197108024533161,1,-0.16929458407527206,0.07234477397664964,0.42915785565221437,1,-0.06584330512997609,0.07510431067132135,0.43229818865044595,1,0.0381044605568406,0.04450661447912264,0.4248193631235866,1,0.14616536661692495,-0.010970019861849182,0.4345468821157506,1
712.379872,grid_0419_y400_z440,480.761,397.804,440.553,154.00744558949089,1.935,-0.26882078600330983,0.03912683477277778,0.41902568931089496,1,-0.16223982761943148,0.07083398934767375,0.41972679026687737,1,-0.06394450035413574,0.07505732762764432,0.431554517967733,1,0.03868029596803828,0.04472824477043345,0.42589569839907043,1,0.14699426056269563,-0.010978868158985947,0.4368207325377655,1
713.821719,grid_0420_y405_z440,480.657,403.077,440.342,150.83926967802515,1.25,-0.2634231603891503,0.039246724438167735,0.4198931737636866,1,-0.15908361781138325,0.07166624001588666,0.423236876787352,1,-0.060910567681092966,0.07562721018392009,0.43288936109426523,1,0.04046757199567436,0.04491722652753868,0.42669498302230907,1,0.14544997758966596,-0.010923714355672888,0.43150797840568944,1
715.887376,grid_0421_y410_z440,480.737,407.87,440.275,147.97175470001022,1.914,-0.25759162081836195,0.039216485595332966,0.4192630236221815,1,-0.1534562531714183,0.07151006418250586,0.42227072278712025,1,-0.05647187078917568,0.07505383493768002,0.4313189774205266,1,0.043420614456098815,0.04511616445009298,0.43151918456246735,1,0.1468332961191072,-0.010812474992591359,0.4347148354629726,1
718.441647,grid_0422_y415_z440,480.897,412.853,440.111,145.17888269992986,2.313,-0.2492092141538325,0.039534352851476294,0.4144791636722882,1,-0.15196087876235267,0.0726876892849808,0.4283091528103052,1,-0.05385832827731877,0.07494577237308919,0.4294895763173136,1,0.04427481691456995,0.0447649475433159,0.4281224290550303,1,0.1465232293767121,-0.010953618528127118,0.43251932854916664,1
719.03598,grid_0423_y420_z440,480.992,417.819,439.985,142.48064265366008,0.402,-0.24798153201672501,0.03968615409476034,0.41849250849616343,1,-0.1471792902153884,0.07098624976088279,0.42262188053673344,1,-0.05163980914785,0.07361297230134327,0.42781145327926334,1,0.045256301421146956,0.044156663992430734,0.4269615201611654,1,0.14568290073116255,-0.011064029148875368,0.4294296988114406,1
719.6419,grid_0424_y425_z440,481.036,422.826,439.902,139.8462887923737,0.454,-0.24256638263518338,0.04022677797671791,0.4185023263917183,1,-0.14139933445268388,0.07089564980797529,0.4169808808342789,1,-0.04958158944238846,0.07541169384072853,0.429913498254821,1,0.04626303186602972,0.044822622402127664,0.42789238921214573,1,0.14582259901961545,-0.010990458555851396,0.42984456776655744,1
720.637524,grid_0425_y430_z440,481.088,427.976,439.853,137.24350933286422,0.784,-0.23595311412938913,0.040287820314369914,0.4196642355684031,1,-0.13663951094569324,0.07121507696289125,0.41958843944325336,1,-0.04573921399636238,0.07484366152599588,0.4313610655488078,1,0.04912666702435837,0.04494975134708446,0.43243624777302836,1,0.1453341035960028,-0.011068704712154695,0.42774363332464066,1
721.604572,grid_0426_y435_z440,480.783,433.038,440.216,134.4485044171187,0.795,-0.2294762843977384,0.04013686733785835,0.418673490894431,1,-0.13410471407170613,0.07142684548967959,0.4246147121467772,1,-0.042684083936071905,0.07414793605813957,0.4301204022768674,1,0.05009994084756081,0.0441438513161033,0.4281995760203651,1,0.14946937693631737,-0.011276000456018828,0.437728375859968,1
722.285368,grid_0427_y440_z440,480.794,437.818,440.312,132.1698363054142,0.52,-0.226016573722763,0.04029304134608468,0.41987809765803347,1,-0.1304612856213352,0.0718112425620514,0.4234094956133661,1,-0.040747348148500236,0.07518691944513689,0.4311596398013185,1,0.05244906408924329,0.04545627293509439,0.43736374897495883,1,0.1469434904842709,-0.011209838282299127,0.4301068108033983,1
727.266266,grid_0428_y445_z440,481.164,442.736,440.541,129.86755135136718,4.778,-0.21675853320402363,0.039488816480132576,0.41361323400259775,1,-0.1252108762180671,0.07062415035223148,0.42203421993817924,1,-0.03749524880301037,0.07352165471283888,0.430823283306859,1,0.05216910006684883,0.04300747034606491,0.42271272270196875,1,0.1482865648034514,-0.011524190979779228,0.43368377139479847,1
734.590219,grid_0429_y450_z440,481.22,447.589,440.534,127.93975326691853,7.073,-0.21410590769142068,0.040199987374067596,0.4190590282823929,1,-0.12140737285777904,0.07151758957226391,0.42344006060679296,1,-0.03466098196018887,0.0748799261473459,0.43288600157760015,1,0.05518119187189797,0.04470230904234227,0.4349682049898664,1,0.14951415419018307,-0.011669078659673357,0.4372594392437357,1
737.980755,grid_0430_y455_z440,481.212,452.555,440.387,126.2571925673939,3.19,-0.2085614207819436,0.04018619291057343,0.41902129227157275,1,-0.11592042053363245,0.07032653433696445,0.41886352074402455,1,-0.031364591261764586,0.07392876661819592,0.43006976086122767,1,0.05726517564161066,0.044756710153982894,0.4379907651518668,1,0.14814105430898475,-0.011396303083723046,0.43163335334451386,1
742.159185,grid_0431_y460_z440,481.202,457.824,440.063,124.82311451810514,3.948,-0.1997224433964975,0.040302514352355205,0.41214648397842985,1,-0.11278133989105388,0.07170574335430159,0.4234504943859323,1,-0.028351149159443357,0.07428625627335013,0.4315344452401622,1,0.05755038531275711,0.04358612563281205,0.42753725178089863,1,0.1494642435316808,-0.011538902131723483,0.43408528633486787,1
743.219248,grid_0432_y465_z440,480.977,462.675,439.569,123.86345778315727,0.908,-0.1970119088279443,0.04118729895914119,0.41798122137410193,1,-0.10880214439104952,0.07116592985035698,0.42170591469668883,1,-0.026088881924735418,0.07304588438759628,0.42775904879018106,1,0.05867145355109151,0.04307576143365003,0.4274932773142359,1,0.1526856793170596,-0.011970317026516365,0.44327614827623346,1
744.769572,grid_0433_y470_z440,480.967,467.753,439.665,122.47553719008536,1.348,-0.19070872676845663,0.04110710978802492,0.41652397825903803,1,-0.10320106359235615,0.07084684335260806,0.4188493375366497,1,-0.0226386478985965,0.07374647438096696,0.43009767020030965,1,0.06037239644183351,0.04323618777582516,0.42794868196796204,1,0.1526856793170596,-0.011970317026516365,0.44327614827623346,1
749.809827,grid_0434_y475_z440,481.035,472.74,440.133,120.94267543344654,4.82,-0.18523182463798646,0.04079990289373249,0.4161548900725986,1,-0.10001849978768286,0.07086085768752498,0.4222227655204849,1,-0.019959750434284832,0.07307504137083891,0.4297352931396463,1,0.06172879013576665,0.04253278850332637,0.42557037813567966,1,0.15033005559089488,-0.011865082372384388,0.43517424614027583,1
752.783262,grid_0435_y480_z440,480.993,477.765,440.008,120.17257977175989,2.754,-0.1804031808775799,0.041096707774347166,0.41776199081290244,1,-0.09604250670206448,0.07081960418046365,0.423747278301344,1,-0.01705460883288071,0.07296997934787035,0.4304992688388987,1,0.06413188743041415,0.04293089365906772,0.4315079421294989,1,0.15315735251121468,-0.012006610084408766,0.4418487864914571,1
753.363093,grid_0436_y485_z440,481.066,482.31,439.992,119.5638364598593,0.398,-0.17743012389468907,0.041026103056508265,0.4176310569811059,1,-0.09408881326711603,0.07097751296435659,0.4233476182166811,1,-0.01563871182843424,0.07246151802683858,0.4277497978467956,1,0.06401915740731877,0.042452097171180946,0.42578855741798965,1,0.15395207579104273,-0.012048710918292023,0.44388256753441907,1
754.462307,grid_0437_y490_z440,481.18,487.743,439.592,119.44073009656292,0.848,-0.169294575992359,0.04203284230886215,0.4175982690651597,1,-0.08737935353346493,0.07120374572627003,0.42291571258774585,1,-0.011390237072701646,0.07289551819645547,0.4308296746494225,1,0.0669742351404596,0.042740707647158795,0.4305137409394098,1,0.1535715969853907,-0.012013643096499188,0.44179913437872703,1
755.073629,grid_0438_y495_z440,481.031,492.517,439.383,119.38112062633687,0.398,-0.16457683771371784,0.04165234091084378,0.4162334208864611,1,-0.08310703078802817,0.0698698790412395,0.41676847635705655,1,-0.008699166334295603,0.072548333394452,0.4304367687329231,1,0.06794494862252393,0.04216334014928669,0.42710403981237516,1,0.15530912907754865,-0.01213112893056246,0.4460305434695307,1
755.782861,grid_0439_y500_z440,481.005,497.715,439.533,119.16447929647485,0.456,-0.15906288575482716,0.04216329576984527,0.4191627075592255,1,-0.07873170018522124,0.06995882697074797,0.41846822476069295,1,-0.005461372013777826,0.07207436975993169,0.42987925389482595,1,0.06914713520591166,0.041969115339784646,0.42687812591444874,1,0.1555989241977407,-0.012102554095440704,0.4459821893355376,1
756.431754,grid_0440_y505_z440,480.822,502.871,439.938,118.90936761248035,0.397,-0.15475766836679608,0.04223867074660335,0.4215728832675421,1,-0.07481372979082584,0.07010063621940854,0.4201394391014475,1,-0.002665592416381233,0.0718826088522596,0.4293765620882688,1,0.07114358544674386,0.041382745347653314,0.42703022320447115,1,0.15504982293838843,-0.012049462697761998,0.44345066966266095,1
757.360307,grid_0441_y510_z440,481.087,507.605,439.805,119.39911990462906,0.688,-0.1471850825744662,0.041986346414059995,0.4170766120702305,1,-0.07024276573904524,0.0699063186690928,0.41837231367611477,1,9.592637459285635e-06,0.07173159318016464,0.4305479347748527,1,0.07273257191535028,0.04115509203365673,0.42992819529234216,1,0.15539379862513517,-0.012062656948787378,0.44400667332645666,1
758.073289,grid_0442_y515_z440,481.177,512.391,439.992,119.75433380466856,0.463,-0.14357255798221835,0.04228760195377853,0.42083310099743315,1,-0.06686526801994148,0.07029406246650816,0.42332457237677207,1,0.0027017780180779417,0.07095377350276307,0.42932572548757003,1,0.07442963725470071,0.04122801119803549,0.431300237342321,1,0.15286533922937448,-0.011876759376454604,0.43551182027519836,1
759.12324,grid_0443_y520_z440,481.497,517.257,439.45,121.04363717684623,0.799,-0.13666625520213466,0.04247766656623,0.41758364378861407,1,-0.06209652729530853,0.07007995536668966,0.42033826829589294,1,0.00579975243945404,0.0715741565574739,0.43021660827490854,1,0.07598199234489923,0.041167184145780036,0.4305848675695077,1,0.15717388917269004,-0.012127522352353296,0.4465839459483451,1
760.254229,grid_0444_y525_z440,481.35,522.618,439.139,122.36681743838886,0.85,-0.13023388998013566,0.042819708681014416,0.41450979054652,1,-0.05799676274919685,0.0707257688072914,0.42354938525308133,1,0.008911536237140137,0.07031375484613495,0.42625103587250474,1,0.07779623169956613,0.04080450918674509,0.43044971592404163,1,0.15724413952905894,-0.012110419458960506,0.4464179603926925,1
763.386664,grid_0445_y530_z440,481.543,527.285,439.518,123.08752629328445,2.86,-0.12631761062698788,0.042840652276319696,0.4175058550040494,1,-0.05266967549902984,0.06888186079989597,0.4145808850600523,1,0.01197635323570921,0.07119938974470803,0.433267157658442,1,0.08011553369471552,0.04105791155279027,0.43455653727068494,1,0.1528782320455527,-0.012044710604570625,0.4340256326974485,1
764.45236,grid_0446_y535_z440,481.374,532.45,439.471,124.51009514894763,0.794,-0.11935197282110609,0.042549216752821535,0.414161017153496,1,-0.04913434111255526,0.06968571133070778,0.4209095123761528,1,0.014596206294396672,0.06986086980409016,0.4259917583399524,1,0.0804486609572415,0.04061217164449819,0.4293380470428934,1,0.15424462187364085,-0.011868559381077332,0.43584143365222766,1
765.488694,grid_0447_y540_z440,481.547,537.434,439.573,125.9483746342127,0.735,-0.11422570128400149,0.04269928974437198,0.4151201109561817,1,-0.04470998300074951,0.06898999785318519,0.4191480054005941,1,0.017780753906327114,0.06984161342348678,0.43293556810339107,1,0.0819357948961907,0.039613602964603783,0.42805086700622014,1,0.157550076305829,-0.012045401854662444,0.44415058992084283,1
766.219073,grid_0448_y545_z440,481.431,542.704,439.314,127.98814140380343,0.459,-0.11077475765409354,0.043608358107100044,0.4220220916838457,1,-0.040452930431401996,0.06924453780594313,0.4193654680050936,1,0.020350597197970555,0.07040245543463762,0.4325322981026713,1,0.0838745363385879,0.03998963368325905,0.4306616397231115,1,0.15438299533281857,-0.012057786676865872,0.4349829593065015,1
767.236515,grid_0449_y550_z440,481.324,547.525,439.119,129.9752597496923,0.736,-0.10558449455362763,0.04433773953099806,0.42463725027468263,1,-0.03584551987910226,0.06913242926347293,0.4191753678403465,1,0.023550126611110698,0.06993443064034437,0.43138213855219437,1,0.08549092727147045,0.03985443360693842,0.42925389782217066,1,0.15418914832144348,-0.012067971628802826,0.43395270970529504,1
768.1676,grid_0450_y555_z440,481.381,552.413,439.549,131.58058494322023,0.62,-0.09794696193478265,0.043199883522063866,0.41677855333103525,1,-0.03154988039977519,0.06876992600820939,0.4209669666608009,1,0.02638794273019807,0.06872738255363602,0.42890433198500477,1,0.08627535071979268,0.03874867702497405,0.4244984275236557,1,0.15587578530329996,-0.012319466228146858,0.4374573851047609,1
770.967428,grid_0451_y560_z440,481.561,557.574,439.478,133.9234505678523,2.487,-0.09254228248918285,0.04320955021108824,0.41692756828979577,1,-0.02687961638366779,0.06756308870857904,0.41638019195233333,1,0.029084737442009647,0.06858580635623045,0.43030976371026036,1,0.09007527578495482,0.03935009044481407,0.4356693177442945,1,0.15541370648165456,-0.012067930324108592,0.43563396460151577,1
772.116721,grid_0452_y565_z440,481.389,562.556,439.643,136.11005711922982,0.848,-0.0850625077277405,0.041846232199854866,0.40670605964845424,1,-0.022628204086861198,0.068066993702301,0.42253278056222837,1,0.03221740481813059,0.06767141386446972,0.42882685912929386,1,0.08921431818646443,0.037548951639554205,0.4226057337233921,1,0.15383411412028075,-0.012057283803627,0.42979357420249437,1
773.071946,grid_0453_y570_z440,481.596,567.543,439.104,139.06794617739916,0.624,-0.08202772126245662,0.043715771420786365,0.4179488167374175,1,-0.0185096926922186,0.06731573816014674,0.4160060969043573,1,0.034991408960244136,0.06793061842022279,0.4301601948921623,1,0.09131387501026655,0.037607821607890196,0.4246807195383448,1,0.15478130305475166,-0.012163052541238464,0.432182098175816,1
774.110058,grid_0467_y565_z445,481.456,566.611,442.376,135.77883542732275,0.855,-0.08219268650275706,0.03974810607148992,0.41493933172351233,1,-0.019451171560261365,0.06550713186309597,0.42276128125914897,1,0.03411229675410274,0.06533097221806884,0.42632065607157604,1,0.09186528775657542,0.037291811574696486,0.42918836045250425,1,0.15404352538665003,-0.012153594082678479,0.43004585742421303,1
774.912208,grid_0468_y560_z445,480.879,563.352,443.023,133.5383535206271,0.569,-0.08652022785795292,0.039614711640352795,0.42097829236453516,1,-0.021296877075674393,0.06388722048834611,0.41556896990351166,1,0.03322517461010287,0.06608236709883168,0.43416088587426227,1,0.09080134310302122,0.036647581235645064,0.42794825844476536,1,0.1520545217046656,-0.012055242118923786,0.4244824529489634,1
775.673411,grid_0469_y555_z445,480.459,557.896,443.539,130.4215319531249,0.399,-0.09138381882711372,0.038678142230875345,0.4171905721305029,1,-0.02650030940642373,0.06460202499109441,0.4211391393744992,1,0.029447082932087643,0.06523236913258788,0.427317060418651,1,0.08956404709935963,0.03761739559134142,0.4314125119670202,1,0.15122471517967656,-0.012062499107052168,0.4230000436964149,1
778.163195,grid_0470_y550_z445,480.434,552.912,443.923,127.8097971440374,2.188,-0.09838712985083181,0.038597060625653906,0.42236605013197775,1,-0.030599426484165738,0.06414501560109383,0.419071814974916,1,0.026496982276919493,0.06550822626229309,0.4288025040132914,1,0.08732080221150519,0.037626882731717146,0.42966025548176856,1,0.15415632463801346,-0.01254052724472711,0.43200471166685034,1
778.844157,grid_0471_y545_z445,480.341,547.854,444.256,125.35597756788465,0.398,-0.10244523783513072,0.037772776281390766,0.4183146172749088,1,-0.03463952787994691,0.0638460169991163,0.41707111421458815,1,0.02411576664005874,0.06607182338348207,0.4288874474248443,1,0.08675603688245159,0.03844443975326346,0.4335222634219502,1,0.15329737466205637,-0.012169194743350218,0.4306996811107344,1
779.557405,grid_0472_y540_z445,480.486,542.75,444.32,123.30578564284805,0.453,-0.10895510361973883,0.03740595877668585,0.4191061399543756,1,-0.040126614042345334,0.06470995613853488,0.42205755907197967,1,0.020753784087588406,0.06632399566430378,0.4300119164396892,1,0.08453991084148782,0.038370225692596606,0.43224189399189256,1,0.15249981967363227,-0.012056224391594969,0.42971636841257826,1
785.661165,grid_0473_y535_z445,480.303,537.879,444.111,121.75449078370782,5.813,-0.11501730961031247,0.03801149534028427,0.4210598459460604,1,-0.04468674603559899,0.06557507903587435,0.42591151370844366,1,0.017741156724369597,0.06615222905373351,0.4269169015014289,1,0.0817067915410414,0.03811973551392171,0.4264485574642684,1,0.1577457459569088,-0.012117021321245513,0.44453599231427027,1
786.351361,grid_0474_y530_z445,480.315,532.856,443.894,120.35246671339972,0.399,-0.11978969153288725,0.037940074195795516,0.4207946942349023,1,-0.048657204190501124,0.06581387028594438,0.42370705605277964,1,0.015090141427575721,0.06722857612360404,0.43034071101871163,1,0.07998822120274512,0.038559379687783876,0.4254307867605252,1,0.153785183579472,-0.01174674235730779,0.4341218716487654,1
787.092395,grid_0475_y525_z445,480.366,527.646,443.534,119.23727115713437,0.459,-0.12652636685632865,0.038518254332897635,0.42240165807721447,1,-0.05337926605804428,0.06605004724648995,0.42233274249305847,1,0.011785736842098665,0.0678102506449925,0.429495376197827,1,0.0797512991321923,0.03967023565152719,0.43306303597923607,1,0.15662563591407178,-0.012067816718904329,0.4443806395082337,1
789.616102,grid_0476_y520_z445,480.277,522.61,443.963,117.6045858842247,2.263,-0.13013046073921886,0.03724301275938823,0.4156589624743933,1,-0.05727364882942421,0.065074767755881,0.4176937907269269,1,0.00868415961100597,0.06777589401472225,0.42902493260426633,1,0.07805202126878215,0.03989442865102383,0.4341213347500518,1,0.15637238707245396,-0.012096751465932962,0.44397498926475404,1
790.643053,grid_0477_y515_z445,480.304,517.732,444.507,116.09073223130254,0.786,-0.13656453814263622,0.036859189948302354,0.41988604194881596,1,-0.0612175094310885,0.06525087830056964,0.42014904669532854,1,0.006316945185202011,0.06810434721966788,0.429816386034092,1,0.07602397599286083,0.03945180800567,0.42899397755529806,1,0.15651616365801316,-0.012108599846972781,0.44433028567327876,1
792.929436,grid_0478_y510_z445,480.405,512.71,444.419,115.37551433904854,2.034,-0.14314492005677526,0.037145942205409184,0.4231917760283235,1,-0.06608196285597316,0.06580571459348399,0.4226487082091193,1,0.0031090105523399517,0.06852125509369929,0.43176967699877067,1,0.07495325574574839,0.04027906734260416,0.43212937565344656,1,0.1565145651438377,-0.012108009182721738,0.4454550716738866,1
793.632456,grid_0479_y505_z445,480.353,507.803,443.97,115.23746774812427,0.453,-0.1470821711710326,0.037145157546590334,0.4195478324406377,1,-0.0700936473414776,0.06612535238767825,0.42081082136993714,1,0.0001422655654079326,0.06907104533229337,0.4326703275605563,1,0.07247782994264665,0.04019808066498597,0.4287694628994734,1,0.1518192514747769,-0.011827192947787874,0.43355770400246807,1
794.305667,grid_0480_y500_z445,480.218,502.791,443.757,115.06471119765602,0.399,-0.1514949929541107,0.03724182149975397,0.4168758613900208,1,-0.0745222577934886,0.0663568634119258,0.4219452060135393,1,-0.0026293431840798895,0.06938136063422712,0.4318239002872757,1,0.07074014202042285,0.03986037219996088,0.4253698264133548,1,0.15516036462532826,-0.012045954562076765,0.4436474765430076,1
795.298718,grid_0481_y495_z445,480.349,497.915,443.781,114.88921678730335,0.679,-0.1583212671648965,0.037046295993869306,0.4202102340589035,1,-0.07830351100937841,0.06650206428433995,0.42114838257686155,1,-0.00545528239311694,0.06949191074253222,0.43144286908121704,1,0.06971679116606148,0.040598879981278396,0.42869131352147133,1,0.1559956429129661,-0.012100644965648987,0.4461699196781425,1
795.899505,grid_0482_y490_z445,480.61,492.703,444.321,114.42382141407437,0.4,-0.16165183811393086,0.0368209708606809,0.4184156371693901,1,-0.08155235938900286,0.06660961771759598,0.4233653472738992,1,-0.007018080569123821,0.06959038300942637,0.43138517793326825,1,0.0690335520442124,0.04063737292430645,0.4284776929382581,1,0.1550057082128886,-0.012114352047608806,0.4440841464123301,1
796.828056,grid_0483_y485_z445,480.218,487.739,444.308,114.69295133529344,0.677,-0.16673736967262634,0.035842776570447286,0.41301130224022997,1,-0.08703532438751165,0.06621249641462938,0.42058080918716434,1,-0.011781842308724694,0.07004534790646531,0.43136664033773625,1,0.06684843042165133,0.040593103769190834,0.4264191686781209,1,0.1554390194560056,-0.012112020329009604,0.4464856318890617,1
797.430039,grid_0484_y480_z445,480.562,482.594,444.241,115.29017901798917,0.4,-0.1714702745408785,0.03604411788397799,0.4150654284290954,1,-0.09083817562293171,0.06736671837919854,0.4256906131134535,1,-0.013498607655613816,0.07006455719861263,0.4317491068291002,1,0.06480465109232217,0.040689528148352375,0.42394121631977416,1,0.15504230074078024,-0.01211392945880132,0.4462979015464568,1
798.076492,grid_0485_y475_z445,480.408,477.617,444.109,116.1226042551578,0.406,-0.17795118039907734,0.03613737624688446,0.41511161852055545,1,-0.09511210971490285,0.06659202684204238,0.421161643276955,1,-0.016618326864893906,0.07013443127402169,0.4292757511911771,1,0.0642922563475256,0.041134084305367656,0.4285592548068006,1,0.15502273817530715,-0.012108742591185037,0.4464011081888078,1
804.797998,grid_0486_y470_z445,480.7,472.434,443.924,117.27879595647285,6.51,-0.1854142449298407,0.036620512428105725,0.41665001833108634,1,-0.10066829450837368,0.06730845815758871,0.42392120194553473,1,-0.019988166651768002,0.07074660977169785,0.4301246134568546,1,0.06191386875936994,0.0416018488716395,0.4285760669347008,1,0.14973167680938773,-0.011805708521883252,0.43363479780998887,1
809.701951,grid_0487_y465_z445,480.748,467.54,443.802,118.50557629495745,4.724,-0.18996270909711366,0.03637314229886997,0.41486724231795574,1,-0.10416566531276274,0.06743155796165541,0.42169946259159263,1,-0.022986921033836993,0.07133901660083077,0.43217017879202735,1,0.06221747651820402,0.04290630066322817,0.4391755516847931,1,0.1534983122453467,-0.012080965665980008,0.4456592026625441,1
812.273127,grid_0488_y460_z445,480.485,462.647,443.787,119.80055868817972,2.361,-0.19579378110668955,0.03649875761963437,0.41609350414498464,1,-0.11034958407129042,0.06863776395821684,0.4304142602846819,1,-0.026044685615299615,0.07132846386471836,0.43146383141249967,1,0.059085782360801975,0.04243880945398997,0.43084989835533305,1,0.1534983122453467,-0.012080965665980008,0.4456592026625441,1
813.026634,grid_0489_y455_z445,480.548,457.668,444.08,121.0326291253726,0.562,-0.19941355056033927,0.03564395833296651,0.41337041144747594,1,-0.11211230309486596,0.06771527937750527,0.42278189540847094,1,-0.027890376045063708,0.07159171316563193,0.43141138848096566,1,0.05800467996001233,0.04237191349032668,0.42719258752247047,1,0.15359676482089565,-0.012100293136995698,0.446197265234805,1
816.52612,grid_0490_y450_z445,480.615,452.618,444.553,122.31361713644148,3.307,-0.2058074858792467,0.03532566846075647,0.41495650773802883,1,-0.11601276573041576,0.06623426414946426,0.4205953013397987,1,-0.030924449809706035,0.06970328002009661,0.4262578088522866,1,0.05650856205378332,0.04211864539407293,0.43083863813646167,1,0.15248890487829528,-0.012011687235033666,0.4433626546238356,1
824.134926,grid_0491_y445_z445,480.766,447.444,444.346,124.46629920183209,7.408,-0.21427907961493622,0.03587530999847759,0.4194147013713922,1,-0.12217851638404625,0.06792062750915302,0.426139564563978,1,-0.03464459700528096,0.07127400019544683,0.43149913765420633,1,0.05483099274468762,0.04255835328836544,0.4332790449458029,1,0.1525570733313615,-0.012092103100486239,0.44598117680269045,1
825.166718,grid_0492_y440_z445,480.717,442.55,444.34,126.482654083475,0.85,-0.2208484294800329,0.03609922634770994,0.42218776633821986,1,-0.1258550244659898,0.06819311422560083,0.42612686322967736,1,-0.036615328992291356,0.07190246087376602,0.42860489365140503,1,0.05418649527866259,0.043551585533308707,0.4343241705959949,1,0.15145785892701488,-0.011961748293690774,0.4430566715141649,1
826.872205,grid_0493_y435_z445,480.778,437.649,444.288,128.7032315289713,1.535,-0.22396481645585484,0.035607337282291346,0.41732234540110696,1,-0.12878838123700487,0.06723774802339068,0.41995529074072363,1,-0.04003198954147698,0.0719783486923657,0.430153881389713,1,0.05186882899371039,0.043096670329961756,0.43096676047611,1,0.14967574721829538,-0.011506704531352198,0.43803490684917906,1
827.506017,grid_0494_y430_z445,480.81,432.797,444.186,131.08785762991167,0.453,-0.22925650384039908,0.035583978076351254,0.41741265525023974,1,-0.13424915494719625,0.06823864771284567,0.4238291351402906,1,-0.04328376198081448,0.07199705773760012,0.4301120628930466,1,0.049969884032083495,0.0433828289829653,0.4312198458102612,1,0.1476916603622209,-0.011338761295880706,0.43311178888923346,1
829.354263,grid_0495_y425_z445,480.734,427.963,444.155,133.53095447498302,1.677,-0.23126883557243594,0.03492436174448306,0.4118562295590947,1,-0.13763846243443026,0.06796204222764456,0.4231857341318399,1,-0.046229295487682315,0.07316184423713529,0.43646191630542464,1,0.04834132302091743,0.04292930978851703,0.42699917038458574,1,0.14701914758769719,-0.011378106973400116,0.4327615645224949,1
830.059577,grid_0496_y420_z445,480.776,422.719,444.221,136.2480245251284,0.513,-0.23987957134955643,0.034784555673182525,0.4175176260813762,1,-0.14140261448322686,0.06771336924458331,0.42181507197224005,1,-0.04822537582801443,0.07197763791311573,0.429816641910488,1,0.04709256088174838,0.042865848906479986,0.42628477413932137,1,0.146424096762518,-0.011337578032735439,0.43156052388996874,1
831.032043,grid_0497_y415_z445,480.837,417.503,444.427,138.9798589940283,0.79,-0.24691208600021874,0.034821667404996016,0.4190117014935579,1,-0.14471791212410248,0.06735385942457149,0.4188923356701462,1,-0.052329911337150765,0.07319290288827428,0.43465387431214864,1,0.04530376935696298,0.043565886003496083,0.42830613427619135,1,0.14552332515794283,-0.011138751242719416,0.42887916641706414,1
832.158447,grid_0498_y410_z445,480.88,412.36,444.42,141.97813975749924,0.965,-0.2531332485605175,0.034865814450621514,0.419848035484514,1,-0.15262129546706057,0.0687801587381138,0.4290652744613322,1,-0.05443929327070667,0.07264112381628479,0.4312752028310811,1,0.0438791762596778,0.04329245441436628,0.42513800832482335,1,0.14681493467947063,-0.011066249576116993,0.43370515722308584,1
832.783862,grid_0499_y405_z445,481.169,407.329,444.412,145.0401186741103,0.453,-0.2584245206061667,0.03485434217761867,0.41963898354396423,1,-0.15297080537012517,0.06710368053358355,0.418544712282047,1,-0.057715968390685574,0.07255864688911162,0.4323314767252861,1,0.04177100434509679,0.04337529767196574,0.42407278151144073,1,0.1466099953741542,-0.01087118072045472,0.43392788376972935,1
835.64063,grid_0500_y400_z445,481.017,402.527,444.537,147.94136007891774,2.685,-0.26421503508439087,0.03487713835542476,0.4198797794679614,1,-0.15889040707206067,0.06805666883721573,0.4230762625777047,1,-0.06049307340634283,0.07300401726866505,0.4325357560264385,1,0.04067717030949907,0.043661383922728565,0.4267802094396387,1,0.14606621745493206,-0.011046565222725015,0.4333455215501585,1
836.436556,grid_0501_y395_z445,481.018,397.594,444.533,151.12977054836014,0.575,-0.26876639479114117,0.03472246214512745,0.41864722502596224,1,-0.16419209993950565,0.06851163966402353,0.42528317079192907,1,-0.06356188579513739,0.07392203980969418,0.434096309255084,1,0.03964723081109598,0.044023104596875806,0.42847810711974393,1,0.1445489814898652,-0.011007738123284873,0.42914555550465816,1
837.573559,grid_0502_y390_z445,481.193,392.664,444.362,154.5389523712387,0.956,-0.275893579432768,0.034972378608193265,0.42109094812448467,1,-0.16591169818489518,0.06760407347695795,0.42004730899126635,1,-0.0664132524787638,0.07327262513206968,0.4324646721046704,1,0.03760294057459187,0.04382348135734943,0.42614825342925444,1,0.14453496555513398,-0.011032893166306368,0.4296235928149224,1
838.250218,grid_0503_y385_z445,481.108,387.57,444.291,158.05810132353227,0.455,-0.27916328224997744,0.034566232593513185,0.4178069025792961,1,-0.17132409839332477,0.06801805290781504,0.4223779186645035,1,-0.06955738389717812,0.07358208481842952,0.4330431956768273,1,0.036344166654705246,0.04424706539805265,0.42852733704003354,1,0.14668911877370588,-0.011000859775159473,0.4376683556351695,1
839.038023,grid_0504_y380_z445,481.189,382.613,444.106,161.6522303124828,0.617,-0.28698900783228537,0.0349347624574583,0.42106454896653284,1,-0.17438522021563754,0.06833015112503023,0.42053760262257134,1,-0.07071843866727227,0.07254356676555491,0.4248525311986566,1,0.03455099914263247,0.04436357916337155,0.4267887668785786,1,0.14705673816859227,-0.010940837999420687,0.4397509494675866,1
839.915381,grid_0505_y375_z445,481.294,377.482,444.389,165.1196105676124,0.686,-0.28693725942990733,0.033679375601220606,0.4127936491787276,1,-0.18063489252397633,0.06873163112696963,0.4259639214856436,1,-0.0744805453743234,0.07341184480758844,0.43147395331210486,1,0.03410494736788004,0.04453344911785128,0.43086667118136335,1,0.14730154988304117,-0.0109176389744592,0.44094103476962426,1
840.523694,grid_0506_y370_z445,481.129,372.8,444.566,168.40232000777183,0.398,-0.29611624043309054,0.03387763132634746,0.4192661969218094,1,-0.18508428280404787,0.06887676638791566,0.42599336651026737,1,-0.07757681211513416,0.0733236484210238,0.43087632548955895,1,0.03139522232214433,0.04432364066800836,0.42684664399698174,1,0.1458313387028117,-0.010973342418899072,0.437018275546787,1
841.145043,grid_0507_y365_z445,481.093,367.611,444.611,172.22225644207543,0.4,-0.3028922642491665,0.03392990828978777,0.42105916595970116,1,-0.18860150206108858,0.06895434568504426,0.42611735214629864,1,-0.07936649116236198,0.07298315071325781,0.4287403284516642,1,0.03096070392327044,0.04452551531787316,0.4290480810006272,1,0.14566011602635023,-0.010959892065721967,0.4366540835459612,1
843.641807,grid_0508_y360_z445,481.303,362.364,444.717,176.12669236944183,2.306,-0.3082795348781146,0.03366856896473896,0.4194984066545941,1,-0.1932250291517874,0.06879917324680539,0.42525408035077367,1,-0.08261792042475444,0.07317423910710315,0.4278041533237233,1,0.028979437275698832,0.044422020247899235,0.4276293461658904,1,0.1454647264373947,-0.010955576224557029,0.4372059856545865,1
845.866107,grid_0509_y355_z445,481.342,357.147,444.461,180.29838757737127,2.043,-0.31494600570420134,0.03382512701930284,0.420846588913675,1,-0.19817308068496428,0.06909593930866441,0.4259250425652184,1,-0.08667824159833765,0.07403273581133739,0.43128192694055273,1,0.027457576233079022,0.0450408312165911,0.4300184609230822,1,0.14622268003381825,-0.010907992239277043,0.4410209171453114,1
846.94886,grid_0510_y350_z445,481.252,352.232,444.466,184.12023423024417,0.842,-0.32143153464745294,0.03386786455449949,0.4219499531708142,1,-0.20213525396364743,0.06914233964444377,0.42516436109841166,1,-0.08899868595367587,0.07420382389818792,0.4304322205672862,1,0.02619761162969915,0.04565864028512154,0.43153640996059023,1,0.144761701679782,-0.010887780063744225,0.4368737882550855,1
850.345817,grid_0511_y350_z450,480.141,351.537,447.923,182.51210563137997,2.996,-0.31939369864021205,0.029545305791204818,0.4200292735163944,1,-0.20226901615825368,0.06579119377252285,0.4253282436341442,1,-0.08878733515844296,0.07092949364959293,0.4275054222227929,1,0.025397781893693915,0.04401189347167387,0.42652958576145966,1,0.14377539128305755,-0.010874454199947531,0.434298289930255,1
851.333078,grid_0512_y355_z450,480.712,353.157,448.872,180.66898433876244,0.976,-0.3177589400814423,0.028560914922042945,0.41968551336938015,1,-0.20086912897000908,0.06515941946730529,0.42581515937674025,1,-0.08799955992775409,0.07118427869410814,0.43065582350356313,1,0.026383737120166423,0.04424441640774839,0.4322775294088826,1,0.14428013695222935,-0.010951056857139395,0.43538374894638765,1
852.568298,grid_0513_y360_z450,480.823,357.949,450.096,176.13597333026544,0.974,-0.31309444765706457,0.027226804095888426,0.42020623054165784,1,-0.19804741879244625,0.06432477065160037,0.4278527414499456,1,-0.08571031557952237,0.07055722772827049,0.4308200980158938,1,0.027927793720372667,0.043803626959701934,0.4322852095087974,1,0.14620520872893428,-0.01092056335765867,0.441091773078959,1
853.237386,grid_0514_y365_z450,480.754,362.7,450.387,172.23505229191875,0.399,-0.3088703963197333,0.027204695790005524,0.4211112747829023,1,-0.18899182895275377,0.06152935336023849,0.4158514466791656,1,-0.08326185184636001,0.07024328776690254,0.431991181858125,1,0.029062464943760108,0.042959448711379196,0.42740765937463854,1,0.14589009367636632,-0.010946899702894447,0.4387979720935924,1
854.94088,grid_0515_y370_z450,480.561,367.981,450.441,168.1196644952636,1.473,-0.3020686314749605,0.027245127960172255,0.4204421444775573,1,-0.1901425845364155,0.06362531516443332,0.4289473821311605,1,-0.08001272143240633,0.07000712755290896,0.43157823047172733,1,0.031044541808672988,0.043424204467213894,0.43272709662971764,1,0.14521885086665606,-0.010980323215495505,0.43572304284418184,1
856.373181,grid_0516_y375_z450,480.414,373.141,450.686,164.0383974379169,1.183,-0.29460960631586486,0.027050428510638852,0.4181289322586729,1,-0.18178235834838133,0.062164277497971175,0.41998682912129054,1,-0.07792249503922118,0.07023105059316911,0.4343467948075734,1,0.031904327615005564,0.04272168641851556,0.42877207025164726,1,0.14571541506205793,-0.01112552924211616,0.4365102662170052,1
857.385193,grid_0517_y380_z450,480.697,377.891,450.338,160.73843629014183,0.791,-0.28786682515315554,0.027209240270763727,0.41538778946287763,1,-0.17706625111906882,0.062385123205019544,0.4169665335922856,1,-0.07443972348455195,0.07015295133334272,0.43089468995298214,1,0.03354671825638302,0.04273354144956772,0.4284072322401853,1,0.14701440356582596,-0.01105637544449918,0.4400688334390166,1
859.118238,grid_0518_y385_z450,480.743,382.78,450.404,157.11828229712796,1.532,-0.28438053892488596,0.027206279550935106,0.4181377367896166,1,-0.17715841706564373,0.06372963350586647,0.4278344340706859,1,-0.07105827869405702,0.0692886869252517,0.42910582289723026,1,0.03525936458057668,0.04263780651017817,0.42901291634589733,1,0.14676794087334807,-0.01095620126124316,0.4380240563558048,1
862.198062,grid_0519_y390_z450,480.777,387.901,450.361,153.48025933650226,2.818,-0.27228850381283104,0.026855440416722814,0.40868696018264866,1,-0.1694831187177396,0.06274387379162587,0.42072778055766075,1,-0.06817263615161287,0.06985445236124574,0.43194736353255125,1,0.036853031437775456,0.04263733921134375,0.4288358447382115,1,0.14490164456791832,-0.011039472073990931,0.4317065158679049,1
862.788874,grid_0520_y395_z450,480.842,392.704,450.012,150.370800147502,0.4,-0.27412247540074125,0.02811312819212924,0.4174926798788743,1,-0.16795285714585562,0.06316471183011274,0.4239670434951326,1,-0.06630834155179059,0.06969018827083892,0.43212966229794053,1,0.03795365598610704,0.0419772239388386,0.42517478636067524,1,0.14619881909719143,-0.01118285685064783,0.43481805507081045,1
864.951931,grid_0521_y400_z450,480.914,397.667,449.633,147.2680855141398,1.971,-0.26510397328853086,0.028314952152576744,0.41328521261831797,1,-0.16300815874878274,0.06368268297040715,0.42355761773736306,1,-0.06354003713531137,0.07057630148262928,0.4333274997222372,1,0.03950098849476761,0.04240944776419136,0.42754561254025275,1,0.14746400081686367,-0.011164036894517915,0.4379348388809298,1
865.520601,grid_0522_y405_z450,480.962,402.823,450.023,143.56171128472934,0.399,-0.2631642223203861,0.028270236097554757,0.4173149888287553,1,-0.15875461820411074,0.06360520474719217,0.42291019253686263,1,-0.05980029507699499,0.07003660077054227,0.43196321322382797,1,0.04142312831967238,0.042176897902189946,0.42867105877483813,1,0.14713498225072716,-0.011192320287475742,0.43621771716075036,1
869.972869,grid_0523_y410_z450,481.03,407.497,450.398,140.26657313130588,4.202,-0.25913869407986334,0.028370882762926982,0.4209657626128067,1,-0.15522934169151817,0.0629372665101632,0.4242690531413508,1,-0.05776443067992985,0.0696676126528419,0.43200528544826483,1,0.04235907125088471,0.04238543338207501,0.4296567008848198,1,0.14803069349638845,-0.011140458078405724,0.4379507126113276,1
875.884367,grid_0524_y415_z450,480.912,412.609,450.603,136.90803176950573,5.701,-0.25338067652145124,0.028379054243147243,0.4212199355157525,1,-0.14960887377581433,0.06251004593964088,0.4212793097366307,1,-0.054311174141433514,0.06934073922126996,0.4314176150247085,1,0.044827483206882075,0.04236141245432948,0.4340249736523887,1,0.14805637519809547,-0.011410632279524865,0.4370825930100153,1
880.238882,grid_0525_y420_z450,480.873,417.84,450.35,133.96422952415315,4.153,-0.24679230585725778,0.028311724976657116,0.41998899279672447,1,-0.14915192796531046,0.06426676391022525,0.4329145826595469,1,-0.05152859821818149,0.0695798547260318,0.4339427842722168,1,0.04558816336031699,0.041691848714695424,0.42636895599320707,1,0.1451489239026484,-0.011153273607544256,0.42782003103711813,1
881.866624,grid_0526_y425_z450,480.848,422.854,450.339,131.08630437234848,1.465,-0.24105552701071956,0.028294616144219218,0.4197554386368491,1,-0.14156482591641897,0.06282783539947188,0.42288802107129503,1,-0.04907845161833426,0.06960110726630403,0.4340650680401527,1,0.04705941539471415,0.041706258435790844,0.42902502590028985,1,0.14642409676251797,-0.011337578032735439,0.43156052388996874,1
884.643182,grid_0527_y430_z450,480.913,428.063,450.08,128.44934516376483,2.554,-0.22962304950493917,0.02839179452943875,0.4092798897780949,1,-0.13724472863923073,0.06317554659482415,0.4226870138893906,1,-0.04592874477676567,0.06982963402316471,0.43408324012884986,1,0.0487275276192387,0.041824289668970886,0.4287088693579884,1,0.14778249115281997,-0.011480326411528604,0.4349358586731667,1
886.053374,grid_0528_y435_z450,481.088,432.815,450.08,125.98660397835953,1.24,-0.22891088273404925,0.02902014124350029,0.41670464509581745,1,-0.13306071970328556,0.06255546006402486,0.4210630412926844,1,-0.04294381336224403,0.06928421430451735,0.43269658932810784,1,0.04954829903149746,0.04120962087922267,0.425567242450916,1,0.1503227388472774,-0.011721936834179566,0.44089703194220303,1
887.555911,grid_0529_y440_z450,481.164,437.953,449.879,123.6448616117952,1.301,-0.22560621577110387,0.029457276004037174,0.42122042344508753,1,-0.12788738388236495,0.06220364739711314,0.41848528483059333,1,-0.03974591411310085,0.06887418647464014,0.43169828756470335,1,0.051145022852888876,0.04089174494214978,0.42199585271347223,1,0.15096580627904363,-0.011811470650575648,0.44235571940459134,1
889.266891,grid_0530_y445_z450,481.082,442.835,450.186,121.12537581365845,1.529,-0.2204006946135383,0.02949801290057977,0.42197530969483515,1,-0.12464401090034677,0.06230550607247776,0.42117265097620593,1,-0.03717661970146368,0.06783961206267897,0.42886609498981954,1,0.05311572776014134,0.0409298789746167,0.4278764233961762,1,0.15154689255875195,-0.011973830082647859,0.4432030479249553,1
891.685414,grid_0531_y450_z450,481.02,447.831,450.241,118.93764959423063,2.197,-0.21556773572696586,0.029510248528097333,0.42279171113532615,1,-0.1189859219002481,0.06150523268227808,0.4155712371914407,1,-0.0341521623282647,0.06811504410151795,0.43008794884600404,1,0.05401990797108528,0.04040760073912978,0.4226520599812053,1,0.15168951608889636,-0.01200486068515659,0.44316664974543957,1
892.66878,grid_0532_y455_z450,481.077,452.724,450.471,116.80625767911576,0.791,-0.20593494157404332,0.028854554242978583,0.4147620666328305,1,-0.11694643243557791,0.062053791645668904,0.423062077887336,1,-0.03147245261209485,0.0678626062911586,0.43248102327415733,1,0.05665389266437334,0.040772563325818044,0.43153345131907916,1,0.1531485238228536,-0.012097291643061425,0.44613396399466354,1
893.72562,grid_0533_y460_z450,481.258,457.733,450.295,115.19382033338414,0.845,-0.2035071480433125,0.029382639807761762,0.4203304238254359,1,-0.11219127070816876,0.06209593522178527,0.4222967769632901,1,-0.028661765863810865,0.06775503936661441,0.43137214943947016,1,0.056982574163083326,0.039724836211207086,0.42266721601331714,1,0.15283104225776065,-0.012036385300197204,0.4442103610580635,1
895.952567,grid_0534_y465_z450,481.136,462.354,449.738,114.23991253935723,2.084,-0.1969181718878137,0.030158166275662007,0.4174876263433587,1,-0.1081765173662516,0.06265853035630647,0.4208993131130964,1,-0.025464947134698546,0.06862988122620707,0.4328356390850205,1,0.05860911581917253,0.039923384289847166,0.42223576588906414,1,0.1534983122453467,-0.012080965665980008,0.4456592026625441,1
897.137267,grid_0535_y470_z450,481.295,467.28,449.542,113.05899530775955,0.953,-0.19293513787689698,0.03049871558184211,0.420874571200928,1,-0.10485561295461227,0.06282471462896601,0.4243372733742927,1,-0.023157749240359113,0.06725032156243009,0.42871643754630484,1,0.06020369210780377,0.04012582640021629,0.42718735729669227,1,0.1534983122453467,-0.012080965665980008,0.4456592026625441,1
898.111776,grid_0536_y475_z450,481.196,472.445,449.56,111.80630088684622,0.794,-0.187146174504529,0.030496105654607666,0.42097541712829606,1,-0.09979875812282919,0.06291365590680914,0.4233699941154507,1,-0.019312956395557003,0.06771804622712092,0.4292237202851899,1,0.06122659601346895,0.03955805162719977,0.4200405700410051,1,0.15308861096036425,-0.011991159011919243,0.4416755994369372,1
899.304033,grid_0537_y480_z450,481.13,477.662,449.531,110.81991995124336,0.971,-0.1814226601764002,0.0305959910567231,0.42077024655669604,1,-0.09654472976032709,0.06264193593615873,0.42466183570530175,1,-0.017140031042178244,0.06708529328877957,0.43071549904915757,1,0.06284772981466293,0.03909741571371781,0.4213175923909434,1,0.15395207579104273,-0.012048710918292025,0.44388256753441896,1
901.691467,grid_0538_y485_z450,481.008,482.317,449.897,109.74949564804383,2.197,-0.1755674709975054,0.030367540406890266,0.41924305380625704,1,-0.09207434508154398,0.06266855238364463,0.42452571194185507,1,-0.014722943371341743,0.06786607096150589,0.4334991366397348,1,0.06453187778475715,0.0398808489466459,0.4265729487625922,1,0.15474679907087072,-0.012090811752175282,0.4459163485773809,1
903.070443,grid_0539_y490_z450,481.002,487.397,449.967,109.13376849994687,1.137,-0.16996255925730094,0.030341654427495524,0.4189796062936684,1,-0.08771297886599788,0.06199490509115153,0.4246861846684263,1,-0.011058543085999599,0.06661198733608056,0.4322693247359793,1,0.06727594888555016,0.0393895295232785,0.4307022383990737,1,0.15446448098077672,-0.012077938564771415,0.4441876911259544,1
905.238118,grid_0540_y495_z450,481.113,492.61,449.59,109.20027825971871,1.928,-0.15894209973156936,0.03006073206173698,0.4066533301386373,1,-0.0825002195241202,0.06185737094263766,0.42015787057408893,1,-0.007813550894215052,0.0664983737108859,0.4302036415666053,1,0.06970041692041913,0.039994900451436055,0.43450777280863795,1,0.15544042490287896,-0.01213987985341451,0.44531141730775464,1
905.866478,grid_0541_y500_z450,481.044,497.596,449.406,109.31041683663999,0.398,-0.15807407374867755,0.030674729101522077,0.4155993859584221,1,-0.07923792559223224,0.06147502688372291,0.419175057354519,1,-0.006020180574607581,0.06600202043588484,0.4292704222668215,1,0.06988203492898644,0.03915870378801893,0.4304747639986419,1,0.15569652315115012,-0.012107701100038221,0.4458276443053179,1
906.514508,grid_0542_y505_z450,481.164,502.734,449.4,109.49048044921528,0.397,-0.15481626813249538,0.03133079043312771,0.4213865055009805,1,-0.07473678143067013,0.06164659769327752,0.4201575884518083,1,-0.0025918812419425037,0.06644855370441534,0.43202928683219716,1,0.07132180663921285,0.03926145190077101,0.42801657443412044,1,0.15516036462532826,-0.012045954562076765,0.4436474765430076,1
909.182535,grid_0543_y510_z450,481.326,507.447,449.606,109.6602894488246,2.426,-0.14717106267382815,0.031076515938353737,0.4177371434478254,1,-0.07014996959999398,0.06135970621370048,0.4204757858017106,1,0.0007090719461016834,0.06537756875302654,0.4286186754378573,1,0.0723128206398037,0.03828537375667126,0.4251944493339079,1,0.1520464891944205,-0.011839988823226273,0.43405757215080104,1
909.819255,grid_0544_y515_z450,481.249,512.516,449.687,110.19139309855369,0.396,-0.1432020088443599,0.03088476101765657,0.41985176057552187,1,-0.06699717951584859,0.06171910138797395,0.4243096115492782,1,0.002941256067498368,0.06526169110797027,0.43044823400964033,1,0.07464963393393882,0.03862594614747628,0.43110470278604357,1,0.15403103144382355,-0.012026072296930623,0.43854938592563797,1
910.96214,grid_0545_y520_z450,481.292,517.328,449.441,111.23174125221628,0.912,-0.13759016136379457,0.03149567543017313,0.42089547472941247,1,-0.06183838876030596,0.06128027641063524,0.42060466213795156,1,0.006273770255684748,0.06509418512621483,0.4302936451090775,1,0.07609039898740326,0.0381281747076967,0.4278911527505054,1,0.15521433091013828,-0.012116175143171759,0.4407175779767965,1
913.024471,grid_0546_y525_z450,481.178,522.507,449.485,112.26153953603159,1.801,-0.13049691221797077,0.031104003986290516,0.41530608269270025,1,-0.05705211348450398,0.06034195325939828,0.41689946120921295,1,0.009255199868366502,0.06401133370847258,0.4263064105006928,1,0.07766382999988479,0.037712047173051856,0.4284606974850924,1,0.15201362478942912,-0.012028411500795241,0.4317601336250619,1
914.584056,grid_0547_y530_z450,481.367,527.526,448.995,114.00631881172195,1.289,-0.12565021174966043,0.03225141376492438,0.4186612063853902,1,-0.05317588329441883,0.061177151462526703,0.42133303600183797,1,0.011940335116899042,0.06483539263234374,0.4315883718527222,1,0.07925788024178863,0.03787861561707593,0.43059157816164945,1,0.15636524187197257,-0.012099382576680801,0.4437975172092023,1
916.004702,grid_0548_y535_z450,481.369,532.431,449.426,115.02402509476008,1.13,-0.12266001448186814,0.03246489186214256,0.42677553349434927,1,-0.04885211976687412,0.060450652045107474,0.42005360012699217,1,0.01501943881697237,0.06346717461526413,0.42755114709459646,1,0.08233955802842831,0.03749121038354201,0.43606115639407284,1,0.15391131608161318,-0.011873759338935279,0.4344150240235314,1
917.782701,grid_0549_y540_z450,481.635,537.371,449.462,116.63943203308214,1.406,-0.1186997719235816,0.03269870543854755,0.43183399260397765,1,-0.04452873693489873,0.0600032851797331,0.42021336848449103,1,0.017793149762684035,0.06368408520341992,0.4303788313553476,1,0.08368896747982617,0.037482838937243294,0.4339509122773444,1,0.15069069692687198,-0.01208933232308926,0.42450546691530905,1
918.459425,grid_0550_y545_z450,481.547,542.27,449.556,118.34811445899757,0.396,-0.11013308801602038,0.03153838158944949,0.41821760634545085,1,-0.04088414714228909,0.06036106598362446,0.4230794189007443,1,0.020286119437550057,0.06348309967596989,0.42911740157876405,1,0.08466872365097759,0.03707794751042142,0.43201094193638595,1,0.1512382677247233,-0.012073340254950384,0.42543255570569216,1
919.209435,grid_0551_y550_z450,481.447,547.649,449.538,120.53551855366113,0.45,-0.1041093242797133,0.03151378397076529,0.4178020358771956,1,-0.03594310231382818,0.05995616112257846,0.41977461872890137,1,0.023644470959269467,0.06336025109240333,0.4315290778371006,1,0.0868771144555953,0.03693673305636863,0.4343071546617138,1,0.1520673264184271,-0.012076418036387945,0.4272901884665028,1
920.293275,grid_0552_y555_z450,481.529,552.524,449.711,122.53016396381744,0.791,-0.0977501454818756,0.031418586910064335,0.41673660606497887,1,-0.03127828802925153,0.05969867158747758,0.4201571008380423,1,0.02656279798859826,0.0627101808823024,0.4306485025080607,1,0.08727346479740818,0.0359178344687792,0.42791809792598084,1,0.15473989918312817,-0.012630563707003608,0.4335240647170758,1
921.703793,grid_0553_y560_z450,481.389,557.53,449.128,125.39381780614222,1.131,-0.09251981346926626,0.03201372258538822,0.41683938209720667,1,-0.026879287821173086,0.059475852135746486,0.4182911701806813,1,0.029540344686589396,0.06246798791551506,0.4293129235711361,1,0.08839766214989934,0.035654936398185795,0.4246197472967373,1,0.1517401677339785,-0.012136546401274631,0.4239170055089516,1
922.709511,grid_0554_y565_z450,481.506,562.591,449.314,127.77637222115827,0.676,-0.08604808002767401,0.03184351973413208,0.4137280791216946,1,-0.022064283832732207,0.0593275178695729,0.4199571972762066,1,0.0325679501999548,0.061586726051665895,0.42711294997640276,1,0.0923548089873991,0.035749582538426534,0.43489324817634833,1,0.15264310011073093,-0.012238930513803805,0.4260657254526292,1
923.589222,grid_0555_y570_z450,481.519,567.617,449.74,130.0867562398263,0.569,-0.08208355341346037,0.03199272682963283,0.4211114755907162,1,-0.01819081901331474,0.058789283332712244,0.4198565387508028,1,0.035427160784519456,0.061725194621114525,0.43156193933777914,1,0.09343057365102636,0.035275177121155764,0.4323625307420705,1,0.15317636673701449,-0.012237300865960546,0.42664152625116647,1
926.185214,grid_0569_y565_z455,481.396,566.787,452.224,127.55182268395852,2.424,-0.08192023801732895,0.02873435672920649,0.4169600228109161,1,-0.018743525700515958,0.056253005672687484,0.419144715560432,1,0.034935542363625574,0.059696211459077414,0.42945935004911867,1,0.09362573433201637,0.03456451332689805,0.43351755353452964,1,0.15455604889555763,-0.012487342921287913,0.430775979639576,1
927.38535,grid_0570_y560_z455,480.796,563.398,453.28,124.79508527582325,0.959,-0.08599718981244169,0.027514650922153272,0.41629097937692006,1,-0.02205760932345752,0.055771467369617966,0.4214841745662863,1,0.03284273764284321,0.059080499158724736,0.42793363997886535,1,0.09344433480267861,0.035018296655820465,0.43890421335995616,1,0.15326915127246266,-0.012333432599082572,0.4280105745580583,1
930.022794,grid_0571_y555_z455,480.558,557.91,453.925,121.37785861515263,2.317,-0.0911831036238636,0.02642764316435728,0.41516065887748327,1,-0.026720905730054173,0.05600969716564189,0.4234465732107419,1,0.02944430012459603,0.05959616230122139,0.4299803124983769,1,0.09058605123104828,0.034938265906364556,0.43515885595660353,1,0.15593039521974045,-0.012730881752344358,0.43638792033423374,1
932.677635,grid_0572_y550_z455,480.519,552.653,454.214,118.55355613814372,2.355,-0.09753131506208523,0.026334117426109898,0.419254441667299,1,-0.03067245131374517,0.054879380758230754,0.41862151840439576,1,0.026519308436737273,0.059890335630018665,0.4313620708612338,1,0.08856055691559088,0.03475315606664251,0.43256062450197136,1,0.1574553196869037,-0.013060230473832984,0.4411756435739347,1
934.176789,grid_0573_y545_z455,480.379,547.663,454.191,116.29137719538795,1.187,-0.1042711644093716,0.026781628243874523,0.42393580547135473,1,-0.035657176950328794,0.05624671786813943,0.4257536207037668,1,0.023794350006270285,0.05996136304438996,0.4292867240697314,1,0.08725610425037457,0.03549164718382585,0.43624040556044547,1,0.15173023464727373,-0.012086616049254316,0.42599874029731816,1
934.942304,grid_0574_y540_z455,480.475,542.867,454.119,114.33840258635757,0.505,-0.10762508290027488,0.026398883757791532,0.41891465018427954,1,-0.03911952184281742,0.05606898884624256,0.4215469085002353,1,0.021070285558932884,0.06059926126830368,0.4310363084981783,1,0.08580136389455317,0.035627512476263085,0.435218989356293,1,0.15059510322966452,-0.01206155141907555,0.42315493320559133,1
935.849086,grid_0575_y535_z455,480.356,537.839,453.557,112.91435290077162,0.618,-0.1136812085147505,0.026810541649503538,0.4173210397064529,1,-0.044147056017681964,0.0566568185132768,0.422114225178321,1,0.018189072520683747,0.06118422683681537,0.4300319125922452,1,0.08367684923555828,0.036114805307863984,0.433729944068721,1,0.15069069692687198,-0.01208933232308926,0.42450546691530905,1
936.494931,grid_0576_y530_z455,480.452,532.943,453.838,110.96063843543793,0.404,-0.11793637922831672,0.026908312734828767,0.41910628400352423,1,-0.04653109183441865,0.056434377405685236,0.4184781554334058,1,0.016016377948656756,0.06164574199957847,0.4301693572905522,1,0.08183957334018958,0.03620595441385351,0.4314013035342587,1,0.152908884511865,-0.012097640296008112,0.43078655993264386,1
937.899738,grid_0577_y525_z455,480.277,527.874,454.245,109.00702555798864,1.124,-0.12428688189561225,0.025793125038381045,0.4164135741192568,1,-0.05323337658493805,0.05692447640349684,0.42653043828198783,1,0.012413470697561288,0.061527647132401386,0.43131588699621076,1,0.07897970719009598,0.03620120269712052,0.42715248670190126,1,0.15718679272210043,-0.012095805385761957,0.44598027616329833,1
939.03601,grid_0578_y520_z455,480.251,522.694,454.397,107.48753044423334,0.845,-0.13259795185344228,0.026281159409652134,0.4246533195427911,1,-0.05720494128499972,0.05670736841531166,0.4232434707950987,1,0.009605765095645107,0.061714246802891816,0.43162920039415686,1,0.07805152294841816,0.036753210067598414,0.4314315071883162,1,0.1504021976190545,-0.01206855233572008,0.4269436435585943,1
941.329366,grid_0579_y515_z455,480.687,517.661,454.29,106.50875010533164,2.091,-0.1380804062483141,0.026274693287435553,0.42449460082011986,1,-0.061616754297359154,0.05671533544854118,0.42256376884799646,1,0.00640195849279044,0.061985274641082395,0.431419103813605,1,0.07558463925090239,0.03628761394125209,0.425460735014585,1,0.15163924096091944,-0.012084027061377118,0.43041777781740237,1
942.228123,grid_0580_y510_z455,480.552,512.616,453.927,105.97791085881994,0.618,-0.14176495178212686,0.026055439967279267,0.41958139192779637,1,-0.06579339618872077,0.057212004177748965,0.42155291731165073,1,0.0034011515655794963,0.0626329766631474,0.43171190673421317,1,0.07458346284540064,0.036990999139753684,0.4293889436395166,1,0.15333864128543426,-0.012133145347557439,0.4355798373032455,1
942.858681,grid_0581_y505_z455,480.63,507.725,453.884,105.39795184917014,0.399,-0.14608978305595682,0.026085208178684635,0.4209964696073156,1,-0.06866474050514597,0.057631250346907116,0.4226072463018138,1,0.0014160031132010272,0.06282777118691953,0.43084663447279753,1,0.0735565913798892,0.037482816330844555,0.42961837856213064,1,0.1554012315740287,-0.012121075873372696,0.44315717764158663,1
944.511511,grid_0582_y500_z455,480.56,502.613,453.898,104.9642242004388,1.412,-0.15253278525838646,0.025994093468195808,0.41919246041809505,1,-0.07475186140605279,0.05792022975229832,0.4249441756697663,1,-0.002499661302716428,0.06341866467734691,0.43229113385118684,1,0.07107575146919376,0.03757220016964637,0.4271735438124233,1,0.1559956429129661,-0.012100644965648987,0.4461699196781425,1
950.483709,grid_0583_y495_z455,480.437,497.471,454.135,104.5524646003144,5.713,-0.16006821085583434,0.026269329833448235,0.4240026478717798,1,-0.07916035328161443,0.05815854683496227,0.4239404361368651,1,-0.005285819573317182,0.06314081255226169,0.42779797774534734,1,0.06995438816561954,0.03769804378711139,0.42882350722202767,1,0.1559956429129661,-0.012100644965648987,0.4461699196781425,1
951.075668,grid_0584_y490_z455,480.686,492.57,454.528,104.25032951986285,0.411,-0.16172391589786364,0.025414077628453723,0.4194292954279617,1,-0.08147483611442254,0.05798158042728319,0.4241189745632736,1,-0.007015633199393524,0.06362528681571693,0.43185460800150727,1,0.0693634733777048,0.038079024033218604,0.4305050424594372,1,0.1532130007174288,-0.012120020559205262,0.4388869841631484,1
962.369481,grid_0585_y485_z455,480.355,487.738,454.353,104.70379007944263,11.042,-0.17047804735097205,0.02509159669833044,0.4227114309796521,1,-0.0856793201335383,0.05683260598514872,0.41572183324590356,1,-0.011101227969399408,0.06401088082448823,0.43209302056150567,1,0.06522773970870038,0.037338863809164374,0.4184372805933878,1,0.15164544075763012,-0.011919587218706852,0.4352428251698189,1
974.460085,grid_0586_y480_z455,480.315,482.739,453.877,105.71446070429526,11.868,-0.1756081805162203,0.026079262760605692,0.4213598745292623,1,-0.09204974783948694,0.058793361543356897,0.42626725695269513,1,-0.013947664876236688,0.06428971236190652,0.43081852253127034,1,0.06616642866592452,0.038691605429057405,0.4349233405606087,1,0.15474679907087072,-0.012090811752175282,0.4459163485773809,1
986.138947,grid_0587_y475_z455,480.379,477.88,453.818,106.52304991878515,11.477,-0.17735874947915517,0.025362387418021146,0.412730433714177,1,-0.0949952854738707,0.05852470553325471,0.421011137141255,1,-0.016626372698685953,0.06459077108590663,0.4303633784087278,1,0.06465829577847028,0.03929367563507862,0.4334802675890495,1,0.15474679907087072,-0.012090811752175282,0.4459163485773809,1
988.410875,grid_0588_y470_z455,480.522,472.749,453.783,107.58658430770997,2.031,-0.18151978899126245,0.025154723050935923,0.4100112231173316,1,-0.09867535521013236,0.05796677726836178,0.4181473863532425,1,-0.019669141500479728,0.0644630469046772,0.428505633687091,1,0.061335071425819614,0.038324026309678544,0.42164274127518925,1,0.1539018610477887,-0.012059121955342839,0.44430840832003754,1
989.901834,grid_0589_y465_z455,480.533,467.632,454.211,108.42515169922515,1.29,-0.1919153806499323,0.024960700358110655,0.4205163815398379,1,-0.10342036656863245,0.058613671096088345,0.4229513829872317,1,-0.022195459912749616,0.06491871449563107,0.4314426079595628,1,0.06188861860028544,0.03946000974470568,0.43392461697231116,1,0.1529616457689654,-0.012014119542285722,0.44339659973733564,1
990.877107,grid_0590_y460_z455,480.695,462.557,454.557,109.57181445061492,0.795,-0.19448059437910903,0.024059966266996746,0.4136519685201218,1,-0.10689662426097814,0.05742307023146284,0.41678593206727327,1,-0.025325997763431373,0.06480942692409096,0.4327492326759836,1,0.05978830981467551,0.03891592632105435,0.42889497093977624,1,0.15370639338293404,-0.012082606680345888,0.44570206031501697,1
991.850243,grid_0591_y455_z455,480.7,457.376,454.318,111.51489793296676,0.741,-0.19875495620682762,0.024025586640158237,0.41125456532148497,1,-0.11199868132579612,0.05825644718919826,0.42109733224376883,1,-0.028250819841705882,0.06480220145107775,0.4293147356510468,1,0.058271448733453864,0.03992444713019703,0.43256112282544784,1,0.1534983122453467,-0.012080965665980008,0.4456592026625441,1
993.058547,grid_0592_y450_z455,480.623,452.582,454.203,113.39223342451632,1.018,-0.20454332782265458,0.024145135036839325,0.4125156956023068,1,-0.11697077912604342,0.058789390900517685,0.42454876991606844,1,-0.03111778839771255,0.06506168792768664,0.4310727868896315,1,0.05629762117132609,0.03876116186478751,0.4263823544611201,1,0.15322564514298312,-0.012079876700017136,0.4456622532415299,1
994.184564,grid_0593_y445_z455,480.781,447.494,454.134,115.53452687400413,0.906,-0.20897868250565002,0.024012012207670946,0.41017873832419677,1,-0.12193029708381531,0.059634691526574524,0.42614942661393446,1,-0.03451976602397569,0.06629207732198568,0.43177092969195824,1,0.054653946456587645,0.040064920965675356,0.4277233039864274,1,0.1527555926854565,-0.012086495425729529,0.44563270832764273,1
995.604691,grid_0594_y440_z455,480.871,442.505,454.041,117.82986586600187,1.239,-0.2158138048575133,0.024261563711479982,0.41292296921189675,1,-0.12360969203010042,0.0581379464575191,0.4186872376144319,1,-0.03683234377904874,0.06529815182332431,0.4299102223918279,1,0.05317760756777876,0.03947297379267693,0.4271610948587658,1,0.1518650899845748,-0.012006773213127991,0.44323300156456685,1
996.182792,grid_0595_y435_z455,480.978,437.508,454.103,120.15875810776338,0.397,-0.2195609841417654,0.024002953807832617,0.4123205791525728,1,-0.1271674019789001,0.05897881173988657,0.4198015431572302,1,-0.03935425416943835,0.06693659384172894,0.43239622854599036,1,0.05245696272747063,0.04076472015101149,0.43052511685765177,1,0.15208309772203935,-0.012015287263843625,0.44476782140606846,1
997.265162,grid_0596_y430_z455,480.91,432.564,454.41,122.40153471668556,0.91,-0.23125411704102464,0.02398308443990912,0.42120127725768125,1,-0.13314935594193233,0.058467559147899605,0.42269479092195694,1,-0.04283557639292057,0.0659624562022032,0.4328612337513303,1,0.05113620902394058,0.04033178215412982,0.43349541191709656,1,0.1517569809530742,-0.011995758969604356,0.4442468156317676,1
998.172698,grid_0597_y425_z455,480.839,427.573,454.381,125.10608814122516,0.735,-0.23694193052334603,0.02399119212423755,0.4212526167338229,1,-0.13702070777087877,0.05885218679044472,0.4209837767083069,1,-0.045979705149049144,0.06680168545218,0.4330446504325447,1,0.04868605593254285,0.040543827017013596,0.42921167704476354,1,0.14893916073658545,-0.011605027708897514,0.43786218707928565,1
999.205788,grid_0598_y420_z455,480.919,422.578,454.756,127.62973799236602,0.841,-0.23488691585475852,0.022617089310837165,0.40866904667236925,1,-0.1404878494872894,0.058319725741777,0.42095061770380143,1,-0.04843593969276073,0.06605687308935825,0.43360193821288306,1,0.04687090723926767,0.03967211836477339,0.42496783490655404,1,0.14930798912088017,-0.011773112555345579,0.43965554761116804,1
1000.732772,grid_0599_y415_z455,480.903,417.769,454.659,130.5546509091116,1.357,-0.2409262609440926,0.022634391458064118,0.40952931714402857,1,-0.14613667306453593,0.05919581332482218,0.4234783177725317,1,-0.051722658072226764,0.0670092441044964,0.4335641119573868,1,0.04529509861035619,0.040595500497655555,0.4260622247615964,1,0.14862515779805482,-0.011600136450439266,0.43832023488918237,1
1002.884716,grid_0600_y410_z455,480.906,412.796,454.567,133.68857518127714,1.971,-0.2474787915314154,0.022770814933975102,0.41120026671127663,1,-0.1499698606827158,0.058593001503213366,0.42202234606704986,1,-0.05384673074883703,0.06607168119781304,0.4292373687354422,1,0.044053093835696756,0.04014078447672212,0.42447043161202536,1,0.15027068985921924,-0.011941213948886418,0.44342278698191123,1
1003.825818,grid_0601_y405_z455,481.028,407.665,454.301,137.17194195242695,0.79,-0.25290775509249197,0.02305673282713355,0.411583393208711,1,-0.15316438258717616,0.059095747997481705,0.4200678967651316,1,-0.05684326235905904,0.0670797169460714,0.42970983282635755,1,0.0423038646551325,0.04077556758827983,0.42433103569902625,1,0.1505691719291257,-0.011621191496872333,0.4454435853397398,1
1005.913041,grid_0602_y400_z455,480.905,402.628,454.141,140.6035148102635,1.906,-0.2619814310857212,0.023534027536909738,0.41695241343028616,1,-0.16044465457102633,0.060288627880118295,0.4269391664456719,1,-0.060616462442425044,0.06751723284460782,0.4318635260527867,1,0.04101624520804976,0.04138223045435378,0.4291987418596508,1,0.14562076989740716,-0.011342032864285659,0.4319895140272314,1
1007.358361,grid_0603_y395_z455,481.006,397.5,453.95,144.22502852487148,1.243,-0.267387380515768,0.023623901604390724,0.4170420928697089,1,-0.1625753937287878,0.05959662011342118,0.4233601462779338,1,-0.0619090318473657,0.06630344097196178,0.4279847765829133,1,0.04004409314264431,0.04067273640231616,0.4270067081414188,1,0.14573031258428387,-0.011152291163021721,0.43236118154537456,1
1007.94703,grid_0604_y390_z455,481.16,392.455,454.111,147.63085643252225,0.397,-0.2680670272760363,0.02290777658904225,0.4115017479844312,1,-0.1657472071358397,0.05973660543714704,0.4231961408992539,1,-0.06479518586304994,0.06701333404047992,0.4305968222060066,1,0.03858290872530631,0.04089247812575267,0.4259837146395462,1,0.14630573588389031,-0.011186116442144338,0.4350283175848955,1
1008.549172,grid_0605_y385_z455,481.038,387.549,454.497,150.86046226563138,0.4,-0.276045840080263,0.02283100041441585,0.4155070244749992,1,-0.17124080459038202,0.059983844957776526,0.4249419709936884,1,-0.06865153119715169,0.0678687217986213,0.4319058861250546,1,0.036271092517396554,0.04129532319291711,0.4236331114981336,1,0.1458371902361565,-0.011230366962518267,0.4340714302757412,1
1009.623889,grid_0606_y380_z455,481.317,382.201,454.63,154.69417697185628,0.905,-0.28656948830487405,0.022842294163947396,0.4199376450416527,1,-0.17777829038576168,0.05984158421775724,0.42737216792567523,1,-0.07183511620227803,0.06721924123593444,0.4315378795193505,1,0.03507528668170233,0.04127462625953368,0.4271622668984412,1,0.14627705006384156,-0.011332076016762484,0.43690663164655336,1
1010.713794,grid_0607_y375_z455,481.312,377.277,454.802,158.25782749045933,0.909,-0.283669529476047,0.02189134399172477,0.40846633201345917,1,-0.1791101596613586,0.0591014856987431,0.42220054806889173,1,-0.07382087654545688,0.06710701160747914,0.4287520372578772,1,0.034153138454439874,0.04182382229250336,0.42978983681397426,1,0.14644106446004732,-0.011152927028026073,0.4373032395550141,1
1012.103731,grid_0608_y370_z455,481.188,372.343,454.597,162.13688518964457,1.19,-0.2891718112798556,0.021909076542274586,0.40880598623542513,1,-0.18485492127719616,0.0593668226593051,0.42455373745030744,1,-0.07751288443251785,0.06713845112635598,0.42916391276299476,1,0.03223944898299059,0.041745969982272556,0.4276024703097269,1,0.1452274334553416,-0.011140131516068021,0.43511500564961797,1
1013.698042,grid_0609_y365_z455,481.167,367.421,454.619,165.92497495555028,1.362,-0.2980394275986881,0.021989590773730517,0.4134277969302884,1,-0.18806775525694483,0.0595311600797997,0.4231594235301428,1,-0.0788031826748401,0.06682316707673307,0.42617109878678844,1,0.030961364519880394,0.04188973746311409,0.4274997104588585,1,0.14490003562629844,-0.011063916086597866,0.43456964408406185,1
1014.338417,grid_0610_y360_z455,481.225,362.63,454.866,169.53336767728055,0.399,-0.30641143817364097,0.02198309298079275,0.4186793946008219,1,-0.19446296440160216,0.060189830677408414,0.4290136332429965,1,-0.08238428142507019,0.06694172350826562,0.42626008358502004,1,0.028959795656098655,0.04185526648314349,0.42773119372387963,1,0.14471640066616576,-0.010946690321151574,0.43497665357773424,1
1014.916035,grid_0611_y355_z455,481.466,357.483,454.688,173.74597217201898,0.397,-0.31326553695711745,0.022044498992929817,0.420816775774707,1,-0.1960833483801091,0.05929821736012023,0.42340970467020583,1,-0.08534583915543144,0.06678118591842334,0.4264594756901505,1,0.02710428136141216,0.042105948979367626,0.42708070805989,1,0.14366069018288388,-0.010956636850603094,0.4324851855803598,1
1016.50384,grid_0612_y350_z455,481.33,352.763,454.809,177.47205063051473,1.348,-0.32076107255707415,0.021949745249352698,0.4225433187015111,1,-0.19959159373212668,0.05857563303040108,0.42102885193680756,1,-0.08839941715723611,0.06699230927670756,0.42874363372800106,1,0.02629506903080124,0.04195116576216379,0.42697702790781666,1,0.14403696808771463,-0.01095749985316873,0.43405475245329145,1
1017.271153,grid_0613_y350_z460,480.356,351.879,457.949,176.3442972001079,0.405,-0.3192208690578758,0.019032424334684144,0.41986932980847746,1,-0.19992970575242808,0.057121785703598084,0.42100265299822787,1,-0.08857223474785869,0.06632437961090244,0.4305722871817399,1,0.026221243978057324,0.04122943266616288,0.4271509721609957,1,0.1436703806638667,-0.010998422357220948,0.433392695512103,1
1019.180123,grid_0614_y355_z460,481.056,353.188,459.042,174.67252996679244,1.849,-0.314106365649435,0.016933916867026666,0.414433237134972,1,-0.20115087871956694,0.05659928098177693,0.4250228129775333,1,-0.08915095386881933,0.06628005610019087,0.430839208305557,1,0.025760932179045657,0.04159708817284574,0.42612389917325494,1,0.1436820920225246,-0.010946754198196839,0.43371594802355534,1
1023.111703,grid_0615_y360_z460,480.609,358.229,460.103,169.92365569866956,3.651,-0.3136694575349033,0.01613440319329652,0.4216742708784345,1,-0.19658394540903437,0.05486897918218627,0.424945235792251,1,-0.08524975108508126,0.06422370562477954,0.43004859430502407,1,0.02769603121453303,0.040316951221074974,0.42757970770824505,1,0.14403597045704808,-0.011198236475615008,0.4340285471333465,1
1024.706835,grid_0616_y365_z460,480.833,362.966,459.808,166.27213411753632,1.353,-0.311031845590405,0.01673385159379769,0.42540010180348636,1,-0.19047640278764444,0.05518322886547863,0.4211229540026871,1,-0.08186998451236811,0.06446526088553621,0.4273627802183944,1,0.0294983306080415,0.04045852632572889,0.4263431376284244,1,0.1446855012345586,-0.011238413788943712,0.434988598035046,1
1026.963214,grid_0617_y370_z460,480.649,367.861,460.194,162.1218887041475,1.974,-0.3028030206705688,0.016259225641904473,0.42145382263201386,1,-0.1878164053129567,0.055138100772247976,0.4239877086220818,1,-0.07976570694181097,0.06482213319955933,0.4316289609974431,1,0.030694660712461876,0.04049641260038227,0.4289818763864066,1,0.14517109440127993,-0.011128510419931304,0.4356435870010178,1
1028.131435,grid_0618_y375_z460,480.771,372.877,460.196,158.17128284552788,0.967,-0.299001917026321,0.016466849493316536,0.4241953794166669,1,-0.1864831510796995,0.055277275977062335,0.4313122675083496,1,-0.07660654722307515,0.06352869029226692,0.42925130748503787,1,0.03223502305519036,0.04009089375328233,0.4293207391768979,1,0.1456983112280754,-0.011230384209205496,0.4362049135873513,1
1028.797041,grid_0619_y380_z460,480.849,377.649,460.237,154.44385151245092,0.455,-0.2913975259014321,0.016428913675630888,0.4208551051944118,1,-0.17785303542190534,0.05453498611568877,0.42083270026684083,1,-0.07375844092528236,0.06463513765564315,0.4316526979740249,1,0.03406066214491667,0.04041596462501291,0.4284451032879815,1,0.14578808310232064,-0.01121025329831433,0.43592505642960777,1
1030.481058,grid_0620_y385_z460,480.618,382.88,460.29,150.4068282924681,1.472,-0.28429868010640497,0.016545383779575353,0.41900665851242236,1,-0.1749106636302549,0.05463924693228648,0.42298602160036003,1,-0.07139412562060028,0.06422200609157744,0.43063176992451097,1,0.03505647602031448,0.03994027473516005,0.42670401389236257,1,0.14733432531573964,-0.01136181195554023,0.44004217267474394,1
1031.109483,grid_0621_y390_z460,480.585,387.883,460.428,146.5662863587667,0.399,-0.2799927843011078,0.016404959782946003,0.4199220495556075,1,-0.17076531009426307,0.05403649894271406,0.42278541663624586,1,-0.06807677398920546,0.0636812404694936,0.43168402801191985,1,0.036971806745995234,0.03948952026355143,0.425738637308249,1,0.1467449503675585,-0.011546179244284525,0.4372020428027228,1
1031.920165,grid_0622_y395_z460,480.925,392.672,460.476,143.03196603556836,0.619,-0.2733439592854442,0.01638803906296686,0.4182419984188028,1,-0.1657806902890884,0.053945534347340035,0.4199705664520268,1,-0.06597792197317953,0.0640394403665747,0.4306563187709134,1,0.03819450939886882,0.03992578898840915,0.42845485020833257,1,0.14693305218589947,-0.011451229542830668,0.4375728966536611,1
1032.608904,grid_0623_y400_z460,480.844,397.829,460.157,139.55002642421817,0.457,-0.2646575292712611,0.016737974908386796,0.41241296284984824,1,-0.16356517445392724,0.054266367512525816,0.423877859996447,1,-0.06308963381677718,0.06313502683263693,0.42887152233607556,1,0.03899331839055893,0.03907945950466433,0.42341264450782296,1,0.1458809003868464,-0.01124461844489466,0.43344174055807744,1
1034.312737,grid_0624_y405_z460,480.924,402.861,460.317,135.9225208823026,1.522,-0.26054995118428526,0.01665090226116968,0.4154243706517948,1,-0.1578427153873756,0.05403104796631827,0.42091652622331227,1,-0.060199448167112125,0.0636992756281349,0.43141308599635275,1,0.04059817945004763,0.039155315216325905,0.42477740053722307,1,0.14714641835871006,-0.011370987391257628,0.43661965821898646,1
1034.92581,grid_0625_y410_z460,480.886,407.987,459.564,132.99601584258073,0.4,-0.25653726654725156,0.01762339796516853,0.4171678591712245,1,-0.15449814983400406,0.054681392642390025,0.42317728140404043,1,-0.05683515768527924,0.06406333338098118,0.43226669014966074,1,0.0433161300282228,0.039745656375883356,0.4290484919643008,1,0.1492519245662686,-0.011634848498867862,0.4417101775356309,1
1035.475953,grid_0626_y415_z460,480.642,413.084,459.945,129.35223633938452,0.398,-0.25322372538289933,0.01762101073702863,0.4204430248389423,1,-0.14893318707944367,0.05441406211197337,0.42045764055897394,1,-0.05390597474719641,0.0636813238080056,0.4320782655385718,1,0.044035084019361716,0.03886480337566016,0.4255641770121366,1,0.14967218646135158,-0.011718224451688524,0.4418338060406202,1
1036.046091,grid_0627_y420_z460,480.81,417.827,460.191,126.15796813122822,0.398,-0.24785310399338112,0.01726590468803874,0.4198410475580201,1,-0.1457260584419127,0.053974506796598105,0.42118086862272935,1,-0.05183824039529413,0.06361972270269571,0.4320332035756287,1,0.04567558017829012,0.038967780911964435,0.4298347985751541,1,0.14795036703768338,-0.011666643777550225,0.43669926633344397,1
1036.60757,grid_0628_y425_z460,480.992,422.793,460.287,123.05075656411054,0.4,-0.243303979206422,0.01744662738211987,0.42153495988075035,1,-0.14167642801877303,0.05365382209261787,0.42068302763813153,1,-0.0488826748899324,0.0631272148788669,0.4305226884891485,1,0.046799360707049986,0.03895935514673098,0.4269414654326676,1,0.14832711931975429,-0.011632849636569263,0.43740285168456183,1
1037.557243,grid_0629_y430_z460,481.141,427.499,460.267,120.31104806292724,0.789,-0.23581429319764338,0.01737177177514648,0.41900181040661205,1,-0.13774690453036068,0.054289472216751546,0.4242651773849007,1,-0.04489738810218135,0.0631023533813924,0.43147021181674233,1,0.0493351617388145,0.038685230521125574,0.4290377952678817,1,0.1504099335863479,-0.011831319108292432,0.4412227345456459,1
1038.312888,grid_0630_y435_z460,481.001,432.772,460.218,117.39399163500656,0.453,-0.22854738145177836,0.017352827033007546,0.41517403322660024,1,-0.13521027526253612,0.05432305442209464,0.4253024108761205,1,-0.043193806195212625,0.06285620321292047,0.42996901117188063,1,0.049843554567307484,0.0382764885685923,0.42543551172473776,1,0.1504780045808988,-0.011836778942179223,0.4415666475403989,1
1038.938881,grid_0631_y440_z460,480.965,437.798,459.916,114.9947887167066,0.456,-0.2202391984906921,0.01772675598721385,0.4115100804265905,1,-0.12801956231160358,0.05401955525575985,0.4209862680297784,1,-0.039036258042860136,0.0627886055478111,0.4304558446844003,1,0.05163546188720733,0.03836298478648165,0.42420994540538753,1,0.1514705250355777,-0.012009804556154385,0.4428433459018719,1
1039.500591,grid_0632_y445_z460,480.895,442.829,459.98,112.4442901218198,0.401,-0.2161152463272423,0.017717437690282774,0.4121231898937252,1,-0.12405533629276373,0.05343560283791631,0.4199617782363649,1,-0.03691292627479106,0.062357566036990296,0.4301615342781226,1,0.0535375410253944,0.03845060984644957,0.4277427132860365,1,0.15159004226126793,-0.011952468393008007,0.4427778666503412,1
1040.142354,grid_0633_y450_z460,481.002,447.841,459.703,110.38905965266665,0.46,-0.21362862024083626,0.018379946465955168,0.41939852507550207,1,-0.11954793763455052,0.05371070338623627,0.4184541383873741,1,-0.03398902387114679,0.06290382587913261,0.4313556906884212,1,0.05464855756660634,0.03848678796805066,0.427613222937786,1,0.15280976854716946,-0.012076600685413351,0.445575817868684,1
1040.725203,grid_0634_y455_z460,481.04,452.687,460.039,108.03108113408841,0.403,-0.2055845046953806,0.017835015945946702,0.41217288064903834,1,-0.1168726431755046,0.053954907705566546,0.4229914753053096,1,-0.03056396009478091,0.06224628536223878,0.4311453658211681,1,0.056552805417939535,0.037740982452897365,0.4266329780085281,1,0.15310674047681336,-0.012090320481672329,0.4457654119658973,1
1041.605756,grid_0635_y460_z460,481.327,457.562,460.31,105.90952334894152,0.678,-0.19718611719624035,0.01757460635372926,0.40844705036052886,1,-0.11250649568637879,0.05371275824417356,0.4225417236069871,1,-0.02775689562656801,0.061681491651197684,0.42713789820826537,1,0.05824346113570572,0.037324875566784446,0.4241677972399107,1,0.1526715825360355,-0.011998838447547027,0.4429522060676563,1
1042.159943,grid_0636_y465_z460,481.053,462.544,459.927,104.51824541676916,0.402,-0.1945288283818671,0.017715191822639018,0.4096097176271695,1,-0.10969881505650847,0.053198826559525035,0.42164135933473307,1,-0.027253687065670575,0.0614471115913122,0.4284664086103289,1,0.05826920885874575,0.03762055214239654,0.4274318637421944,1,0.15364166457847728,-0.012083155721684906,0.4457483285804256,1
1042.885944,grid_0637_y470_z460,481.043,467.766,460.05,102.81582656381258,0.515,-0.19192845045654064,0.018365137300765222,0.4194839530991683,1,-0.10213502789270319,0.05250885158007638,0.41501551534210895,1,-0.022621454154662258,0.06157756329684164,0.4289373732653771,1,0.060815968962591616,0.0374675834448815,0.4282657374407666,1,0.153140110238393,-0.012071277798990395,0.44332684993856447,1
1043.735247,grid_0638_y475_z460,480.951,472.678,459.861,101.72410177042603,0.679,-0.18357958746579972,0.018567348972726643,0.41404579371578193,1,-0.09832284096165832,0.05320255664106422,0.42026416498439273,1,-0.018778613311159344,0.06172932556512625,0.43267247860068475,1,0.0627878272352992,0.03669115614676608,0.42541361184111137,1,0.1531539535597117,-0.012090511107112291,0.4418404269014707,1
1044.514407,grid_0639_y480_z460,480.752,477.762,459.353,101.13395225145702,0.578,-0.1824262146117629,0.019745901925732393,0.4238049500350125,1,-0.09635885035247967,0.054013049042861,0.42479568619149405,1,-0.017456404726881074,0.06151519111455885,0.43116339120333347,1,0.06342820394192722,0.037166784297117374,0.42850372718920865,1,0.15354962752577442,-0.012061914767901243,0.44286366146991923,1
1045.612483,grid_0640_y485_z460,481.131,482.721,459.538,100.17015276518245,0.846,-0.176419484850691,0.019666072876802262,0.42326425460440803,1,-0.09030953845626394,0.05327559674487423,0.4219736039993494,1,-0.012950596064158446,0.061051615629672255,0.43119009248980644,1,0.06626660941154958,0.03663652684751192,0.4284249060913763,1,0.15212708983833853,-0.012021342019853104,0.43650218912457023,1
1048.277191,grid_0641_y490_z460,481.004,487.455,459.599,99.55449395682746,2.474,-0.17016230568721605,0.019525705516678316,0.421340732530377,1,-0.0864169520490798,0.053016265697680885,0.42108317931326394,1,-0.009896681837348292,0.06005373432883998,0.4288421300457295,1,0.06811269139221682,0.03646001586183139,0.4285065559839909,1,0.15254898102730202,-0.012119015129674691,0.4370111093754993,1
1049.310493,grid_0642_y495_z460,481.173,492.567,459.838,98.9880452428473,0.793,-0.16590352155031027,0.019673614538365327,0.4245133834836245,1,-0.082068014115967,0.05253223081441131,0.41672424929799806,1,-0.008705687135991102,0.06098993628716362,0.4328055561270427,1,0.06939362991652692,0.03693408628683406,0.4352739306179672,1,0.15046952671594876,-0.011983455859507242,0.4313234449588179,1
1050.968731,grid_0643_y500_z460,481.272,497.568,459.637,99.11712630015053,1.416,-0.16016594642388446,0.019678660456771878,0.4237659758179055,1,-0.07696366141852821,0.052567428260776504,0.4152700376135973,1,-0.0048518126476109315,0.06041349103809041,0.43039002271947707,1,0.07086450705569952,0.03658565566747949,0.431820989041505,1,0.15528544553221343,-0.012100067716493516,0.4441174778421118,1
1055.871219,grid_0644_y505_z460,481.268,502.613,459.706,99.22473305582629,4.672,-0.15443132589656858,0.019671761621794178,0.42376397233185287,1,-0.07408833798202216,0.05277637831980325,0.4214101738754379,1,-0.002094562415264917,0.0599527691242861,0.43007054529394545,1,0.07039169976474513,0.03527784278621216,0.4200654521403559,1,0.1559956429129661,-0.012100644965648987,0.4461699196781425,1
1061.225152,grid_0645_y510_z460,481.344,507.432,459.281,100.05886650367367,5.143,-0.14511587058157646,0.020021924044638446,0.4132742306429693,1,-0.06933224972642221,0.052613259772836936,0.4169014419144752,1,0.0006934941936928371,0.05976099933059312,0.4298760486197722,1,0.07307553749479094,0.03569982867672578,0.4270550531399888,1,0.1531749044609001,-0.012102872396062293,0.43591811782810325,1
1062.678303,grid_0646_y515_z460,481.338,512.609,459.336,100.69533318878283,1.182,-0.1434534522913621,0.020770992532692687,0.42402521496127504,1,-0.06642667623899179,0.05348859272213094,0.42828144706133225,1,0.0037998069365120656,0.058704775458606494,0.42666357313573294,1,0.074161821452866,0.03496173768507513,0.4239323568746147,1,0.15333864128543426,-0.012133145347557439,0.4355798373032455,1
1064.226073,grid_0647_y520_z460,480.992,517.663,459.618,101.32181069246636,1.297,-0.13732096343445852,0.019643708622008992,0.42389360118059766,1,-0.06153703593410801,0.05265974601165057,0.4243418246660946,1,0.006925793826951018,0.05900023612092365,0.430005513433709,1,0.07664010144636914,0.03532321087834543,0.42936389537933234,1,0.15014311741202005,-0.012090435925491106,0.4260948174505022,1
1071.246058,grid_0648_y525_z460,481.225,522.602,459.716,102.38261653229999,6.759,-0.1306878190727948,0.019486435586904716,0.4198874388151191,1,-0.057580245410392784,0.05278474193085614,0.4273959515893089,1,0.009811124019857911,0.058513553044237776,0.4302919556407901,1,0.07691620704958473,0.034793840889813514,0.42237497144800695,1,0.15724413952905894,-0.012110419458960506,0.4464179603926925,1
1072.56987,grid_0649_y530_z460,481.423,527.629,459.341,104.14286891573514,1.061,-0.12726792463069805,0.020595807431984928,0.4240083204210441,1,-0.05367559713467046,0.05272898567735884,0.42704213573385646,1,0.012415383268307467,0.058381964188128084,0.4310006857212594,1,0.0800286347336155,0.03506521535294136,0.43066635140465054,1,0.15485972832003156,-0.012125205029188825,0.43711425045444413,1
1073.274144,grid_0650_y535_z460,481.345,532.624,459.199,105.86576085307274,0.454,-0.12051868272501431,0.02062583468522473,0.41986450253347946,1,-0.04875468313999157,0.052394719200569616,0.4241781470334862,1,0.015367623260956436,0.057722855866216304,0.4260444699931057,1,0.08115290132709148,0.034631742653240934,0.4280403138746849,1,0.1523542289410906,-0.012181352389189324,0.4292659964386876,1
1074.95382,grid_0651_y540_z460,481.412,537.488,458.888,107.90875672066656,1.408,-0.11251391985751337,0.020953699301655918,0.4120528382604803,1,-0.04375529365570613,0.051818757297127864,0.4197506318403002,1,0.01836338055058622,0.058114802499489776,0.43035787084921545,1,0.083452263026423,0.03445814208324386,0.430366329835633,1,0.15118173668250814,-0.01217089804232972,0.4258098508010118,1
1076.214948,grid_0652_y545_z460,481.622,542.285,459.628,109.15850844528791,0.97,-0.10938404354808486,0.02053997726792364,0.4201644678260381,1,-0.03922549485182458,0.050497486783551114,0.4156150253768769,1,0.021172633977437707,0.056885612081738535,0.4294783697336289,1,0.08489262796891751,0.03371942964504789,0.4299729316984897,1,0.1521638161937805,-0.012334029480810632,0.4284186185724172,1
1078.695949,grid_0653_y550_z460,481.501,547.272,459.613,111.34242200078097,2.198,-0.1039529588702388,0.020605903868093616,0.4204555137683226,1,-0.03482927678009057,0.050188214210085395,0.4146622363672037,1,0.023948728474347838,0.05657919153906258,0.42832774401435564,1,0.08730651408843311,0.033564587676801365,0.43314969004696846,1,0.15452642707695854,-0.012578733129602442,0.4340469026273304,1
1079.884512,grid_0654_y555_z460,481.617,552.261,459.209,114.05791079096612,0.897,-0.0966476404481803,0.02047916067385891,0.41138030667986986,1,-0.030670748349911972,0.05083347088309806,0.41670498701098957,1,0.027138368012954717,0.05665794232166218,0.42984532156731053,1,0.08885137021976762,0.033496648292894234,0.43209749021153215,1,0.15868876794298512,-0.013172101992852429,0.4442177721829408,1
1091.870426,grid_0655_y560_z460,481.596,557.418,459.479,116.42959311961884,11.665,-0.09072696685671794,0.02015348801643861,0.41094236462683337,1,-0.026443262826005256,0.050525083589619636,0.41789053903566464,1,0.03040417334220365,0.056314535047580105,0.43019418667471415,1,0.09282756034853586,0.03377340975323563,0.442358183866086,1,0.15593039521974045,-0.012730881752344358,0.43638792033423374,1
1093.036757,grid_0656_y565_z460,481.416,562.587,459.445,119.22772007800867,0.855,-0.08614447436175704,0.020750458351731893,0.41722167888883366,1,-0.021773612537869063,0.05028544713146647,0.4199296221003352,1,0.03319808863439266,0.05572030717993696,0.43134642066733697,1,0.09278165335188275,0.03227199580263806,0.43406208421136155,1,0.15890369284414455,-0.013137278014956712,0.44346334394364706,1
1093.978202,grid_0657_y570_z460,481.502,567.443,459.282,122.11910737472654,0.621,-0.08080795784546335,0.02094255282824362,0.41472302798277894,1,-0.01795141456258881,0.050344267409286526,0.42199417372352105,1,0.03563539871097505,0.05508057826176571,0.42875344702004653,1,0.09452810354312143,0.03216340930059597,0.4341139310755188,1,0.15997165580868705,-0.013207438772770372,0.44560046517602886,1
1094.279901,grid_0670_y570_z465,482.286,567.917,461.71,120.484351224547,0.289,-0.08102980088859184,0.020233998001703623,0.4176538329953537,1,-0.017796852881146397,0.050111553643966446,0.4238265316490297,1,0.03567009779523355,0.05479387261289433,0.4273996128517996,1,0.09363234646969056,0.03180642500906008,0.4303523997478494,1,0.15934766465587005,-0.013094288938941634,0.44353249009092477,1
1094.692511,grid_0671_y565_z465,481.991,567.199,462.696,119.24791653106557,0.401,-0.08010234692950315,0.017384645972637777,0.41214503302329925,1,-0.017796912252175345,0.047551707162178186,0.4200159310397493,1,0.035851955699111926,0.05309713612525663,0.4281138042444496,1,0.09432492002818214,0.03129424057599174,0.43286799860464065,1,0.1593996620842483,-0.013096222499873265,0.4433934519334848,1
1096.615911,grid_0672_y560_z465,480.582,563.169,463.612,116.07315116770107,1.633,-0.08649214637298312,0.01631648254939178,0.4238649195691641,1,-0.021109071049471576,0.04586418671149811,0.4155711314316238,1,0.03354989868400463,0.05324496206517776,0.4311437859539689,1,0.09292093347958531,0.03152328995341677,0.4341989152040164,1,0.15561452973170306,-0.012804330720257849,0.43475358170782985,1
1098.241402,grid_0673_y555_z465,480.17,558.038,464.251,112.6519667027611,1.294,-0.08967555113458418,0.01486625925568938,0.41101520197615254,1,-0.025997520518679634,0.046118426530682266,0.420583534501568,1,0.029539394069295358,0.05211825237704793,0.4243042218348653,1,0.09068423065829295,0.03144711139565027,0.4334757621651186,1,0.1590118143344164,-0.01317629810469916,0.44488851626451414,1
1099.405035,grid_0674_y550_z465,480.139,552.978,464.061,110.13621341320932,0.853,-0.09613989006595831,0.015019213446161103,0.4154620325829699,1,-0.031186353830957896,0.04750248815502534,0.4292859290767082,1,0.026849292997787818,0.052975142494565676,0.4259985124133578,1,0.08910494754771818,0.03211453395864922,0.4334015910722062,1,0.1597821691130854,-0.013287652192787857,0.4470136652470842,1
1100.474539,grid_0675_y545_z465,480.275,547.913,463.68,107.97424102534822,0.799,-0.10238973036784184,0.015282506809888068,0.4191627003884791,1,-0.03548966786864726,0.048048654920358834,0.4278940615710454,1,0.024211062568422082,0.054175225887368644,0.4284308248646454,1,0.08780449705689937,0.032750560068847544,0.43499501896588466,1,0.1557888567480172,-0.012776186283586283,0.4374791503917706,1
1102.076725,grid_0676_y540_z465,480.517,542.856,463.854,105.52350005567477,1.349,-0.10987482237263814,0.015333108397303343,0.42521011308454576,1,-0.03895021807320659,0.04749920895274449,0.4199683037560222,1,0.02156466154183409,0.05452589708091984,0.4284772612823439,1,0.08508008109242533,0.032495078388056854,0.4290308414840414,1,0.15509655069799194,-0.012699408735166283,0.43660152905230576,1
1102.790284,grid_0677_y535_z465,480.697,537.816,464.074,103.22410505303493,0.453,-0.11467938810038424,0.015216427612712358,0.42325369927699796,1,-0.04437787690624235,0.047707447137125325,0.429709296067504,1,0.018672686211471282,0.054675649941666654,0.43145961488274837,1,0.08463365890910761,0.0328745021105309,0.43538842784202275,1,0.15401732625720468,-0.01261652880093309,0.4342253650035759,1
1105.290117,grid_0678_y530_z465,480.465,532.643,464.324,101.0230762994277,2.2,-0.11525298696416474,0.014046304509173616,0.40528226008037077,1,-0.049007046019312474,0.04777696251343349,0.43079003262427573,1,0.015605235537770804,0.0544958926389798,0.42871576526214633,1,0.08329772877255108,0.033296831949750604,0.43759734321802607,1,0.15401732625720468,-0.01261652880093309,0.4342253650035759,1
1107.050567,grid_0679_y525_z465,480.467,527.516,464.233,99.3967865728062,1.508,-0.12301915856607187,0.01412906112721029,0.41281848996917536,1,-0.05321533914723401,0.048302964616788374,0.42887849544348144,1,0.012475605740638392,0.05494999200900624,0.4305632454851401,1,0.07981771543076274,0.03285062805210009,0.4295034932471829,1,0.1591742791092445,-0.01283729275282468,0.45024524527913384,1
1114.842671,grid_0680_y520_z465,480.439,522.509,463.937,98.23913339397896,7.512,-0.13108612005964893,0.01507788512831599,0.4222345376110688,1,-0.058001709764800534,0.04898766786532727,0.4312562901968908,1,0.01001521438214917,0.056089387240862286,0.43216325015373097,1,0.07783054432427938,0.03361448775166828,0.4270527377525519,1,0.14872992277370967,-0.01205797963363823,0.42281240917056356,1
1116.082674,grid_0681_y515_z465,480.563,517.692,463.814,97.20864202322748,1.009,-0.137196386895604,0.015281603427346436,0.4238812826017791,1,-0.061975877549804465,0.049413144332751215,0.42831791084969906,1,0.006930136535387619,0.05631741591106382,0.43048768280719996,1,0.07627310461699312,0.034016392486422596,0.42690094883086127,1,0.1495964840338672,-0.012088622753182498,0.42453539852536054,1
1118.675141,grid_0682_y510_z465,480.401,512.666,463.487,96.55550439514046,2.321,-0.14273630762845055,0.015259017282865736,0.4235628396278122,1,-0.06562317585231102,0.04906067409905992,0.42311113659374167,1,0.0037305799037450544,0.05653585420794535,0.42988605371612704,1,0.07378777588870092,0.0337382475136259,0.4228925466642634,1,0.1538009982680841,-0.012166788908080721,0.4372677625302804,1
1123.744081,grid_0683_y505_z465,480.401,507.652,463.828,95.51173923659853,4.857,-0.14879849258799757,0.014987454450140427,0.42528996327468177,1,-0.07063038559978148,0.0495281050333622,0.42759937849599766,1,0.0006500928665085119,0.057274936278657686,0.4323505925999174,1,0.07435487920798535,0.03521628261461752,0.43533947239396625,1,0.1530338030883548,-0.012122749974594867,0.4351075452568842,1
1124.433119,grid_0684_y500_z465,480.555,502.513,464.281,94.6141454646185,0.457,-0.15311079587108747,0.014224128443985165,0.4220058780753359,1,-0.07495001834176164,0.049451854815797835,0.4289891001276838,1,-0.001735766285373493,0.05694773910582442,0.4303762499434121,1,0.07148982243548933,0.03444432301153929,0.42565508385623,1,0.15547574981126913,-0.012100454435879848,0.4441235850778205,1
1132.746177,grid_0685_y495_z465,480.431,497.576,464.357,94.35117587502545,8.061,-0.15979196534557275,0.014178972962746518,0.4232907046803927,1,-0.07931072481999077,0.049365445939741924,0.4267788013680683,1,-0.004644412896237934,0.055874551348639966,0.4215107710874381,1,0.07032833166488021,0.03473166634561616,0.42859306361592714,1,0.15315485338995546,-0.012098335969027103,0.43796015233401975,1
1133.349328,grid_0686_y490_z465,480.628,492.679,464.159,94.63893923222085,0.399,-0.1636396737979423,0.014228884065664376,0.42199227705957615,1,-0.08308078099366135,0.04948144664393794,0.42735671706068273,1,-0.007807320124101677,0.05702100567291271,0.42821745415970563,1,0.06884616313664395,0.03493601833401994,0.4290193586469883,1,0.15166445841858192,-0.012129980569316528,0.43402542027051944,1
1136.243439,grid_0687_y485_z465,480.445,487.67,463.696,95.4272634837654,2.643,-0.16749002244795733,0.01446625042966447,0.4153564490581207,1,-0.08825913057248236,0.05040476416035974,0.428948110190632,1,-0.010581192489982238,0.05748228788676641,0.42535177985675454,1,0.06715073396376704,0.03521963536694455,0.42767660206703745,1,0.15251562277457126,-0.012154419667504522,0.43671942048105133,1
1137.272919,grid_0688_y480_z465,480.591,482.874,463.801,95.90161279665735,0.849,-0.1718435102799746,0.014113238135762174,0.41280953644349827,1,-0.09005995598456706,0.04930229359714778,0.4196371215100352,1,-0.013117522634643096,0.058189489904124314,0.4290603177268187,1,0.06682729736356932,0.03592938345550224,0.4338424417527407,1,0.15332375967170486,-0.012104129915904295,0.44049934768060534,1
1140.133091,grid_0689_y475_z465,480.465,477.726,463.953,96.61669990741764,2.6,-0.18121253137118046,0.014158273902365131,0.42205528103948414,1,-0.09545487591602005,0.04985609059373198,0.4257002522349016,1,-0.016019299118432934,0.058527523691519014,0.43055242762708423,1,0.06402391417512368,0.035741336232393124,0.4271441917855016,1,0.15336203469729906,-0.01209215212147817,0.4418832845539435,1
1141.594272,grid_0690_y470_z465,480.424,472.65,464.192,97.50231039826693,1.241,-0.18220466253947845,0.013584926387768205,0.41192444635355735,1,-0.09961973507403261,0.04995410211003285,0.4235775749096354,1,-0.018971790494693063,0.058117888267664945,0.42530208411618525,1,0.06313439715728207,0.03618557744196412,0.4305755045227914,1,0.15176918918614005,-0.012091851476415177,0.4378073628780332,1
1143.030266,grid_0691_y465_z465,480.331,467.724,464.403,98.62154245903876,1.243,-0.19050859557916897,0.013310527412919397,0.4182710541237195,1,-0.10301727385718883,0.04902408238543373,0.4195331551703864,1,-0.022353418843496644,0.058885304589198446,0.4308284449768121,1,0.06171588255702831,0.03646167673599622,0.43283189885170975,1,0.1515677817434478,-0.012028869599667721,0.4381745208283285,1
1144.651155,grid_0692_y460_z465,480.45,462.648,464.201,100.42320220944951,1.409,-0.19514829077832405,0.013424009050591913,0.4155686311858749,1,-0.10826304823545956,0.04980816494986858,0.42218572356649925,1,-0.025616987656153802,0.059138441848639166,0.4316068666628974,1,0.05913677660258907,0.036220463268711686,0.4283883245140756,1,0.15226587466283564,-0.012085442233603751,0.441763467517708,1
1145.395424,grid_0693_y455_z465,480.841,457.512,464.191,102.30840071567924,0.573,-0.20193172729873984,0.013458534079795163,0.4182300866263031,1,-0.11190369307905058,0.050106927541972046,0.42234413229933265,1,-0.028244628850470927,0.05955178586413069,0.4319190506270914,1,0.0577088094530713,0.03643791191311436,0.4258148385879818,1,0.15127660206728494,-0.01211291213308427,0.4389449369272862,1
1146.042516,grid_0694_y450_z465,480.81,452.716,464.269,104.16334486756841,0.456,-0.20831224361774933,0.01333843543403176,0.4203015642765789,1,-0.11651345559926217,0.049813432755483465,0.4227138935943484,1,-0.030832043033772672,0.05909139181782392,0.4287007218049193,1,0.05666746732743394,0.036464381498788535,0.4293558277171576,1,0.15075231344835935,-0.012098917341337362,0.4382887492006787,1
1147.560868,grid_0695_y445_z465,480.891,447.635,463.996,106.65150127869741,1.298,-0.21335572809905803,0.013401753298554983,0.4194043581814571,1,-0.12059059905755463,0.05032922544696405,0.4249209018443314,1,-0.033126639036107304,0.05976997855431606,0.43228412769956187,1,0.055117979140482866,0.03635643930775972,0.42557782278603695,1,0.15088381867649758,-0.012110259956311195,0.4391874664440905,1
1148.176644,grid_0696_y440_z465,480.844,442.574,464.103,108.97306761764573,0.404,-0.2177086333447293,0.013262265980267652,0.4181662766399375,1,-0.12405717798191278,0.049921294365413815,0.4225093054548248,1,-0.03689046215523074,0.05937609774555753,0.43048330384688605,1,0.053259972689908515,0.03694825425677686,0.4277375776030841,1,0.15127281242327895,-0.012134510894321418,0.4416383870340978,1
1149.218687,grid_0697_y435_z465,480.832,437.491,464.362,111.36152140663303,0.86,-0.22099355335855567,0.012595648126302946,0.4127305096317761,1,-0.12890003966915026,0.05035864501293713,0.4232778163393624,1,-0.0395236172215166,0.0604364322198124,0.43256791701139186,1,0.05198436589957791,0.03728419590001237,0.428216232179179,1,0.1498829687801616,-0.011950370614240771,0.4384385270475915,1
1150.62822,grid_0698_y430_z465,480.743,432.718,464.454,113.88644821926789,1.248,-0.2299027766949838,0.012905847869897754,0.4197112914713516,1,-0.13391698658594367,0.05083695568807738,0.42679444512547365,1,-0.042180882953341194,0.0602934054094871,0.43056815553098665,1,0.05106023547831529,0.03746756955842944,0.43084783214070604,1,0.1499688581714502,-0.011925246918737052,0.4391456455848191,1
1151.850891,grid_0699_y425_z465,480.948,427.552,464.527,116.81607470720796,1.019,-0.2322630412814477,0.01217335017024371,0.4132438587225841,1,-0.13730270331943814,0.05020593928999285,0.4232660709182318,1,-0.04540837790336227,0.06020368656740588,0.4315700831807808,1,0.049153925490431384,0.037458965730144,0.429199397101694,1,0.14973639296634894,-0.011868764676982837,0.43942779834815315,1
1152.486774,grid_0700_y420_z465,481.023,422.522,464.429,119.93971839636775,0.455,-0.24127046819014034,0.01245111435414719,0.41934945847286526,1,-0.14188722956213556,0.049983061694269526,0.4224793420099278,1,-0.04847745270631859,0.059780262196198995,0.4285052580764157,1,0.04754891375772783,0.037781025973633704,0.4316295700790982,1,0.1500848040938386,-0.01192940731402941,0.4414794647261652,1
1155.432885,grid_0701_y415_z465,480.991,417.673,464.475,122.95750548055204,2.765,-0.24312549208793735,0.012161490795635228,0.4129735791060211,1,-0.14646480555690083,0.050950393404360104,0.4245333735520271,1,-0.05097172305530539,0.061115929775240045,0.430366376053874,1,0.04538197097668023,0.03748342208363315,0.4222801887057455,1,0.14928919270654895,-0.011799849485837196,0.4401587767708379,1
1156.026063,grid_0702_y410_z465,480.918,412.728,464.276,126.3338980044548,0.402,-0.248372386327921,0.012271306154464182,0.4153538513736148,1,-0.14970474638080908,0.050690225689812435,0.4245789461804574,1,-0.05340644345364808,0.06086724218113019,0.4315902019783649,1,0.04495930368755146,0.03802863321643344,0.4304047040486148,1,0.1485304144340244,-0.011867858110989364,0.4384482223034924,1
1156.591179,grid_0703_y405_z465,480.99,407.797,464.238,129.69200707059778,0.404,-0.25358604408445057,0.012314568907425133,0.4150489311997619,1,-0.15266788699153333,0.05040826508310802,0.4223876655441659,1,-0.05612521222655616,0.06046634701752637,0.4319769447554706,1,0.04376321288932294,0.037877768183929704,0.43040960901228015,1,0.14832913847794135,-0.011667187995969807,0.4387518933293266,1
1157.392611,grid_0704_y400_z465,481.033,402.865,464.42,132.99162521377045,0.62,-0.26007944372520725,0.012086382836537351,0.415307007079252,1,-0.15867638277904728,0.05074861105445703,0.4246176655844632,1,-0.05962371521448204,0.06119435969971426,0.4311105316602751,1,0.041017721845492267,0.03772271531281178,0.4228265851039909,1,0.14724671857569185,-0.011463646944865081,0.4368212144966219,1
1158.255755,grid_0705_y395_z465,481.132,397.598,464.621,136.62238426407288,0.683,-0.26315582525556763,0.011426714291020884,0.41143803336086765,1,-0.16325613661472552,0.05081122621273443,0.4257587160702192,1,-0.06228752450599837,0.06100060482993556,0.43109972989103423,1,0.03967108113352737,0.03807713562382981,0.42496315525562506,1,0.1460596779725211,-0.011325552061700613,0.43387760708559564,1
1159.846971,grid_0706_y390_z465,481.117,392.416,464.559,140.46427221539287,1.298,-0.27041377060802324,0.011441768446520525,0.41362066557853105,1,-0.1658214751749888,0.05088409431854158,0.4230037186881866,1,-0.06470925914854998,0.06146936056514577,0.43201683738300073,1,0.03934570696541732,0.0386190292841806,0.43036533499573876,1,0.1462393825065704,-0.011444350567157572,0.43458489483046253,1
1160.85853,grid_0707_y385_z465,481.182,387.184,464.691,144.30546073520568,0.79,-0.2775309519106312,0.011225291068024291,0.4153237369415783,1,-0.1720159149402047,0.050386266899050035,0.424199126394367,1,-0.06869851046547991,0.06094662704795938,0.4308468949714696,1,0.03716127457199848,0.038459254261655584,0.4306281669870235,1,0.14711624609555388,-0.011574955037850667,0.4383171104293985,1
1162.063351,grid_0708_y380_z465,481.119,382.366,464.458,148.137397520005,1.022,-0.2818747073668795,0.011223979835115165,0.41388779197660247,1,-0.17557224649955294,0.05135808070394881,0.4242062961269337,1,-0.071370734111447,0.061988723524148,0.431594398818975,1,0.03546598459659716,0.03893970223912807,0.4282650519448936,1,0.1474222147856402,-0.011548173589449609,0.43999395370291206,1
1163.100521,grid_0709_y375_z465,480.953,377.55,464.524,151.8344566690973,0.796,-0.28668746109783555,0.011216117121145218,0.41365553222334456,1,-0.18127203604515482,0.05098481586680289,0.42668435945829103,1,-0.07408499453966964,0.061225941084168616,0.4283656831096745,1,0.03325500677457397,0.038593213960339594,0.42488672990502346,1,0.14659083158655975,-0.011392219673932488,0.43848339097721106,1
1163.703879,grid_0710_y370_z465,481.271,372.383,464.46,155.97189807462112,0.401,-0.2918541396318087,0.011124709067787002,0.4138846970055107,1,-0.18389250809430333,0.051301440628872014,0.42557829925988977,1,-0.07669990618690146,0.06177472521131613,0.4310351265167817,1,0.032467954057030284,0.03893892939706152,0.4278885155646826,1,0.1456906387584377,-0.011329904677936984,0.43651499782428776,1
1164.629198,grid_0711_y365_z465,481.201,367.635,464.629,159.67710956176526,0.674,-0.3021325776609867,0.01098982830965032,0.4195450374874188,1,-0.18808732101976364,0.050415371766166305,0.4234911889766723,1,-0.08010570314393532,0.06142252290970441,0.43039002873511284,1,0.03088312246382659,0.03885380305617795,0.4266318588314056,1,0.14669605924821497,-0.011393628859680949,0.43941698884418434,1
1165.919193,grid_0712_y360_z465,481.323,362.427,464.52,163.98039977082624,1.07,-0.30344565457147155,0.011107896473443122,0.4135906885273697,1,-0.1919993298136251,0.050940306910136485,0.4238611083084726,1,-0.08237953742254105,0.06189965871044666,0.42920938834536776,1,0.029522273229267818,0.03942681647570517,0.4282390275392934,1,0.1451926147750669,-0.011342379480119997,0.435660380122618,1
1166.774276,grid_0713_y355_z465,481.461,357.437,464.523,168.0925319637966,0.673,-0.31225288089552766,0.011123113257751937,0.417994613813925,1,-0.19493714336717452,0.050757223900624114,0.4195690852952367,1,-0.08579541458819191,0.06190468887443529,0.430108001000367,1,0.027222514646834273,0.03918152015412319,0.4259857867624693,1,0.1437307064005886,-0.011159703941003116,0.4332706495336119,1
1167.955821,grid_0714_y350_z465,481.221,352.618,464.23,172.25420890068258,0.96,-0.31491394824608393,0.011176835041612316,0.414793820557096,1,-0.1995668444038862,0.05148435828469283,0.42262315513977516,1,-0.08767532802499102,0.06255084715570111,0.4310974238658917,1,0.027158021149682018,0.03935631637636333,0.42564283258491936,1,0.14421876535363876,-0.011298143534812037,0.4343464729439683,1
1174.113028,grid_0715_y350_z470,480.139,351.535,467.959,171.11851203771022,5.796,-0.32648586784129324,0.007415036992919222,0.4298189888972239,1,-0.20184581893793765,0.04852050892493795,0.4254935358046386,1,-0.08857510035780253,0.05997723373317482,0.4291964613260418,1,0.026380341291617163,0.03882746888116098,0.4318178509002855,1,0.14352998689088883,-0.011272496025915879,0.4331961223330347,1
1175.819916,grid_0716_y355_z470,480.727,353.182,469.114,169.1324350206074,1.694,-0.3141577867747482,0.005758502596519797,0.414941457027233,1,-0.2009750489849622,0.046978417688616936,0.42539234149692834,1,-0.08802511593931205,0.058467342635544935,0.427741630866874,1,0.02642388431758993,0.03836012673463262,0.43164721438166764,1,0.14326076949765268,-0.011256502916269215,0.4325393663187016,1
1177.712696,grid_0717_y360_z470,480.665,357.905,470.294,164.50784439959088,1.683,-0.30917165064416346,0.004595265129837124,0.41540732435676747,1,-0.19638863359942504,0.045875236943670405,0.42351723610337927,1,-0.08571904056451922,0.05804819111981055,0.42938665985369345,1,0.02755298059699662,0.03739503195604039,0.42807748174384647,1,0.14377386804592554,-0.011270351617596805,0.43316064088612355,1
1254.095616,grid_0718_y365_z470,480.76,362.928,469.773,160.58629661960572,76.102,-0.33685394231248594,0.005519412124214018,0.4608681950259336,1,-0.1977034518779703,0.04781884662425203,0.43647185113446,1,-0.08242467647634005,0.05881080701843983,0.4309348078620909,1,0.0298915214948528,0.03779862840071256,0.4292121243319287,1,0.1448717156547644,-0.01156364590202416,0.4355794224030273,1
1261.805491,grid_0719_y370_z470,480.707,367.952,469.728,156.45186073677738,7.478,-0.29756145392777317,0.005628785920396313,0.4144043494742295,1,-0.18708707135592093,0.0463842036606457,0.42227590409091115,1,-0.07856722125290484,0.058354147574091686,0.4261178302227208,1,0.031275474375387864,0.03806639201234335,0.4313156082740055,1,0.1491808990655227,-0.011575033736523388,0.44768819056911874,1
1264.377414,grid_0720_y375_z470,480.754,372.834,470.007,152.30191387503965,2.31,-0.28979417515773015,0.005007921904470821,0.4110880072968277,1,-0.1811607219379688,0.04585855837041212,0.4192621610160183,1,-0.07625172459404979,0.058900383810782886,0.4293790768715496,1,0.03218695203357012,0.037350949879155,0.42330307194021927,1,0.14584416107878284,-0.011346069413373149,0.4365189013307475,1
1266.542359,grid_0721_y380_z470,480.697,377.884,470.199,148.10967571701715,1.912,-0.28520271338372044,0.004949558146019426,0.4123295369640059,1,-0.18159537947129953,0.046784881090974006,0.42898557135187776,1,-0.07388243257904992,0.05900833634664179,0.43077386140613355,1,0.03394468151115643,0.03772897151595706,0.42904605908708454,1,0.14669117285121971,-0.011434654494263516,0.4386933969559008,1
1268.18819,grid_0722_y385_z470,480.684,382.856,470.193,144.15754816866163,1.465,-0.28439903839126607,0.005075090953979487,0.4190766458113487,1,-0.17590267357787173,0.045761501860248556,0.42633924306455856,1,-0.07124503179484705,0.05847565720171171,0.4331016430245424,1,0.03567562828886856,0.037151108619489344,0.42949999438497294,1,0.14670378184163113,-0.01153862454720953,0.43787815508286093,1
1268.765833,grid_0723_y390_z470,480.628,387.75,470.506,140.12833007283,0.397,-0.2766282174032783,0.004752831620805157,0.41416144123485427,1,-0.17212483818315535,0.04644742547411684,0.42542415381433213,1,-0.06864363184404391,0.05869242668910061,0.43335203117591026,1,0.03686848326842765,0.03740788435131423,0.426646687978346,1,0.14699300371082868,-0.01158818563401256,0.4385144940482509,1
1270.873529,grid_0724_y395_z470,480.722,392.707,470.478,136.3353802136481,1.865,-0.2696987954874465,0.004884405868259033,0.4135252261474552,1,-0.16858842058781945,0.04666559233592657,0.42856585882435927,1,-0.06546720849801912,0.05863487398562911,0.4311741996982859,1,0.03817611886216236,0.03740550044099639,0.4266236002136883,1,0.1468723778572396,-0.011546474858193977,0.4372875625223869,1
1271.557686,grid_0725_y400_z470,480.74,397.898,470.488,132.4158244206484,0.462,-0.2635340198206382,0.005242024343277731,0.4128412734734464,1,-0.16180467764324713,0.045299339321479816,0.4243212522090627,1,-0.06169908963429067,0.05754503019129481,0.4325321223287677,1,0.040673020691137866,0.03638459110516856,0.42783398134147155,1,0.14556627704017602,-0.011538244485807583,0.4320513807542921,1
1272.390251,grid_0726_y405_z470,480.747,402.989,470.015,128.98944680089141,0.68,-0.2602251727479645,0.005830746953906614,0.41585480674946007,1,-0.15905220629044506,0.04659733126614394,0.426429533151655,1,-0.06027127476259055,0.059118500323722345,0.4335084536259413,1,0.04134581705866263,0.03743542941919931,0.42681695122855495,1,0.1462453781664181,-0.011381722337675986,0.43402311080803707,1
1275.614514,grid_0727_y410_z470,480.882,407.789,470.331,125.3332430083894,3.042,-0.2534477056033659,0.005702117059923635,0.4129544742987586,1,-0.15480396164856838,0.045731240364174336,0.42489287454510366,1,-0.057032758066936494,0.057932958086422744,0.43279526770962845,1,0.043275461503853134,0.036913283681077484,0.43037837752222274,1,0.14672454034399626,-0.011603745003182661,0.43441832219275783,1
1276.983379,grid_0728_y415_z470,480.973,412.784,469.634,122.35431248631978,1.237,-0.2539089860295743,0.0068129748453701735,0.4231955127715068,1,-0.15107013966584756,0.046958279725483214,0.42722219596424993,1,-0.05422960091493915,0.058259533704568295,0.4333110535297037,1,0.044629680657443334,0.036614329057981905,0.4272175421162332,1,0.14705697973423282,-0.0117805487965133,0.4336812838592103,1
1278.29764,grid_0729_y420_z470,480.936,417.938,469.987,118.61648220209528,1.074,-0.24116883189510685,0.006043583737935416,0.41148284022273907,1,-0.14500601391542375,0.045271315692560495,0.42121974337953966,1,-0.05101272195353776,0.057796175010494284,0.4327812094245016,1,0.04658176466440927,0.03650913754989369,0.42986254408751107,1,0.15094169015097245,-0.01206958251750382,0.44507799629580364,1
1279.678104,grid_0730_y425_z470,480.955,422.715,470.205,115.33728570588089,1.239,-0.2364455950396763,0.0059245378553782375,0.4121213852604302,1,-0.14178830489983352,0.045701133594289255,0.42544427459301154,1,-0.047585057549657084,0.057289586536050645,0.43119672033461875,1,0.04814031849379279,0.036351338220034946,0.4291089504136958,1,0.1501667832178558,-0.01197638666245516,0.44162612338057383,1
1280.791103,grid_0731_y430_z470,480.908,427.85,470.339,112.00804507712823,0.97,-0.23271913677878928,0.0058820188376039915,0.41475554810026466,1,-0.13637685295447252,0.04497560793151925,0.41786881153826094,1,-0.04601416569545538,0.05731800713535993,0.4320795853630688,1,0.04887662140116301,0.036212661706537155,0.43177221471008304,1,0.14863093333247165,-0.011947104265028914,0.4365645735775479,1
1282.552535,grid_0732_y435_z470,480.798,432.885,470.468,108.8782906460236,1.478,-0.22634934015780436,0.005822149434811914,0.41373092623223434,1,-0.13441012636377295,0.04542265645342922,0.42879940605927797,1,-0.04196279274879542,0.056493611061139794,0.4309899426303299,1,0.05106492086362265,0.03562572419195685,0.4297170704833048,1,0.1491978221648421,-0.012016934150053537,0.43723583704969243,1
1283.374417,grid_0733_y440_z470,480.888,437.747,469.951,106.54040984997188,0.681,-0.22527990633959602,0.006527354169817007,0.4212631716530925,1,-0.12888171157852227,0.04584538339084666,0.42407626658170616,1,-0.03917005752093804,0.05739031006640969,0.43150790898022545,1,0.052142409888518225,0.03605256700605086,0.42601357596270883,1,0.15116405289603246,-0.012123866289442642,0.4415522851076905,1
1284.876013,grid_0734_y445_z470,481.255,442.75,470.097,103.75924876848326,1.3,-0.2196942841604156,0.006790128627397145,0.42072850612686513,1,-0.12522400586275897,0.04573129874092174,0.4249217746174619,1,-0.03702758871769803,0.05710267118096058,0.4312145504412235,1,0.0536982914621568,0.03574430218304427,0.42970368161236666,1,0.15123823200970557,-0.01212144470378732,0.44149143519977113,1
1286.222087,grid_0735_y450_z470,480.999,447.745,469.82,101.48070376677525,1.194,-0.21110149601637732,0.006889488406772569,0.415077122146096,1,-0.12052472006665589,0.04536191603009986,0.4238795985122353,1,-0.03325345690015799,0.056036123491581186,0.42905890600969326,1,0.05573604398865223,0.03548048098617228,0.431462265688573,1,0.1511001172803387,-0.01210580814257973,0.4403289645197921,1
1288.16233,grid_0736_y455_z470,481.173,452.899,469.945,99.0016707636795,1.739,-0.20653164171267205,0.006957872583319352,0.4166910557128036,1,-0.11696706470051715,0.04467048992366305,0.4216145415418839,1,-0.03213856572453234,0.05614507411522643,0.4298308182987916,1,0.055854915394176065,0.03522519597188702,0.4279081911420677,1,0.15031364189559668,-0.012064856028519864,0.4376692224414969,1
1288.701788,grid_0737_y460_z470,480.953,457.614,469.969,96.97449782803722,0.399,-0.20206098963110017,0.007005841520921996,0.41403095194328604,1,-0.11337875152620049,0.0451502873066407,0.42142642255484297,1,-0.029277769083092264,0.05587632511449054,0.4302087049802501,1,0.058130374146827285,0.0351346814032533,0.4326528977653689,1,0.14954420028146495,-0.01203312148777882,0.4343279537897255,1
1290.22044,grid_0738_y465_z470,480.778,462.577,469.89,95.14839606635519,1.348,-0.19301253576603572,0.0070484238785644285,0.41188225839323694,1,-0.10907231296286425,0.045656296465734346,0.4271297609086632,1,-0.024561421656765794,0.05623561644947835,0.4315395834243938,1,0.059984597907959326,0.03490337344389141,0.4266854857045428,1,0.15073137705165823,-0.012089751041576119,0.43599441035369346,1
1292.145523,grid_0739_y470_z470,481.018,467.804,469.975,93.34237158975546,1.683,-0.1894634102366907,0.007085835935431725,0.41563749603554373,1,-0.10254221540634734,0.044842170857725766,0.4210767207763908,1,-0.021380464680223876,0.055852137380192485,0.42995671810237207,1,0.06189740033140748,0.03485918793172325,0.4299808394739038,1,0.15130066148378254,-0.01201941212497181,0.437432719007125,1
1292.753804,grid_0740_y475_z470,481.175,472.773,470.016,91.9022384765463,0.396,-0.1876833591335334,0.007171084195189605,0.41946472198552365,1,-0.10137354247363661,0.04476733043749682,0.42610293917533665,1,-0.019975564647458987,0.055360863625086874,0.43234488225251194,1,0.06219583634140482,0.03412443758080263,0.42694756952877566,1,0.15090924390293511,-0.012118204935822177,0.4349836284781828,1
1295.853099,grid_0741_y480_z470,481.182,477.37,469.42,91.39939906257584,2.938,-0.1797643176876257,0.00806543672178789,0.41730488580765335,1,-0.09539136934089738,0.04511096634498896,0.423183073983102,1,-0.015893478587457967,0.054861368267475785,0.42661859878905967,1,0.06472955519124342,0.03428012863845338,0.4311422528247469,1,0.15128488813694155,-0.0120941626754325,0.43583368851878723,1
1296.450521,grid_0742_y485_z470,481.169,482.309,469.366,90.54035774724989,0.405,-0.17659922399110348,0.008078178704540306,0.4189257345315553,1,-0.09356869739741465,0.045822240583758035,0.426841247955476,1,-0.014429056766645161,0.05578886637641262,0.4265481651420258,1,0.06493527272001305,0.034837047698740256,0.4274467595560046,1,0.15301621078611985,-0.012104661380592656,0.4404459349318583,1
1297.13289,grid_0743_y490_z470,481.371,487.62,469.666,89.57236683263422,0.401,-0.1680796012168542,0.008098757305527017,0.41464981798200307,1,-0.08924935004281091,0.04548830550208549,0.4308666285839377,1,-0.010584649440454614,0.054799077546159765,0.43016663041548237,1,0.06731129965338382,0.03403194604894009,0.42913897803892825,1,0.1535530945081089,-0.012116891890161066,0.4410314693473069,1
1298.000571,grid_0744_y495_z470,481.243,492.58,469.923,88.94466520820679,0.676,-0.16294257729705222,0.007928533853608902,0.4174518844894195,1,-0.08299802738806465,0.0447529200654071,0.426930093248687,1,-0.007018188280687644,0.05457892669678464,0.42848437100115117,1,0.0697233285467792,0.034017706830272165,0.4287734701830135,1,0.15260088883842704,-0.012109206359229305,0.4364805408618076,1
1298.840372,grid_0745_y500_z470,481.034,497.479,469.858,88.90578286028412,0.629,-0.15834928233549517,0.007978671349571973,0.4195726707642283,1,-0.07840097797741916,0.04403566523280089,0.4220630132878164,1,-0.0050617218425816355,0.05440491349380471,0.4318585391162822,1,0.06992793457146745,0.033314539497773056,0.4271381183065363,1,0.15291671216116853,-0.012174854952103102,0.43712454588627536,1
1299.570839,grid_0746_y505_z470,481.214,502.685,469.922,89.05857700412682,0.459,-0.15095089245864193,0.008008947581135512,0.414371754346657,1,-0.07351080466139923,0.044018799069101805,0.4221665017887691,1,-0.0013318875325243364,0.05420794493471784,0.4304245361986381,1,0.07256946028764333,0.0331515655487909,0.4282015130084498,1,0.15324983765282207,-0.012123712644816412,0.43711147256531796,1
1301.902098,grid_0747_y510_z470,481.13,507.438,469.391,90.02715480342577,2.141,-0.1474028742914012,0.00867587142669392,0.4202266887565535,1,-0.06987542110395613,0.043998082327238265,0.4225862097565023,1,0.0009359687566425015,0.05355997070780766,0.4287450966626239,1,0.07376114119990627,0.03319184156592745,0.4311620438012745,1,0.15558203845797994,-0.01224411093341645,0.4438346914517375,1
1303.18905,grid_0748_y515_z470,481.573,512.198,469.384,90.76383381060977,1.016,-0.14362499071408039,0.00883849459197439,0.42441179877469254,1,-0.06520867804565762,0.04408431295090895,0.42110993865997387,1,0.004587130244716304,0.053064272837640904,0.4255958714176844,1,0.07565117083223012,0.03273433932929853,0.42896855433778147,1,0.1522450708143626,-0.012215183865623125,0.4325100877704262,1
1304.712835,grid_0749_y520_z470,481.49,517.055,469.268,91.82859949928451,1.3,-0.1338545571431673,0.008783714456573145,0.41069500907392203,1,-0.06130095481442129,0.04375439800093845,0.4202858101508991,1,0.006630180682232831,0.05290829645020001,0.4252460683507933,1,0.0781805224510206,0.03330142175474055,0.4389423280209319,1,0.1503178910183667,-0.012197788679058187,0.4267810370016052,1
1311.545175,grid_0750_y525_z470,481.369,522.338,469.521,92.89520097938315,6.553,-0.13125044302092984,0.008659630313705253,0.42211938711153435,1,-0.0560151454079779,0.04316805767910203,0.41875801844424343,1,0.01021619540306939,0.05280097930769454,0.43265398337109257,1,0.07938884441794662,0.03285313702528777,0.4334394520706398,1,0.1502015252123121,-0.012204481013972536,0.4268815338748457,1
1314.74403,grid_0751_y530_z470,481.455,527.412,469.929,94.04816117819634,2.93,-0.1234158599810926,0.008195387272899916,0.4137378745286482,1,-0.051509284174350904,0.042326324981262375,0.4170230684682184,1,0.012904966721213234,0.05097218429805067,0.42215505404938675,1,0.08076472190558115,0.031680339896279754,0.430785374896632,1,0.1583192853341455,-0.012815539156083106,0.44785533046029746,1
1315.840771,grid_0752_y535_z470,481.517,532.419,469.538,96.17073054209366,0.846,-0.12018040836316642,0.008752430319284977,0.42275913318244845,1,-0.047669587438327,0.04316386254304347,0.4231040464182236,1,0.01615175917735506,0.05188805655905957,0.4301652907805826,1,0.0807518967055834,0.03102318740170097,0.42198832888537424,1,0.15401732625720468,-0.01261652880093309,0.4342253650035759,1
1317.074952,grid_0753_y540_z470,481.397,537.723,469.025,98.7245381351566,0.963,-0.11435583018965166,0.009698979096126803,0.42118828730649804,1,-0.04324314703100273,0.04321124999023793,0.4210163818021057,1,0.01871873356626394,0.05104049074991839,0.42199072262159315,1,0.08336902283000114,0.031243472498941622,0.42622449233106746,1,0.1541184506537601,-0.01261924790802683,0.4343569347752279,1
1318.890621,grid_0754_y545_z470,481.235,542.767,469.155,100.80235069679676,1.525,-0.106483098554149,0.009265847970258987,0.4122920268434034,1,-0.038509890769103335,0.04239481609027838,0.4177221839130523,1,0.02175768443493764,0.05122436776666941,0.4281568440503994,1,0.08618440751764349,0.031181381195596856,0.4328662977110922,1,0.15508972420564943,-0.012686550198463273,0.43622232657515286,1
1319.578229,grid_0755_y550_z470,481.029,547.913,469.368,103.06171716500747,0.407,-0.10247308257020228,0.008851255344303843,0.4160234716146322,1,-0.03533554686015008,0.042484516410237094,0.42415338008280234,1,0.024353607394972204,0.05067185235482908,0.4294092866627295,1,0.0880649205434323,0.030913963500856834,0.43467017871784414,1,0.15764991540965703,-0.012993545239100684,0.4418247340651293,1
1321.218733,grid_0756_y555_z470,481.147,552.763,469.734,105.25824540148861,1.36,-0.09520641171072418,0.008536479823678748,0.41196530168814577,1,-0.03007239759755495,0.041696771860239394,0.4197250961305421,1,0.027837011912297215,0.05053082293669178,0.4321253915975429,1,0.08763506170797608,0.029544976382931656,0.4231244701279331,1,0.1597821691130854,-0.013287652192787857,0.4470136652470842,1
1323.366727,grid_0757_y560_z470,481.353,557.518,469.168,108.34910373417952,1.877,-0.09180570596732068,0.009750158924593027,0.4194209205668455,1,-0.025768836808662796,0.04205624526778811,0.41775233327788275,1,0.030165140326278983,0.04949109817645459,0.42300498310147816,1,0.08914466543462234,0.02943871621349638,0.42337022461560453,1,0.1590118143344164,-0.01317629810469916,0.44488851626451414,1
1324.226,grid_0758_y565_z470,481.791,562.555,469.016,111.40907757000765,0.507,-0.08796831657003207,0.009862672444683725,0.4257392084648562,1,-0.021562137125252175,0.04184178966412345,0.4193159580643653,1,0.03358135820008019,0.04984960536097565,0.4272734455367771,1,0.09367639295342878,0.029845840785636776,0.4353880386883344,1,0.15963490372252617,-0.013202132796188183,0.44548562253734025,1
1325.147875,grid_0759_y570_z470,481.718,567.452,469.527,113.9713296842675,0.622,-0.07895350921898463,0.008907455418277145,0.4075027439508878,1,-0.017350358954954636,0.041344064505588723,0.4213776070430229,1,0.03599944412770631,0.048693643222166454,0.4264870675842767,1,0.09404362277720274,0.028748129302239824,0.4295610357988955,1,0.16091826888333172,-0.013290651518384261,0.4470478352740816,1
1325.671209,grid_0772_y570_z475,482.385,568.038,471.611,112.76834341693592,0.512,-0.08015502866590374,0.007357217972230263,0.41671785803689004,1,-0.016926070334691835,0.04008181252796585,0.42123513388737815,1,0.03648716447461398,0.04779520412433922,0.42768145452576145,1,0.09400641035461477,0.028425268174124774,0.42860572476159087,1,0.16102649283091816,-0.013297902612751782,0.44723586940188786,1
1325.977085,grid_0773_y565_z475,482.295,567.007,472.709,111.26290822192266,0.293,-0.07997207033008312,0.006058803777502317,0.4148115249593683,1,-0.01704479072286938,0.03939664181282441,0.42519409848627016,1,0.036742965597673094,0.04753058325646379,0.42669791497913034,1,0.0950834570740024,0.0286236496543134,0.43303295556252436,1,0.16070182098815886,-0.01327614932964922,0.446671767018469,1
1327.413682,grid_0774_y560_z475,480.94,562.9,473.956,107.6373782707475,1.145,-0.08646477708377232,0.0043138267147983245,0.4237387423882348,1,-0.021541487542698908,0.037707506343613036,0.42527311246088373,1,0.03345352681829116,0.04604076009538283,0.42467227135453123,1,0.0938953583145582,0.028220284115039924,0.43428496617312246,1,0.159760283029357,-0.013245298754707764,0.4452953477223804,1
1330.074785,grid_0775_y555_z475,480.477,557.637,474.177,104.2714650419758,2.309,-0.09193024981009408,0.003764386650716121,0.41987403844979815,1,-0.02585591769178736,0.037845850488077586,0.421117116586268,1,0.030038715003403254,0.04695268321978302,0.42251394589531327,1,0.09119581946713308,0.028984895200286038,0.43299383063645935,1,0.15900109565981535,-0.013211727161872822,0.4446908622886898,1
1331.011547,grid_0776_y550_z475,480.605,552.723,473.881,101.72808964096393,0.675,-0.09695640288578784,0.004347410945585586,0.4185018049620042,1,-0.03021624976659892,0.03786381246530922,0.41837804112143856,1,0.027554930146548143,0.04744372823704668,0.4282635889514044,1,0.08997578373773074,0.02905386406710329,0.4349814599526249,1,0.1597821691130854,-0.013287652192787857,0.4470136652470842,1
1332.354471,grid_0777_y545_z475,480.251,547.83,473.552,99.37269164111433,1.022,-0.1026219470573872,0.004319365726032711,0.42207659958299965,1,-0.03446033729751308,0.03826322531713716,0.42104153279234047,1,0.02480259206684024,0.04771430580498631,0.4277745688357067,1,0.08830051904428249,0.029528337910711983,0.43444770185763354,1,0.15798355500602335,-0.01301657275566019,0.4424858430786516,1
1333.058863,grid_0778_y540_z475,480.129,543.183,473.683,96.93749609929067,0.452,-0.10818303258894109,0.004362457645247872,0.42328927982421094,1,-0.038805702721114645,0.03857985161102529,0.42165900102941545,1,0.021702014548951685,0.04836540700104516,0.4295804248082958,1,0.08520986548076888,0.029394230938838115,0.4278426687952126,1,0.15550106901489053,-0.012718104163527888,0.43711402965118346,1
1333.741755,grid_0779_y535_z475,480.04,537.841,474.016,94.18333868577812,0.4,-0.11272792136560779,0.003545771486870247,0.4196833862801544,1,-0.043036139911241215,0.03851456925220016,0.4243624256241228,1,0.01923866739103486,0.048794907890459975,0.43171515354672746,1,0.08570139086126144,0.030369888120775998,0.4374006937504793,1,0.1545652244579289,-0.01264472632899917,0.43518122288780153,1
1334.361856,grid_0780_y530_z475,480.338,532.764,474.541,91.61217891743429,0.399,-0.11867530596480898,0.003307850420376269,0.4219380519312153,1,-0.047128505195435676,0.03813653552930514,0.42271648171447557,1,0.016297677851807284,0.04784011237871388,0.42388204673835084,1,0.08318998945578311,0.030086069763362987,0.4344570915335144,1,0.15487108987881468,-0.01272933068964689,0.4364483829364723,1
1335.08748,grid_0781_y525_z475,480.465,527.746,474.153,90.12253780825299,0.454,-0.12526227900336978,0.003296762251281953,0.42243281735181154,1,-0.051954297450881,0.03863852956992515,0.42181872930726033,1,0.013098517361451392,0.0494981217715498,0.4315851883261584,1,0.08139266861442024,0.030595607641189886,0.4335960791255285,1,0.15476342838881835,-0.012736528938249274,0.43723224580630077,1
1336.705311,grid_0782_y520_z475,480.482,522.656,473.787,88.84359960064648,1.346,-0.1295469596484999,0.003705067780054119,0.418359678485444,1,-0.0558583334174147,0.03895692655483456,0.41840289026033023,1,0.010232749688907814,0.050193774391782985,0.4315756570848254,1,0.0794386138915562,0.031096954863296694,0.43268721794636517,1,0.15431093546446936,-0.012400859698573144,0.4372177259456129,1
1337.889315,grid_0783_y515_z475,480.684,517.613,473.697,87.6002546742873,0.963,-0.13285522868117158,0.003924017957009466,0.41200135105168795,1,-0.06058900867550417,0.03974221890454044,0.42176770635803235,1,0.007412289226594138,0.05034222911116612,0.4294175857245657,1,0.07750203832937781,0.03141593489932288,0.4304260931214541,1,0.1523998057195551,-0.012580216477337014,0.43311923825669035,1
1338.537585,grid_0784_y510_z475,480.575,512.583,474.068,86.16102365338978,0.397,-0.14083221519538996,0.0033212185219241054,0.4215137123275316,1,-0.06391475373523577,0.039219736065782,0.41873180254992765,1,0.004820553006146839,0.05040545746702641,0.4318951323710835,1,0.07531368386764979,0.031092052626801658,0.42758179908260213,1,0.15441291187507655,-0.012736186180711406,0.4393643706879578,1
1339.136413,grid_0785_y505_z475,480.534,507.891,474.444,85.04147847962187,0.398,-0.1454202717837072,0.003133748282504957,0.4196749478724477,1,-0.06812393545806907,0.03941022529331138,0.42129352909230516,1,0.0020074861312833797,0.05054800083481462,0.4290469541116742,1,0.07412965803906067,0.0314950211597343,0.42939099897613137,1,0.15591411570683877,-0.012786385597913471,0.44398604699913274,1
1341.164068,grid_0786_y500_z475,480.438,502.504,474.396,84.5369512166129,1.747,-0.15114449365859192,0.002683630746733199,0.4163005747752024,1,-0.07354475075238906,0.03948715219548406,0.4214704039592923,1,-0.0015377345889435346,0.05042307166841325,0.4277072990064273,1,0.07233002443580218,0.03174237171331626,0.4308530420071421,1,0.15578240903583912,-0.012575388620709822,0.44467684744834934,1
1341.838941,grid_0787_y495_z475,480.512,497.714,474.182,84.55775361845883,0.464,-0.1571801133029168,0.003073810188372529,0.4197966075351638,1,-0.07666046763768307,0.03987616235372845,0.41822486424134514,1,-0.0037368278071823312,0.05164495022548568,0.43014083646381146,1,0.07079023736420316,0.03210678545753244,0.4270897416336972,1,0.15262781163961917,-0.012213211522963764,0.4362721768781285,1
1342.85574,grid_0788_y490_z475,480.604,492.663,473.932,84.89896238470756,0.794,-0.1644796903344726,0.0032137095640736644,0.4225264826877471,1,-0.08229731266516178,0.040354243698886925,0.4226766603504417,1,-0.007380468466576435,0.0513776943104205,0.429652734898513,1,0.06887446276976004,0.03207114483289175,0.4271203959023788,1,0.15191070127356057,-0.012290304079913356,0.4346002728217763,1
1343.496108,grid_0789_y485_z475,480.625,487.628,473.688,85.52548165313068,0.398,-0.16976218186257164,0.003190290159261963,0.42294786672172163,1,-0.08504609561391807,0.040480939248577374,0.4188443794336794,1,-0.00994013152675971,0.05212078980981333,0.42995835381650815,1,0.06759871805586472,0.03275465691257285,0.4301087872837039,1,0.15213376358569944,-0.012234842414539232,0.43596858610541217,1
1344.859948,grid_0790_y480_z475,480.723,482.575,474.121,85.78454006404648,1.182,-0.17389852077846324,0.002659707789590761,0.41773059630935355,1,-0.09090588762249992,0.04050745605044117,0.4229464435298817,1,-0.012982203621323648,0.05194237981295199,0.4297057257149958,1,0.06596160749973307,0.03232611358426179,0.4261344794526212,1,0.15033091293260467,-0.012204204079161918,0.43131254905278144,1
1345.680038,grid_0791_y475_z475,480.54,477.465,474.187,86.69000516207154,0.569,-0.17871131698400242,0.0026541161586251904,0.41703175450589103,1,-0.09455963479136816,0.041158914308511096,0.4232319632417827,1,-0.01571187441361987,0.05332774303824325,0.4310748598086663,1,0.06442861594993872,0.03315913841111232,0.42521847239245436,1,0.15147594794775138,-0.012118902444115396,0.43498187331215066,1
1346.631363,grid_0792_y470_z475,480.616,472.371,474.399,87.7581371896646,0.74,-0.18735981296902252,0.002224080782500497,0.42345187170904625,1,-0.09937191376625237,0.040718055986543426,0.4241852275811393,1,-0.018899678302592458,0.052052428773689645,0.4279132710628359,1,0.06304543938430304,0.033041652075861634,0.4303370488651929,1,0.15083304964999306,-0.012120345201332929,0.43503336331341136,1
1347.276917,grid_0793_y465_z475,480.62,467.476,474.352,89.27927231446276,0.404,-0.19339883197672844,0.002283213305480865,0.4263268779955545,1,-0.10208199069507103,0.04139730940193736,0.4218808299241757,1,-0.020650388321710716,0.05366409236350666,0.43128994747574256,1,0.06240200305662535,0.0335151149130161,0.427674978724683,1,0.15125580217854176,-0.012130044010285218,0.4355628108678164,1
1348.201134,grid_0794_y460_z475,480.713,462.634,474.26,91.06660301120269,0.733,-0.1973507004955458,0.0021061029955032986,0.4208978539858356,1,-0.10881994813336603,0.041107551995014584,0.4263905547138644,1,-0.02521284685575116,0.052600576887373206,0.43046639919997937,1,0.059659689430838235,0.03301012806425759,0.4264228074742724,1,0.15101716887592578,-0.012115588789684877,0.4369653537209352,1
1349.654619,grid_0795_y455_z475,480.576,457.756,474.032,93.19436125109715,1.233,-0.2046272067549134,0.0023681924891699037,0.4254384940641042,1,-0.11252663035120486,0.04161632204859334,0.4268134789965193,1,-0.027758570999821583,0.053621705977635305,0.4319176405954888,1,0.05845145259432194,0.033796672702840314,0.4296066620019748,1,0.15047107199454532,-0.012140723364974052,0.43615557685263373,1
1351.183599,grid_0796_y450_z475,480.574,452.982,473.785,95.5028711296157,1.348,-0.2059745406641931,0.0026394317560389275,0.4171985191249397,1,-0.11636206156496054,0.04187961540913024,0.4235884068162408,1,-0.031067966585834588,0.05462340145123366,0.43276871397428646,1,0.056653753631357905,0.03419138220260678,0.4274558488919071,1,0.14981416173522522,-0.01211938329213384,0.43509094299941836,1
1354.300733,grid_0797_y445_z475,480.64,447.938,474.106,97.63703896063211,2.925,-0.21294660513018318,0.002132354293743879,0.4203157906904425,1,-0.11927958015626204,0.041746685413917094,0.4213969021544697,1,-0.033205462382129645,0.054376598610022135,0.4283057383316868,1,0.05596209964385498,0.03500967707101848,0.4326986403107515,1,0.15010804961260438,-0.012156085931122643,0.4371502852990103,1
1357.116685,grid_0798_y440_z475,480.776,442.72,474.623,99.91494417753528,2.596,-0.2170649291155966,0.0015298202037791607,0.41689168155499573,1,-0.12439636343753406,0.04148036507271777,0.42261138383655616,1,-0.036474818613247965,0.05435379290896062,0.4314358333177195,1,0.05411807001621357,0.03491561582441323,0.43213393540830336,1,0.14904654878059573,-0.012101458640463221,0.43491430965646044,1
1357.687254,grid_0799_y435_z475,481.086,437.491,474.758,102.73998194471321,0.399,-0.22023373317791575,0.0009409390385461258,0.4132438288031887,1,-0.12862474927845158,0.040909300703613594,0.42421292765939506,1,-0.03896015657877412,0.05339465476477642,0.43046887595734606,1,0.052779583242545815,0.03414266337824947,0.43187799315603265,1,0.14981609614652736,-0.012083284585333254,0.437912839735245,1
1358.355673,grid_0800_y430_z475,480.941,432.449,474.589,105.84678091467869,0.457,-0.22585352938856873,0.0014214773842484343,0.41318754101889027,1,-0.13401444458079118,0.0423664818564525,0.42785923886671523,1,-0.04179250675527119,0.055129979474667655,0.43240485816819607,1,0.051288094373381034,0.03498857893761742,0.42933859472707286,1,0.14874765861214387,-0.012116980402965008,0.4350027232911396,1
1358.978164,grid_0801_y425_z475,480.822,427.558,474.377,109.03767617663168,0.452,-0.23438107302860867,0.0013395810022406084,0.4174928079504334,1,-0.1380645349278151,0.04169003926942163,0.4251095467836132,1,-0.04516854838405249,0.05391218830003528,0.4275250260308611,1,0.04882515157160452,0.03426958628058571,0.4262407065388785,1,0.14914250620097205,-0.01209559427170666,0.43742351168339494,1
1359.556314,grid_0802_y420_z475,480.848,422.606,474.269,112.32199856662092,0.397,-0.2373294951348226,0.0014685322497837144,0.4148206009049078,1,-0.14015266948396385,0.04225072357805757,0.4214431393107372,1,-0.04757018936950675,0.05542203976034784,0.43038045685648263,1,0.04745780617873124,0.03515690839807189,0.4250435798434842,1,0.14956849590163104,-0.012093118489822854,0.4390996759373997,1
1360.146273,grid_0803_y415_z475,481.107,417.43,474.254,115.82398604779576,0.399,-0.24247584300433464,0.0014106101847895835,0.41333641683801176,1,-0.14642939852825276,0.04200128629334168,0.42646216663560504,1,-0.0510829731589022,0.05517164424045609,0.4334276926849257,1,0.04649076592648741,0.03488676886728063,0.4286260829994853,1,0.14966711772272934,-0.012073087419146221,0.4402917864838856,1
1361.949675,grid_0804_y410_z475,481.053,412.589,474.084,119.30325682478241,1.632,-0.24970645240565617,0.0015075640731151776,0.4161977928346791,1,-0.14858715645553378,0.04217978823768473,0.42062544425546894,1,-0.053451261165261534,0.0555558118462928,0.4313980711524992,1,0.04471828090137462,0.035298067236361315,0.426398485004362,1,0.14690048388202587,-0.01197260847118191,0.43324957873369635,1
1362.518205,grid_0805_y405_z475,481.078,407.53,474.355,122.73436601865018,0.398,-0.25241557031650014,0.0009504625082604918,0.4131804096367792,1,-0.15248741246676903,0.0415702390966468,0.42225633084862135,1,-0.05507577096502841,0.05399150297577832,0.4273166984582149,1,0.043550580619697375,0.03496540604041373,0.427107134810026,1,0.14684797661036406,-0.011864321296032885,0.43356914800074,1
1363.5498,grid_0806_y400_z475,481.07,402.492,474.693,126.21362350396248,0.85,-0.26074748848223656,0.00040850209122613346,0.41572590715849467,1,-0.1565901045978044,0.04162712113618411,0.41870095702464344,1,-0.059103882231679165,0.05496206631222028,0.42721364837282483,1,0.04073158125565259,0.035005416190440876,0.42326136340474685,1,0.14562845496370017,-0.011567076825506053,0.4314819132925552,1
1364.185982,grid_0807_y395_z475,481.026,397.604,474.591,129.96329536449895,0.455,-0.26386653399861215,0.0005341433198532102,0.4141931205605516,1,-0.16200433369820197,0.042880577905062216,0.42457057049817487,1,-0.06207332743145368,0.0564304794806452,0.4306124233746204,1,0.04006463752987415,0.03607710417978444,0.4266363058070188,1,0.1456869676238077,-0.011442303869291773,0.432593562913925,1
1365.198864,grid_0808_y390_z475,480.922,392.89,474.686,133.5247379364588,0.793,-0.27110408025750865,0.00039775003396231944,0.41571953754051244,1,-0.16566525916792796,0.04123295738967949,0.42211951850974855,1,-0.06484005902686381,0.054607026047205416,0.42979956306567396,1,0.039521949463261256,0.03559782317141807,0.43332981777000046,1,0.1466637360828327,-0.011588573015925904,0.4361060386992805,1
1366.200438,grid_0809_y385_z475,480.97,387.912,474.853,137.32816986328768,0.791,-0.27740707357399,0.00034615969789992884,0.4169922658789238,1,-0.17065255047732675,0.04257727642415767,0.4248776609090992,1,-0.06766286699611078,0.05591171978676122,0.43080722591909576,1,0.036928591384371816,0.03553930064713933,0.4229644648641315,1,0.14580745327097286,-0.01155343071066132,0.43423657287750933,1
1366.834547,grid_0810_y380_z475,481.155,382.65,474.793,141.574330868982,0.453,-0.2809282518346128,-2.346857951371093e-05,0.41450182314014383,1,-0.17529243741643497,0.04207523816476443,0.4248341113230229,1,-0.07026853723970669,0.055431974325030574,0.42919182432442354,1,0.03566797011604738,0.03571799534320259,0.42672284594239634,1,0.14519769694716167,-0.011585025207578453,0.4330590389054973,1
1369.443766,grid_0811_y375_z475,481.272,377.533,474.645,145.81580049843703,2.427,-0.288307703222358,0.00027654308191768826,0.41586561059917865,1,-0.18084513552930406,0.04284015258512038,0.4275774502952098,1,-0.07393507298288843,0.0559836038697299,0.4319557650201516,1,0.03415052973763189,0.035799374589759604,0.4292988111313953,1,0.14643572764112717,-0.011550974470713002,0.43754673913814873,1
1370.290118,grid_0812_y370_z475,481.234,372.508,474.438,150.06175916934998,0.624,-0.2949959194413194,0.000232725618103951,0.4173587357400492,1,-0.18377287793240715,0.04246506691870827,0.4237367745351763,1,-0.07685724993158123,0.05618608901734598,0.43079334477501335,1,0.032033700290427326,0.03590733833901771,0.4227596459004472,1,0.14561053038142294,-0.011445502305242258,0.4359055613706491,1
1370.897053,grid_0813_y365_z475,481.281,367.434,474.098,154.47226667593114,0.396,-0.29856500742617054,0.0003212194102354574,0.4164305530727912,1,-0.1854613585936122,0.04241442577489391,0.42116305987423025,1,-0.07832890405093108,0.056184138461817044,0.428646224766952,1,0.0319486948010198,0.03668459067956557,0.4322950192753417,1,0.14648156695676298,-0.011513086707641612,0.43859510878220603,1
1372.371734,grid_0814_y360_z475,481.35,362.441,474.093,158.67721591646355,1.242,-0.3045508699841587,0.0003538412184802217,0.41502779770808274,1,-0.19240180003414023,0.042367948194410886,0.4235510138350338,1,-0.08319518425789339,0.05623796228297585,0.4300776629639483,1,0.029086560930983954,0.03697930790280422,0.42954904071875405,1,0.1452493023389484,-0.011419833831969727,0.43681137734540926,1
1373.219299,grid_0815_y355_z475,481.305,357.314,474.148,163.0051498818365,0.625,-0.3097950959253231,0.00034722037806697,0.4149587457292836,1,-0.1967954954005491,0.04330367026209745,0.42489223803097137,1,-0.0856344238026876,0.05680547956064827,0.4305485022662983,1,0.02788569516347573,0.0368998177022904,0.42830779492413823,1,0.14378364994812437,-0.011476582792100018,0.43287461241568365,1
1374.605675,grid_0816_y350_z475,481.474,352.341,474.325,167.19301201605285,1.195,-0.31578453217621755,6.549257414816607e-05,0.41537313669574544,1,-0.20014493742856823,0.04231958128725747,0.42174861012778436,1,-0.0884071796494771,0.05601783391331577,0.4292233511906758,1,0.026730307009671033,0.03650852196276717,0.42894698872151077,1,0.1426890225911654,-0.011401085825831275,0.4297806480608462,1
1375.646854,grid_0817_y350_z480,480.163,351.577,477.876,166.04866521896523,0.68,-0.31522578942834145,-0.004000463784793995,0.41488194852676963,1,-0.2007239453950741,0.039237544814016694,0.42335883685861037,1,-0.08871863650125263,0.054142194832820796,0.429859904115475,1,0.02640078475025215,0.0359543547082331,0.4305995167901644,1,0.14228648224323098,-0.011181585752143683,0.42909008874065346,1
1376.115665,grid_0818_y355_z480,480.505,353.363,478.859,164.02397760693404,0.458,-0.3157748584118456,-0.004791867790075379,0.41697377467810387,1,-0.20135054326706048,0.038717748730174494,0.42578778042584403,1,-0.08842449960407982,0.053357449174763684,0.4294198438592065,1,0.026277915967831567,0.03553688216525615,0.4296897616710052,1,0.14277580576635013,-0.011287240210873342,0.43049788577219994,1
1379.293917,grid_0819_y360_z480,480.695,357.763,480.327,159.47824123058294,2.987,-0.3107737930889302,-0.007009206231572459,0.41760781908504435,1,-0.19835967701769652,0.03766517265007341,0.42887608501444224,1,-0.08454523593103232,0.05171420024066972,0.42529370827413143,1,0.028096302461267333,0.03473878471750836,0.4286675472303492,1,0.14386823126480675,-0.011510695074131267,0.43256901224458844,1
1381.470441,grid_0820_y365_z480,480.463,363.096,480.11,154.9573199690805,1.915,-0.3028124668106887,-0.006148792102207847,0.4153102088070744,1,-0.19227465344219588,0.037544586522438174,0.42676055179335487,1,-0.0817142697866693,0.05212444910706571,0.42979285452883037,1,0.029821836632851467,0.03442649704382506,0.4265118308559475,1,0.14506869269886344,-0.011556256614750127,0.43574964484258266,1
1385.133977,grid_0821_y370_z480,480.818,367.829,480.087,150.92508722873077,3.441,-0.2976483330984619,-0.0061443943511706655,0.4148751585086652,1,-0.1883021049973763,0.03782296036349694,0.4270390151060044,1,-0.07789370957944125,0.05216063080101236,0.4259216975724906,1,0.03158635287662152,0.03461584917339193,0.4264789190499975,1,0.14487993465676385,-0.011510551121805518,0.43408379414065584,1
1387.230171,grid_0822_y375_z480,480.93,372.688,480.029,146.83664021626208,1.863,-0.2930440600570643,-0.006135465261116509,0.41547440749292525,1,-0.1849625501981621,0.03795562642490093,0.42776015119748784,1,-0.07621597170619718,0.05291437188047854,0.4297825960623496,1,0.032998154842208936,0.034932683749772674,0.4280422818339029,1,0.1452381314213645,-0.011477134806989085,0.4342150352992588,1
1388.901688,grid_0823_y380_z480,480.885,377.864,479.709,142.6695284950504,1.41,-0.2886076506325766,-0.005115609867890357,0.4174022398486465,1,-0.18044133058879333,0.03798851579195098,0.4254572515624165,1,-0.07463065394417874,0.053309175008819217,0.4319150028745875,1,0.0339621505635786,0.03542650970808302,0.43101404181825737,1,0.14742191762560308,-0.0115508814739594,0.4405424013530285,1
1401.485617,grid_0824_y385_z480,480.84,382.865,480.018,138.35691173916825,12.373,-0.28572639051549553,-0.005934507655953515,0.4208997766544565,1,-0.1759734880805667,0.03742679280410643,0.4249578211027199,1,-0.07112380773837278,0.052457250628057624,0.4305520394950422,1,0.03551393901122516,0.03436533175596281,0.42621760333057107,1,0.14356591791870524,-0.011623722176157938,0.42795502173804695,1
1402.170755,grid_0825_y390_z480,480.644,387.96,480.293,134.02919000725177,0.453,-0.2804970272036817,-0.00588391256755057,0.4215352030928145,1,-0.1719109229992272,0.03768603596387414,0.426588003151448,1,-0.06838541185946527,0.05254602032507713,0.43160041479609984,1,0.03671590830751497,0.034386774915554856,0.42611118681844234,1,0.14582198464428545,-0.01166601454270418,0.4346036367286567,1
1403.654361,grid_0826_y395_z480,480.608,392.986,480.443,129.8959447942852,1.303,-0.2706687322628371,-0.006108407555357461,0.41560236618860796,1,-0.16732655571701413,0.03713298563067607,0.4271424999954668,1,-0.0649023233253637,0.05180793669891253,0.43095307731482285,1,0.03909015593115439,0.034246738295128,0.43006468573203466,1,0.14668752371132035,-0.011746273089516769,0.43610052504189406,1
1404.674917,grid_0827_y400_z480,480.75,397.64,480.534,126.165094019701,0.736,-0.2658107744115639,-0.00610074896347993,0.415958606824036,1,-0.16277225297704503,0.037282772166140524,0.42510615399552293,1,-0.0620248809038546,0.05215280184591895,0.43027807174568067,1,0.04038763324369228,0.0343704853540028,0.430185390529004,1,0.14586412253252604,-0.011488164304386539,0.43266075744979454,1
1406.580512,grid_0828_y405_z480,480.893,402.515,480.351,122.50226240359805,1.745,-0.2643901881198329,-0.006041581210904516,0.42156716336497446,1,-0.15937778063408903,0.0372462630506719,0.42614920170852627,1,-0.059663475943556844,0.05234547264111326,0.4326275432647362,1,0.04190181068082544,0.03392369727958696,0.42681456421543335,1,0.14525845520439531,-0.011586679654734392,0.43017931601599324,1
1407.470361,grid_0829_y410_z480,480.977,407.753,480.086,118.70563473146501,0.679,-0.256577938191268,-0.005176384031900631,0.4187550824674915,1,-0.1527617046238745,0.036984375797092454,0.42048698944852436,1,-0.0566002101407014,0.05238654498676878,0.43183883713823157,1,0.043456949480914386,0.03375639747570954,0.42725697267105184,1,0.14619978615912105,-0.01181785358440382,0.4313914671149377,1
1408.336014,grid_0830_y415_z480,480.908,412.755,479.937,115.10652354666955,0.674,-0.25107175900859907,-0.004977612063635768,0.4185472409313266,1,-0.14889724115884254,0.037135092367504834,0.4217631173397281,1,-0.05332725923826242,0.052077248180503334,0.42983860439855825,1,0.045374465518007445,0.03424224296345179,0.4327800876301964,1,0.14604456734322172,-0.01187771148983314,0.43063175418595473,1
1408.866851,grid_0831_y420_z480,480.781,417.947,479.831,111.4478917790731,0.399,-0.24954718186333805,-0.004863907316093896,0.4206746616375198,1,-0.14860729930266478,0.03734110109823119,0.4249406793757023,1,-0.05273928150937682,0.05187961173790698,0.4297067243578469,1,0.04502977919526053,0.033807738489319304,0.427734287756185,1,0.14702485059949522,-0.012025499696711997,0.433600089566935,1
1409.972597,grid_0832_y425_z480,481.0,422.794,479.905,108.04050548752537,0.962,-0.24135404753433062,-0.004946364489098469,0.4209228734206351,1,-0.14171331817481814,0.03743304259686486,0.42618673049518785,1,-0.04718420419238848,0.05137146120000461,0.42693080218514273,1,0.04825735517612275,0.03379288473136225,0.42917972774403695,1,0.14787518302085592,-0.012022008827885892,0.4342265111833892,1
1410.592646,grid_0833_y430_z480,481.234,427.832,479.92,104.66674681578667,0.397,-0.23531966243580424,-0.004963449589877355,0.4187614908749346,1,-0.1378202057103927,0.03762737195897046,0.42717266883554245,1,-0.044193341417117095,0.05173418414451544,0.4304111922875502,1,0.04974603968746746,0.03316543774525529,0.4267704262285635,1,0.14856664240605869,-0.012115107004683974,0.4355761712577129,1
1411.200571,grid_0834_y435_z480,481.005,432.628,480.179,101.36350026020213,0.457,-0.23094081275863054,-0.0049490790424024595,0.41859660506389257,1,-0.1332789505029444,0.03642239025497115,0.42081074443568833,1,-0.04201624815003995,0.05058085772826732,0.42583910926237484,1,0.051276966735276035,0.03319307587335547,0.43139288597886627,1,0.1490729958598007,-0.012141357729986403,0.43621237052057477,1
1412.256991,grid_0835_y440_z480,480.945,437.776,480.382,98.02886126034511,0.904,-0.22277740364953913,-0.004971500814821035,0.4170845221159201,1,-0.12908924280846754,0.03674782988404751,0.4234784638073943,1,-0.039465693973867656,0.051368320433152,0.4320560355570962,1,0.05256567188149214,0.033088604495628705,0.4289523993993003,1,0.14967071973897858,-0.012110688398344642,0.4371663948411571,1
1412.862412,grid_0836_y445_z480,480.93,442.656,480.348,95.20655146049556,0.453,-0.21973763674036317,-0.004826094742326433,0.4214382826078986,1,-0.12403029367293017,0.03652106553038436,0.42289934352805586,1,-0.035232481445371694,0.05057111119102458,0.4282843630208328,1,0.054708823162724844,0.03292712233166711,0.430842317383022,1,0.15044279662229607,-0.012248893693325704,0.438170179356798,1
1413.683382,grid_0837_y450_z480,481.102,447.859,480.217,92.48050533490827,0.619,-0.21124213138355888,-0.004800430617098381,0.4156802969326132,1,-0.12065173162391794,0.036601095683129234,0.42331401356905146,1,-0.0339714632171362,0.05077766074455364,0.42917371831142964,1,0.054966464424911515,0.032733019031168285,0.42609190507244804,1,0.1498939874547484,-0.012098707835100732,0.43686506771204076,1
1414.242871,grid_0838_y455_z480,480.864,452.975,479.708,90.31430414945345,0.399,-0.20858795520444792,-0.004054618371862925,0.41715887055821943,1,-0.1169729009982302,0.03645315403485195,0.4198446610655924,1,-0.032061618278189326,0.05091053637477886,0.4276724721673147,1,0.055795006268587806,0.033048424885975904,0.4281288501751103,1,0.14974164643643897,-0.012127843787766985,0.43555229029281334,1
1415.310561,grid_0839_y460_z480,481.082,457.682,479.399,88.42899086837976,0.907,-0.20119938355801856,-0.003638140174409218,0.417490669502176,1,-0.11196064460987594,0.03651978865862967,0.42243985716781696,1,-0.02752314038406344,0.05044085256917826,0.4271038594698981,1,0.05866961948921992,0.03338345290732164,0.43205259754382985,1,0.15047107199454535,-0.012140723364974052,0.43615557685263373,1
1415.89526,grid_0840_y465_z480,480.939,462.571,479.897,85.92093143117103,0.404,-0.19807652097528353,-0.004009511424301852,0.4191235255428078,1,-0.10832065319021089,0.03642981216967447,0.4226977421402063,1,-0.02447691697825885,0.04988265111641189,0.4289951872445137,1,0.0600368868344775,0.031905895062577155,0.42632628960372543,1,0.1503364563089571,-0.012138244241845515,0.4344594457480451,1
1416.976852,grid_0841_y470_z480,481.366,467.49,480.077,83.95987156969686,0.851,-0.19137732944141309,-0.003914721220753178,0.4192174272467431,1,-0.10382958007307475,0.03621737775506679,0.422602552096401,1,-0.022002353656578173,0.04946950769472802,0.42521704702958224,1,0.060883389922950136,0.0319389966293194,0.42776467947378677,1,0.14940716384652267,-0.012052367959085653,0.432164452432009,1
1417.623754,grid_0842_y475_z480,481.35,472.516,480.023,82.40128691956205,0.454,-0.1855708725183942,-0.0038418822552433213,0.41789336236004604,1,-0.10003617512946057,0.03633903115905993,0.4245758925698446,1,-0.019342789726873415,0.04996848914270643,0.43086171497011344,1,0.06309346604957955,0.0319351988985416,0.4290934343921868,1,0.15133336120580745,-0.012209619621145704,0.4364083572771332,1
1420.638943,grid_0843_y480_z480,481.371,477.389,479.814,81.31399501315865,2.853,-0.17973749194006014,-0.003748983491840666,0.4177160487530714,1,-0.09462852987565075,0.03638529126589838,0.42280993333372385,1,-0.015361341208571343,0.04935940102790221,0.4270778597412766,1,0.06442841049666809,0.0315736012682064,0.4243886502170735,1,0.15210571702615747,-0.012322723254652291,0.4377380752965289,1
1421.551178,grid_0844_y485_z480,481.107,482.482,479.362,80.68269326193808,0.731,-0.17311789653523058,-0.0028655265598300735,0.4159119257535684,1,-0.09036493772627535,0.0362748034967109,0.42205155615283313,1,-0.012633208412177915,0.04926268441794223,0.4303644059751763,1,0.06659170540999693,0.03136948247138001,0.4292205100578023,1,0.15195160539557676,-0.012239185835408164,0.43632855703574364,1
1422.164959,grid_0845_y490_z480,481.14,487.42,479.148,80.18007034793614,0.402,-0.17113655771690958,-0.0031591459263755894,0.4196190089864753,1,-0.08877473747673892,0.036224972995368795,0.42403080933294546,1,-0.011997230362944408,0.0491277455686209,0.4275437372296453,1,0.06632859817136157,0.031228125275197693,0.4266152306420084,1,0.15235982253362265,-0.012277599668263403,0.43744899545121946,1
1422.824055,grid_0846_y495_z480,481.256,492.691,479.546,79.36158699270065,0.397,-0.1652912439964119,-0.0032402631994518996,0.4213920950100119,1,-0.08283626442665631,0.03589552086049554,0.4225757772641539,1,-0.007636513715126619,0.04870119731575434,0.4290990077246539,1,0.06917564560890223,0.03123839687323214,0.4275993879944573,1,0.15250149989968062,-0.012395281173489349,0.4367485683066527,1
1424.710513,grid_0847_y500_z480,481.126,497.419,479.515,79.28794861137469,1.685,-0.15780470075451564,-0.0029781398756860197,0.4185752431789716,1,-0.07703450226001708,0.035521816330484866,0.4200267483629796,1,-0.004094027395494285,0.04816021838212222,0.4280001431464098,1,0.07062266698973337,0.030782176860172122,0.42756329671152415,1,0.1531323146960811,-0.012491481794084968,0.4379621969620799,1
1425.362731,grid_0848_y505_z480,481.207,502.532,479.684,79.34330857734626,0.4,-0.1540653559334784,-0.0031643208409383172,0.4203950396632185,1,-0.07412585521953417,0.03496549062641161,0.4199267630617132,1,-0.001979104268519022,0.04793403418471798,0.4297200440692193,1,0.07194773859536378,0.03031949995229803,0.42828593168948803,1,0.1549407767311178,-0.012606877482002718,0.4426359313608557,1
1426.74794,grid_0849_y510_z480,481.416,507.252,479.653,79.88302561871319,1.184,-0.1478273970984981,-0.0032268997599111545,0.4213501931056538,1,-0.06943118482957684,0.03498153912669611,0.4216056820047786,1,0.0012968632678876004,0.04716387271554801,0.4259105928837715,1,0.0739534487683043,0.030244638677159773,0.43093659637532666,1,0.15666080050770131,-0.012775313681752923,0.4465303875148012,1
1427.893658,grid_0850_y515_z480,481.314,512.358,479.505,80.85714228192826,0.904,-0.14121919896260596,-0.0027818964928171554,0.41933093277503014,1,-0.06464301570628063,0.03533116935121875,0.42353516438066774,1,0.005070264687768175,0.04765541860231796,0.43010866816607884,1,0.07597604658207084,0.030010637443202398,0.4296339237439313,1,0.15254447296989523,-0.01257005373966808,0.4337723485978055,1
1429.684981,grid_0851_y520_z480,481.608,517.238,479.186,82.28027603867162,1.519,-0.13603217914380764,-0.0023071532984201004,0.419191906550383,1,-0.06032331281597323,0.03498433427596987,0.418987110140558,1,0.00747197149338423,0.047234549093189915,0.42889802374500036,1,0.07734541445216854,0.029950220752584873,0.42952131255853976,1,0.15320414090907655,-0.012535206228879506,0.43496549991393874,1
1430.900993,grid_0852_y525_z480,481.327,522.397,479.779,83.13636211670556,0.955,-0.12738856525477885,-0.0029211636536310777,0.4103628865649574,1,-0.05628176075460956,0.03442995556892072,0.4230550751926019,1,0.010627243588756068,0.04641542922459643,0.4292042752945426,1,0.07935726391516547,0.029383617448349154,0.42962327048294385,1,0.15391148630905957,-0.012521316566449683,0.43589039804150764,1
1432.469623,grid_0853_y530_z480,481.193,527.514,479.668,84.95455523984569,1.317,-0.12324825095796425,-0.0026610791938611856,0.4154177469450638,1,-0.05161700696202756,0.03416126606279927,0.4213526203682176,1,0.013432584164392756,0.046534511073192314,0.4315586654946996,1,0.08058900487095841,0.028757301232236594,0.4277236748281635,1,0.1547879589498897,-0.012786773163514578,0.4374370740731803,1
1433.138589,grid_0854_y535_z480,481.204,532.511,479.535,87.01816492549119,0.398,-0.11923331653436949,-0.002527510160670711,0.4177926227608775,1,-0.04790461344707195,0.034031464749943466,0.4225299551316258,1,0.015959466273001776,0.04635346365390072,0.42993962332067515,1,0.08241855796937632,0.02873366260094448,0.43059350638750954,1,0.15552710307422146,-0.01285173475941357,0.43868832655315454,1
1433.849937,grid_0855_y540_z480,481.52,537.538,479.146,89.57884313273972,0.41,-0.11463332337612142,-0.0022664097905287406,0.4197375418063454,1,-0.043822735431603754,0.034258665943541246,0.42400696451848563,1,0.018837172453531437,0.045536919546889126,0.42643941307902433,1,0.08430769742321675,0.028566240053579647,0.4299230293860122,1,0.15436297566481808,-0.012639288114811692,0.4349180833444974,1
1435.85553,grid_0856_y545_z480,481.695,542.596,479.19,91.97546196676586,1.744,-0.10798284288625949,-0.0021308057159517228,0.4192464005766467,1,-0.03829757423348266,0.03366864775019159,0.41786634043720644,1,0.022550960735082587,0.04519050458758322,0.4276716877166092,1,0.08644633975821203,0.02806408194009809,0.4313178455109761,1,0.15533442378307719,-0.012711975969705537,0.43677531290606675,1
1437.005612,grid_0857_y550_z480,481.531,547.324,479.264,94.35288379270655,0.898,-0.10273723209881234,-0.002135274906964788,0.4197577643553945,1,-0.034491590976081336,0.033375385341115484,0.42198107012175406,1,0.024978396313502196,0.04447072652377657,0.4299110369597771,1,0.088276150154258,0.02754842212792764,0.4330083772043503,1,0.15678447893464864,-0.012835853130908405,0.43946729496636316,1
1437.751067,grid_0858_y555_z480,481.75,552.396,479.49,97.00524145117102,0.403,-0.0978365810919301,-0.0021435877920200786,0.419292350445551,1,-0.03029987267447436,0.03305457376548847,0.4166673705317099,1,0.027256112775014458,0.044081759224359064,0.42540706603675016,1,0.08942118368149664,0.027357389613306155,0.42962523003960457,1,0.1597821691130854,-0.013287652192787857,0.4470136652470842,1
1439.208056,grid_0859_y560_z480,481.485,557.577,479.406,100.12102023551294,1.186,-0.09112520285115855,-0.0021373519286823402,0.4173324075369152,1,-0.025167505286455893,0.03269747139176191,0.41722818395486644,1,0.030800516756591508,0.04345186490695325,0.42485257209473803,1,0.09116831466185482,0.02683232779845851,0.429240066420067,1,0.1583847610056212,-0.013077205583471625,0.44279791176183636,1
1440.153089,grid_0860_y565_z480,481.517,562.413,479.707,102.90839890893258,0.673,-0.08597738028390024,-0.0021467582314523928,0.4182393283878852,1,-0.02111406627582736,0.03246872408749646,0.41907200786169563,1,0.033469179229750574,0.04277222894966765,0.4229943304463746,1,0.09374087901008499,0.026655335683108544,0.43331791885129284,1,0.159094674403485,-0.013181440886219304,0.4434498952589612,1
1441.501628,grid_0861_y570_z480,481.63,567.548,478.95,106.83510885940069,1.018,-0.08087844282986632,-0.00108706700283599,0.4227101649810458,1,-0.01671639270496976,0.033184945759249226,0.42158753575725316,1,0.036385692439363064,0.04302042029229223,0.4245427487157769,1,0.09443957336297708,0.026623029433359813,0.4293516877189755,1,0.16070182098815886,-0.01327614932964922,0.446671767018469,1
1443.991349,grid_0875_y565_z485,481.162,566.785,481.908,104.10348027803867,2.317,-0.07893045473016334,-0.004613067915964164,0.40790018390346,1,-0.017123363843150597,0.03017170534842477,0.42231664311905925,1,0.036348790405106024,0.04078937654247445,0.42495736516737287,1,0.09545851319228843,0.025481147865836048,0.4342584066072502,1,0.16081285821670158,-0.013321179497125935,0.44663367409418303,1
1444.914022,grid_0876_y560_z485,480.716,563.228,483.807,100.2884497337554,0.681,-0.08451438731962262,-0.006835742929927086,0.41584484598890187,1,-0.020635716660213906,0.02912208098889504,0.42440472122246975,1,0.034315184896924804,0.040846883056985625,0.42724009202929936,1,0.09376785891453158,0.02565824102083639,0.4315205067639794,1,0.15814946549064401,-0.013069387913077038,0.4404499996834473,1
1445.905132,grid_0877_y555_z485,480.634,558.005,483.832,96.87342482848427,0.68,-0.08968085583171816,-0.007271485363519348,0.41498020893975074,1,-0.025135815687643375,0.029263467650045283,0.4244621817083578,1,0.03143437227203031,0.041313409653453356,0.43001405279089533,1,0.09189600636032504,0.025687010646501526,0.43152194647570147,1,0.1573193539380562,-0.013036444444306109,0.4391717580983332,1
1447.275512,grid_0878_y550_z485,480.657,553.002,483.984,93.66359365303036,1.079,-0.09565142415837248,-0.007484792351064896,0.4175262004166802,1,-0.02904653193551129,0.028667346506724697,0.4173297540128467,1,0.028326793958837287,0.04115739452222836,0.4283099089301287,1,0.08990578491195034,0.025745725678260365,0.4299353798259085,1,0.1597821691130854,-0.013287652192787857,0.4470136652470842,1
1448.247392,grid_0879_y545_z485,480.325,547.786,483.323,91.14108393584087,0.63,-0.10272677136129164,-0.006676225217349621,0.4229664550900207,1,-0.0342993720130127,0.03002739638495278,0.4251248106387897,1,0.025264390010095273,0.04259109552822374,0.4290845562552743,1,0.08789962037433856,0.02662235602573652,0.4301650924908742,1,0.15918263107739805,-0.01319729238041197,0.44550439119094,1
1449.055136,grid_0880_y540_z485,480.617,542.547,484.048,87.71056306397763,0.576,-0.10717789247402877,-0.007576361446275124,0.41755335508772706,1,-0.038724764048959824,0.02975064443819517,0.4229013814401796,1,0.021866621736701248,0.04173347121822723,0.4230851620144282,1,0.08585353384393206,0.026601848329016502,0.42852876061403866,1,0.15573490633943318,-0.012731783051406103,0.437219626671481,1
1449.948025,grid_0881_y535_z485,480.307,537.665,484.469,84.86562669302567,0.622,-0.11329627877512223,-0.00853881731010236,0.41976923853146003,1,-0.042828663793404644,0.02929580631849789,0.42047252810888797,1,0.019266691180077258,0.04234854153379488,0.4278061272534888,1,0.08477591389465243,0.02706759352120099,0.4315239616560522,1,0.15523995131249446,-0.012716729834857403,0.43703110784992316,1
1450.668724,grid_0882_y530_z485,480.36,532.758,484.229,82.82302850053237,0.459,-0.11698555826156802,-0.008256864402203024,0.41847860582668,1,-0.04628153665169663,0.02997329487433706,0.425108477947133,1,0.01742826498691639,0.04301244435107443,0.42806870868955044,1,0.08321351583566926,0.027303777013113224,0.4296852370129085,1,0.1554818708406788,-0.012821174851374123,0.43777069459646434,1
1451.310996,grid_0883_y525_z485,480.261,527.992,483.946,81.10983363316674,0.4,-0.12303425991633689,-0.007685664556581631,0.42100506610781535,1,-0.050758252730785575,0.030277665286236714,0.4244163662893579,1,0.01408522619587598,0.043364008262542685,0.4301999418371005,1,0.08081620541566199,0.027263696055009445,0.4271319600554169,1,0.15413644412139055,-0.012679409488988255,0.43547719568358806,1
1451.973459,grid_0884_y520_z485,480.267,522.958,483.695,79.53511718102887,0.401,-0.12842726965193377,-0.0075931456719314965,0.4205200721260948,1,-0.05498870448369996,0.030742048692234212,0.42444821427993223,1,0.011298308634743121,0.043659327612931786,0.4268251975363835,1,0.07931101752555976,0.027804438393906266,0.42752418223335,1,0.15390109939075952,-0.012696071700062652,0.4359042874789198,1
1453.00523,grid_0885_y515_z485,480.427,517.757,483.747,77.92986386488808,0.741,-0.135045308842233,-0.007640938650180237,0.42035273565847947,1,-0.059750443043426894,0.030980016474778643,0.42152818806813525,1,0.008047937867530048,0.04410254235085284,0.4280758823371987,1,0.07672157793457055,0.027860068998153322,0.42320323658564934,1,0.15295176280107634,-0.012563504650563452,0.4342574053306476,1
1454.100552,grid_0886_y510_z485,480.394,512.583,484.192,76.2518750851413,0.854,-0.14071578865838416,-0.008162476710368455,0.4198792011689591,1,-0.06405475914593031,0.03060589707223969,0.4208439799326149,1,0.005132443797839546,0.04431773133430628,0.42898236143061935,1,0.07585923238738419,0.028497901996941726,0.42804492104676956,1,0.15357477129863914,-0.012700242526668286,0.4367349669155509,1
1454.683615,grid_0887_y505_z485,480.587,507.756,484.589,75.01385518022649,0.402,-0.14563085884985277,-0.0084582348624551,0.4220230812073222,1,-0.06799365660441055,0.030571075219566615,0.42348088381241883,1,0.002545919133397696,0.043996497309373654,0.4265276746965678,1,0.07480407329942473,0.028627289610473228,0.42988965143368074,1,0.15389250313370637,-0.01268633951240003,0.43773598522042684,1
1455.576549,grid_0888_y500_z485,480.443,502.54,484.126,74.86623433831834,0.623,-0.1516003545944086,-0.008228530167421306,0.4184303518096228,1,-0.07314423454787489,0.03129729336385451,0.422372570979511,1,-0.000830944570179366,0.04534271927346028,0.43097413325311135,1,0.07233980860926582,0.028902833224801635,0.4258868976064763,1,0.1547801399467765,-0.0127194377983869,0.44125405636871845,1
1456.936443,grid_0889_y495_z485,480.555,497.643,483.847,74.92601888529776,1.13,-0.15777661290148493,-0.008043990221372782,0.42051551965857686,1,-0.0776117123751779,0.03168683645627029,0.4236756046982171,1,-0.003731362973040201,0.04471979307688952,0.4229395347363934,1,0.07119986437805445,0.02961273678980512,0.4304561518415067,1,0.1544176715338826,-0.01264062754769333,0.44119237693589275,1
1457.586347,grid_0890_y490_z485,480.614,492.592,483.749,75.12957695874502,0.399,-0.16214502067099648,-0.00815687694648236,0.4183992549766833,1,-0.08148810988276244,0.03188043603921374,0.42247817406394716,1,-0.006269086278381166,0.046050791994967234,0.4288968354592879,1,0.06988209124003178,0.029549636358755727,0.4286175136516117,1,0.1525438273133405,-0.012542369703907744,0.4363001374297804,1
1458.248584,grid_0891_y485_z485,480.547,487.689,483.92,75.37632215092475,0.46,-0.16865520117724023,-0.008237061383318036,0.42039013394871394,1,-0.08545225781662973,0.03182290553825105,0.4220094653036057,1,-0.00980379641907428,0.04588615542378491,0.42688976515821403,1,0.06802093682350417,0.029927309521671653,0.42999172366176425,1,0.1522939415543537,-0.012574585026248518,0.43691785017623025,1
1459.652752,grid_0892_y480_z485,480.385,482.559,484.133,75.9327639296766,1.182,-0.17677445336676936,-0.008675595744661913,0.4263878857432368,1,-0.09027446203793733,0.031876510403601226,0.4236446194842107,1,-0.012421121281236173,0.04618030724201149,0.4287356308199386,1,0.06648470603602465,0.029986196613812383,0.42937668850479976,1,0.15310745969212133,-0.012580500147987403,0.43987706314663977,1
1460.418677,grid_0893_y475_z485,480.607,477.4,484.473,76.74483214523302,0.574,-0.17931528531290042,-0.009243351417925611,0.41899475237344647,1,-0.09430923439562942,0.03181676512657445,0.42197311185304515,1,-0.015479983021068231,0.04647651538811188,0.4285359026843903,1,0.06527373129464893,0.03049481737108869,0.43028485446931103,1,0.15416760484963996,-0.0125282212610289,0.4432884415247405,1
1461.410154,grid_0894_y470_z485,480.759,472.539,484.438,78.14965438823127,0.79,-0.1848324839271398,-0.009271996031494353,0.418377158835254,1,-0.09981672070612278,0.03206564556648465,0.42649048199109746,1,-0.019290862269162733,0.04616943764872955,0.4285299052229656,1,0.06253601315884309,0.030197756601285427,0.429001354673824,1,0.1515729277793284,-0.012448741194960969,0.4375399328582484,1
1463.524474,grid_0895_y465_z485,480.565,467.651,483.991,80.19096361810347,1.854,-0.19170451378225295,-0.008682721670979995,0.4219895927672783,1,-0.10276629614162919,0.03190960630507667,0.4219524317661924,1,-0.021390849410596657,0.04668161600220988,0.42928281223807113,1,0.06156746220406036,0.03026173847781931,0.42809808109859976,1,0.1547625336971642,-0.012759895263567633,0.4473578178021967,1
1464.117008,grid_0896_y460_z485,480.658,462.734,483.861,82.22042389820182,0.401,-0.19570961565061884,-0.008527759768406029,0.4204576002685743,1,-0.10704484424943798,0.03293871196562206,0.42324445676943284,1,-0.024525413000482412,0.04710459986309861,0.4254930072002576,1,0.05924350509750822,0.030769157361472645,0.424422357244393,1,0.14909653884653187,-0.012226178731441424,0.4316871169703301,1
1464.703253,grid_0897_y455_z485,480.796,457.527,483.731,84.62496290693423,0.405,-0.19974488060837223,-0.008369369730700467,0.41752317695059254,1,-0.11028951834334799,0.03281834138052006,0.42072640873296585,1,-0.02671250664715392,0.04787059637704651,0.4304385425662818,1,0.059653199299758396,0.030983517814649506,0.42940398902833504,1,0.15113659526712678,-0.012398499637701316,0.43748185578561904,1
1465.517677,grid_0898_y450_z485,480.778,452.614,484.203,86.59696568587147,0.624,-0.2067157318771856,-0.00926470641203381,0.41822163882804086,1,-0.11760766074837385,0.033228231997943565,0.4292385057977359,1,-0.03039596563617865,0.04776454498494059,0.43028899110122887,1,0.05748545272318164,0.03146107119391456,0.4310669944550936,1,0.15027481395076783,-0.01229185929620718,0.4367365302969491,1
1466.654,grid_0899_y445_z485,480.667,447.734,484.599,88.83809813925552,0.906,-0.21193173853273564,-0.00975063092044264,0.4180367581232176,1,-0.12003924457860427,0.032586571183312846,0.42353693844863743,1,-0.03290253940900553,0.047778844075345696,0.4285479400586227,1,0.05618011106807688,0.03147101204975311,0.4304221226390026,1,0.150892562291823,-0.0122484418312835,0.43866250176952226,1
1467.761145,grid_0900_y440_z485,480.724,442.642,484.587,91.75225888227492,0.905,-0.21879969577574676,-0.01007329660361308,0.4207111041217145,1,-0.12363616510608018,0.032483837342901924,0.4236258499501219,1,-0.03520051809015441,0.04737440162989637,0.42726089937337214,1,0.053678594181103156,0.031043906620772495,0.4231032688371825,1,0.15054836885239004,-0.012276769068211277,0.43837072710299746,1
1468.833537,grid_0901_y435_z485,480.795,437.616,484.611,94.78226870570252,0.851,-0.21992591308975915,-0.009822504834334599,0.4122681092580623,1,-0.1285568700820238,0.03295486378369364,0.42341718650691257,1,-0.038666778499905304,0.048360051047381496,0.4289567800777377,1,0.052813012942014605,0.031607993673564684,0.4281364641189853,1,0.14967109532173115,-0.0123056470048611,0.43708622868275593,1
1469.461097,grid_0902_y430_z485,480.967,432.498,484.58,98.08502892898586,0.467,-0.2299837464972537,-0.010115126973599094,0.42030044797660077,1,-0.132099017575297,0.0323399129304296,0.42037273897323923,1,-0.04215330401853246,0.047804897241626405,0.4279546138344263,1,0.05072037823983392,0.0317875562775298,0.43014628969295376,1,0.14879997764155248,-0.012125715415974132,0.43583518948831984,1
1470.313641,grid_0903_y425_z485,481.108,427.47,484.602,101.43668208789161,0.681,-0.23661528247389407,-0.010400243302123338,0.42216165525810784,1,-0.13591034416490075,0.03261529421341763,0.4207133401386642,1,-0.044463048771048085,0.04886573994075493,0.4282298047015689,1,0.04946785650830654,0.03227914155739783,0.4270604323389144,1,0.14863727262988088,-0.012113536455899729,0.43523048077777754,1
1470.948152,grid_0904_y420_z485,481.135,422.584,484.47,104.92323229866676,0.454,-0.23968447281336258,-0.010415281100580582,0.4186875822554525,1,-0.14032909382573475,0.033049036096294164,0.42313694580823885,1,-0.04646663478204797,0.04856685323507479,0.4275596840415335,1,0.04845581823722639,0.03175616224319683,0.42547627362563634,1,0.1495588739103186,-0.012242480646140025,0.438637340420966,1
1471.805195,grid_0905_y415_z485,481.117,417.659,484.121,108.69187898826662,0.681,-0.2456107722974521,-0.009522454303139633,0.4186098090288011,1,-0.1459143232583925,0.033454994129654456,0.42492320170757997,1,-0.05006971787062448,0.048547460786566465,0.42700442539538286,1,0.0468477198114042,0.0323142658831744,0.4291500416471539,1,0.14873296908326758,-0.012126415521014707,0.4364654907319208,1
1472.56909,grid_0906_y410_z485,481.018,412.625,484.3,112.27770420702406,0.571,-0.2509499420081865,-0.010302763293780373,0.4189530981878978,1,-0.15007788758961496,0.033821764449375825,0.42572456122571395,1,-0.05323294040822982,0.04982198510497949,0.43059904706800917,1,0.045469057032527904,0.03311754094191804,0.4321435066519695,1,0.1477963626214144,-0.01202077094588784,0.43557233906417775,1
1473.978927,grid_0907_y405_z485,480.903,407.615,484.452,115.96947845446228,1.239,-0.2549345793511164,-0.010421787182728877,0.4159429649787248,1,-0.15581143534591627,0.03321758292138388,0.4267387478517404,1,-0.057356967614819204,0.048893180692397537,0.43070867258051115,1,0.04269253428427996,0.032523414423435947,0.42755594356378324,1,0.14613014783731557,-0.011871209238433109,0.4314502629448708,1
1474.551449,grid_0908_y400_z485,481.163,402.367,484.608,119.96280215550148,0.4,-0.26008734896391233,-0.010517812545529593,0.41733376981608156,1,-0.15462785007384736,0.032807560974444976,0.41848885252071155,1,-0.057907689837298736,0.04931465150751955,0.42955840402324363,1,0.04246381437329858,0.032785111224990816,0.42769566849740165,1,0.14697348666469154,-0.011906299778343019,0.434691579850123,1
1475.932438,grid_0909_y395_z485,480.981,397.493,484.628,123.80693680484949,1.19,-0.27038096289343055,-0.010799753545065871,0.4229051119680478,1,-0.1642833588082037,0.03331411038457196,0.4283546484620955,1,-0.062005731978580635,0.04877210141514653,0.4292513379812164,1,0.039905206308762674,0.032344415097372924,0.42683598336264805,1,0.1470166990557831,-0.011835669824502128,0.436055876651039,1
1476.761013,grid_0910_y390_z485,481.098,392.546,484.657,127.7915221679435,0.627,-0.273865286573718,-0.010729564434100038,0.41961207790932376,1,-0.16658292873631717,0.03330655010770814,0.4235727883304567,1,-0.06539919823036247,0.049909969688422796,0.4315962993503781,1,0.03883084604727489,0.033401025883183555,0.4296961473151588,1,0.14798551277547561,-0.01181463828853173,0.439666301833846,1
1479.803791,grid_0911_y385_z485,480.981,387.712,484.632,131.76614829310293,2.829,-0.2826577331077099,-0.01100026538100149,0.42481327241026223,1,-0.1743849759569439,0.0340029387159046,0.4324784286784042,1,-0.06873605635473752,0.049562793914646325,0.43202852865285424,1,0.0375800855892408,0.03349448437880192,0.4355805184405119,1,0.14535127264107728,-0.011609065336104682,0.43263078998502147,1
1486.015971,grid_0912_y380_z485,480.979,382.707,484.614,135.9417144551296,6.031,-0.2897528906702302,-0.011452823108890514,0.4272807944637354,1,-0.17679509331156093,0.033664439793486094,0.4277528496414451,1,-0.07099247056721268,0.05019107858517658,0.43112685886952556,1,0.03584322969552923,0.03318690285677395,0.42512214282629984,1,0.14411334622383257,-0.011615799099649054,0.429363434234271,1
1489.692963,grid_0913_y375_z485,481.231,377.47,484.376,140.4968020276618,3.485,-0.2889899322099347,-0.010561787436700271,0.417063130288665,1,-0.18165400874414495,0.03418130647737145,0.4285686841304481,1,-0.07431878259202883,0.050266471761487665,0.42997285333606833,1,0.033701345288389556,0.033276720370194884,0.4266545616899737,1,0.14458096168509385,-0.011585047872363986,0.43146365884313703,1
1493.225457,grid_0914_y370_z485,481.383,372.532,484.432,144.6868371345507,3.341,-0.30228848415451876,-0.011314776488774027,0.4285269003485807,1,-0.186247133122876,0.03436480892711859,0.4297322275986277,1,-0.07651485114426687,0.05018788640870673,0.42851166687343684,1,0.032970499594298174,0.03391054698464471,0.43173549392091526,1,0.14492621108373627,-0.011520252346800049,0.4333709954286818,1
1494.065445,grid_0915_y365_z485,481.546,367.423,484.337,149.14664218479743,0.619,-0.30466134569599884,-0.011140480394707582,0.42325541077627643,1,-0.18926254431849154,0.03417460267091537,0.4276489377892718,1,-0.07891658019924623,0.05015286837876424,0.42862801348870105,1,0.03145936928624788,0.03351738643390383,0.42702146504713817,1,0.14514384403974612,-0.011510239634444419,0.4346417288728452,1
1494.898381,grid_0916_y360_z485,481.426,362.572,484.644,153.21399513425655,0.572,-0.3038777219903809,-0.011576071003410836,0.4152010051756682,1,-0.1944343180963012,0.0341655055236866,0.43120144536462374,1,-0.08180715210597866,0.05010239242978424,0.4318620146213817,1,0.03037996638914466,0.03360388260860555,0.4304668040243052,1,0.1439651265510762,-0.011586328520750873,0.43177753861753726,1
1495.957634,grid_0917_y355_z485,481.323,357.647,484.694,157.51282617298182,0.857,-0.3093022324096759,-0.011579304833712624,0.414879877309323,1,-0.19932613240260422,0.03422040053973164,0.4307672841028121,1,-0.08615648407936989,0.050743896214473595,0.4329693492668281,1,0.027693547819804352,0.03382471798498311,0.42637903038255703,1,0.14393352336387863,-0.011573444271694704,0.4331358647908264,1
1496.577139,grid_0918_y350_z485,481.369,352.566,484.672,162.02539679939068,0.399,-0.31415796860778,-0.011589348656452387,0.4151308475899212,1,-0.20094423288463548,0.03404540059199648,0.42733199998519295,1,-0.08723306202771719,0.05017690921475454,0.4299822354678267,1,0.027235894218181466,0.033853336973081884,0.430253919596755,1,0.14226807756769957,-0.011464732580965932,0.4281616892651751,1
1498.347314,grid_0919_y350_z490,480.194,351.712,487.912,161.29407572815563,1.409,-0.3155317636489731,-0.014934155598291485,0.41634113964819525,1,-0.20104946202938392,0.03091041350685988,0.425836633751069,1,-0.08812088220638642,0.04823847863733479,0.4307754548732306,1,0.026815234037543375,0.03306238348296169,0.42961583696140465,1,0.1418796749959947,-0.011432452486584638,0.4268598091074545,1
1498.763453,grid_0920_y355_z490,480.556,353.348,488.939,159.38884871282553,0.403,-0.3161901100859242,-0.015913833988596904,0.4182676255323668,1,-0.2012380867897674,0.030220464193095598,0.42791174426531686,1,-0.08713569918749002,0.0472325532618072,0.42966079379970834,1,0.027453222553222602,0.03227252161671313,0.4272065440232408,1,0.14267383033194203,-0.011591224075750734,0.42879384804316906,1
1499.753021,grid_0921_y360_z490,480.672,357.892,490.427,154.6611829193091,0.738,-0.3090241841409896,-0.018092004264709378,0.4162466184248115,1,-0.19819867642226333,0.029290662342661467,0.42915102522183785,1,-0.08617227282152655,0.047785904848316886,0.433103344320259,1,0.02750901931739501,0.032721476889188576,0.42798884535654286,1,0.14283507948955979,-0.01155398650537826,0.4293075826005445,1
1500.396935,grid_0922_y365_z490,480.719,362.799,490.437,150.2729040446081,0.452,-0.3088443393204516,-0.018143017771548347,0.4209476040967972,1,-0.19597602974828346,0.02889665723950209,0.42998435886127684,1,-0.08448695820930995,0.04715990078337041,0.43366021709141944,1,0.0286062867115888,0.032245813524851084,0.4283057516333056,1,0.14311683473533024,-0.011525452528777883,0.429567003472032,1
1503.331496,grid_0923_y370_z490,480.653,367.882,490.12,145.91019684723886,2.703,-0.29927937810370303,-0.01717859128223463,0.41757507136432515,1,-0.18885354452785633,0.029134359835565043,0.42689198076268403,1,-0.0791768718397308,0.04678974246977264,0.4281859560800035,1,0.031132587717486393,0.031898417335741135,0.4254618822573406,1,0.14331192772840326,-0.011573850714847782,0.42937257204424406,1
1506.355691,grid_0924_y375_z490,480.77,373.021,489.951,141.48390371699526,2.813,-0.29161528051804214,-0.01695604366651922,0.4145357064639727,1,-0.18194643906646327,0.028910490729831876,0.4216871323299675,1,-0.07671344350825364,0.04718417656220706,0.43235455956223184,1,0.03273095275232016,0.03195328755081065,0.42634941055177406,1,0.14327784689054981,-0.011597266759787695,0.42823013291052553,1
1506.947275,grid_0925_y380_z490,480.603,377.926,490.217,137.07927017970295,0.401,-0.28904012478909685,-0.017062012863675823,0.4163970732888204,1,-0.18049424795543378,0.029071862012578043,0.42471467306410765,1,-0.07419919319097422,0.04682147797767374,0.43061809428769654,1,0.03400400058295115,0.031948296052458795,0.4278910189271732,1,0.14364639000987067,-0.01160614609591784,0.4287949790233319,1
1508.423233,grid_0926_y385_z490,480.775,383.056,489.759,132.90684673484657,1.295,-0.28033419951312427,-0.016590422316702647,0.414047556035942,1,-0.17710291918345314,0.02955797778449398,0.4300617713074793,1,-0.07047985495345703,0.04709645519995708,0.4308949634847303,1,0.03614032796317226,0.031887731688447496,0.4272971463541375,1,0.14475956864200865,-0.011618626224812205,0.4313596962951725,1
1511.833599,grid_0927_y390_z490,480.904,387.627,489.93,128.9385665888992,3.198,-0.27836898170924496,-0.016982442245300152,0.41862137733672494,1,-0.17044797913195253,0.028867317702761307,0.4232381902777038,1,-0.06754726989381853,0.04641762309055896,0.4284242669413861,1,0.037593683726287526,0.031962725972111854,0.42921743403471685,1,0.14411334622383257,-0.011615799099649054,0.429363434234271,1
1513.136499,grid_0928_y395_z490,480.868,392.765,490.225,124.46169992009587,1.122,-0.27202570802276554,-0.016960948519067407,0.4172033277676577,1,-0.16602555051469553,0.02849547929444596,0.4230629033052036,1,-0.06533919189074229,0.04679368469976739,0.4348182910110829,1,0.038948222855653435,0.03127173834147006,0.42646786430077616,1,0.1472527843972627,-0.011708192688013893,0.43721325732863114,1
1513.792844,grid_0929_y400_z490,480.873,397.583,490.224,120.47158550048218,0.396,-0.26636583591453444,-0.01692018453826,0.41625587255863666,1,-0.16564758240511634,0.029023709896678396,0.43029970364404574,1,-0.06296518388495914,0.04641342186985133,0.43098489720034006,1,0.04047152713229164,0.0316862058829803,0.43280506704051813,1,0.14547063985325626,-0.011847266348456342,0.43144483510164283,1
1514.903289,grid_0930_y405_z490,480.753,402.838,490.402,116.07891593222256,0.9,-0.26053200826910494,-0.016929946075946046,0.4169190715070556,1,-0.15871901504709354,0.02851466365868786,0.42643194050363076,1,-0.05848832728193226,0.04585177802253156,0.4287252189317039,1,0.04255331913185709,0.031461531012060485,0.4286843363141181,1,0.14605679840891703,-0.011856971744915715,0.4322107290497386,1
1516.132841,grid_0931_y410_z490,480.677,407.845,490.326,112.11444751235224,1.008,-0.2541215577317398,-0.016929347400631088,0.41601581273992466,1,-0.15300514902334786,0.028256249476542133,0.4231760367248298,1,-0.05590965894163479,0.046057335743504846,0.4311024504479006,1,0.04345564801169886,0.03097503011306614,0.4288767335921209,1,0.14644258897524712,-0.011980947008868351,0.43224548573118576,1
1517.022664,grid_0932_y415_z490,480.98,412.718,490.202,108.393314743115,0.678,-0.24714800881199336,-0.016370167042063566,0.4126127085676967,1,-0.1487778311047667,0.02882777892978097,0.4236645349965052,1,-0.052215128470936935,0.04647954679570554,0.43034152524108543,1,0.04654984164828884,0.03141409215675069,0.4319219881849301,1,0.1485040325130466,-0.012267032483912239,0.43698484641304985,1
1518.207738,grid_0933_y420_z490,481.127,417.543,489.985,104.85437353777853,0.963,-0.24422877881208205,-0.016004950872981448,0.41595671572441134,1,-0.1455264808205994,0.028877457208645815,0.42125156379904954,1,-0.051918782137552404,0.046758081850249184,0.4304018343253227,1,0.04523603301545346,0.03129349875440814,0.4277281739361973,1,0.14888722113845929,-0.012199229228454086,0.43896053029359366,1
1519.108463,grid_0934_y425_z490,481.381,422.398,489.712,101.44567314577783,0.679,-0.24105249472010945,-0.0158486339945127,0.4195564389655289,1,-0.14107381717052467,0.028688965518183493,0.42379912931928315,1,-0.046928654355851786,0.0459924535924908,0.4296903868384399,1,0.04855041542298382,0.031180977644792763,0.4294212359439245,1,0.14924978232961725,-0.01227094389204503,0.4376254628717147,1
1520.566369,grid_0935_y430_z490,481.054,427.876,489.774,97.44234006323943,1.237,-0.2336561816377886,-0.015819464466474056,0.41776051601703146,1,-0.13592574046106895,0.028519207393511697,0.42038637234928117,1,-0.0448992927008235,0.046246965323559375,0.4305913125409524,1,0.04926714987535213,0.03106330199972952,0.4269705062354135,1,0.15033963026334926,-0.01234808927764147,0.44054617524851264,1
1521.117535,grid_0936_y435_z490,480.925,432.857,490.183,93.68685392305576,0.4,-0.2303039987811791,-0.0158233819671379,0.4170662871843562,1,-0.134822083394013,0.02890714306326816,0.4259349195617373,1,-0.04240358176553752,0.045966958728074436,0.42781525183402286,1,0.050462074658850685,0.030753428920199433,0.42586776380471236,1,0.14953779023962063,-0.012289568909397355,0.4374837687250321,1
1522.282052,grid_0937_y440_z490,480.742,437.862,489.91,90.54835084638475,1.023,-0.22370353556203423,-0.015815393665015675,0.41967909983402135,1,-0.1295962916436393,0.027648264772677903,0.42807338080854035,1,-0.039304938198618494,0.04392514157303339,0.4291863476485829,1,0.05174591659189456,0.029347317329737905,0.42669608119505525,1,0.15148617988568736,-0.012588421752226735,0.4429714105345419,1
1523.808972,grid_0938_y445_z490,480.926,442.688,490.261,87.23283788803383,1.344,-0.21561732166867256,-0.0157382454662268,0.41402396866891295,1,-0.1256898515327412,0.028364631932945767,0.42765978062271454,1,-0.036439246107769226,0.045220816199809034,0.4316831606091358,1,0.0537907557250748,0.030136560001296903,0.429534606083448,1,0.15000376904601984,-0.012264898798856621,0.43748144253145554,1
1525.45879,grid_0939_y450_z490,481.071,447.784,490.163,84.26872775235184,1.355,-0.211570265090271,-0.015793697942991836,0.41714115516665995,1,-0.11932477109128109,0.02803604697566582,0.4226967734840669,1,-0.03232078941277355,0.045243706104364935,0.4297172051836926,1,0.0562771525514145,0.030331359966981646,0.42907756263391095,1,0.1516884990328312,-0.012486379857228877,0.44115214088909904,1
1526.823639,grid_0940_y455_z490,481.168,452.802,490.039,81.57568776296031,1.184,-0.2065014958080418,-0.015796069182947018,0.4175470792567053,1,-0.1162979205304493,0.0274364479020595,0.4240075260754419,1,-0.03032917875163986,0.04431421886865106,0.42878742595679853,1,0.056819345833362074,0.02978779326576772,0.4273816343850922,1,0.15077179822006292,-0.012268779441277732,0.4380826800239755,1
1528.140353,grid_0941_y460_z490,481.077,457.474,489.55,79.5798509423082,1.195,-0.20096656760561601,-0.014685066205048593,0.41698751017520147,1,-0.11308636176653447,0.02873749611377273,0.42705559865802484,1,-0.027440259487555355,0.04487351594297904,0.42833739754791794,1,0.05898653026062325,0.029964575658132184,0.42943181642412526,1,0.1509910930737324,-0.01233619231685902,0.4376129090229999,1
1529.071765,grid_0942_y465_z490,481.321,462.763,489.784,76.92871407348493,0.678,-0.1978145193030465,-0.015012598409533609,0.4230923073537169,1,-0.10738171707689476,0.028108692154960743,0.42434535387346894,1,-0.02484990923432222,0.044173323256166935,0.4286050297159862,1,0.059629387881908774,0.029169051604379975,0.424985281848375,1,0.1506912456073485,-0.012361559728070152,0.4364256595390032,1
1529.632482,grid_0943_y470_z490,481.061,467.833,490.145,74.4805999841569,0.4,-0.1931976947288153,-0.015629905254636228,0.42012543036977856,1,-0.10491306804892969,0.027584837832269962,0.42461988508155185,1,-0.022771380482980608,0.04443117760563516,0.42999961514880924,1,0.06125008573438217,0.02978233201154579,0.42954405231448817,1,0.15012633941833048,-0.012341144829400718,0.434397955304785,1
1530.309238,grid_0944_y475_z490,480.889,472.606,489.795,73.08232287632893,0.516,-0.18787417313798097,-0.015167794943097503,0.42436090511234625,1,-0.10093042444288229,0.027865162284211122,0.4284205311501192,1,-0.018332809578218704,0.042952549742941944,0.42281063585906925,1,0.06330178811512864,0.028577056885307196,0.42693360755237325,1,0.15135961084917673,-0.012488940611013896,0.4369524132590857,1
1531.095531,grid_0945_y480_z490,481.091,477.213,489.877,71.64116868114304,0.615,-0.1802270948536235,-0.01491092862531948,0.4185627458044374,1,-0.0955984677401888,0.02771376563522347,0.4268374317029156,1,-0.015614630817918605,0.043462491952166116,0.42932758906767043,1,0.06567788075099737,0.029072753107064444,0.4326621893720415,1,0.15109261717284828,-0.012406911388838352,0.43511571291391443,1
1532.222477,grid_0946_y485_z490,481.404,482.622,489.85,70.42630764849163,0.843,-0.17396210503400664,-0.014766947055137218,0.4181714668669083,1,-0.08920514651841359,0.026641970057117548,0.41663475478138207,1,-0.012219472397694733,0.04297512309502761,0.42851755367808236,1,0.0666140551439217,0.028037256217968085,0.4258080980590792,1,0.15248723762534536,-0.012624683736257906,0.43795506909939624,1
1532.857863,grid_0947_y490_z490,481.359,487.48,489.262,70.19914805750845,0.455,-0.17262421086703483,-0.01470873899122588,0.4265108805879405,1,-0.0872655492684558,0.027567946369458664,0.42517709334247294,1,-0.010316070428902145,0.0433671272170309,0.4273468073252311,1,0.06791213284792463,0.028992630836551733,0.42976553629213865,1,0.15268565672526202,-0.012625616860175543,0.4379805202457721,1
1533.730074,grid_0948_y495_z490,481.295,492.338,489.247,69.74173786908375,0.68,-0.16177253830227542,-0.01398207473122856,0.4158755255728422,1,-0.08171880123352045,0.027355426879324223,0.4219205112326592,1,-0.006191876619823569,0.04317922682631453,0.42867520535010545,1,0.07048874241016372,0.028196894995828295,0.4289778353896032,1,0.15609371734739605,-0.012754170348564001,0.44561889779261893,1
1536.918199,grid_0949_y500_z490,481.454,497.572,489.582,69.2998701658235,2.936,-0.15731907749897278,-0.014621192498749672,0.4189496866248408,1,-0.07788853807250957,0.026903186408679156,0.42517992880410876,1,-0.0031190447957102512,0.04213796475759284,0.4259798934423909,1,0.07228877465062818,0.028103785392213757,0.4313883037119482,1,0.15602512304824992,-0.012747009186151395,0.4452635100429116,1
1538.75077,grid_0950_y505_z490,481.264,502.357,489.645,69.44871934744366,1.621,-0.15289605818253174,-0.014522309040716254,0.4221109285961037,1,-0.07350380708201172,0.026427011568057133,0.4255147973367625,1,-0.0008000408915470899,0.04188523495417674,0.4279905980374674,1,0.07319940593989363,0.027676686738156427,0.4310845173559019,1,0.1569888447091672,-0.012807486099134938,0.4476413776730727,1
1539.459004,grid_0951_y510_z490,481.209,507.691,489.627,70.10358619928078,0.456,-0.14697396831030166,-0.014477671396490357,0.41900132074979046,1,-0.0689338964564576,0.026203243283497036,0.420455912120308,1,0.0021038645055909216,0.04168177408049099,0.42709830777172747,1,0.07533038307886235,0.027650759564210748,0.4324569944619919,1,0.15406758045481897,-0.012708027403284207,0.4383731164540658,1
1540.558706,grid_0952_y515_z490,481.029,512.642,489.334,71.32076390505078,0.899,-0.14014040074074277,-0.014104177329226872,0.4181494999372375,1,-0.06463157914124813,0.02594193121267632,0.4219371754961936,1,0.004283540005623741,0.04068414412376559,0.42625014717314524,1,0.07545223709030859,0.02678183145280619,0.4276774035679074,1,0.15357959452060677,-0.012715459531009438,0.43701797514893664,1
1541.252165,grid_0953_y520_z490,481.219,517.854,489.523,72.50755023444104,0.403,-0.13577176070930397,-0.0140479456102863,0.4203617211378645,1,-0.06020486983370193,0.026299815567657578,0.42198980346641446,1,0.008094509117058224,0.04122724563506089,0.4238951758153362,1,0.07803635662337886,0.027121541680218814,0.4288892897083685,1,0.15306943775493234,-0.012629037664672183,0.4344729943785155,1
1542.234104,grid_0954_y525_z490,481.378,522.534,489.543,74.01008165108313,0.741,-0.1290010029889684,-0.013960830402694899,0.4173803315491839,1,-0.054986025141496704,0.02558202908627388,0.41680167752012903,1,0.010916872411365248,0.040674750486212795,0.42581778819668953,1,0.08021955370769915,0.026961356812943555,0.4322801203164314,1,0.15374320545224818,-0.012677325354558816,0.4354304060589933,1
1543.292924,grid_0955_y530_z490,481.498,527.555,489.679,75.801931551907,0.797,-0.12342737389152363,-0.0140462762844669,0.4170068372135913,1,-0.051530337364343454,0.025497661658623414,0.42536429134021386,1,0.014285850581822199,0.040077919233319326,0.42884680390713087,1,0.08143732178889786,0.02607920484413086,0.4278752031406579,1,0.1570323815243306,-0.013071900322653691,0.4428712228756433,1
1544.213914,grid_0956_y535_z490,481.5,532.361,489.406,78.12859723558329,0.679,-0.11768473043279876,-0.013636174732600622,0.4147947761501234,1,-0.04697462894977921,0.02545974531722023,0.42048654754240955,1,0.01670144002288798,0.04026082594588209,0.42717067979414836,1,0.08293734692038666,0.02597318151991553,0.42847905836197003,1,0.157027883157423,-0.013056859927413336,0.4425911576485533,1
1544.92335,grid_0957_y540_z490,481.583,537.355,489.33,80.60852372423153,0.459,-0.11412234118862713,-0.013801814200032458,0.41922725342367206,1,-0.04301831575600095,0.024872804265487103,0.4178063707298673,1,0.0194323496446118,0.03938910103142099,0.42847992359209175,1,0.08461063137358817,0.025301393865858,0.4283395604686476,1,0.1561980744558527,-0.012872943034910088,0.4391365510562475,1
1546.63778,grid_0958_y545_z490,481.674,542.399,488.819,83.70438972359808,1.413,-0.10774014656616078,-0.01290132558373329,0.418282550620417,1,-0.038170957314313504,0.02531556240460268,0.4204350670926096,1,0.022577254475606854,0.03958190895612324,0.42850463587951687,1,0.08783458858101889,0.025821844104337615,0.4350054735007281,1,0.15618494089896132,-0.012745493318532516,0.4379580209102189,1
1548.152213,grid_0959_y550_z490,481.652,547.42,489.324,86.14475055974094,1.242,-0.10277537178952904,-0.013565934844566066,0.4209116474915007,1,-0.03341066378046029,0.02415786555742493,0.41426999056124153,1,0.02565158331469294,0.03844790485057473,0.42686929025470305,1,0.08840814064581944,0.024515568893281537,0.4292652346755416,1,0.1585830930417107,-0.013106932568036078,0.4439951171347958,1
1549.728446,grid_0960_y555_z490,481.492,552.352,489.633,88.88959870536031,1.296,-0.0958348897791171,-0.013915641309491467,0.4154861598083084,1,-0.029468914330971152,0.02387732677445542,0.4182820978761596,1,0.028444004701590208,0.03768275584512629,0.4274502229852725,1,0.09020950170904248,0.02407980745903822,0.42941330348818424,1,0.15587680184673516,-0.012908027038212692,0.43539965045511236,1
1551.208936,grid_0961_y560_z490,481.491,557.367,489.518,92.2028288991178,1.181,-0.09003452290336027,-0.01341534245230655,0.41238554350470685,1,-0.02546156894659889,0.024087246900667065,0.41840704652252364,1,0.03124994808659874,0.037993067300451315,0.42620344640002616,1,0.09167104761818429,0.024233041492660617,0.4293732302914644,1,0.15790249092718725,-0.013136505300793376,0.44073841205146064,1
1552.43296,grid_0962_y565_z490,481.526,562.527,489.162,95.9409553110662,0.904,-0.08687352479145034,-0.013152868921396691,0.42571403765058863,1,-0.020366085115614174,0.024378526143287133,0.42088109240732335,1,0.03465336295766153,0.03779444725033842,0.4267613438144419,1,0.09400039580634091,0.023858595591865556,0.4312016145144844,1,0.15881461035191932,-0.013122891040811963,0.4420524500491543,1
1553.935044,grid_0963_y570_z490,481.647,567.713,489.107,99.62213823242294,1.191,-0.08139757972187883,-0.013150926166725562,0.42583154943031126,1,-0.01600786329677523,0.024092317791634746,0.4212645896234468,1,0.037797970106872046,0.03706546301977094,0.4263807118350133,1,0.09598079394170587,0.023342868898947444,0.43193658546388475,1,0.16006683595691815,-0.013197836865593171,0.4442775534611354,1
1556.231705,grid_0977_y565_z495,481.21,566.665,492.155,96.72981101501229,2.146,-0.07866021704775546,-0.016030617333712107,0.4092812445950158,1,-0.01700234809134237,0.021720764322836,0.4230392654920107,1,0.03690441148033676,0.03547076736203241,0.42848594644630805,1,0.095011694863313,0.0226877830468423,0.4296276879272564,1,0.1602325528726284,-0.0132855518229791,0.44501027997120607,1
1556.863736,grid_0978_y560_z495,480.891,563.164,493.811,93.04364565621876,0.401,-0.08363516555363794,-0.018101072381285898,0.41717326015405637,1,-0.019322893872523072,0.019952468902517617,0.41739278434280763,1,0.03505676298579909,0.03442271730213824,0.42613887746739293,1,0.09324941303170646,0.022144700151763494,0.42605955813234647,1,0.15825243924849355,-0.013283902736157031,0.44016472657937183,1
1559.031274,grid_0979_y555_z495,480.612,558.066,494.027,89.29216432588024,1.857,-0.09009389408943934,-0.018677157241199126,0.41912513357605535,1,-0.02416787127573264,0.019896496207101984,0.4169112094865503,1,0.032060970210416935,0.03498838335013889,0.4254772200904297,1,0.09101239926761595,0.02245708108535541,0.42406778198837664,1,0.15683608209485178,-0.013278067369344178,0.4367508719724473,1
1562.58346,grid_0980_y550_z495,480.512,553.017,493.637,86.18158450040241,3.26,-0.09496575763362775,-0.01823511687365562,0.41527400019917055,1,-0.029074754037415093,0.0202880028799145,0.42060804923863704,1,0.028622170258045854,0.035645784336265064,0.42669204430099517,1,0.09075350224540195,0.023292001932774847,0.43159272880278315,1,0.15849469019882678,-0.013215964443101157,0.4431118581127855,1
1565.570034,grid_0981_y545_z495,480.504,547.89,493.436,83.073778227549,2.696,-0.10068776895065014,-0.01824111616099349,0.41634222996576775,1,-0.034138430537838396,0.02155082403610055,0.42951228603652064,1,0.025486854657649893,0.036206898833191024,0.42855337350831935,1,0.08883694337599433,0.023459161159552506,0.43152812812052593,1,0.1597821691130854,-0.013287652192787857,0.4470136652470842,1
1566.348255,grid_0982_y540_z495,480.459,542.836,494.323,79.33056730542143,0.516,-0.10625076264375562,-0.019164445643534648,0.4193972637495374,1,-0.037502217382815374,0.02051807487731905,0.42277533248491084,1,0.02328837836947952,0.03652132351816471,0.4296960971174065,1,0.08648106008990797,0.023648639075227403,0.42685166084703136,1,0.157791605472791,-0.013004564239564887,0.44217499569723656,1
1568.884642,grid_0983_y535_z495,480.515,537.652,494.458,76.31782641034789,2.266,-0.11203377845067253,-0.019368062633770684,0.41809157006756453,1,-0.041918477194864384,0.02005519903012171,0.4156736210955468,1,0.019877318284103534,0.03612205533824131,0.4271020880337543,1,0.08530168981949436,0.023877929922420046,0.43108151823348057,1,0.15540402950463308,-0.013096909941515904,0.4367044143676138,1
1569.840405,grid_0984_y530_z495,480.563,532.553,493.997,74.10673730505204,0.683,-0.11880172788945953,-0.019338662584726673,0.4227168694725987,1,-0.0460362056895941,0.02095096907836759,0.41602577758510817,1,0.017017222270337126,0.03715858138506847,0.4247620286272294,1,0.08410794783709147,0.024918029691330567,0.4323927862136448,1,0.15679185908208484,-0.012992476339212284,0.4415913080574581,1
1570.818694,grid_0985_y525_z495,480.674,527.691,493.812,72.05085591441642,0.738,-0.12443435524974315,-0.018900884684988444,0.42313223945814515,1,-0.05128358045981903,0.021821734686923347,0.42493688831531307,1,0.014300596272318429,0.037253916516931614,0.42473619531034257,1,0.08229440159352418,0.02498661220411508,0.43300335999699,1,0.1570107118495763,-0.013106342971120078,0.442641658599479,1
1571.468351,grid_0986_y520_z495,480.79,522.588,493.805,70.01885510346474,0.398,-0.12802202654968117,-0.019058453311161013,0.4194647642667286,1,-0.054227555418597834,0.021942829081868124,0.42220913650675723,1,0.01208842220029379,0.03792909709189553,0.4286868183347539,1,0.0806653360460909,0.02530997967279679,0.43089101123614326,1,0.15496089335592178,-0.012808110765927557,0.4380634646089416,1
1572.191093,grid_0987_y515_z495,480.425,517.606,493.881,68.22200159039602,0.453,-0.13401528919649505,-0.019064882249410182,0.4191357924299693,1,-0.05895317615431115,0.021969088265794235,0.42010427198131967,1,0.00899743062802385,0.03814988768986554,0.429651687782369,1,0.07914708862664928,0.025521132045680187,0.4313850546002036,1,0.1536370701865896,-0.012663426238283008,0.4352416081493908,1
1572.805737,grid_0988_y510_z495,480.478,512.512,494.586,66.15437355912299,0.404,-0.13940910612091528,-0.01986332595497843,0.4200296084723661,1,-0.06330713847644319,0.021638496526425587,0.42140836735379633,1,0.00560340103933418,0.03831603371451727,0.4287965408212158,1,0.07748005236715691,0.02603810044698432,0.43480053277320413,1,0.15331345713149896,-0.012658514330164732,0.4355584589361907,1
1573.484184,grid_0989_y505_z495,480.369,507.729,494.362,65.38026862135082,0.457,-0.1442739485621927,-0.02004831611091527,0.41851924014759057,1,-0.06701251497384375,0.021886990003566056,0.42104772716982275,1,0.0029702317111535686,0.03877053431630346,0.4296396966097619,1,0.07455973448580773,0.025694116724388177,0.4265165817791903,1,0.15341416364342939,-0.012724205648807572,0.43694686038206915,1
1574.434715,grid_0990_y500_z495,480.626,502.715,494.396,64.70810358834503,0.741,-0.150892808778004,-0.020045415777192387,0.4182010456878756,1,-0.07329632839400316,0.022212518148238745,0.4251948274002881,1,-0.0006040706993283308,0.03872538011799732,0.4297019089629353,1,0.07371011297522155,0.026198337466830705,0.4312813114622855,1,0.15401426224037315,-0.012742040616046205,0.4391702093327174,1
1576.502657,grid_0991_y495_z495,480.423,497.731,493.706,65.09690844425711,1.797,-0.15673335328515536,-0.01899909605794083,0.4188037862067762,1,-0.0769366130047831,0.022612160028534046,0.4223128894540613,1,-0.003498019363224643,0.03940712279943165,0.42690158147123286,1,0.07143445499075181,0.026313620513324046,0.42749112116649196,1,0.15473535403919056,-0.012727536345099677,0.4416913005958217,1
1577.511415,grid_0992_y490_z495,480.591,492.763,493.614,65.30892717691815,0.797,-0.1621277641683033,-0.01899093916376545,0.418470360004714,1,-0.0820033045537363,0.023594163922284184,0.4258773578970947,1,-0.006415072339292606,0.040233726420411446,0.42802405280982564,1,0.07013769823331517,0.027024838084730624,0.4303440116875307,1,0.1517883611768621,-0.012655917651230088,0.43544230112837545,1
1578.661107,grid_0993_y485_z495,480.414,487.789,494.041,65.35218596956031,0.908,-0.16873713895339895,-0.020141042842134135,0.42223363920411466,1,-0.08533825584992229,0.022768056831919,0.42590370847657916,1,-0.008334053275306801,0.04012550894956402,0.4342153238019826,1,0.06888290548335156,0.026561673614301746,0.4291726330540397,1,0.1518608641488082,-0.012626087851819782,0.43542103062846843,1
1579.527643,grid_0994_y480_z495,480.711,482.624,494.465,65.86382167017031,0.684,-0.1731418796778427,-0.02007970201144101,0.4179190195567881,1,-0.09071988540775905,0.022874231311397635,0.4242258207185083,1,-0.012404815219413284,0.03993013486609535,0.4264446488685703,1,0.06663519963399285,0.027338187847549194,0.4306741535970249,1,0.15175144364382792,-0.012699091994563977,0.4356788128857943,1
1580.627727,grid_0995_y475_z495,480.545,477.475,494.593,67.00878902054559,0.848,-0.18182570967433684,-0.020630952387769384,0.42580677633045827,1,-0.0928932878804386,0.02299732197683353,0.4220818935579067,1,-0.013935802536737952,0.039904886050815526,0.42639483266888356,1,0.06574803239821013,0.027075589803469028,0.42781069463181093,1,0.15137089254295719,-0.012534110973686305,0.43518100599026055,1
1582.750905,grid_0996_y470_z495,480.585,472.52,494.175,68.98219428954107,1.922,-0.18463381763510997,-0.020125675875229957,0.41855025184053707,1,-0.09932414102365233,0.02332960650269175,0.4260555336138951,1,-0.0176933241477288,0.04024947818723686,0.42642479375767434,1,0.06354298630187731,0.027044214108225256,0.4255906514273049,1,0.15207061380704703,-0.012589208378910534,0.437689421934351,1
1583.965719,grid_0997_y465_z495,480.709,467.594,493.939,71.07897993781278,1.022,-0.19083916149989077,-0.020133481016811672,0.42010765159626634,1,-0.10405689818009929,0.02416921291689507,0.4273175605416051,1,-0.02134460279692517,0.04190182543497803,0.4309763059880092,1,0.06204301746432101,0.028002851118651403,0.4268748260968798,1,0.15209779657796377,-0.012534109703791646,0.43863123515270414,1
1586.51102,grid_0998_y460_z495,480.829,462.54,493.936,73.30133562221083,2.324,-0.1952459133666432,-0.020106606309709892,0.4174818403880365,1,-0.10769184174840483,0.023819048085869963,0.4249564500430633,1,-0.02394171902363006,0.041160237981571084,0.42836396967914525,1,0.060383020443123984,0.027788249274047657,0.42701873985836686,1,0.1513187672196354,-0.012443954136417088,0.4375471904430663,1
1587.473638,grid_0999_y455_z495,480.889,457.57,493.933,75.74760715032518,0.792,-0.20162175444173613,-0.020150364636292613,0.4191498456844442,1,-0.11261951369183996,0.024771608496272635,0.4260517131535099,1,-0.02729742896317468,0.04246937478964232,0.42955424172653506,1,0.05828749942646614,0.02833874696635504,0.42415159584725254,1,0.15060077636420746,-0.012369820830497794,0.43631976819659696,1
1590.793256,grid_1000_y450_z495,480.87,452.39,494.304,78.23711388465195,3.118,-0.20285953666961343,-0.01991697843508929,0.41031756572389816,1,-0.11555595383395233,0.023998676769378082,0.4222952094632045,1,-0.02979514304156267,0.04178067215091249,0.4287485699637546,1,0.0575089604266592,0.02853952917697231,0.42873170638886676,1,0.15454870046002547,-0.01279664831606535,0.44916550872897454,1
1595.424922,grid_1001_y445_z495,480.951,447.358,494.36,81.15026903220956,4.462,-0.20718193349730138,-0.01987120910923734,0.4083200848600888,1,-0.12024196547969346,0.024011255401872347,0.42321076636158855,1,-0.0333937432474292,0.04243886494279558,0.4303965984616866,1,0.05540916464115055,0.028730592667824226,0.4272129696968063,1,0.15351025576389873,-0.012752001170335299,0.4470991442073419,1
1596.272211,grid_1002_y440_z495,480.798,442.344,494.431,84.22209832342101,0.622,-0.21908135595891623,-0.021170080592994384,0.4206645057523431,1,-0.12452110852599073,0.024378336219172698,0.4254689666164491,1,-0.035068787645781925,0.04229914002546328,0.42827166853737425,1,0.05523253492537903,0.02878846129738793,0.43061745961545156,1,0.15410240726619231,-0.012804225424065965,0.44911979191192125,1
1596.857715,grid_1003_y435_z495,480.831,437.615,494.462,87.32416165643959,0.401,-0.21926374150441816,-0.020936712202531873,0.4137326596818494,1,-0.1264788257254138,0.02459052175154487,0.4243241332385455,1,-0.036539817926141534,0.0426495753068464,0.42694043023850187,1,0.05384728955582207,0.029139406746080895,0.4300405320549792,1,0.15391668226459795,-0.0127924705364194,0.4490259024354127,1
1598.603022,grid_1004_y430_z495,480.794,432.806,494.486,90.62322621160646,1.576,-0.22834674404427877,-0.02126159054807723,0.41821711315665705,1,-0.13300749234828954,0.024335061914085247,0.4250114010631032,1,-0.04177435513920672,0.04293104640782689,0.42838878608801156,1,0.050841841394931024,0.029641814914973374,0.42884045969788276,1,0.1497874439177563,-0.012352998486741325,0.43794032682747236,1
1599.440617,grid_1005_y425_z495,480.831,427.914,494.182,94.34159006503968,0.676,-0.23087295147120035,-0.02071431187663326,0.4135052617366874,1,-0.13572545923160284,0.024625682603593674,0.4224730115854473,1,-0.04388081189709191,0.0428543458605159,0.42765920762549037,1,0.049897327635432275,0.029369256055706172,0.4273410990264908,1,0.14916347799620935,-0.012311148165515378,0.43678339423390816,1
1601.002469,grid_1006_y420_z495,480.927,422.848,494.251,98.05358859827616,1.36,-0.2374780479070104,-0.020967411925857646,0.41455554886147167,1,-0.14096773120469216,0.024524154849130553,0.42302330926660847,1,-0.04742914534850554,0.043236393654031056,0.4292240217208037,1,0.04817418627583573,0.029650578000973107,0.42902480127483167,1,0.14942518411839342,-0.012336814461916914,0.438143100690425,1
1603.728688,grid_1007_y415_z495,480.947,417.744,494.373,101.87347786838335,2.546,-0.2428455491994924,-0.021186349335303167,0.4148326487818052,1,-0.14559103595877845,0.024811135104015437,0.4268188065056599,1,-0.04961914442225476,0.04325273464050993,0.43060671291020775,1,0.046510886018858145,0.029392506265533868,0.425157427853371,1,0.15189423058340695,-0.012677821333797946,0.4463170491982907,1
1606.137581,grid_1008_y410_z495,481.1,412.606,494.804,105.6507765660054,2.209,-0.2489381846219788,-0.0219827233551694,0.41545091597852535,1,-0.14833653557340454,0.02410413184889805,0.42149295761433875,1,-0.052436182079023175,0.04312093475013254,0.4293673004492158,1,0.04571086830607163,0.029555519711665645,0.427490130738073,1,0.1515726474941926,-0.012667080175562674,0.44582024402514303,1
1606.905066,grid_1009_y405_z495,481.152,407.595,494.969,109.58505727972216,0.576,-0.2545557509868051,-0.022177461348599065,0.41625299324173265,1,-0.15297827803774192,0.024212909447310985,0.42374542266666393,1,-0.05529190923558739,0.04328147525419033,0.4283502085077395,1,0.04347500657859824,0.02999557575983756,0.425847551819154,1,0.14794186336909748,-0.012302058736691856,0.4365838713953418,1
1607.541549,grid_1010_y400_z495,481.17,402.446,494.872,113.86280641631835,0.453,-0.2598070890306201,-0.022322075808149544,0.4159818571776526,1,-0.15758057766009795,0.023905465550289492,0.42384913803598123,1,-0.05932602756787924,0.043506690583718026,0.43386259423140006,1,0.04258008493757889,0.02992984452858684,0.4283608896442988,1,0.14746515057974344,-0.012205515054587194,0.43531059634598157,1
1609.702344,grid_1011_y395_z495,481.053,397.462,494.838,118.02971132727552,1.98,-0.2666598057434957,-0.022393459086606633,0.41728560711453194,1,-0.1625770092085084,0.024228509693261544,0.4243361565063311,1,-0.06231096208419351,0.04345415439832762,0.43195435878237637,1,0.040460507087418655,0.029874690942305136,0.42697297575411103,1,0.1480077261730771,-0.01221563754331115,0.43799964215410164,1
1616.60961,grid_1012_y390_z495,481.042,392.472,494.577,122.38725988435233,6.717,-0.2752178810857432,-0.022395331091838274,0.4221886856329598,1,-0.16561404135514982,0.024538238754852684,0.42109326332390035,1,-0.06477192584828116,0.04358702688256561,0.42846560688561447,1,0.03861547772335614,0.02990853846673025,0.42445948854607524,1,0.14624378290584736,-0.011927805453875664,0.43317062369880577,1
1617.221601,grid_1013_y385_z495,481.101,387.436,494.495,126.74483844717305,0.399,-0.2785358621302178,-0.022242052812879585,0.42009181391090905,1,-0.16843506200418665,0.024610666789416313,0.42120774059256544,1,-0.06714299170044086,0.043903619128214035,0.4312035284505808,1,0.03751417227057003,0.03000160194994944,0.4244401726947998,1,0.14583960348637937,-0.011933666081909414,0.4331224656141612,1
1617.85628,grid_1014_y380_z495,481.209,382.554,494.477,130.98829170960283,0.453,-0.28216903941386645,-0.022072910371802437,0.4166157755658853,1,-0.17426571970497426,0.025185186525972764,0.42415985408304085,1,-0.06950441118143406,0.04396039777735184,0.42857326521305467,1,0.03662218078136219,0.030507861729374013,0.43033713203083085,1,0.14429016821197463,-0.011702700742932516,0.42963007998326913,1
1618.448607,grid_1015_y375_z495,481.287,377.634,494.328,135.36882502260258,0.4,-0.294154608549623,-0.02247416563678936,0.4265543347474414,1,-0.17633215661004598,0.024793614269948073,0.41822391858794955,1,-0.07352007988875398,0.044036501945051126,0.43013682736379755,1,0.03467297356196152,0.030650080405784565,0.4290221377469432,1,0.14402342988840852,-0.011616422721496352,0.4293711020515614,1
1619.635426,grid_1016_y370_z495,481.323,372.731,494.35,139.68965093019594,0.957,-0.2921693694561332,-0.022022621359967607,0.41506447565271687,1,-0.181005021707799,0.02458744386163558,0.42023554482227005,1,-0.07555084792806704,0.04420153090312253,0.4299596865465958,1,0.0336914808707636,0.030857108212116995,0.4287146764779021,1,0.14342660452675685,-0.011618970697169217,0.4276687647729986,1
1625.82798,grid_1017_y365_z495,481.315,367.726,494.394,144.12703169079697,5.971,-0.30802701635646906,-0.022884947484529686,0.42943798468940525,1,-0.1863719439163014,0.024943343175033147,0.42230197156028454,1,-0.07845610262733611,0.044237984091612004,0.42873665178141557,1,0.03181657040672398,0.030583665563191784,0.42454562489553016,1,0.14345615839997594,-0.01155528287908576,0.4288205805381766,1
1626.732221,grid_1018_y360_z495,481.298,362.647,494.589,148.60174675622085,0.675,-0.30479978387708656,-0.022598885973874067,0.41661540796608665,1,-0.19073282626457141,0.024711360228249265,0.42154715163443823,1,-0.08242022197480116,0.0446262732123566,0.43223407656148843,1,0.030050506088591042,0.03095587367184253,0.42773777728283663,1,0.14259789448250998,-0.011617745714319562,0.4276837326536591,1
1630.599664,grid_1019_y355_z495,481.275,357.551,494.771,153.13499556273868,3.667,-0.3171192638002196,-0.023326650045494984,0.42584896797647565,1,-0.19728741107103698,0.024924822098188564,0.4270637191952337,1,-0.08433024370834748,0.04425625076911413,0.429077636679624,1,0.0288428125995708,0.030781711665645004,0.4262666473683934,1,0.14310021538003928,-0.011709824128741277,0.4293214548217394,1
1631.788493,grid_1020_y350_z495,481.353,352.425,494.649,157.85747236668902,0.968,-0.31937169573044605,-0.02307419740203595,0.4210190044548761,1,-0.19865263820690157,0.02489518867682877,0.41985679459939834,1,-0.08877536914354117,0.04524424701422153,0.432526097060542,1,0.026148702462902327,0.03097015400281836,0.4211306200675933,1,0.14240688853351058,-0.011518894162594917,0.42819476091441483,1
1650.241562,grid_1021_y350_z500,480.319,351.645,498.058,157.18532427997212,18.09,-0.3417433581928595,-0.028791920663222476,0.4513253504844171,1,-0.19957748185842403,0.021966676340590224,0.42184673147589385,1,-0.08947163013318342,0.043227659729358714,0.43568459691832234,1,0.026460230651909944,0.030065029669126345,0.42678649686797826,1,0.1424633578202091,-0.011623047453318063,0.42798436864533346,1
1651.151891,grid_1022_y355_z500,480.973,352.818,499.13,155.71894935427736,0.797,-0.3203107074251033,-0.028265954390152916,0.4241319826314362,1,-0.2043864547244195,0.021766825713569152,0.4347968664049851,1,-0.08695546379043247,0.04167991039282998,0.42844665547913197,1,0.026986039223303147,0.02969807985634425,0.4255964879628511,1,0.14194903019217206,-0.011580044078951452,0.42683091974268006,1
1652.709007,grid_1023_y360_z500,480.61,357.963,500.367,150.48279028181258,1.296,-0.30805794355440685,-0.028912188266087272,0.4154071350429928,1,-0.200627844395701,0.020740847916634143,0.4347186391422863,1,-0.08496472117089615,0.04150407304423063,0.42867150612551863,1,0.027882201531208916,0.029633208915703115,0.42564453580669154,1,0.14266024854390633,-0.011681765098676656,0.4288300346307217,1
1654.238142,grid_1024_y365_z500,480.442,363.099,500.149,145.8440167130623,1.358,-0.3084349914815944,-0.029228386913696305,0.42381604969113473,1,-0.1911079237835969,0.02000098401694494,0.4243909549439131,1,-0.08155885377876716,0.041357787776468105,0.4301046826948127,1,0.03044259676335055,0.029442428302793307,0.4268553078888006,1,0.14286341227416213,-0.011687799375067595,0.42852412128486567,1
1656.779384,grid_1025_y370_z500,480.548,368.092,499.838,141.42064312185826,2.329,-0.3030919082722313,-0.02867183506587199,0.4237869456855516,1,-0.18397615286699656,0.02022812108694273,0.4183123770546929,1,-0.07866038797123065,0.041822313879912996,0.43180816003185546,1,0.03183123305593407,0.029418082819513382,0.42677293003746203,1,0.14337271365803064,-0.011606657263958492,0.42880753799183663,1
1657.749249,grid_1026_y375_z500,480.898,372.61,500.045,137.25568127403685,0.788,-0.29056320540834407,-0.028131387399314815,0.412606212394254,1,-0.18266275827652456,0.01986737539388366,0.422055819783594,1,-0.07650799900441965,0.040852462477231254,0.42960002689211235,1,0.032581005424046135,0.02893678284869898,0.4266191181335774,1,0.1443450622917602,-0.011803374237766964,0.4309480236949823,1
1667.158438,grid_1027_y380_z500,480.719,377.755,500.196,132.55028898120136,9.158,-0.2850953044913453,-0.028226936719359927,0.41289799155752,1,-0.18285835968485378,0.021003686658121103,0.4344782294513256,1,-0.0734007791639949,0.041736254686775914,0.43207258119795333,1,0.034627083273307914,0.02942587772393711,0.4249424829952899,1,0.14356591791870524,-0.011623722176157938,0.42795502173804695,1
1667.824135,grid_1028_y385_z500,480.93,382.681,499.913,128.29128252145583,0.454,-0.2861882509825598,-0.028208030655435784,0.4222771402650889,1,-0.17478672522439773,0.02038393682899237,0.42460729076902565,1,-0.0704066569867806,0.0411173883099471,0.4304976810199929,1,0.03613198713275787,0.02907077194990017,0.42593542941773865,1,0.14397968709800293,-0.011699737076869098,0.4291946089042821,1
1675.7689,grid_1029_y390_z500,480.763,387.999,499.933,123.57411130977228,7.763,-0.27585755770810855,-0.027824766591572406,0.4160185979074538,1,-0.1695289128893196,0.01975713840726617,0.4234495320485962,1,-0.06659197079789549,0.04037324236267961,0.4265246818633364,1,0.03744649048000823,0.02843128750590204,0.4230493507754139,1,0.1451453936451824,-0.012122964880327346,0.43197469750479245,1
1677.911352,grid_1030_y395_z500,480.722,392.808,500.312,119.18140627211945,1.971,-0.2718274444823422,-0.028038193260591576,0.4180002862989134,1,-0.16479243033547497,0.019718725372616163,0.421168773850402,1,-0.06416828659841951,0.04046385675253969,0.4282954787211419,1,0.03917076242448549,0.0286698888693461,0.426806138458248,1,0.14994713591873066,-0.012569813202069577,0.44470693977622516,1
1681.82456,grid_1031_y400_z500,480.767,397.786,500.123,114.96986509951203,3.701,-0.26487941790307595,-0.027725383404832965,0.41553276627507874,1,-0.1632074757044537,0.020288350226045554,0.42651757757529224,1,-0.06173532243351467,0.040698462949536204,0.4277366211458109,1,0.040056697809267225,0.02866968274343075,0.42270130099878633,1,0.15093463587857758,-0.012685751240839649,0.44676393296837363,1
1682.432532,grid_1032_y405_z500,480.855,402.556,500.319,110.79833206777074,0.456,-0.2619625733080719,-0.02803831166446286,0.41771404495842407,1,-0.16008538978350298,0.019879495204405895,0.427191195150074,1,-0.05923991172867051,0.04034445641825201,0.4263827465198222,1,0.041544920251283965,0.028774285834560386,0.42591726620119835,1,0.14718931814288827,-0.012082335276181902,0.4354190111023191,1
1685.134696,grid_1033_y410_z500,480.969,407.757,500.333,106.41791712864892,2.542,-0.25559301578828203,-0.02821133778922415,0.4178635904590587,1,-0.1521002920918468,0.019591108699796272,0.4224035981873088,1,-0.05443168740034412,0.0398120601625229,0.4276579872015209,1,0.04479305323457913,0.02833098301355481,0.4287563727491291,1,0.15138539806972134,-0.012724117282034838,0.4461201363618074,1
1686.775665,grid_1034_y415_z500,480.866,412.837,499.989,102.40371650970485,1.46,-0.25178910921827796,-0.027779095664769826,0.42076836127791384,1,-0.14869945119633812,0.019878896001960588,0.42105953011930247,1,-0.0532049636589687,0.040219761741833275,0.427529694378663,1,0.0449483034957129,0.02866664011376727,0.42924175380435153,1,0.14806307230822766,-0.012416860264634365,0.4363487183032025,1
1687.761372,grid_1035_y420_z500,481.008,417.934,500.028,98.26376596182331,0.845,-0.24372940119495023,-0.02741079177708891,0.41672362978028404,1,-0.14488260799963326,0.02028331965521458,0.4265870825292742,1,-0.04832791382535547,0.04024121839276331,0.427541495758067,1,0.047314506641850836,0.028146240824082926,0.4263420427645393,1,0.15208823562268184,-0.012677356905298741,0.4466087642015961,1
1689.735138,grid_1036_y425_z500,480.795,423.084,499.715,94.37013882049764,1.812,-0.23577067514782565,-0.02656403623732859,0.41276222651049105,1,-0.1409398623503236,0.020070986248120017,0.4232832061587772,1,-0.04763592282021469,0.04030861225602018,0.4280167699598576,1,0.04734037199626137,0.028394769430285335,0.42616362811234126,1,0.15157323916519175,-0.012656393676209042,0.44539518781595083,1
1692.275092,grid_1037_y430_z500,480.949,428.057,499.572,90.65291669328677,2.368,-0.23288663281046987,-0.026644694884152567,0.4169849372691992,1,-0.13559121475554053,0.02035347074693022,0.42054315641963697,1,-0.04426971456303453,0.04023132658144004,0.4278581997824158,1,0.0491163383763227,0.028215501063168752,0.4241964626130222,1,0.1503232236251147,-0.01241467837359074,0.44078319893444906,1
1696.242954,grid_1038_y435_z500,481.027,432.777,499.907,86.91772455604206,3.827,-0.23031922556450854,-0.027204125752647124,0.4213546206967675,1,-0.13407906287701724,0.019736708899756008,0.429075649350615,1,-0.04132924048644547,0.03929391694064311,0.4270300320483273,1,0.05128643694405605,0.027683022930518417,0.42708643875956936,1,0.1497931728705313,-0.012502325589343782,0.4383042199294937,1
1697.939131,grid_1039_y440_z500,481.108,437.546,500.116,83.33769104672865,1.524,-0.2210605618198951,-0.026515447933470288,0.41411097731470425,1,-0.12890399985931345,0.020031820299327433,0.42665862628728796,1,-0.038170274101377466,0.03989674516259321,0.42793434923139034,1,0.053808987954974845,0.02836143176831783,0.4340835976740676,1,0.15252182206868067,-0.012697907748952608,0.445027287776377,1
1698.489787,grid_1040_y445_z500,481.057,442.6,500.214,79.75891839788194,0.399,-0.2204416811991453,-0.027478723718407053,0.4207467236515778,1,-0.12464521407941599,0.0192215153736077,0.4237858015584361,1,-0.035466933436208846,0.03901018852249543,0.429082108639992,1,0.054502342169113156,0.02719151819965757,0.427284603229295,1,0.15410240726619231,-0.012804225424065965,0.44911979191192125,1
1700.05035,grid_1041_y450_z500,481.118,447.62,500.0,76.61703085476488,1.407,-0.2106736018519543,-0.02659130518218797,0.4150932544881394,1,-0.12052794133772284,0.019629089631758346,0.42508037159023876,1,-0.03320735925819238,0.039606494662048373,0.4289161988276309,1,0.055720200261962706,0.02787000491260277,0.4305791379394898,1,0.15336684058004527,-0.012717864504372319,0.44657679235954273,1
1701.687465,grid_1042_y455_z500,481.057,452.8,499.794,73.57102815646928,1.475,-0.20669737827488455,-0.026682213986628872,0.4188233493634,1,-0.11582844854566199,0.019525705320693428,0.427159299138129,1,-0.02922037814112771,0.03898174992128057,0.43145248360469896,1,0.0582633782898899,0.026962974962229855,0.43062465923794346,1,0.15381313377387842,-0.012710287396371705,0.44662250917659607,1
1703.743109,grid_1043_y460_z500,480.984,458.021,499.922,70.47275486313835,1.865,-0.19962789114850663,-0.026576633637981226,0.41669401319793425,1,-0.11095611427586177,0.019308901798679893,0.4250636308987861,1,-0.026363357703594926,0.03873851953962797,0.4273740578315874,1,0.059049053587588045,0.027034099116689636,0.42782962569388766,1,0.15060747637092622,-0.012478332250236054,0.43651519028933694,1
1704.685755,grid_1044_y465_z500,481.103,462.562,499.598,68.38251659598373,0.79,-0.1965900005948208,-0.026455324623225585,0.42072607638692516,1,-0.10765097757083221,0.019659985834019938,0.42684662494530273,1,-0.02367496632432542,0.03883488443565477,0.42877929618978833,1,0.060498355252774916,0.026950099569508282,0.4268741879104216,1,0.15463368538690775,-0.012799336845465225,0.4474475068625136,1
1705.317309,grid_1045_y470_z500,481.375,467.697,499.875,65.75725196508742,0.401,-0.19139695745086718,-0.02651322929028319,0.4190226605276639,1,-0.10288546940875232,0.018420975254709846,0.4210996367766062,1,-0.021525977313390388,0.037776541397625166,0.43119535410936455,1,0.062190083807409584,0.026322787569715126,0.43007685895719977,1,0.1547625336971642,-0.012759895263567635,0.4473578178021968,1
1705.932667,grid_1046_y475_z500,481.094,472.525,500.051,63.58887779321158,0.455,-0.18521214782000442,-0.026582887729338412,0.41747492953524007,1,-0.0993626092451484,0.01927698674035507,0.4247825636114142,1,-0.018133654409154255,0.038433943064508765,0.42751059204223596,1,0.06322508773634668,0.02658268117224223,0.42613314759653936,1,0.15141385828707254,-0.012522465753708465,0.43700449843887995,1
1706.896867,grid_1047_y480_z500,481.126,477.415,499.912,62.03655643247774,0.795,-0.17834513199948857,-0.026516580838303345,0.4166276854047129,1,-0.09484788834628638,0.017926223883836617,0.4274547791034002,1,-0.01474434170894461,0.03683872387770112,0.43068372199813304,1,0.06557855879530207,0.025291422806980334,0.42789734365868703,1,0.15262986421658833,-0.012727681549825079,0.4384653443330855,1
1707.885013,grid_1048_y485_z500,481.061,482.515,499.673,60.87569260386279,0.788,-0.17633916497410576,-0.026421069770608735,0.4252523060544298,1,-0.09088950010260362,0.019066774404321817,0.4279240398404918,1,-0.012109745094714547,0.03789194932787778,0.4261628699523192,1,0.06625171956746623,0.026525797758903652,0.4256370406838453,1,0.1523617536157466,-0.01259905381543771,0.43720270241653986,1
1708.963807,grid_1049_y490_z500,481.236,487.77,499.602,59.966726849145246,0.848,-0.16956025929465499,-0.026203439887028696,0.4234150389190017,1,-0.08607888959261195,0.01763827092270785,0.4281022662317857,1,-0.008740808786962694,0.035990625671919456,0.4273694959780845,1,0.06887509267253995,0.0249150993332657,0.42969540454576244,1,0.15166997200900376,-0.012696496604653917,0.4344439929126584,1
1709.881761,grid_1050_y495_z500,481.338,492.881,499.488,59.553000377814676,0.676,-0.16231108153377963,-0.02550058322378468,0.41854621681233856,1,-0.07984488124248243,0.018449059025012853,0.4178518850740436,1,-0.005587820722088018,0.03716365484801407,0.4284180341016092,1,0.07099552814946698,0.025628540846241114,0.43183673717162413,1,0.153033446567045,-0.012682133735739684,0.4377262649774753,1
1710.845836,grid_1051_y500_z500,480.976,497.711,499.411,59.48023163203044,0.792,-0.15613546404731216,-0.025423685112334084,0.4174226200007882,1,-0.07660592040932929,0.017799169606737428,0.42050196359440156,1,-0.003230102294718691,0.036193109142385466,0.4272713960131074,1,0.07105228602609752,0.02491346903437848,0.4257604924484483,1,0.15199189698865703,-0.012698113094833078,0.43458637852191195,1
1711.961134,grid_1052_y505_z500,481.14,502.307,499.713,59.46170534890495,0.906,-0.1515523037571511,-0.025511732893762726,0.4193232413353203,1,-0.07218935143126211,0.018220669261560688,0.41923179660849913,1,5.597515681216253e-05,0.03677112918987278,0.4298923880052356,1,0.0735024318416594,0.025053712333226424,0.427995881550693,1,0.15301069078675836,-0.012714843079801216,0.43646969079344294,1
1712.639869,grid_1053_y510_z500,481.343,507.502,499.727,60.1911560364145,0.398,-0.14792370224605053,-0.026011554245402437,0.4219126708078042,1,-0.06933317966696949,0.01730334550173953,0.4243377752091488,1,0.0021895632161119324,0.03563533117454629,0.42780193404533234,1,0.07422413796705792,0.024627258784780698,0.42694998982214294,1,0.15323908632231678,-0.012702517757923394,0.4363097291484302,1
1713.801123,grid_1054_y515_z500,481.321,512.437,499.183,61.795525906007114,0.961,-0.1408338925453607,-0.02542712739745985,0.42033809744067535,1,-0.06378065754455513,0.017766003846770996,0.4201143641017721,1,0.005442564445109987,0.03577412513382335,0.4257578425882744,1,0.07659497506468252,0.02445834194157374,0.4274870068453855,1,0.15357477129863914,-0.012700242526668284,0.4367349669155509,1
1714.441432,grid_1055_y520_z500,481.467,517.452,499.1,63.359573672808054,0.398,-0.1365692352323898,-0.025320113149074678,0.42109379069312913,1,-0.06062378628298598,0.017588641294395517,0.4240932629351199,1,0.008059183068405112,0.03511861731379907,0.4268129184491918,1,0.0783437299672171,0.02389679899278739,0.4295166874046599,1,0.15315708273818987,-0.012673934533808995,0.4342316000437804,1
1715.361949,grid_1056_y525_z500,481.498,522.074,499.461,64.69990066452955,0.68,-0.12965691608766147,-0.02538501161240977,0.4193947310542037,1,-0.05443247270821278,0.017293537813271007,0.4155154282169064,1,0.011460334524135937,0.034814587836487006,0.4263253069007475,1,0.08122567801978624,0.023874431862403362,0.434525553583379,1,0.1531241384011129,-0.01271550538474007,0.4331845824826576,1
1719.563617,grid_1057_y530_z500,481.543,527.188,499.427,66.91234945060583,3.951,-0.12445983140586182,-0.025509407214923053,0.4202746720208435,1,-0.05054318837774923,0.016575914664048893,0.4172206329287044,1,0.014258477903370412,0.03447711052287942,0.42854259581427784,1,0.0811065797291666,0.022960888900902907,0.42458598571190415,1,0.15487168855224118,-0.012951677867926196,0.43618616335525084,1
1721.9842,grid_1058_y535_z500,481.256,532.467,499.76,69.17053989958438,2.149,-0.11673547905636712,-0.025059658145008646,0.4137106037458418,1,-0.04752289225978357,0.016831978874041236,0.43252947976244344,1,0.017254838540903473,0.03396458936938457,0.42502330809132777,1,0.08362070011859984,0.02316761351534763,0.42981883417395217,1,0.15756016601011458,-0.0132887630568867,0.4437046752261267,1
1722.655399,grid_1059_y540_z500,481.441,537.606,499.479,72.21592326488664,0.398,-0.11330173930946018,-0.025152224113621075,0.4177207415995236,1,-0.043332775734318964,0.01650324822115092,0.4244711035449362,1,0.019726273433257852,0.03400908363441255,0.4288103889061778,1,0.08532863145782883,0.022975887839313685,0.4302306725631522,1,0.15527421643109188,-0.0131550249040513,0.4360334677744741,1
1723.534118,grid_1060_y545_z500,481.3,542.832,499.193,75.51621096162066,0.618,-0.10728009118408649,-0.02493765228414459,0.4187910038538462,1,-0.03851084167398063,0.01648254995730036,0.4262901114107529,1,0.02283584399097167,0.033450082714339406,0.4261959367842308,1,0.08709030104196525,0.022654443581592434,0.4304886779147812,1,0.15758362415760194,-0.01318250843806947,0.4415896975781077,1
1724.711588,grid_1061_y550_z500,481.383,547.562,498.935,78.70259950598833,0.907,-0.10071174941614779,-0.0242584692571091,0.41784287224712385,1,-0.033272309378206334,0.01655194780255331,0.4226398869584171,1,0.026131258645283942,0.03326468900864726,0.4263148492195184,1,0.08916930014384976,0.022536060805735156,0.4315255687818391,1,0.15778135154675277,-0.013123043733284512,0.44154902348939534,1
1726.316952,grid_1062_y555_z500,481.5,552.654,499.195,81.91222122491854,1.294,-0.09531606008242688,-0.024053038370313556,0.4157014621871344,1,-0.028370578585691277,0.01604527769154362,0.41432370198428375,1,0.028978959171774305,0.03266152733711125,0.42534762878555427,1,0.09172444693685806,0.022094229231199778,0.4338474596048143,1,0.15770011036586673,-0.01327439940661939,0.44002434120429773,1
1727.537954,grid_1063_y560_z500,481.66,557.29,499.686,84.82340927479862,0.96,-0.09185340071909637,-0.02512482945134037,0.423313564177181,1,-0.024586169209513717,0.015154917371731219,0.4198890869393748,1,0.03191240101564983,0.03149195390724877,0.42346640382909606,1,0.09289594756254822,0.021239729652803022,0.43138029022344043,1,0.15669627665499794,-0.013266571363602188,0.4365008139628941,1
1728.738976,grid_1064_y565_z500,481.626,562.388,499.102,88.92777364243413,0.901,-0.08543746535184159,-0.024407474298622358,0.4212697233058957,1,-0.020258954900503775,0.015509591325536193,0.41937810998029823,1,0.03483892743890906,0.03171876733812204,0.42556696085444057,1,0.09459586413341022,0.020953970765569898,0.43115422187307634,1,0.1577196526917968,-0.013389178072639112,0.4385516371522866,1
1730.057738,grid_1065_y570_z500,482.014,567.48,499.366,92.61988765378632,0.958,-0.07870180707003037,-0.024575975352079105,0.41435557272230117,1,-0.015562840020873166,0.015313847737010841,0.4174506630885486,1,0.03835096339257534,0.0320300259532521,0.4315168513097334,1,0.09650282342016436,0.02097450914157301,0.4337166416657057,1,0.15669055964184533,-0.013084523898277252,0.43463288329618205,1
1730.802705,grid_1078_y570_z505,482.657,567.875,501.47,91.65442743806756,0.734,-0.07991151153811481,-0.02740616793436051,0.4210224999913727,1,-0.015427698075631727,0.01348057928448935,0.4231111570471073,1,0.038510286328354855,0.030455617950525805,0.4298535917706472,1,0.09603783923863325,0.019920297056216337,0.4295874459996381,1,0.15736274919331975,-0.01321136969801714,0.4361704955808801,1
1731.102134,grid_1079_y565_z505,482.316,567.145,503.227,89.96724614547227,0.289,-0.07969161183786566,-0.02782513295973524,0.41942349570178744,1,-0.015466235183824277,0.012912116376287993,0.41971275643097306,1,0.03847861393754776,0.029942338416681077,0.4266645279138341,1,0.09735477398539012,0.01992281458384883,0.43459509240085387,1,0.15786686559745203,-0.013231314286450043,0.43721660824217173,1
1731.869763,grid_1080_y560_z505,480.648,563.118,504.06,86.17915927299362,0.456,-0.08322118047725129,-0.029577114560607128,0.4149947564776088,1,-0.019762673790222063,0.011092323005582917,0.4238277198224553,1,0.03507580412233184,0.02868141411559308,0.4245612586247605,1,0.09500521315957201,0.01983625206378938,0.43323772916694087,1,0.15719008430004056,-0.013298656080962217,0.43719325755153265,1
1732.931066,grid_1081_y555_z505,480.605,557.68,503.648,82.3264763973291,0.731,-0.09085979078297025,-0.02983434041010832,0.42111509480942694,1,-0.02459496551698138,0.01203384109031056,0.4231321888932246,1,0.031610126197316075,0.029827877197210168,0.42562666611492567,1,0.09212671171788618,0.020310125030731947,0.4286221385376725,1,0.15752085649749412,-0.013383469032987136,0.43869702683597916,1
1733.859746,grid_1082_y550_z505,480.654,552.9,503.844,78.71405958912291,0.677,-0.09509085113543193,-0.02963439010095568,0.4162790161672351,1,-0.02867050569019169,0.011844781877929122,0.4215069485779326,1,0.02918250683194894,0.02995847899718507,0.4261227432906672,1,0.09103155524087746,0.020620289343266488,0.43056807719467716,1,0.15824645525120007,-0.013318826538243686,0.44174380919328465,1
1735.385488,grid_1083_y545_z505,480.619,547.762,503.876,75.09997147802383,1.235,-0.1002013330291693,-0.029825177130005293,0.41459849490937556,1,-0.03311439350311652,0.012037914271815511,0.42112144254962675,1,0.026206278903524036,0.030311881952202194,0.42829165999530133,1,0.08884214952506907,0.0205730391070959,0.42832149271492637,1,0.1553435426687295,-0.013291887025759919,0.4344752704507775,1
1736.053128,grid_1084_y540_z505,480.489,542.611,504.005,71.58171960773221,0.397,-0.10501841620052288,-0.030084605150420104,0.41712152401114766,1,-0.0368214727790467,0.012115968755882328,0.42322703427115793,1,0.02372624440041943,0.03076094989285399,0.42643355559315005,1,0.08774196390587834,0.021212226553846355,0.4300067497675173,1,0.15590436845784164,-0.013284988809016804,0.43665681383753535,1
1736.831198,grid_1085_y535_z505,480.218,537.625,504.245,68.2697803350794,0.507,-0.11176684560866144,-0.030897917687201473,0.42095500084840376,1,-0.04107409055427752,0.011628155565893911,0.42023717231847996,1,0.020875630158468276,0.030277216270860757,0.42410142156981623,1,0.08561259910091333,0.02099300497445737,0.4276217401961833,1,0.15516535490469927,-0.013180236103980966,0.4351202416224984,1
1737.44226,grid_1086_y530_z505,480.559,532.749,504.376,65.38051683032187,0.399,-0.11675422186402719,-0.0307900624829129,0.4198964653277491,1,-0.04570997479873351,0.012139981415505924,0.42273786185110995,1,0.017784028193692302,0.030724423249510174,0.4234914256270232,1,0.0841880143100777,0.021671932199624277,0.43063504016521,1,0.15473674245803595,-0.013186106026977484,0.43498372672735375,1
1739.870985,grid_1087_y525_z505,480.435,527.771,503.869,63.192317523572356,2.148,-0.12419204753637704,-0.03080363050589939,0.423066266576367,1,-0.050284328709023614,0.01303980275790765,0.42224180283906204,1,0.014685281286897812,0.03157310709574722,0.42535554003552134,1,0.08190946457168068,0.02185473824862712,0.42743400113819213,1,0.15572459348549694,-0.013168943677896299,0.4384208800632061,1
1741.480043,grid_1088_y520_z505,480.593,522.644,503.505,61.17181024785842,1.348,-0.12879815185950363,-0.029851349198005295,0.4201236913791984,1,-0.05506838113470972,0.013314118582065881,0.42429169859283694,1,0.011382678849810313,0.03213777919473431,0.4280332537299518,1,0.07970376758413382,0.022320083423770922,0.4265944796408993,1,0.15123052520352212,-0.012726885964473985,0.42745280480239517,1
1742.201501,grid_1089_y515_z505,480.488,517.505,504.038,58.662127083834875,0.46,-0.13464290773087148,-0.030909763824729583,0.42185595461608577,1,-0.058434323709111925,0.013142193235669765,0.4189355582998724,1,0.009057203103408032,0.032475818165606955,0.4258223752800565,1,0.07895634980928473,0.02282740005525627,0.4285011743680835,1,0.1517438713148068,-0.01272860670328733,0.42910282165747016,1
1743.735651,grid_1090_y510_z505,480.399,512.614,504.333,56.81289431986363,1.294,-0.13963941113622144,-0.030927532347085424,0.41967046999357877,1,-0.06360818667075767,0.013484461748275438,0.42322014933208535,1,0.005967923446163522,0.032823951759311,0.424800399618585,1,0.07741754609297032,0.02322945348679321,0.4295537497531517,1,0.1529621069974463,-0.012658387832268386,0.4339450476462603,1
1744.638736,grid_1091_y505_z505,480.367,507.751,504.407,55.56414248415966,0.68,-0.14552039894201516,-0.03105775328465066,0.42077805581201333,1,-0.06824234030945363,0.013300416948402081,0.4257805201304521,1,0.003214440953000789,0.03264446236830402,0.42804820304108765,1,0.0752993519431751,0.023079032368824432,0.42816689238973704,1,0.15244885546048667,-0.01271201501944095,0.4336686236675887,1
1745.392403,grid_1092_y500_z505,480.592,502.536,503.96,55.22506250788673,0.513,-0.15001379386457478,-0.03088249604825387,0.41849974349230074,1,-0.07338956134708506,0.013778672099735307,0.43132361750610143,1,0.0005396906596042418,0.033179790205398095,0.4250251178947453,1,0.0734513791404725,0.0236195984933415,0.42555542602010304,1,0.15233170438685925,-0.012711673907187937,0.4336056775754748,1
1745.977782,grid_1093_y495_z505,480.725,497.715,503.983,54.910644560048596,0.395,-0.15599806389743215,-0.03097114650737735,0.4209809464429279,1,-0.07556259757692434,0.013734521560968126,0.4198632485335479,1,-0.002806756896384816,0.0333842333919244,0.4254676595990381,1,0.07127648901084964,0.023689816715890436,0.4253863673685905,1,0.15121973686693715,-0.01267385721195568,0.4318041863182411,1
1746.907082,grid_1094_y490_z505,480.44,492.849,503.905,55.07353566823178,0.678,-0.1611066501706043,-0.030868841150597362,0.41786076804154154,1,-0.08043442191128951,0.014748624118536979,0.42347707581630156,1,-0.005245396115944405,0.03438877769460874,0.42635314034956795,1,0.07033523327796175,0.02403264741987227,0.42580678586828274,1,0.14965715863223164,-0.012636541945411708,0.4277039021147562,1
1747.618697,grid_1095_y485_z505,480.415,487.767,504.274,55.28801787910284,0.51,-0.16651809177921492,-0.03107680800686156,0.4197329203551297,1,-0.08342568113438105,0.014338233635900014,0.42253324741525605,1,-0.007619662435695053,0.03424951547595,0.4282533526803281,1,0.06933570116812125,0.024123823371225178,0.42922789784997684,1,0.15170676723116203,-0.012689988810537003,0.4347207235564798,1
1748.500326,grid_1096_y480_z505,480.45,482.558,504.359,56.27901998080632,0.681,-0.1783186920983706,-0.03254786039642068,0.43181960397076247,1,-0.08853973116953917,0.013866144250369748,0.4166678685971814,1,-0.012079560374390298,0.03424599123915698,0.4273318824714034,1,0.06650921993547992,0.024318112999546653,0.4273887287083035,1,0.1517698621130328,-0.012658276554220894,0.4361274817761333,1
1751.601782,grid_1097_y475_z505,480.56,477.633,504.401,57.679285250425856,2.92,-0.18085091151193947,-0.03220940914899322,0.4234694847678823,1,-0.09668021526015595,0.014894669687835057,0.4306593009532043,1,-0.01635004473558162,0.03537456877449886,0.42622172639238176,1,0.06452154084371112,0.025182085028923735,0.42933112897004916,1,0.15212486124494282,-0.012622733521605098,0.43774150711414545,1
1752.300249,grid_1098_y470_z505,480.658,472.476,504.277,59.699083393298395,0.456,-0.1853410774110138,-0.03194741569218395,0.4236397695351081,1,-0.09612871536351798,0.014647516737253575,0.42283317714571633,1,-0.01580303844125879,0.034602329635963706,0.4281722795808971,1,0.065536797009744,0.024686108341101982,0.4304818031902931,1,0.1517362095330099,-0.012630821375281839,0.4363937793998279,1
1754.360475,grid_1099_y465_z505,480.749,467.609,504.113,61.98104457009414,1.859,-0.1842147358235757,-0.030366975136191156,0.40734512339003714,1,-0.10239822502356775,0.014965094630698521,0.42630871781115537,1,-0.0198734137102035,0.035214181166435835,0.42796933267030113,1,0.06272081779788248,0.02493000461146958,0.4285616289425418,1,0.15436903250258835,-0.012708599628364762,0.44536293536287025,1
1757.994249,grid_1100_y460_z505,480.865,462.461,503.975,64.67901679834033,3.401,-0.1972035258037188,-0.031550643330425655,0.42203406466857474,1,-0.10805016526429274,0.015403394894171063,0.4295601465229138,1,-0.02331863698709292,0.03557096396283451,0.42711753651327006,1,0.06070778069745481,0.025272527041248802,0.42680678089181606,1,0.1553672024995654,-0.012812577562446819,0.4493995616401017,1
1761.43144,grid_1101_y455_z505,480.965,457.572,504.029,67.35508504188822,3.256,-0.1993165981714309,-0.03138184307243021,0.4155288972108633,1,-0.11242845850123272,0.01550997842488408,0.42994356000986,1,-0.02671676255990987,0.03604771963469671,0.4289427869958308,1,0.05912964860705772,0.025731246506935337,0.4291794951383401,1,0.15056681170149028,-0.01253134541455309,0.43654828715864963,1
1762.050222,grid_1102_y450_z505,480.622,452.777,504.402,69.92266071882561,0.396,-0.206988682071325,-0.032227004669740274,0.42157939202242517,1,-0.11470640742136651,0.015246031000674587,0.42335658835604,1,-0.02934535495684813,0.036095915888899356,0.4287580465594121,1,0.05773691847022778,0.02596221193221678,0.4289395938145229,1,0.15381313377387845,-0.012710287396371705,0.44662250917659607,1
1764.446738,grid_1103_y445_z505,480.816,447.664,504.735,73.00836547958045,2.205,-0.21122845414837602,-0.03207607849775746,0.41671613592047113,1,-0.1209741139163195,0.015468017963091862,0.4288372363038924,1,-0.032358391768318964,0.03628745722643578,0.42879437631734896,1,0.05600998974446129,0.025928237207981413,0.42864601622320886,1,0.15336684058004527,-0.012717864504372319,0.44657679235954273,1
1765.031574,grid_1104_y440_z505,480.976,442.544,504.726,76.55594475284069,0.404,-0.21443998694567226,-0.03252931677836432,0.41561635574516825,1,-0.12385603240780318,0.014879939301564338,0.427719418174971,1,-0.034192477113912406,0.035927938648251785,0.42690439716886136,1,0.05518735829396759,0.02606602201277068,0.4302651799306916,1,0.1540568430122148,-0.012781443609225748,0.44870404179753115,1
1765.794539,grid_1105_y435_z505,480.914,437.618,504.694,80.12758771484384,0.571,-0.22096951531707987,-0.032308868394850566,0.41485287896172013,1,-0.1278636989333711,0.015562098587287925,0.4258396322982385,1,-0.03726328371455434,0.036651633430704524,0.42974608299860306,1,0.05385578946326646,0.026239439997460118,0.4297297616159847,1,0.15331211466743652,-0.012751066586509286,0.44707353984414916,1
1766.4162,grid_1106_y430_z505,480.802,432.818,504.397,83.90735954610892,0.459,-0.2262228382143089,-0.03209689086640465,0.41471346050068125,1,-0.1331947195895117,0.01568513313396049,0.42623678563544304,1,-0.04157926473734138,0.03659130619017568,0.42693938273716103,1,0.05105976273008742,0.0264522085355622,0.4283267676457159,1,0.1528912750988302,-0.01274827911947129,0.44698084040914576,1
1767.042702,grid_1107_y425_z505,480.937,427.622,504.253,88.02180169139913,0.455,-0.23082147827295804,-0.031949698617254114,0.41427023052333195,1,-0.13391552742974563,0.015971026595868895,0.42043118002300556,1,-0.042359197424176716,0.0370436351351335,0.427492001997629,1,0.05093023971910687,0.026521262069562807,0.42775113237570456,1,0.153681567697586,-0.012801437957027968,0.4490270924769179,1
1767.609126,grid_1108_y420_z505,481.019,422.673,504.136,92.02749852625568,0.403,-0.23904481790808133,-0.032324211316009765,0.4189237169469804,1,-0.1414069822832468,0.015887313418922237,0.42698893485332357,1,-0.046540352237847006,0.0366424654720977,0.42674464121416955,1,0.048764396787312,0.026553888465712452,0.42801442586641314,1,0.1530503083446765,-0.012797256756470974,0.4488880433244129,1
1770.670591,grid_1109_y415_z505,481.006,417.66,504.399,95.95238714070635,2.871,-0.24111802202613228,-0.03204076044643343,0.41164663781738176,1,-0.14592084025338523,0.015953014466983693,0.4256241339145393,1,-0.05049410437902239,0.037751735815434964,0.4306308605715963,1,0.04636559354871388,0.027102130892484855,0.42659003795153594,1,0.15141918344898142,-0.012724927587224337,0.44471447728340774,1
1771.538823,grid_1110_y410_z505,481.01,412.602,504.642,100.02500675831018,0.677,-0.24978633972793088,-0.03297886265854607,0.4171380531953608,1,-0.1504956626355088,0.015916863046632774,0.42685143142643406,1,-0.05256842405083583,0.03738774150695098,0.4273638926458296,1,0.045086835758165335,0.027238686279969174,0.4269521832443468,1,0.15136157621069277,-0.012730076056465513,0.446365041349563,1
1773.119216,grid_1111_y405_z505,480.917,407.553,504.951,104.136704105709,1.4,-0.2546646199478219,-0.03329868612877762,0.41675470061932124,1,-0.15223545441080044,0.015293523321094925,0.42573094158981456,1,-0.05258669247583797,0.03638763278535471,0.4291715212002263,1,0.04647801228030349,0.025947752850262892,0.4279128904561617,1,0.15187347416584765,-0.012761983098140564,0.4463245696210685,1
1774.644038,grid_1112_y400_z505,480.907,402.718,504.834,108.35820559606914,1.241,-0.26028184420137274,-0.03318972933348989,0.41700478746291997,1,-0.1592755983430571,0.01595924209484537,0.4267544900557358,1,-0.06064325073238588,0.038719069974706734,0.43388205601017416,1,0.04118248378565758,0.027546352037425656,0.4253203879816068,1,0.1512680238945087,-0.012672763131584967,0.4464664567145537,1
1778.248042,grid_1113_y395_z505,481.081,397.644,504.704,112.85589740904102,3.432,-0.26631635122171043,-0.033277566262881995,0.4173422190658184,1,-0.16303489256886397,0.016235101430125857,0.42744869526572593,1,-0.061322527768289,0.03776554030885044,0.42946465178988097,1,0.04103711941085288,0.027446222279027793,0.4303347032034712,1,0.15105798958463632,-0.012671370264838744,0.44642041566735635,1
1779.226549,grid_1114_y390_z505,481.21,392.669,504.898,117.16199528003948,0.787,-0.27208917038785396,-0.03360879634810609,0.4176816892712447,1,-0.16701540976511245,0.01561912219262021,0.4294289361799101,1,-0.06222664666732538,0.03716619646609213,0.4267988478591374,1,0.0404748361060622,0.027143401756517985,0.4281261536795091,1,0.15071280737637982,-0.012668696340480267,0.44642609854160714,1
1781.690359,grid_1115_y385_z505,481.284,387.538,504.85,121.76274337004726,2.251,-0.2732184206840813,-0.033382851481308394,0.4109652323423117,1,-0.1692841636214785,0.015808833405654938,0.4216439985480696,1,-0.06680356300745717,0.03758839360649247,0.42716310707262206,1,0.03796952804076085,0.0271728539564207,0.42672168748430367,1,0.15022101790767403,-0.01270212509977804,0.4461034954739947,1
1793.104528,grid_1116_y380_z505,481.372,382.544,504.793,126.28522620639359,11.232,-0.2798153156040605,-0.033507913950186964,0.4128348647497358,1,-0.17328899391222316,0.01601311996210775,0.4213117770687596,1,-0.06929060537580113,0.03810188436013764,0.4266795409164048,1,0.03641574062996558,0.02763371809047482,0.426250566524049,1,0.14675641753493388,-0.012307038613921496,0.43721304665663513,1
1806.262695,grid_1117_y375_z505,481.307,377.577,504.522,130.8973085170203,12.976,-0.2865651255167509,-0.033231812667180144,0.4145768442346767,1,-0.17960915258313667,0.016370043234323384,0.42635730633258495,1,-0.07246700742270441,0.03831078227019064,0.42653162554917096,1,0.03493394236137123,0.02802680773921001,0.42825595949400763,1,0.14573119636776347,-0.012013041589770408,0.43454468162470866,1
1807.468977,grid_1118_y370_z505,481.441,372.464,504.238,135.68421541211046,1.023,-0.2981694473039224,-0.033624571337015664,0.42309590880523135,1,-0.18456575074641438,0.016815382742905668,0.4269770289329485,1,-0.07583947643811571,0.03862519810410938,0.4281756494150691,1,0.03364490748563987,0.02825037971343607,0.4290810566541861,1,0.14899381507939632,-0.012555292183694793,0.44438335554276187,1
1811.394754,grid_1119_y365_z505,481.264,367.544,504.217,140.19936073320733,3.706,-0.29921522963791225,-0.03327473702564977,0.4172461152067993,1,-0.1877866839395718,0.016850887280925254,0.42521919055193136,1,-0.07908900951876843,0.03907196766512009,0.4300021950396618,1,0.03151093560008424,0.028399809268681298,0.42758046155675283,1,0.14557920579451522,-0.012041745388217484,0.4352646253126444,1
1812.575409,grid_1120_y360_z505,481.288,362.363,504.387,144.92093202501837,0.959,-0.3077741839241493,-0.034049760187149586,0.4209812106832987,1,-0.1893461963818197,0.01622549627312055,0.4196512075986796,1,-0.0817803602524224,0.03882337685315703,0.43249844159156253,1,0.03093423282236729,0.02836430870222738,0.4299568231960769,1,0.14606239457045786,-0.012144849784530102,0.437080067688234,1
1813.580743,grid_1121_y355_z505,481.263,357.478,504.67,149.35431660317016,0.785,-0.30696084081003305,-0.03365240410716038,0.4126206444161311,1,-0.19486956099787098,0.01631666165089131,0.4225352159567995,1,-0.08434576764709623,0.03852907304589293,0.42766184348178454,1,0.028633220144075034,0.028420311178538164,0.4271954660705446,1,0.1438255214333563,-0.011863705450943757,0.43225153995547844,1
1814.423572,grid_1122_y350_z505,481.268,352.47,504.689,154.02416330563196,0.622,-0.3125728466310929,-0.033670386237747554,0.41272360017645116,1,-0.20051597216060926,0.01680373909419517,0.4252506514268442,1,-0.08674305121607147,0.038687808605893485,0.42697466591203476,1,0.027663194386214895,0.029042294921667808,0.4332226783767641,1,0.14285713926760352,-0.011740482744035248,0.4296757006161099,1
1815.532651,grid_1123_y350_z510,480.272,351.71,507.867,153.61719854886042,0.797,-0.3167409522780353,-0.037653612670256006,0.41859280728557763,1,-0.20043095758725915,0.01350534155339355,0.4248909068867525,1,-0.0880046746541812,0.03714690545465132,0.4315566354933516,1,0.027054867623226734,0.02780332117687244,0.42739290025670734,1,0.14268460833133345,-0.01169770171004595,0.4291140559552133,1
1823.619442,grid_1124_y355_z510,480.695,353.491,509.011,151.57824707391228,7.955,-0.3222065561181475,-0.040004673702427364,0.4275337573291382,1,-0.19991106756801094,0.012847743799516398,0.42641935895320854,1,-0.08681626599849131,0.0363561758385745,0.42976707774208595,1,0.02741968201921131,0.027303546236118092,0.4297041327405708,1,0.14348761562214848,-0.01184934080144451,0.43155404693955085,1
1824.37019,grid_1125_y360_z510,480.441,357.945,510.263,146.95329513148044,0.569,-0.31174991177889266,-0.04041478283253736,0.4203961090994706,1,-0.19641622807641898,0.011694126051765731,0.4260838926577295,1,-0.08454892387495473,0.03565271919292867,0.42988586917943605,1,0.02884274110115347,0.02680657691416757,0.428880291862604,1,0.1453800609978588,-0.012135225110920059,0.4370130289217578,1
1837.98416,grid_1126_y365_z510,480.664,362.677,510.1,142.56162012968284,13.403,-0.33092762474361054,-0.043219083485992245,0.4544002379354874,1,-0.19113050116709518,0.011494286425207056,0.4246942897667343,1,-0.08099872204372895,0.035405402618083115,0.4283760896431748,1,0.030410830119008147,0.026787739261183916,0.4293448302780087,1,0.14546511386778524,-0.012127928926168602,0.437214942562304,1
1839.005468,grid_1127_y370_z510,480.796,367.746,509.985,137.85669116151018,0.849,-0.30151841424341974,-0.04003621013304983,0.42169011271075035,1,-0.1860457494259218,0.011583307129992565,0.422293542022252,1,-0.0784495417902924,0.03555163658930224,0.42876522707820336,1,0.03183600264168845,0.026633669440055005,0.4285730514276144,1,0.14859286759310272,-0.012553375756303845,0.4443298187633024,1
1839.948666,grid_1128_y375_z510,480.782,372.719,510.22,133.1334174653381,0.79,-0.2998681753130368,-0.04076416798602782,0.4270417313882842,1,-0.1836031376628445,0.011783086677285134,0.4262057307981196,1,-0.07540679111725272,0.03526358395455844,0.42780898611695317,1,0.03354591154314946,0.02660463915786596,0.42989770453478743,1,0.14949004949816055,-0.012717716382273753,0.4459648182278697,1
1840.907346,grid_1129_y380_z510,480.637,377.994,510.018,128.30774562745614,0.727,-0.28273516339784965,-0.038738766993830775,0.41050279495292524,1,-0.17946940756949004,0.01201451201931992,0.4263276609409632,1,-0.07261228596562073,0.03539995023922934,0.4285136010159689,1,0.035223577973326224,0.026627064605483457,0.43123522252387225,1,0.1495920802036015,-0.012697954748663082,0.4459663592437237,1
1841.760744,grid_1130_y385_z510,480.857,382.923,509.951,123.80277873295087,0.682,-0.28025798120052264,-0.039000806708949995,0.41440422315366016,1,-0.17445090652543102,0.011806431647294148,0.4240437749693273,1,-0.0697356437272641,0.03540176397497934,0.4284204446162476,1,0.036713629741488944,0.02687366916558989,0.4331654280442572,1,0.1468046338112188,-0.012311661068949832,0.43740890868437815,1
1847.158209,grid_1131_y390_z510,480.855,387.857,510.034,119.25372615142888,5.217,-0.2788989599583552,-0.03933557296079989,0.42006181723273234,1,-0.17029439623553702,0.011830542488833416,0.42405168697286727,1,-0.06725767826628194,0.03534593944523765,0.4277844296918314,1,0.0378492582157022,0.026541671866842764,0.4289942762424727,1,0.14704797759698487,-0.012364847087325886,0.4371218582708069,1
1848.461059,grid_1132_y395_z510,480.978,392.576,510.26,114.87824936427256,1.131,-0.2675806732562422,-0.03872831572157881,0.4109324720011183,1,-0.1680654334781826,0.01129555876168852,0.42903656123789974,1,-0.06415154706835863,0.03451385045706681,0.42770009162358846,1,0.03900218555224059,0.02584133459890316,0.42493698053130663,1,0.15064030971038903,-0.012704905333854677,0.44619491962750873,1
1850.63048,grid_1133_y400_z510,480.906,397.515,510.357,110.37829885896953,1.918,-0.2647968894737804,-0.03911167300686674,0.41528104366796353,1,-0.1636862936456132,0.011312565115613798,0.429380880442049,1,-0.06115575673566729,0.034859048468146026,0.4285262620632997,1,0.041050156897795946,0.0260528456376187,0.4282213879344206,1,0.14760019893822204,-0.012434306705553068,0.4366559816906614,1
1851.85339,grid_1134_y405_z510,480.91,402.257,510.358,106.14103531622439,0.962,-0.2572465488579896,-0.03872462822469369,0.4112911725456321,1,-0.16058194710347776,0.011405492452556355,0.43110742880374925,1,-0.058911661791683244,0.03444302954213463,0.4289188552320811,1,0.0419353620387904,0.025545933708001515,0.42655685653152897,1,0.15178971701101143,-0.01278889868922087,0.4486114883709243,1
1853.071456,grid_1135_y410_z510,480.623,407.835,510.129,101.3050646414087,0.969,-0.2550711281764759,-0.039106959697206074,0.4179728431596916,1,-0.1528287113374834,0.01075187383236452,0.4239781508850802,1,-0.05475742938894001,0.03382103105653505,0.42792510182496174,1,0.043748867806231134,0.02496152298927211,0.42206710648052875,1,0.15157161052056514,-0.012731468923211732,0.44641108239676025,1
1853.683047,grid_1136_y415_z510,480.877,412.702,510.185,97.05702849871304,0.4,-0.2510064086645615,-0.03893905784028907,0.41894933008625973,1,-0.14906686728292978,0.012052784439947284,0.4239906728285783,1,-0.05213006489219246,0.035623188648387254,0.4290690247924103,1,0.04557812387809176,0.026297404610764116,0.4272015658317833,1,0.15159543237959375,-0.012725510148781058,0.4461661774090047,1
1856.809933,grid_1137_y420_z510,481.137,417.791,510.148,92.7305084694352,2.985,-0.24196118864816926,-0.03840579569276767,0.4133204188347239,1,-0.14502506719989258,0.0111065453043477,0.4238579372370852,1,-0.04942979388574845,0.034576491190437895,0.4282383486260923,1,0.04703323671992348,0.025661637058370688,0.42715232927532437,1,0.15208959535344915,-0.012779321570232899,0.4466657204244182,1
1859.298489,grid_1138_y425_z510,481.174,422.768,509.658,88.80996703636364,2.317,-0.24180325607933906,-0.038643540412795205,0.4225624678729769,1,-0.14200059539388385,0.011143459050917034,0.4275129607202002,1,-0.047361776511701516,0.03393180007065749,0.43142869798556954,1,0.048695545903087924,0.02534909765051774,0.4302044259641438,1,0.15220209892461306,-0.012735648390223174,0.4465495142086568,1
1859.871045,grid_1139_y430_z510,481.107,427.884,509.831,84.49828337309576,0.4,-0.23215135582581536,-0.037736091315781116,0.41319481998407254,1,-0.13770421010743927,0.01140310885041144,0.4284353347008208,1,-0.04289884382622016,0.03447635441331091,0.427995981359025,1,0.0512015317808778,0.025352526267524225,0.42777513432687836,1,0.153681567697586,-0.012801437957027968,0.4490270924769179,1
1860.424778,grid_1140_y435_z510,481.219,432.688,509.838,80.64430854065272,0.403,-0.2279777631217127,-0.03788574977596368,0.41467700765543136,1,-0.13489549801301826,0.011621663915401585,0.43000044315587554,1,-0.04076720432297404,0.03370717698025003,0.42418411901452485,1,0.052078586788519336,0.02528619083972702,0.4320139296656962,1,0.15257737423924186,-0.012715654042420954,0.44622646352927003,1
1861.232345,grid_1141_y440_z510,481.111,437.75,510.348,76.36121227429534,0.617,-0.22413425494643788,-0.03886892213741668,0.42061527021854667,1,-0.12848445456943416,0.010633596809515214,0.4239548785310943,1,-0.03896748957356869,0.03351514494428482,0.4300062713934376,1,0.05289359160283749,0.024805551685186628,0.428037866072968,1,0.1529790380482634,-0.012704599785442932,0.4464416884415752,1
1861.847666,grid_1142_y445_z510,481.076,442.738,510.21,72.67378955992316,0.455,-0.22136271599077698,-0.039007439951,0.42451259807887265,1,-0.12458456882220363,0.0105394816118018,0.4204328768000513,1,-0.03636122366551745,0.03299969533385309,0.4256407685297177,1,0.05363700630020681,0.02447794781960608,0.42660881589099126,1,0.1531647630498578,-0.012716354673089495,0.4465355779180837,1
1864.393216,grid_1143_y450_z510,481.023,447.631,510.268,69.07846574005535,2.374,-0.21195702681890208,-0.038637181883078804,0.41902578729504825,1,-0.12085012431908665,0.01054853153067574,0.42854011944773074,1,-0.03304315946127088,0.033376027294672504,0.4305232178641066,1,0.05552800644560496,0.024536558798585514,0.42582322754218466,1,0.15333404432541065,-0.01274658892678991,0.44619171322711787,1
1870.159044,grid_1144_y455_z510,481.187,452.506,509.686,66.15664332476369,5.633,-0.2049746887840025,-0.03729738696536432,0.41524014829049,1,-0.1171898981154797,0.010883867641733233,0.4315268817408034,1,-0.02866830249357971,0.032692757615508584,0.425422820857052,1,0.05765990023962736,0.02396693471290608,0.42485065535412225,1,0.1522430442572422,-0.012700109724113458,0.4419651101336117,1
1878.371742,grid_1145_y460_z510,481.326,457.547,509.923,62.7394238657002,8.001,-0.20166639115609683,-0.038071975405418096,0.41981409869543845,1,-0.1107867686147373,0.01048947266499585,0.4231168627940846,1,-0.025959238962414453,0.03255699154271315,0.42587985597316536,1,0.05984620946268832,0.024256775600065793,0.43036154117474634,1,0.1524331340489348,-0.012759614694520444,0.4415913425297493,1
1881.763461,grid_1146_y465_z510,481.289,462.513,509.929,59.76403331436056,3.22,-0.195137068783566,-0.03791142583995587,0.4177576882288252,1,-0.10792027879260069,0.01036598793859031,0.42943933293524617,1,-0.023289362447312792,0.032549756308468014,0.42775362128160466,1,0.06125220786497055,0.02412913964478214,0.4288189464810706,1,0.1553672024995654,-0.012812577562446819,0.4493995616401017,1
1887.37882,grid_1147_y470_z510,481.208,467.514,509.776,57.17856120085564,5.455,-0.1873102158849528,-0.037149223063037334,0.41355694875908977,1,-0.10340859532901359,0.01039598352850526,0.42952045885128154,1,-0.02000532879939149,0.03276749940836295,0.43157219303926464,1,0.06296198369599956,0.02370443193705544,0.4296221424125208,1,0.15124383382503978,-0.012596619270221978,0.4366953681854126,1
1890.600218,grid_1148_y475_z510,480.998,472.803,509.841,54.59212099744792,3.039,-0.1828363305198858,-0.03727539406459152,0.41593656290955616,1,-0.09832397582318969,0.010056489274786213,0.42647832100116595,1,-0.016759274224980494,0.031776217857066434,0.42604600242753304,1,0.06425363519145401,0.02346163110537101,0.4269170130056639,1,0.1503709671914518,-0.012696473978230566,0.4323869470868722,1
1891.173563,grid_1149_y480_z510,480.829,477.636,509.596,52.868899402200476,0.401,-0.17930782348326793,-0.037552646667585066,0.41773900520554724,1,-0.09550057739618406,0.009993516600192995,0.4283042087059165,1,-0.014770586204260852,0.03162403870922905,0.42630630447048,1,0.0659793216525576,0.0234588913193364,0.4324466107725727,1,0.15106513990934353,-0.012658142607858086,0.434173563279618,1
1891.771868,grid_1150_y485_z510,481.018,482.587,509.484,51.43107323398956,0.397,-0.1745406332536192,-0.037490501054384145,0.4199637031823567,1,-0.09035652536938409,0.010034027661856054,0.42502118611192724,1,-0.011802203320612714,0.0315072296781976,0.42478630210367707,1,0.06699691199127354,0.023090636429762126,0.4272400011666011,1,0.15139576586210288,-0.012700203448264023,0.4346179181147887,1
1892.499758,grid_1151_y490_z510,481.412,487.708,510.07,49.759829230012386,0.456,-0.16648680618091324,-0.037287385856092266,0.41582483734869574,1,-0.08512071492850637,0.00943524790023724,0.42465271718121844,1,-0.008119998537591482,0.031012506686334016,0.42574409555866755,1,0.0695213588783612,0.022901468912911355,0.43132168536430715,1,0.15112001886147108,-0.012635366008508016,0.4330278176508547,1
1893.069021,grid_1152_y495_z510,481.418,492.428,509.59,49.60866308418316,0.398,-0.16262509644544568,-0.037320449234942,0.4172814191924031,1,-0.08172636294097396,0.00974750192150877,0.42412794394119624,1,-0.005774561038617076,0.031040037344984252,0.42655779554208156,1,0.0710237389635892,0.022791791982433997,0.430548853936058,1,0.15067328617896478,-0.012723959317380325,0.43062294465517975,1
1894.167579,grid_1153_y500_z510,481.18,497.435,509.209,49.78153893764228,0.906,-0.15664939365255706,-0.036313651428866146,0.41845063594815257,1,-0.0772064958794515,0.009489516272339661,0.425084325882981,1,-0.0029250305858642338,0.03068955852955166,0.426351306252835,1,0.072621373162149,0.02265792982488177,0.43170873537927273,1,0.15047437370966923,-0.01272851185786216,0.4292005039380313,1
1894.89002,grid_1154_y505_z510,481.404,502.597,509.774,49.60893179660287,0.452,-0.15124701289987422,-0.037385972357978116,0.41908476821966895,1,-0.07222542887176224,0.009215242495712657,0.4242206022544688,1,0.0006073647271099364,0.030492467848066904,0.4276940883133102,1,0.07393535956274029,0.0221305095849178,0.42762509856908687,1,0.15137604264785176,-0.012729917286503627,0.4308934573277657,1
1895.579553,grid_1155_y510_z510,481.431,507.191,509.5,50.63842348454378,0.405,-0.1468908812152976,-0.037299956929175426,0.4194401435997355,1,-0.0687780455700825,0.009239253835586358,0.42397247878566796,1,0.0027766612907531066,0.030289019473174774,0.426471218825232,1,0.07496208340114821,0.022006082221642163,0.4273745972560597,1,0.15202443804824967,-0.012812020767247906,0.4322081486338854,1
1896.252333,grid_1156_y515_z510,481.551,512.599,509.552,52.004742677951924,0.402,-0.14096871169653558,-0.03698615060719843,0.42040538462758126,1,-0.06379805760516456,0.008724931429241826,0.4196053268759646,1,0.005620380941872799,0.02950731925703581,0.4240074891586963,1,0.07692943835450844,0.021786292828814936,0.4290091786083008,1,0.1520444023009164,-0.012705758747254596,0.4317640354695189,1
1896.852065,grid_1157_y520_z510,481.331,517.395,509.264,53.906474314315844,0.399,-0.13505721626917355,-0.03639311216298119,0.4177740827669351,1,-0.06004264630728809,0.009064597578991656,0.42490106461251037,1,0.008829077664750109,0.02979113667661315,0.4271337279339748,1,0.07873173264349247,0.021363363355177006,0.42840340468415133,1,0.15247535061253437,-0.01287469757190622,0.4314450140812933,1
1897.529371,grid_1158_y525_z510,481.331,522.629,509.482,55.940826960280035,0.405,-0.12985753570933242,-0.036599789984440995,0.4209496067429012,1,-0.05500023613691371,0.008203591862826152,0.4179549633183068,1,0.011071505210680184,0.0290564908321746,0.4261886918664282,1,0.08044603078050828,0.02124965721423271,0.4300439958109059,1,0.15242482437448485,-0.012891564734319988,0.43021380867516307,1
1898.149554,grid_1159_y530_z510,481.39,527.316,509.449,58.30303743373921,0.398,-0.12500906182209134,-0.03686885536987358,0.42136522206251054,1,-0.0509652371516362,0.008374406518140769,0.42170799598911307,1,0.014766859970992854,0.028984506234775904,0.4277398658030575,1,0.08325869810459445,0.02084838164177145,0.43327091413080604,1,0.15529889399217728,-0.013260708440565795,0.4375328222913155,1
1899.539032,grid_1160_y535_z510,481.446,532.285,509.579,60.96782301345516,1.128,-0.11920392341730206,-0.036949288544135796,0.4247964534444482,1,-0.04609768460865182,0.007791856628207059,0.42192612146313396,1,0.017787991480799178,0.028413289505409084,0.4252555042013539,1,0.08545318076602561,0.020671564673723632,0.4351535158972018,1,0.15596645219749428,-0.013278055599731853,0.4384710652359078,1
1900.392344,grid_1161_y540_z510,481.696,537.43,508.908,64.65535403197472,0.572,-0.11341520146547768,-0.03643909937495588,0.4217641961264962,1,-0.04198633531187627,0.008065041526919954,0.42080092210557113,1,0.020387511155091444,0.028067863354014604,0.424502798197294,1,0.08640381814374032,0.020561449255322578,0.43363832478378955,1,0.1557033333155628,-0.013276660535928542,0.43676255538939324,1
1901.588009,grid_1162_y545_z510,481.828,542.536,509.204,67.79280033307364,0.905,-0.10712221043571805,-0.03635095913418084,0.42066911298349857,1,-0.03730087911647514,0.007652322947437722,0.4232546168087188,1,0.0236449012673709,0.027459365343463743,0.42561933770252885,1,0.08864970986180604,0.019904296095012985,0.43360816444351924,1,0.15678808883246745,-0.01341581863540737,0.43942429145490475,1
1902.250344,grid_1163_y550_z510,481.72,547.454,509.506,70.99573587899484,0.402,-0.10149665974165574,-0.03606049988968444,0.41717085904101553,1,-0.03333479072913418,0.0076957495105388594,0.42239744280817065,1,0.02662281179035739,0.027732641574173936,0.43127819402767464,1,0.08950311367296342,0.019612348546528432,0.43086065571985716,1,0.1564834445459242,-0.013378213340536056,0.4377619430892165,1
1904.848341,grid_1164_y555_z510,481.75,552.342,509.216,74.76770300738143,2.327,-0.0964488189183646,-0.035978884306007715,0.4206856681460785,1,-0.02872552231302215,0.007285702290527807,0.425502537780803,1,0.02932491867824136,0.02651085386125591,0.4254813312616474,1,0.09145612872875004,0.018965085755087523,0.43030649179856156,1,0.16169121540213127,-0.014014461896467554,0.4507169174301687,1
1905.876197,grid_1165_y560_z510,481.484,557.548,509.645,78.43149060167094,0.737,-0.09049542793823671,-0.03625603409399707,0.4195333456493138,1,-0.024200554109500963,0.0064085784384391754,0.421957490108321,1,0.0325706008401788,0.025868066459857873,0.42919620424969823,1,0.0930297493369735,0.018250617281863363,0.4290019610443862,1,0.16094102688511616,-0.013895160927216666,0.44846297411706265,1
1907.343001,grid_1166_y565_z510,481.578,562.669,509.195,82.7484567771508,1.184,-0.08579032700347634,-0.036174978008930624,0.4256148066507682,1,-0.019692270633435583,0.006912232334329115,0.4201009154218371,1,0.03565075748805175,0.02624506532964292,0.42747249184264186,1,0.09434730381108099,0.018356923012252363,0.42831201860868684,1,0.157918726486238,-0.013405281359606796,0.4391478070644715,1
1908.430099,grid_1167_y570_z510,481.391,567.772,508.976,86.98511822145213,0.796,-0.07797550544972205,-0.03467829052820287,0.4145488260861577,1,-0.015603048226693126,0.007170329816141405,0.4245013685298082,1,0.03788060976413795,0.025968022350674785,0.42448259093356366,1,0.09652411376419212,0.018414631908518178,0.43106508110735325,1,0.15801484137158314,-0.013435876931547108,0.4379558548106974,1
1909.00517,grid_1181_y565_z515,481.24,566.582,511.704,84.46052960407005,0.462,-0.07954890335306748,-0.03727314153548892,0.41734720969064254,1,-0.016034685706816067,0.0051223626926319476,0.42319947454360124,1,0.03794122960442281,0.02481713917686827,0.4269131259542542,1,0.09684329628400494,0.017709688672877897,0.4329471435413737,1,0.15707559587818345,-0.013384273910216888,0.43537667864157464,1
1910.73032,grid_1182_y560_z515,480.747,563.648,513.476,81.00802523207192,1.523,-0.0840876873299039,-0.041370298947461824,0.42320145030390105,1,-0.018942231810335847,0.0030828910744284013,0.42641990948543457,1,0.03599724534763793,0.023442530266676625,0.42619565128552267,1,0.09650068662056138,0.017430233910548574,0.43624286061941414,1,0.158463287270642,-0.013581678409578331,0.4401185148281328,1
1912.7867,grid_1183_y555_z515,480.706,558.301,513.929,76.37377850414371,1.754,-0.08978416607202779,-0.04177094690592828,0.42105181511670803,1,-0.023526506704988872,0.0025389466858779107,0.4234677806262688,1,0.03268071645640567,0.02295852726889119,0.4223563798086356,1,0.09303950545529505,0.01709605165170378,0.4289316980967175,1,0.16169121540213127,-0.014014461896467554,0.4507169174301687,1
1913.499439,grid_1184_y550_z515,480.65,552.856,513.935,72.03902951872685,0.401,-0.0943928547156111,-0.04161305088610202,0.42061336318826564,1,-0.0275839394007059,0.003203839724681769,0.42156996138241065,1,0.030490866247508495,0.024614501047369047,0.43172195149022996,1,0.09194906047104878,0.01796406066587814,0.43113863305102235,1,0.16070135542975325,-0.013920833328585312,0.4481033219110389,1
1914.23884,grid_1185_y545_z515,480.612,547.763,513.44,68.45876970848947,0.458,-0.10102811150541657,-0.04138362316096877,0.42284476893430023,1,-0.03275403953048543,0.003670968557048805,0.4240360168853909,1,0.027001264869986594,0.024812557593804796,0.42952358355096526,1,0.0903277432572586,0.01822189929820305,0.43236795388617577,1,0.15654251707584704,-0.013538371908470438,0.4378356706836924,1
1916.936179,grid_1186_y540_z515,480.473,542.678,514.027,64.32739718813433,2.425,-0.10604204305841058,-0.04177629618720675,0.4206522375911071,1,-0.0371381096472705,0.003460483543845469,0.42448679702015796,1,0.023722296145577148,0.024620449638350052,0.4244267126745103,1,0.08859847082785867,0.018504578961683636,0.43292771137053715,1,0.15969671356700121,-0.01388825119498357,0.4482483501217931,1
1917.557503,grid_1187_y535_z515,480.462,537.846,514.736,60.444513572366496,0.4,-0.11073966151568308,-0.04268249241551334,0.4205215144228905,1,-0.04070959879788068,0.002865996491030511,0.4232640749877341,1,0.021256306603988043,0.024489265105908032,0.4253262530259705,1,0.08641553142530474,0.01841590605654081,0.42980388355892357,1,0.16042386975063463,-0.014006359334877622,0.45045436478851525,1
1919.560519,grid_1188_y530_z515,480.573,532.678,514.198,57.47071619529373,1.742,-0.11743158770440748,-0.04183030042139906,0.4205762324252175,1,-0.04579176181911745,0.0032030935153036593,0.4216099839309179,1,0.01771540956866485,0.02494435623625031,0.4240902167265403,1,0.08510032415149665,0.01897114146475791,0.4337155380315179,1,0.16042386975063463,-0.014006359334877622,0.45045436478851525,1
1920.192885,grid_1189_y525_z515,480.625,527.891,514.038,54.730440716296016,0.4,-0.12127519686273634,-0.04163690440839169,0.4189582604634088,1,-0.048512072589855786,0.004279062608815169,0.4206242325120709,1,0.016071690969448483,0.026072470391764562,0.426115570210242,1,0.0836813643942819,0.019470551540531744,0.43182074505240303,1,0.15551509494660878,-0.013422231011118134,0.437628444660461,1
1920.868601,grid_1190_y520_z515,480.585,522.838,513.724,52.27259587967666,0.405,-0.1268704759448466,-0.04154966831518336,0.4175873720137129,1,-0.05397139071292079,0.0042287563093244655,0.4238231925376301,1,0.01249189047378405,0.026044224022543822,0.421558728840878,1,0.0813085143657608,0.019549783414636406,0.429399852060373,1,0.15237726796534698,-0.012886089089464682,0.4296795257696651,1
1921.525968,grid_1191_y515_z515,480.425,517.777,514.136,49.53702608150797,0.406,-0.133100146874457,-0.04247562688061309,0.41985502464033425,1,-0.05803324011509315,0.004117476122372298,0.4215224694071049,1,0.009572872020156139,0.026237671446763883,0.4247586316516059,1,0.07978286130519421,0.019715541456743875,0.43012349885131607,1,0.15181617765923958,-0.012857858046261642,0.4291375132294873,1
1922.634118,grid_1192_y510_z515,480.374,512.534,514.314,47.3618518324611,0.847,-0.14148247353526017,-0.04327201493150137,0.42540298168955365,1,-0.06315828321136005,0.0044842317534395364,0.42113833188647326,1,0.006239437428198963,0.02675588800107553,0.4241203583341198,1,0.07847741603754681,0.020501829761143002,0.4333681170727028,1,0.15311789572316137,-0.012980702148614935,0.43341252538529934,1
1923.499729,grid_1193_y505_z515,480.694,507.497,514.435,45.84220826923591,0.674,-0.14506705085721575,-0.04288071445553945,0.41954248819055756,1,-0.06756835216257957,0.004221736097262679,0.42266314257202997,1,0.003322692621519753,0.026650317908290425,0.4240698851898436,1,0.07657491129835133,0.0207014972316027,0.43450146482763574,1,0.15033226859627333,-0.012715284785605295,0.42712431848934695,1
1924.272282,grid_1194_y500_z515,480.619,502.486,514.091,45.24452949252534,0.511,-0.1516622438072068,-0.04292115654938303,0.42382628526484045,1,-0.07102691705179325,0.004924942979495508,0.4204598545014255,1,0.0011855304723591112,0.027768986768619063,0.42844521747286857,1,0.07539865854041518,0.021130235566216137,0.4332655686830961,1,0.14993773765685767,-0.012698192846919094,0.4265355772372493,1
1926.431942,grid_1195_y495_z515,480.748,497.677,514.099,44.88540318410866,1.969,-0.15526191623862517,-0.04250651058749349,0.41738757169083107,1,-0.07634085402089488,0.0051044822137496495,0.4242964098549576,1,-0.002244156840116846,0.027762533320126428,0.42684741867712517,1,0.07258661909456597,0.020975089228327123,0.42936936214703497,1,0.15018125553962183,-0.012732261436972132,0.42777233666244324,1
1927.149165,grid_1196_y490_z515,480.779,492.492,513.814,45.34749479298717,0.455,-0.16142168143462374,-0.041795713496380164,0.418066902163269,1,-0.08063380570978249,0.0056538637369535315,0.4233060681146244,1,-0.005605525350038905,0.028528813239928064,0.427099191248786,1,0.07082508732915535,0.02174975935880305,0.43090201848167625,1,0.15067328617896478,-0.012723959317380325,0.43062294465517975,1
1927.7518,grid_1197_y485_z515,480.598,487.541,514.176,45.6860715535927,0.401,-0.1680164932387507,-0.04289423671132032,0.42303533635127016,1,-0.08369109799872083,0.005063558973442583,0.42159518726902717,1,-0.008204593335027778,0.028257896979790573,0.43198720834464716,1,0.06899892958458481,0.021235247927432328,0.4288030444819728,1,0.1501797844210904,-0.012800486878041398,0.4299339923232162,1
1928.429218,grid_1198_y480_z515,480.506,482.485,514.419,46.71111005959927,0.457,-0.1709340559722465,-0.04245728829399329,0.41418618775692967,1,-0.08935251278378531,0.005368869466773441,0.4243230859964484,1,-0.01141643097161991,0.028523674778038684,0.42556511418262205,1,0.06724950536411203,0.02191096350012439,0.42924848706961954,1,0.1492776421333516,-0.012708882369752683,0.4282754335099757,1
1929.023463,grid_1199_y475_z515,480.467,477.636,514.534,48.28966518831949,0.403,-0.17792452902247813,-0.04320313460131687,0.4200014984271956,1,-0.0928754000208009,0.0049437871559932876,0.42466696717864716,1,-0.013744005223392494,0.02830588238281596,0.42795713060850704,1,0.06633330943352632,0.021861505495768364,0.42962026752537125,1,0.1496244913498415,-0.012598741455105568,0.42955726294597424,1
1930.410129,grid_1200_y470_z515,480.558,472.817,514.293,50.60088587169196,1.183,-0.18266837178111786,-0.042753136112842184,0.4167752722869957,1,-0.09859896479160413,0.005993929419221097,0.42816429706745174,1,-0.016643886400870736,0.029356554666957232,0.4264068447450257,1,0.06485102104379738,0.022360288352937994,0.4282961182472837,1,0.14956568831593917,-0.01270121492990206,0.4299760341306682,1
1933.144707,grid_1201_y465_z515,480.557,467.923,513.962,53.35474131696261,2.544,-0.1878835297420637,-0.04232250014011311,0.4165150529491302,1,-0.10189052740782921,0.006388973770110677,0.4262323359210906,1,-0.019512667251913692,0.02941244209563539,0.4284011689176945,1,0.0628853480263195,0.022228537857237222,0.4288308889320663,1,0.14936486871966412,-0.012658193220918011,0.43038743399590396,1
1934.992992,grid_1202_y460_z515,480.658,462.73,513.893,56.383979941114404,1.638,-0.19789459452069547,-0.04344160177934287,0.4261318367817113,1,-0.10720972492868981,0.006420178650939204,0.42828687629251366,1,-0.023435136116461974,0.02999696628334157,0.43054950454266055,1,0.06098088522477535,0.022510868933803937,0.42738931786541395,1,0.14840884896353998,-0.01269958000288515,0.42942575183298487,1
1937.152289,grid_1203_y455_z515,480.886,457.588,514.181,59.4260058055393,1.967,-0.19904929209888153,-0.04268952661859387,0.415465618464054,1,-0.11211058558419663,0.006197982460746192,0.42976197112572345,1,-0.026327065367166783,0.029702107013672662,0.42867583492469424,1,0.05957858412511536,0.022750726458661653,0.42993727041710494,1,0.1477623747729926,-0.012703326002113742,0.4280427177744987,1
1938.407398,grid_1204_y450_z515,480.78,452.594,514.381,62.666915497732916,1.083,-0.2065391165009365,-0.04328854210061014,0.41977319844920014,1,-0.11486868442240962,0.006774671114473732,0.42700430053359734,1,-0.028535015927856285,0.03070756302185541,0.4333657259351056,1,0.05878990766526579,0.0230265343733131,0.4297487360341366,1,0.1501590089256171,-0.012668238141425753,0.435701871444701,1
1939.499951,grid_1205_y445_z515,480.914,447.497,514.647,66.18355622811447,0.9,-0.21465189368841417,-0.044279817704955336,0.42460232058479014,1,-0.12088316231061652,0.0064393353783812795,0.42930707354620434,1,-0.032483088965197325,0.030333799609034862,0.427361273235534,1,0.055734030547483736,0.023382749929206758,0.4286021860655282,1,0.15337981391646635,-0.012791264938332998,0.44698906562723845,1
1940.571612,grid_1206_y440_z515,480.906,442.401,514.72,70.00264165015483,0.851,-0.21898174323255618,-0.04421029474044837,0.42214922091415236,1,-0.12470210151920717,0.006301620713560635,0.42883866001284443,1,-0.0343266597995295,0.0297610033206154,0.4265640421003198,1,0.05549818144107171,0.02286429916664531,0.42890203880814365,1,0.15050306962580548,-0.012700153666413172,0.4379041398136832,1
1941.167369,grid_1207_y435_z515,481.002,437.406,514.575,74.03342916547896,0.404,-0.22724744783738707,-0.04459570368808811,0.427939423616043,1,-0.12833241677498672,0.006808279927641553,0.42535802312713417,1,-0.03868197687649203,0.031139304699753,0.4308680219470506,1,0.05282399461947642,0.023572119548582914,0.4279967989816725,1,0.15278523185094164,-0.012780698392733209,0.4451498927981336,1
1941.745065,grid_1208_y430_z515,481.0,432.503,514.572,78.01190656560058,0.406,-0.2274496037973497,-0.043561344542289104,0.4183019449729935,1,-0.1335210389311572,0.006656599783897543,0.42971359332355646,1,-0.04023182739337211,0.030796183803044715,0.4260359116781582,1,0.05254159175242196,0.023724748703373353,0.43019959395305274,1,0.15000719645076468,-0.012676527157146225,0.4382741611717981,1
1942.301088,grid_1209_y425_z515,481.308,427.495,514.625,82.17481139010904,0.395,-0.23758084093304066,-0.04484368699948871,0.4267922838290065,1,-0.13468051786317192,0.006508427172637069,0.4224419994007724,1,-0.042661634184150254,0.030606450149174114,0.4274528818728178,1,0.05067606468635899,0.02355814051870647,0.4277949472493301,1,0.1492087240596838,-0.01253868331009158,0.43580862236185963,1
1943.44297,grid_1210_y420_z515,481.329,422.544,514.368,86.51348331907572,0.962,-0.23683395882012967,-0.04312763226165869,0.4135330510555721,1,-0.13966784824854506,0.007425521487839596,0.4205484751943313,1,-0.047190046202385816,0.03198551984742852,0.4320069980704137,1,0.048314729488957646,0.02393433278775685,0.42756684343733387,1,0.15151709966212068,-0.012769994500753062,0.44487703321667077,1
1944.411442,grid_1211_y415_z515,481.049,417.821,514.227,90.63765287119914,0.788,-0.2452701168011481,-0.043640315371361704,0.41956488433616473,1,-0.1457870470574554,0.0073485825986369,0.428245502331716,1,-0.048995590002517686,0.031172741073499818,0.42697202840205123,1,0.04703152812031117,0.023906756711832844,0.42584745411986863,1,0.15213627710022376,-0.012783877468049286,0.4467504930461914,1
1945.447087,grid_1212_y410_z515,480.956,412.725,514.661,94.89340311633889,0.854,-0.25081541180832695,-0.044137111268292596,0.41996477386643827,1,-0.15041972336298215,0.0076256014595502885,0.43037628247650916,1,-0.05179871194609323,0.03200366432255251,0.4299193466118835,1,0.046472508347057996,0.024873906881995186,0.43325489000540673,1,0.15283988856037337,-0.012795863022951976,0.44884169360691123,1
1946.09643,grid_1213_y405_z515,480.824,407.653,514.598,99.42471649444113,0.458,-0.2560064078965632,-0.04431274785974598,0.4197608737945276,1,-0.153137855611386,0.006987889337663791,0.42598964760941205,1,-0.054983587884786835,0.03127697955792174,0.43175150685664104,1,0.04402098014097178,0.023881030011624463,0.4272799768808921,1,0.14838880715018374,-0.012486428324966749,0.43710300698093335,1
1947.05473,grid_1214_y400_z515,480.867,402.73,514.771,103.7827737199194,0.789,-0.25739283643725513,-0.04402328622854934,0.41282362684060764,1,-0.15991403611801883,0.007915043116827196,0.4317517304839425,1,-0.0587369367524532,0.03262919227336371,0.43146321534098275,1,0.042645110174279306,0.02503134547506324,0.4302614748041346,1,0.15157968270113906,-0.01278750582247465,0.448565447323727,1
1949.210325,grid_1215_y395_z515,480.961,397.707,514.719,108.37478078409198,1.974,-0.2635005403326943,-0.044299871861709604,0.4135305433497009,1,-0.16286193802696877,0.007134959223165603,0.4282634353927463,1,-0.06087259147124543,0.03179760454590155,0.42970875624448457,1,0.04180095929051616,0.024725308516747823,0.4301291429223137,1,0.15094150759094796,-0.012727290322973069,0.44627295925516824,1
1950.536507,grid_1216_y390_z515,481.255,392.479,514.863,113.12855474193945,1.125,-0.2672252055823327,-0.04402386892657049,0.410279468868694,1,-0.16580975464183703,0.007120639335765268,0.42462059077490827,1,-0.06343737695838952,0.031910893533814176,0.42982342102426335,1,0.04051380666548977,0.024462102180071662,0.43007385570862877,1,0.15094150759094796,-0.012727290322973069,0.44627295925516824,1
1952.208789,grid_1217_y385_z515,481.201,387.571,514.734,117.70688566519797,1.461,-0.27557469823005576,-0.04442375554109876,0.4146845408186304,1,-0.17306167194902047,0.0074915617713139995,0.4304192792135404,1,-0.06754428468267552,0.03235695120541339,0.4301997654797794,1,0.03790846903109518,0.02485054238918254,0.42973590211256313,1,0.15022101790767403,-0.01270212509977804,0.4461034954739947,1
1952.95843,grid_1218_y380_z515,481.405,382.4,514.711,122.53284115289256,0.568,-0.2792355728621583,-0.0442144561523446,0.41211833465350356,1,-0.17499006711644302,0.007147885351728414,0.42657300002564563,1,-0.0688653535054471,0.032324022033986294,0.42597032921631245,1,0.03711090358667489,0.025051067542603073,0.4293511051208376,1,0.15001137200631653,-0.012700734982739721,0.44605778339723773,1
1966.109879,grid_1219_y375_z515,481.418,377.336,514.51,127.33644881572594,12.981,-0.2890414607038091,-0.04475674349790857,0.4182427310138552,1,-0.17989756121122755,0.008068570363825831,0.4269540385161996,1,-0.07278803972774374,0.033018226288972004,0.4300117367195038,1,0.0350207707162865,0.025104917197408205,0.42761507520742853,1,0.15032180729299402,-0.012779165120244738,0.448291174863185,1
1967.068323,grid_1220_y370_z515,481.449,372.515,514.336,131.9231361399508,0.737,-0.2919235546155521,-0.044457339736867836,0.41447446559237927,1,-0.18354906132703475,0.007727008284567009,0.4255259357503382,1,-0.07579771973918531,0.03296063312328211,0.43168264655219707,1,0.0337554510944676,0.025266827620860303,0.4296382728867197,1,0.15032180729299402,-0.012779165120244738,0.448291174863185,1
1967.687778,grid_1221_y365_z515,481.375,367.713,514.524,136.38559427226906,0.398,-0.2929097457088816,-0.0440642687891343,0.4098420136629822,1,-0.18592791556211233,0.00791383901190428,0.42396847250978925,1,-0.07747489631660805,0.033025606328052175,0.429124580803081,1,0.032496186219411825,0.025465907781540467,0.42805303538226114,1,0.14977606328317272,-0.012686981382660266,0.4472426390463737,1
1970.377782,grid_1222_y360_z515,481.447,362.616,514.836,141.11963200065395,2.478,-0.314553247688679,-0.046849290976261976,0.4308472154510052,1,-0.1923184913419802,0.00773150472195402,0.42629917787833754,1,-0.08208434784479553,0.033214890359499254,0.43374840560372613,1,0.030357609274476057,0.025099263859394667,0.42379540749004946,1,0.14727717442919844,-0.012371760074035065,0.4420072693708628,1
1982.081772,grid_1223_y355_z515,481.38,357.631,514.914,145.83496766550883,11.503,-0.30757844591095346,-0.04548302984489253,0.41353224598249305,1,-0.19663625124329265,0.007314895545560606,0.42714469264373506,1,-0.08460182229762869,0.03317291842113717,0.43184076328353643,1,0.0289304666976232,0.025329377125579016,0.42615190910740025,1,0.1451876850465035,-0.012104363448569452,0.4365187112656232,1
1984.507703,grid_1224_y350_z515,481.432,352.489,514.905,150.74862178806148,2.183,-0.31154270439693715,-0.04532484208948948,0.41155674980073487,1,-0.20240419029472256,0.00742754799788171,0.42948044889606796,1,-0.08744613636804195,0.03292215176925345,0.43081131295803293,1,0.027523784381957586,0.02559411108161033,0.4278184972855608,1,0.1471269765137166,-0.01243760643324697,0.4422688355441719,1
1986.34901,grid_1225_y350_z520,480.465,351.61,517.997,150.68623269894297,1.52,-0.3233101127313108,-0.05001775774591687,0.4270642341234798,1,-0.20248397044511557,0.004944766929299996,0.4288210609265342,1,-0.0878617879790301,0.031270289671882674,0.4306485426268882,1,0.0269486440557027,0.024622759047319923,0.42443739580645934,1,0.14841983749185866,-0.012659768423031981,0.446102251729871,1
1988.622857,grid_1226_y355_z520,481.162,353.186,519.21,148.87607520686458,2.143,-0.30935416228903323,-0.04949256298850014,0.4100315228833779,1,-0.19885548063746572,0.003870953880605679,0.423905712819046,1,-0.08750888342933662,0.03073545911707017,0.43180640607992443,1,0.027339636078443683,0.024507850789221495,0.42674646994230764,1,0.14824261694281324,-0.01270948565878001,0.44569850564934677,1
1989.427533,grid_1227_y360_z520,480.676,357.601,520.274,144.31954232881975,0.623,-0.3050010615382682,-0.05063586648847449,0.4111386444005259,1,-0.19608607207653203,0.0027647808932676353,0.4257504292787318,1,-0.08487450529953477,0.029962589586706345,0.4327322593670859,1,0.028598683770514277,0.023923541000623095,0.4246094222472978,1,0.14885725575589454,-0.012726018938535926,0.44695885318315504,1
1990.422378,grid_1228_y365_z520,480.634,362.795,520.427,139.279534472944,0.793,-0.29872265344274157,-0.050569942164755945,0.4103547083991946,1,-0.1910996310408456,0.0026803768796117484,0.42556712117043766,1,-0.08167125117395316,0.029796693364664315,0.4329832852494178,1,0.03101338587302983,0.024033744505191964,0.4303087174456622,1,0.14948478108495114,-0.012773621318697905,0.44810969816954205,1
1993.544429,grid_1229_y370_z520,480.556,367.712,520.179,134.62878737476618,2.94,-0.2950221129576372,-0.05077767882262458,0.412985378322537,1,-0.1885464658962557,0.0025525937484576176,0.4294241195550525,1,-0.07845794239601007,0.029430759468795493,0.4326167379731589,1,0.03235534735433809,0.023558515542946298,0.4280723964400866,1,0.15014506495096203,-0.012774496899953624,0.4484631158425425,1
1995.447151,grid_1230_y375_z520,480.794,372.596,520.194,129.96733773144695,1.751,-0.2986654089459941,-0.05190683487572211,0.42498326307480566,1,-0.1860629258640192,0.003480532169919418,0.43076729384102586,1,-0.07571211916990034,0.029827872287740278,0.4252626037514399,1,0.03280673977692197,0.024376693941745183,0.4284299138767886,1,0.1495920802036015,-0.012697954748663082,0.44596635924372374,1
1998.801718,grid_1231_y380_z520,480.892,377.757,519.955,125.13051654572513,3.181,-0.29004671191143855,-0.05105380476928206,0.42130111253579705,1,-0.1798732674819031,0.0029456890090358793,0.4272869201506637,1,-0.07298684663247375,0.02964012649854883,0.43069235326642324,1,0.034516678135854253,0.02346847723599095,0.42338257537149687,1,0.1495920802036015,-0.012697954748663086,0.44596635924372374,1
2002.218786,grid_1232_y385_z520,480.787,382.836,519.864,120.33992198767618,3.225,-0.279354971284469,-0.04991659236309969,0.4137782596765778,1,-0.17571251686756242,0.0034515654429567097,0.42927898700108535,1,-0.06805502370703324,0.029388503335833465,0.42339350887074856,1,0.03732810477397911,0.023849935826521496,0.430358979562482,1,0.146882817747389,-0.012374503379374785,0.4367128088426357,1
2002.997785,grid_1233_y390_z520,480.879,387.653,519.851,115.8055986988539,0.626,-0.2726821213213747,-0.04950056303613401,0.4111729752672222,1,-0.17056997697517295,0.002958545414413205,0.42508849364735557,1,-0.06781342463553239,0.029260580573025576,0.43276894568698676,1,0.038065163095175616,0.023349970465680683,0.43200766977360233,1,0.14723659346762666,-0.01246715747229462,0.4370692631699494,1
2003.629238,grid_1234_y395_z520,480.556,392.879,520.256,110.74311654455094,0.458,-0.27167471996706183,-0.050569006645758086,0.41891259601815295,1,-0.16397620843786445,0.003325949853815898,0.42085131731524794,1,-0.0641592060406131,0.03014227663028128,0.43333059723254125,1,0.04040492531441486,0.023570049746884886,0.4312939795606627,1,0.1500552263064651,-0.012649563214540782,0.44472347889870717,1
2005.945711,grid_1235_y400_z520,480.496,397.944,520.266,106.00613471398717,2.136,-0.2620781506678914,-0.049636854623822856,0.41230531866385256,1,-0.16391971998506497,0.0032726184666498717,0.4311552787137573,1,-0.061065444511793444,0.029755107997662924,0.430799449334701,1,0.04131722360425313,0.023747951417305225,0.4288289302315343,1,0.15110382459004912,-0.012777672711144862,0.4468508135605693,1
2006.484652,grid_1236_y405_z520,480.959,402.675,520.109,101.7056490171514,0.397,-0.2629866330993402,-0.05043988061938249,0.4188340784296955,1,-0.16122563492390674,0.0026712548698854025,0.4307784184378318,1,-0.059472902476438126,0.028872809462191566,0.43310303157463953,1,0.04244296988676879,0.022927996461224027,0.430122787534609,1,0.15035556079842483,-0.012761412121664857,0.4443856570673112,1
2011.265153,grid_1237_y410_z520,480.846,407.748,520.329,96.94475464923309,4.619,-0.2572214604923539,-0.050712355927083126,0.42165910305568893,1,-0.1547728066717192,0.002805209919902067,0.42996541273632954,1,-0.05476133710025242,0.029289475874930252,0.4289565844282546,1,0.04446823487154125,0.0234493579866816,0.42935589478616804,1,0.14775063203999264,-0.01242621282546517,0.4348105189123746,1
2011.850155,grid_1238_y415_z520,480.898,412.705,520.197,92.4801693499747,0.455,-0.24956363683842994,-0.05002707403575751,0.41681559903232435,1,-0.14970601375508788,0.002539048696544707,0.4275535867735762,1,-0.05176345880862132,0.028433869532898046,0.4295478693286679,1,0.0461273053689786,0.022591785894861882,0.4281271784000253,1,0.14982753712520266,-0.012698583339770511,0.44051138052694516,1
2015.904196,grid_1239_y420_z520,480.957,417.665,519.919,88.1301690342189,3.883,-0.24618902070635598,-0.050186999103413475,0.4213790283401982,1,-0.14644900536299718,0.0031447405263530883,0.4296507098502609,1,-0.04908837854988923,0.02909898270153456,0.4285810529160927,1,0.04687890040221452,0.023197083733709645,0.42582192878131625,1,0.15213627710022376,-0.012783877468049286,0.4467504930461914,1
2021.450612,grid_1240_y425_z520,481.193,422.724,519.591,83.79918401154033,5.414,-0.2356756436559501,-0.04841136672361424,0.4123526198477612,1,-0.14089414876314432,0.003250503794701149,0.4257392079996454,1,-0.046603878787141194,0.029133361645340288,0.4308509464835848,1,0.049194176018051906,0.023047382948766435,0.4296226843611414,1,0.14908842252575238,-0.01271315575935659,0.4379618276944461,1
2022.170671,grid_1241_y430_z520,481.074,427.797,519.735,79.28108941607697,0.456,-0.23387549462433868,-0.04942998660207393,0.4194224310098296,1,-0.1381146235364504,0.0028702730162490676,0.4324793103081495,1,-0.04294099104605994,0.028578580659191017,0.4304104329112323,1,0.05072814599872207,0.02238906951514925,0.42729465622349244,1,0.15109138961547705,-0.012756862846602365,0.44118826549205764,1
2023.27586,grid_1242_y435_z520,481.138,432.834,520.041,74.79841486288323,0.963,-0.22714341926771964,-0.04946377967435069,0.41698575335149557,1,-0.13271951250882852,0.0021525200089250753,0.42644333676071416,1,-0.04063344080646949,0.028134017717917154,0.43080086930847844,1,0.052191283021145875,0.02249030821270721,0.4273400188126928,1,0.15259689844083468,-0.012780544135334165,0.44515402870198945,1
2031.283311,grid_1243_y440_z520,481.091,437.524,520.037,70.83903910274329,7.785,-0.22617348472697316,-0.0504876562708207,0.42510400789531416,1,-0.12932697386405703,0.0021640766052832697,0.42885855435789333,1,-0.0373758611788147,0.02753668904043194,0.4222826292743738,1,0.05359234983780059,0.022144317308425795,0.4301207291572931,1,0.15048944051756247,-0.012739422995401137,0.4384661604885077,1
2032.020442,grid_1244_y445_z520,481.341,442.321,520.019,66.92600688820447,0.516,-0.21728794044304953,-0.04940014890361568,0.4181709657780987,1,-0.12475915112709374,0.001971932773777323,0.42694783363603267,1,-0.034957865706449445,0.027290164560946805,0.42473546285033476,1,0.0550348434239712,0.021968791406939008,0.42985483417382286,1,0.1483202472210351,-0.012728309652919967,0.4320987317663816,1
2035.945499,grid_1245_y450_z520,481.18,447.483,520.162,62.70516809641764,3.784,-0.2110655191032829,-0.04938728683725294,0.41780552346602823,1,-0.11999460196903568,0.0017280920050427946,0.42922726693760743,1,-0.030595953003593482,0.027035732918755596,0.4257131940178039,1,0.05751940106921496,0.02155041131120654,0.4288968589865642,1,0.14906122334676672,-0.012718303575582878,0.43228210859959054,1
2036.932127,grid_1246_y455_z520,481.178,452.795,519.83,58.85308455807555,0.786,-0.20411036836552862,-0.04866515409871675,0.4151377372961365,1,-0.1142116955941272,0.002232742885214042,0.4245484171373222,1,-0.02766961214093172,0.02710782736150007,0.4240135204719631,1,0.059169093301658315,0.02180828227904393,0.4305904772644753,1,0.14841623293671072,-0.012720620604188644,0.43038538199841175,1
2037.587715,grid_1247_y460_z520,480.983,457.771,519.79,55.251780939622186,0.513,-0.19922493933666482,-0.048681093766802096,0.41485832042744564,1,-0.11026163030853196,0.0016634208899655144,0.422140071273652,1,-0.025406152035565538,0.026683265176885716,0.4237116844708871,1,0.059792239398014514,0.021400798658127874,0.42806515969871634,1,0.14850582870402063,-0.012710122141505915,0.43000776743599745,1
2038.162374,grid_1248_y465_z520,480.946,462.867,519.526,51.988596845846864,0.402,-0.19872139285633375,-0.049520398270672054,0.42389927857838616,1,-0.10788219410613625,0.001804180701380187,0.4296004053282953,1,-0.0225646332786138,0.02673238791005511,0.4267154428383077,1,0.06202755167445765,0.021186308807268742,0.4307764419766893,1,0.14869416238883745,-0.012710276822920785,0.43000360109109054,1
2039.103051,grid_1249_y470_z520,481.082,467.818,519.919,48.625894439074315,0.74,-0.19153542776150198,-0.0497643234174793,0.4246555053391872,1,-0.10174569638874544,0.0018100486060140999,0.42571880175899324,1,-0.01881092777211474,0.026466096241471313,0.4218109014905977,1,0.06355066105816297,0.021433675991512236,0.4301730371974406,1,0.14872025530155705,-0.012708225176236279,0.42827787544201273,1
2040.107741,grid_1250_y475_z520,480.943,472.393,520.13,45.86694444804447,0.853,-0.18598620757669726,-0.04984732338826159,0.4237211501549267,1,-0.09738868295195384,0.0009213923979380646,0.4233905632248877,1,-0.016627498557612464,0.025693929980564047,0.42376828406010847,1,0.06459414028566074,0.020610162680740843,0.42824355819394294,1,0.1492119509276432,-0.012731539701439804,0.42923798992418444,1
2040.79508,grid_1251_y480_z520,481.338,477.424,520.16,43.456427476266384,0.456,-0.18011150983712598,-0.049204179203500224,0.4201564404178164,1,-0.09256445829565633,0.001574775513307903,0.4201503940141164,1,-0.013338079142249224,0.026446248135104034,0.42519584428245644,1,0.06694216965172133,0.021086551545869487,0.4289589215031344,1,0.1496451470609033,-0.012727237590791252,0.42921477842482253,1
2041.365555,grid_1252_y485_z520,481.371,482.342,519.608,42.03519254148838,0.398,-0.1762790736355031,-0.04940695570781348,0.42273099140322845,1,-0.08985545695004299,0.001354334812495431,0.42280027911487944,1,-0.011058224962073282,0.02579855521236292,0.4235800869500648,1,0.06748617488928317,0.020541917467736114,0.4280577578490401,1,0.1504520733258328,-0.012824544223393844,0.43085644750337243,1
2041.945841,grid_1253_y490_z520,481.353,487.176,519.325,40.916297694195066,0.4,-0.17058264448710778,-0.04896196336512245,0.4227800264082737,1,-0.08589216154901236,0.0011494088572441858,0.4238564411051007,1,-0.008822334193992634,0.025178683814048433,0.4257644959573644,1,0.06846553631373894,0.01997264810348862,0.42830534502263623,1,0.15103406274475875,-0.012737443277413404,0.4329167656723858,1
2043.110435,grid_1254_y495_z520,481.516,492.666,519.547,39.81959761223102,0.904,-0.1616234992028325,-0.048272579960179286,0.41858213286916784,1,-0.07955547359280583,0.0008651081966184874,0.4216075301489401,1,-0.004047333262872175,0.025076390593904496,0.42365401395819835,1,0.071670659225072,0.01971828693989923,0.4294328258350501,1,0.15093960312219887,-0.01290506193885744,0.4304460664642511,1
2044.40118,grid_1255_y500_z520,481.142,497.352,519.391,39.71674354727486,1.13,-0.15666020429120844,-0.048194472360194286,0.419047578003971,1,-0.07630870594923765,0.000971083712903833,0.42281328269077023,1,-0.002321680674618881,0.025283512841409384,0.4258389937403984,1,0.07249799993342083,0.019873827668212992,0.4296861317006675,1,0.15056772817882325,-0.012823160452661535,0.42913107277903806,1
2045.613825,grid_1256_y505_z520,481.124,502.703,519.878,39.69640046654096,0.962,-0.15146166061208968,-0.048790631048515394,0.4223252900940222,1,-0.07114724006923666,0.00011658170897593807,0.4236621335109662,1,0.0010289100388320756,0.024037123917988183,0.42219259925009345,1,0.07441875197325315,0.019279498053014835,0.42751672124369544,1,0.15108931305220005,-0.012894003622292769,0.43028323658034834,1
2047.247626,grid_1257_y510_z520,481.292,507.529,519.993,40.6360362609346,1.403,-0.148728016280652,-0.050194518627401846,0.43013248209467214,1,-0.06748154126086219,-0.0007670888583363862,0.4242691252197995,1,0.003572617479159615,0.023297792677274203,0.4285977845921584,1,0.07637162473313479,0.018479427344808702,0.43207835282961304,1,0.152695109038641,-0.013163142520400873,0.435224285697065,1
2048.15934,grid_1258_y515_z520,481.515,512.543,519.353,42.88036102926374,0.68,-0.14009515913896464,-0.04829014117323913,0.4208927364641235,1,-0.06269204359305192,0.0005657514403759088,0.4228706663322628,1,0.006928433875734753,0.024549939438364646,0.4207997599960421,1,0.07857152438061707,0.019574872435320842,0.43125744970534335,1,0.15206743947076773,-0.012901016049400575,0.4305573498110192,1
2049.770748,grid_1259_y520_z520,481.508,517.313,519.219,44.98679009442652,1.409,-0.13534993443199494,-0.048097115197785756,0.4233265834926448,1,-0.059228854933855525,0.0005266108178955165,0.42608584962919466,1,0.0095358727193576,0.024598155022575934,0.4284394499390533,1,0.07978244549922721,0.01904327867893626,0.43115909343669695,1,0.15257119094899177,-0.012966752375462251,0.4311224997807597,1
2050.948739,grid_1260_y525_z520,481.502,522.392,519.571,47.24626120657588,0.907,-0.12880990682780633,-0.048297530953218974,0.4199705976723012,1,-0.054457917173963526,-0.0006528820271127054,0.42231706663256374,1,0.012238578024619974,0.023026301952917393,0.42453360927803824,1,0.08180897591622253,0.018225004559795505,0.4329310314689512,1,0.15510928516949388,-0.013409400988097552,0.43839581293906416,1
2051.636859,grid_1261_y530_z520,481.42,527.308,519.608,50.0572426028442,0.457,-0.12430236368527552,-0.04832100724205424,0.42033182171085026,1,-0.05066313392839225,-0.00031628445452049645,0.42172752298734245,1,0.014894025308558767,0.023431061216211396,0.4238529432875797,1,0.08304428661824971,0.018458537796347044,0.43004137436948286,1,0.1564240537148251,-0.013489960959083397,0.44048611559091166,1
2052.367004,grid_1262_y535_z520,481.606,532.495,519.479,53.51407182227861,0.458,-0.11748135966929936,-0.04789873277269391,0.4184470576707067,1,-0.045719555582757726,-0.0006729902014259375,0.42365398058127157,1,0.018127952966886587,0.022603905554074783,0.4230445122528586,1,0.08483071756739481,0.01771763073428018,0.4291624938096536,1,0.16042386975063463,-0.014006359334877622,0.45045436478851525,1
2053.005649,grid_1263_y540_z520,481.566,537.434,519.499,56.924484099550625,0.398,-0.1135662085352447,-0.048075625973860676,0.4221524486678055,1,-0.041904933377988084,-0.0009417860639471866,0.4213734154038619,1,0.0208873634601229,0.022205324186879098,0.42555867993754376,1,0.0862077103620687,0.017567919132373377,0.429868791628745,1,0.16042386975063463,-0.014006359334877622,0.45045436478851525,1
2054.240252,grid_1264_y545_z520,481.599,542.499,518.906,61.04595777772679,0.964,-0.10380648885192345,-0.04585396236766531,0.41008227532849384,1,-0.03645445516281925,-0.00046062341186552564,0.4202747977845455,1,0.024020498175427982,0.022093845526527,0.42121189972462497,1,0.08851496686792444,0.01721587503864764,0.43031163544051804,1,0.15972321482424182,-0.01393880594485584,0.4480443949763475,1
2054.901379,grid_1265_y550_z520,481.389,547.58,519.174,64.76482804732831,0.4,-0.10137023176403272,-0.046932192325653634,0.4183032241489309,1,-0.03268863254874164,-0.001078462252217028,0.41676827844224174,1,0.02687888410467407,0.022083767011660847,0.429412905947107,1,0.08931106053757892,0.016925282293584677,0.4284114677848268,1,0.15693274619772618,-0.013512988853058646,0.43848266258679197,1
2056.161152,grid_1266_y555_z520,481.248,552.753,519.338,68.80142186030754,0.967,-0.09528822931079521,-0.04727945605166537,0.42129150928125725,1,-0.02781958053862672,-0.0012708524254908754,0.42219321419635336,1,0.030280854521573208,0.02145954452272816,0.42892785945492795,1,0.09223211648090883,0.016529728065272687,0.4317430268924056,1,0.16169121540213127,-0.014014461896467554,0.4507169174301687,1
2056.822023,grid_1267_y560_z520,481.15,557.454,519.673,72.4984881083736,0.399,-0.09063091078692032,-0.047852144866591347,0.42066128244965006,1,-0.02416302940445798,-0.001766170264402472,0.4193024087120314,1,0.03227882364591551,0.021066919229864547,0.4251140034960957,1,0.09375534974593865,0.01658024408411719,0.43430327155558524,1,0.16169121540213127,-0.014014461896467554,0.4507169174301687,1
2058.387953,grid_1268_y565_z520,481.584,562.62,518.87,77.33330069898734,1.235,-0.08436940618101373,-0.04719665480291423,0.42112753197740377,1,-0.0190175329106301,-0.0014279473366537497,0.42009615069070666,1,0.035838230881324956,0.020760218535835814,0.42323966859934425,1,0.09577185761376633,0.016140866635739926,0.43264781916341527,1,0.15841884579616325,-0.013615531117092983,0.44001996269261584,1
2063.48552,grid_1269_y570_z520,481.821,567.732,519.303,81.55222312726977,4.776,-0.07855894923183847,-0.047012478475714194,0.41925108789146365,1,-0.014680493032499896,-0.0019480388338203117,0.42258381994170385,1,0.039116349102024384,0.01985204425809264,0.426851641709234,1,0.09792667285681633,0.015562174718220996,0.43349433108271196,1,0.16195896845749283,-0.013928751576925788,0.44835360670168994,1
2065.564775,grid_1283_y565_z525,481.408,566.844,521.805,79.55688313401932,1.977,-0.08003694435795021,-0.050452582001040004,0.421192433056461,1,-0.015742227754095037,-0.004312138867703746,0.4216282589306959,1,0.03847134201863681,0.018804154226657373,0.4281412626239809,1,0.0964894574149255,0.014836254158270197,0.43068474928916695,1,0.15797217908487804,-0.013555952042051211,0.4379018842605898,1
2066.34152,grid_1284_y560_z525,480.769,563.014,524.005,75.10456596639115,0.506,-0.08395524360296654,-0.05302814555666196,0.4222108730888435,1,-0.018653907616860692,-0.006134325715199204,0.4195875570940621,1,0.03652650408555409,0.017729968465619528,0.42750449781500327,1,0.09617337636157147,0.01450119861763434,0.4336119637810139,1,0.15767981500609163,-0.013552148360285295,0.43809212186750424,1
2068.879488,grid_1285_y555_z525,480.546,557.966,524.012,70.65771599054135,2.248,-0.08967513835241607,-0.05263853425562091,0.4206390934853466,1,-0.023338851577130542,-0.005450354207429643,0.4213870623097547,1,0.03335751095079551,0.018156639366989132,0.42612129086973877,1,0.0937022580027525,0.015003208093522612,0.42950413839383295,1,0.16169121540213127,-0.014014461896467554,0.4507169174301687,1
2069.60643,grid_1286_y550_z525,480.498,553.025,523.692,66.57523021364622,0.456,-0.09357747232829398,-0.05215677125091959,0.4172970296911478,1,-0.02806975858380704,-0.005540661176472031,0.4296367817314022,1,0.030464585056812474,0.018833309538868494,0.4287067870838266,1,0.09172124632424616,0.015070870295203738,0.4290695967562703,1,0.16169121540213127,-0.014014461896467554,0.4507169174301687,1
2070.671591,grid_1287_y545_z525,480.197,548.299,523.632,62.6255549835688,0.794,-0.09954722088588729,-0.0526274868292114,0.4207111643394335,1,-0.03172259973668197,-0.005344729656978127,0.4249458578230931,1,0.02739752909595863,0.01891622720588063,0.4251198818990096,1,0.09061738595151723,0.015439218861158214,0.43133462477133694,1,0.16070135542975325,-0.013920833328585314,0.4481033219110389,1
2071.410961,grid_1288_y540_z525,480.283,543.012,524.135,58.04858369503938,0.457,-0.10616940580310709,-0.05399329466747483,0.4247649747121128,1,-0.0368381851374651,-0.005691010597467114,0.4299690359487385,1,0.024419546349107965,0.018857976641492115,0.4264783411107296,1,0.08817518840097217,0.015563635230557706,0.42802028388790464,1,0.16038494003301787,-0.0139991291220207,0.4501861012272385,1
2072.882624,grid_1289_y535_z525,480.227,537.959,524.528,53.840364904038225,1.241,-0.11060924402953469,-0.053748968136001433,0.4183070519414008,1,-0.04112999668320763,-0.005771162366205981,0.42875156727385316,1,0.021884908981539063,0.01933875046536591,0.4273518289581899,1,0.08707764183243528,0.016016385017487228,0.42991000547870883,1,0.16042386975063463,-0.014006359334877622,0.45045436478851525,1
2073.994653,grid_1290_y530_z525,480.375,532.808,524.216,50.22454292474941,0.85,-0.11705966217695653,-0.05375650830711947,0.42086119127548716,1,-0.04486282236231933,-0.005205635193189961,0.42219597228417927,1,0.018640002264980013,0.019998458936433067,0.42964211929625823,1,0.08535896540287619,0.01638941294885461,0.43112428135854003,1,0.16042386975063463,-0.014006359334877622,0.45045436478851525,1
2074.846361,grid_1291_y525_z525,480.588,527.807,524.095,46.866831117539796,0.62,-0.12229409846385748,-0.05369450749217061,0.4201917982847796,1,-0.04941475522445237,-0.004743506989162034,0.4235947895586593,1,0.015755143887674263,0.02015210060466144,0.4260632600530454,1,0.08345897284968362,0.016851388224895084,0.4303558456353775,1,0.15906339963030125,-0.01391832969106289,0.4473042473607703,1
2076.415152,grid_1292_y520_z525,480.665,522.598,523.904,43.7363148882024,1.297,-0.12792525320276135,-0.05330390701278156,0.4199032422268439,1,-0.05345601793025553,-0.004568925472467336,0.4188423573670936,1,0.012299975443448576,0.020476864625300628,0.4267148756280504,1,0.08156113047873416,0.016990433004539143,0.4305280313739664,1,0.158376163631661,-0.01391193786529728,0.4478395991767881,1
2077.233747,grid_1293_y515_z525,480.621,517.55,523.857,40.97251699615239,0.568,-0.13396631539189002,-0.0535789126835739,0.42089855217003774,1,-0.05842066030740023,-0.003912929143580324,0.4241501710577084,1,0.00973002554368352,0.021304881718086543,0.42678606906302136,1,0.08045258485000562,0.01740827521607954,0.4319061992325672,1,0.15915576545294374,-0.013997869592312516,0.45018473785250196,1
2078.106223,grid_1294_y510_z525,480.528,512.416,524.268,38.21902155995097,0.631,-0.1390873839843976,-0.053557907985567865,0.4191969009717398,1,-0.06315928243558515,-0.004448771378062582,0.4251231148322369,1,0.006691783897945141,0.021144839963942976,0.4265224963848984,1,0.07752723899763309,0.017555117594478174,0.4279928897000455,1,0.15441920460121594,-0.01332282768910509,0.4374497145039266,1
2080.651452,grid_1295_y505_z525,480.69,507.495,524.634,36.14628769320573,2.354,-0.14618819627977667,-0.05487586220708649,0.4239465183073215,1,-0.06775622584403128,-0.004256294884829547,0.42809786457270094,1,0.0038488007909744776,0.021493827285460024,0.4277345954902889,1,0.07630284052672552,0.01775381088417357,0.429304781962576,1,0.15448484960219033,-0.013371500500214384,0.438901285013867,1
2082.774309,grid_1296_y500_z525,480.526,502.64,524.231,35.35379682580072,1.862,-0.15064390337034983,-0.053754182083924205,0.4198645844836171,1,-0.07214333781637484,-0.003674768986723757,0.4268197416770021,1,0.0007308519955882206,0.022046121172145494,0.4243421946773591,1,0.07366953567540736,0.018288139793398734,0.4278272255346866,1,0.1513388230864321,-0.012903321194369556,0.430763455539874,1
2083.557025,grid_1297_y495_z525,480.601,497.682,523.857,35.234599770679935,0.572,-0.15661338617700382,-0.05386117935406818,0.42262414998539016,1,-0.07512712345365073,-0.003507876988262787,0.4247261068820796,1,-0.0009794527082089453,0.02208543037000592,0.4262252531910303,1,0.07339836961050834,0.018240725691783904,0.42833171836515344,1,0.15068402623942567,-0.01281843765365788,0.4292627264693676,1
2084.200484,grid_1298_y490_z525,480.512,492.839,523.783,35.47731504778786,0.402,-0.16266543843922296,-0.054189556984415986,0.4245699047081612,1,-0.08039637684587182,-0.003163524704475042,0.4271734617355823,1,-0.004999453696219341,0.022575011705272412,0.4268842706789748,1,0.07092406491529248,0.01888718952338977,0.42864806459644145,1,0.1501241145670602,-0.012806063815952028,0.42869016668893495,1
2085.814815,grid_1299_y485_z525,480.643,487.682,524.009,36.196982318972324,1.414,-0.16581006000916307,-0.0534895456143892,0.4167230097924723,1,-0.08443354425872651,-0.002711749306137662,0.42516753294413173,1,-0.007721180993387079,0.02301736020115788,0.4261183628153405,1,0.06956356808871146,0.018961246946775052,0.42834663572904863,1,0.15354214912422606,-0.013114297692409474,0.4393886491573012,1
2087.898926,grid_1300_y480_z525,480.672,482.483,524.545,37.33428551613114,1.862,-0.17369073768692034,-0.05480000217659802,0.42186177476258807,1,-0.08922650611159401,-0.0033102313749980676,0.42725958257200686,1,-0.010461711302093757,0.022680346265843504,0.42363634190449345,1,0.06806430899490433,0.018941663163732126,0.427343897287732,1,0.15045510796716807,-0.012824064831717753,0.43084902734971836,1
2088.884059,grid_1301_y475_z525,480.624,477.499,524.537,39.49073302687598,0.792,-0.17947510184062476,-0.054929995747571875,0.4227138144367742,1,-0.09357800582595975,-0.0036411572390353183,0.42436048595001236,1,-0.014733211901851473,0.02240571364681791,0.4232228853369841,1,0.06542414084908332,0.01907367627701143,0.42770641687718175,1,0.15024355961244826,-0.012909458521000778,0.43074175566615086,1
2089.481962,grid_1302_y470_z525,480.658,472.491,524.342,42.30616382987233,0.396,-0.18403166568789583,-0.05467727541469946,0.42263392892206214,1,-0.09646297676521294,-0.0026539375551774837,0.424971661244848,1,-0.015525753442368074,0.02385975691578415,0.4271540891690843,1,0.06488573767419174,0.019509186189726743,0.4248340381114792,1,0.14953711317776688,-0.012813251123381492,0.42911400806475225,1
2090.476915,grid_1303_y465_z525,480.882,467.452,524.074,45.60315845421235,0.791,-0.19039155644859954,-0.05433719254880403,0.4210455859085545,1,-0.10118026959185301,-0.00265953558286258,0.42302039085132265,1,-0.019258545894545714,0.023151479727999497,0.42338159336028935,1,0.06375530968743222,0.019420042953227367,0.4296809157262805,1,0.14918357386920256,-0.012727556117179295,0.4292304874205819,1
2091.075155,grid_1304_y460_z525,480.704,462.734,524.168,48.66551654919525,0.397,-0.1911741559887287,-0.05361821409571752,0.41331702502022244,1,-0.10646037156072956,-0.002260323405205202,0.4266443499834851,1,-0.022910271226421804,0.02415251258901024,0.424460866731673,1,0.06125452877436701,0.02029327105072141,0.42933425722878793,1,0.14775099380442155,-0.012707351458611139,0.42687961296194027,1
2092.402184,grid_1305_y455_z525,480.784,457.79,524.075,52.299627933666905,1.145,-0.19935354243393802,-0.054218408395310946,0.41784631900752706,1,-0.11089222061291948,-0.002295583026131803,0.4294731446318459,1,-0.024606456632545546,0.02392695145740706,0.4231489634501803,1,0.06058501052913417,0.019967184760257533,0.4300609823690993,1,0.14816700581681852,-0.012793362865012177,0.42814004924825305,1
2092.981906,grid_1306_y450_z525,480.627,452.74,524.363,55.95667021008301,0.397,-0.2057130472184722,-0.05500442672574787,0.4227423096461449,1,-0.1134718086693915,-0.0021459147231332886,0.4270105425440105,1,-0.02714353082217466,0.024353333656937582,0.42432280312570175,1,0.05881224489025444,0.02014646336812383,0.4271551841239243,1,0.14933091577257215,-0.012905909717826297,0.4320583456740914,1
2094.691805,grid_1307_y445_z525,480.619,447.679,524.465,59.94864630665147,1.519,-0.21096647016969008,-0.05461885915221531,0.41856487332707665,1,-0.11866295586814908,-0.00232876972126225,0.42481373547110673,1,-0.031123102133692387,0.024386864952852194,0.42811729936782905,1,0.05763803020695957,0.020533894145442984,0.43176285471700176,1,0.1473852235660474,-0.012714467103995764,0.4271759094829232,1
2095.34845,grid_1308_y440_z525,480.666,442.601,524.57,64.11016251734192,0.456,-0.21916879892216587,-0.05554383829310608,0.42391202936591393,1,-0.12406952455998178,-0.002114455102155542,0.4300587098168434,1,-0.03410663530967311,0.024911673529463423,0.42612145830036896,1,0.05507522617885288,0.020568432914124763,0.4272721371167892,1,0.14733739394447723,-0.012695922011788215,0.42824738536538737,1
2096.146969,grid_1309_y435_z525,480.853,437.697,524.546,68.32288709502836,0.618,-0.2236609187473547,-0.055268022223895125,0.4217079200364366,1,-0.12760330567447448,-0.002006062087701393,0.42549302042063847,1,-0.037582905949560035,0.024946566816561978,0.4275029238272685,1,0.05380217957140476,0.020772816227324766,0.43087574726690137,1,0.14827238720112149,-0.012723682606055853,0.43201159368028397,1
2096.736114,grid_1310_y430_z525,480.905,432.8,524.566,72.58373906048098,0.396,-0.22648631567898855,-0.055204247706996105,0.4188374970602169,1,-0.13164164997880778,-0.001805703579206738,0.4291625200879164,1,-0.03859108621623509,0.02502334446439823,0.42309269321642784,1,0.052848963602688336,0.020767132778080306,0.4301799818697589,1,0.14871614850231935,-0.012727912190237898,0.43351467259382126,1
2098.527444,grid_1311_y425_z525,481.048,427.675,524.462,77.18669948896634,1.629,-0.23454862213056205,-0.055189688879472835,0.4206630651386783,1,-0.1369646052943165,-0.001850585834280102,0.4270524876665418,1,-0.04313967934196241,0.025293102859538674,0.4258231441842078,1,0.0502976154381641,0.020907742023707085,0.4277651277592769,1,0.1474585418887292,-0.012742557506890824,0.4313426575619525,1
2099.612572,grid_1312_y420_z525,481.243,422.59,524.486,81.76699715655455,0.903,-0.24394455125899753,-0.056265276588117946,0.4274858185920542,1,-0.13996863483152422,-0.0015368568774365382,0.4259938199443056,1,-0.045061491332969376,0.025477585973977934,0.42840192689351175,1,0.050371062967479285,0.02143486636524686,0.4313876319808361,1,0.14956341905885628,-0.012739906088931996,0.43697487544482594,1
2102.094527,grid_1313_y415_z525,481.172,417.63,524.237,86.37602775075963,2.292,-0.2429746003669275,-0.054347860674474564,0.4158806885232444,1,-0.14382868628551407,-0.001190574665456103,0.4242168056331596,1,-0.047995103457889265,0.025597765641652198,0.424948299631239,1,0.04797636189524677,0.02124161744356687,0.42816304356241086,1,0.1467201411777437,-0.01272762727716187,0.4306926390471808,1
2103.08675,grid_1314_y410_z525,481.136,412.521,524.725,90.88629909397781,0.791,-0.24547178309751608,-0.05467783010635177,0.4105200478484073,1,-0.1515457714842098,-0.0012329534349812142,0.4320619392064444,1,-0.051795667361788755,0.025853714690397208,0.4258948408878145,1,0.046111104201132486,0.021590451128753376,0.43114672801900106,1,0.14847362183956192,-0.012674326882190725,0.4360471616875561,1
2103.836152,grid_1315_y405_z525,481.161,407.642,524.963,95.33658897296462,0.568,-0.2523580652006268,-0.055174968442072425,0.413097203505288,1,-0.15515368599212098,-0.0019195608280360287,0.4310848770551967,1,-0.05505444382070873,0.025821367526161394,0.43044308265666414,1,0.044647030251984056,0.021441080043430868,0.43017311226628957,1,0.14842285881712583,-0.012723286583205698,0.436478891895711,1
2107.255204,grid_1316_y400_z525,481.128,402.486,525.054,100.13301442081926,3.249,-0.2628496774744178,-0.05631940866149796,0.42097049579689205,1,-0.15970230709341596,-0.0018800219589252276,0.43042854126607266,1,-0.05734895624173022,0.025594538358584256,0.42349351205262536,1,0.042628589190417183,0.021479729715511025,0.42624932310411007,1,0.14956978550455904,-0.012746179994449864,0.4409971527379515,1
2109.923542,grid_1317_y395_z525,481.151,397.44,524.976,104.91712329262558,2.477,-0.2693485027474158,-0.05658131701474644,0.4224304815907456,1,-0.1638971576226361,-0.0015189508156668826,0.43043747997686005,1,-0.06104074768005235,0.026123931619768403,0.4290497629370668,1,0.041015502769951855,0.021732014437007927,0.4273022658816679,1,0.15041879845253459,-0.012766656510800306,0.4447985967227433,1
2111.416698,grid_1318_y390_z525,481.135,392.493,524.77,109.66757927938411,1.291,-0.267743887059624,-0.054874145223307365,0.4113556797950975,1,-0.1677951499141986,-0.0015291176739194703,0.430929261048167,1,-0.0627897281954049,0.025884530828360588,0.4269829897514728,1,0.040412044236744174,0.02155475545905948,0.4271678872949809,1,0.15062796647895926,-0.012767839599815076,0.44513617979741177,1
2114.522298,grid_1319_y385_z525,480.973,387.764,524.588,114.2115121868194,2.916,-0.27132006428233374,-0.05466393681828204,0.4095695521291944,1,-0.17207216007822082,-0.0014694870878989724,0.4291351059118253,1,-0.06650568693725495,0.026042867645647047,0.4261622739758732,1,0.03836482570128838,0.021980139463276597,0.43136684530482544,1,0.14707667650124157,-0.012595451222975305,0.43665383180134754,1
2115.888318,grid_1320_y380_z525,480.894,382.887,524.436,118.90793432736099,1.184,-0.2783575324813364,-0.05501921634634135,0.41244821257633024,1,-0.17615235115952124,-0.0006891220942089327,0.4318009698950698,1,-0.06816800442895561,0.027031628891963613,0.426766753671902,1,0.03777257527534924,0.02263551030835015,0.42991451832894906,1,0.14861258954289927,-0.012631567188173584,0.4411005566641301,1
2117.480689,grid_1321_y375_z525,481.068,377.894,524.512,123.68066738581255,1.401,-0.2844461180611742,-0.055043751245474844,0.41281561532821587,1,-0.18029983734738142,-0.0010998655735238135,0.42780393102671915,1,-0.07225700725850193,0.026449130602388116,0.4237331782289653,1,0.03506525962926667,0.02247049086144955,0.42956251803150236,1,0.1479469178465761,-0.012598963807080601,0.44029421738910396,1
2119.133711,grid_1322_y370_z525,481.297,372.646,524.392,128.77077913874712,1.462,-0.2898148058253226,-0.05500375723886545,0.4123263610892771,1,-0.18354149496845604,-0.0011358217234910348,0.42765593272698715,1,-0.0750715063626358,0.026773369825130348,0.4328565746993494,1,0.0346742272731584,0.02231524716550611,0.43237635419492854,1,0.14614496654299194,-0.012419823359259933,0.43564818635456914,1
2121.330298,grid_1323_y365_z525,481.428,367.642,524.394,133.60159762892056,1.986,-0.29626727956285664,-0.055327769340378884,0.4140693330383667,1,-0.18849529986275412,-0.0004501569349069019,0.42835484529669254,1,-0.07875896209529713,0.027597206817901957,0.43390010065458373,1,0.032154222214777976,0.02292459590886134,0.4265925089902556,1,0.14779644742648432,-0.012683932556069965,0.4408274661047374,1
2124.381145,grid_1324_y360_z525,481.351,362.603,524.572,138.42467816469718,2.829,-0.3062710458247872,-0.0566105924444612,0.4199672466056448,1,-0.19354764813206235,-0.0009378538392804787,0.43024485338349466,1,-0.08112661692413396,0.02700676085205005,0.42900750486377537,1,0.03051567790575926,0.022828103164242133,0.4273211253526183,1,0.14742168400106387,-0.01264637637215704,0.4412731808766351,1
2127.81791,grid_1325_y355_z525,481.421,357.508,524.764,143.32120305104894,3.254,-0.31801951591116157,-0.057834780444546936,0.42783465473294463,1,-0.19540123860941283,-0.0005180155299268819,0.4244969449440608,1,-0.08462952980928427,0.027938078850878453,0.4313776450944405,1,0.028919471161516278,0.023529395417408273,0.4289424359034797,1,0.14906626798092967,-0.01277084941792449,0.4480189598227206,1
2129.332461,grid_1326_y350_z525,481.337,352.504,524.705,148.19247808509036,1.293,-0.32177896565461167,-0.057652835202289844,0.42571257412204155,1,-0.2003418151772545,-0.001479339775486349,0.4266636063686386,1,-0.08634872297748399,0.026269720389820516,0.42793431356574524,1,0.028058819602564233,0.022798831171248247,0.4335378090812156,1,0.14906626798092967,-0.01277084941792449,0.4480189598227206,1
2132.454416,grid_1327_y350_z530,480.547,351.474,528.054,148.43601185696144,2.811,-0.3115158931269916,-0.059289735545373756,0.4117551145158476,1,-0.20251654089482354,-0.004172283471121499,0.4296958760456124,1,-0.0867009624255821,0.025001918262489525,0.42746423326181837,1,0.027407393146900005,0.02190577496765611,0.42606404209288057,1,0.14766789461168608,-0.012749816899191397,0.4439291858368901,1
2134.215279,grid_1328_y355_z530,480.835,353.081,529.24,146.63635670937813,1.748,-0.308940624039428,-0.06033998741027449,0.41021654830592685,1,-0.20078225061965183,-0.004924404839419437,0.4279604091825934,1,-0.08637550038393776,0.024364988803975907,0.42661983779478746,1,0.02756561586521421,0.02158204967487565,0.4310808251068909,1,0.1476678946116861,-0.012749816899191397,0.44392918583689006,1
2135.865582,grid_1329_y360_z530,480.662,357.753,530.284,141.847060702716,1.459,-0.3063710561813689,-0.0619530531857622,0.41372986076127866,1,-0.19673064664765358,-0.005710768546869418,0.42867212268955,1,-0.08291788334301606,0.0241456933282547,0.4255999271209894,1,0.029349049787113904,0.021412241509792124,0.430363545251283,1,0.14742896342211745,-0.012743081148365693,0.4423331667351487,1
2138.346921,grid_1330_y365_z530,480.743,362.683,529.974,137.09236956519496,2.3,-0.30018640888573184,-0.06148970735838551,0.41224175764420123,1,-0.194652388227318,-0.006075813288005014,0.4322667631878148,1,-0.08113106858732042,0.023588653217179626,0.42719842005680825,1,0.030424336716548133,0.02097248246851215,0.42800008170799336,1,0.1468487072363859,-0.012730348104441548,0.43951737096913734,1
2142.94366,grid_1331_y370_z530,480.658,367.847,529.984,132.04560020689823,4.375,-0.3071068267463813,-0.06367047537446878,0.4297899530805512,1,-0.1893034859582675,-0.004875832255688983,0.43103517279116615,1,-0.07772516597344115,0.024465184143499505,0.4265476655839086,1,0.03240103668154472,0.02193692470943794,0.4321803059472216,1,0.14765445093454302,-0.012738947726784246,0.4402359860681879,1
2151.419754,grid_1332_y375_z530,480.609,372.912,530.132,127.07557428554082,8.233,-0.2994693484496277,-0.06327534106419025,0.42697788199373954,1,-0.18482267712306458,-0.0055753415147233205,0.430702474196293,1,-0.07430791295586896,0.023847487019878207,0.42580068256191317,1,0.03379929499515441,0.02113686979279038,0.4279697108512255,1,0.14898812911376852,-0.01275905642351449,0.4442635804656865,1
2163.264364,grid_1333_y380_z530,480.813,377.934,529.738,122.29496030499371,11.684,-0.28883110187181565,-0.061765832940266614,0.4194525740840791,1,-0.1790298169572434,-0.00528997918850816,0.42731435516052696,1,-0.07191541320794215,0.024093702138836562,0.4270352558695871,1,0.035455380995708934,0.0214243744505262,0.4288747860594051,1,0.14667317184603149,-0.012373113262336468,0.4366670967658788,1
2169.122671,grid_1334_y385_z530,480.846,382.869,529.832,117.4905720728263,5.696,-0.2779006386338642,-0.060355815932128576,0.41147049341703595,1,-0.17668785873580836,-0.00518512051049596,0.4305677208720234,1,-0.06898444797174037,0.024187843839823916,0.4254373702677063,1,0.03654502745991759,0.02126857477643675,0.4276630203932175,1,0.14621545421221505,-0.012364222977336053,0.43499343364829945,1
2172.004738,grid_1335_y390_z530,480.879,387.555,530.042,112.90870308793735,2.66,-0.28508471306056227,-0.06359113762657975,0.4305078337733432,1,-0.1721324604924489,-0.0055619081297713915,0.43067243084155465,1,-0.06561431294523284,0.02349167662222898,0.4242193478339618,1,0.03838921781573266,0.020775613386193898,0.4257801851664617,1,0.14725050422749744,-0.012651295928743546,0.43659951872535796,1
2172.905027,grid_1336_y395_z530,480.917,392.622,530.29,107.95950294439112,0.738,-0.278491116255481,-0.06349335008069588,0.4290426876326356,1,-0.16899938869859563,-0.006056133846786624,0.43370178611121984,1,-0.0629869512786465,0.023434288351308258,0.4268953992361116,1,0.040486122784801425,0.020700504041450466,0.43076563357089764,1,0.1488572407534214,-0.012744176819402249,0.44068942161591257,1
2180.366285,grid_1337_y400_z530,480.906,397.631,530.329,103.13179588759232,7.31,-0.2735113081624149,-0.06353237268918599,0.4300576096667106,1,-0.16406434967431852,-0.0059389382863117846,0.43170559222042204,1,-0.05968361098112109,0.023335533437346113,0.42328383215735355,1,0.04129183511932045,0.020606394601406803,0.4259525558021626,1,0.14925791420393011,-0.012745807199125964,0.44103174612175966,1
2182.487016,grid_1338_y405_z530,480.862,402.621,530.307,98.35565725976315,1.969,-0.26679145586724995,-0.06336991097687451,0.4286584779156542,1,-0.16040750015195104,-0.006199774702201858,0.4348968048593623,1,-0.057184006613861194,0.0233854795669874,0.431077110536726,1,0.04358355488666329,0.020367360820470665,0.42678449745120317,1,0.14939229407849294,-0.012743712382691954,0.440238685172391,1
2190.784773,grid_1339_y410_z530,480.871,407.677,530.346,93.52444502374763,8.118,-0.25120925061391747,-0.06027351623179785,0.4117573417051948,1,-0.15663559567919574,-0.006184242607926852,0.4342902937120372,1,-0.05483794885860205,0.023042004666065985,0.42741174430894285,1,0.04438599630590801,0.02027091164967369,0.42849554825286956,1,0.14844057785631312,-0.012724046160032379,0.4368094176460759,1
2191.770841,grid_1340_y415_z530,480.792,412.874,529.962,88.71365496359617,0.846,-0.24457741936689667,-0.06000548671150722,0.4103588268000691,1,-0.15118379168466203,-0.0058031193973493295,0.433429150106094,1,-0.051105264635435015,0.023230737135647852,0.4267022470491648,1,0.04646004670537643,0.02014242104740401,0.42676742439737403,1,0.14768689952779704,-0.012726548062175538,0.4338240903952513,1
2192.662231,grid_1341_y420_z530,481.067,417.761,530.015,84.11968398656757,0.74,-0.24224637392191564,-0.06054839857798568,0.41492259900195144,1,-0.14531582188076128,-0.005872480067042486,0.4256196013676274,1,-0.04921263238082466,0.022958363914479283,0.42614288563809377,1,0.04677600347553748,0.020028598152204955,0.4261163208853506,1,0.14666771362565006,-0.012721327200754957,0.43039437927364865,1
2194.211054,grid_1342_y425_z530,481.173,422.778,529.386,79.67260922048426,1.408,-0.2338064132671427,-0.05885692583011249,0.4101772369733339,1,-0.14009854255170665,-0.004902189189782313,0.42755386107738685,1,-0.04407679284596242,0.023326599239696558,0.4253339809797414,1,0.05061192715714538,0.020246801396588254,0.4326125369830855,1,0.14831808674907618,-0.012728725925242464,0.43357060630651717,1
2194.975767,grid_1343_y430_z530,481.148,427.722,529.944,74.8966708806206,0.623,-0.2317539252467958,-0.06038646751220771,0.41521394750968704,1,-0.13765308092664472,-0.006563248768966562,0.4274914080526369,1,-0.043952089007878954,0.022199438014713548,0.42655296137917714,1,0.050362253051259735,0.01966021982399707,0.42792055221211994,1,0.14705058941510366,-0.0127221648061324,0.4304080272607262,1
2195.525951,grid_1344_y435_z530,481.143,432.62,529.872,70.44604522611613,0.399,-0.22745903803173584,-0.0605151676323279,0.4151476371704359,1,-0.1325635709592007,-0.006315753755545481,0.4242114847333589,1,-0.04130945745727967,0.022683076904788445,0.42957669800120374,1,0.05203891226977639,0.019973625089794802,0.43167554577046263,1,0.14814764981906933,-0.012728746156390363,0.43210614512963214,1
2196.537717,grid_1345_y440_z530,481.017,437.648,530.089,65.8047717494711,0.85,-0.21914998768414254,-0.060124542047520206,0.4129169376642134,1,-0.12960100632710198,-0.006557096975086051,0.43334187239090194,1,-0.03625201522680035,0.022023249706781347,0.42378264984122344,1,0.05455140057513041,0.019480790607372237,0.4311784337258892,1,0.14821210737472576,-0.012801339734253825,0.4315480793579077,1
2197.544173,grid_1346_y445_z530,481.076,442.628,530.143,61.36335230412365,0.857,-0.21434019597795476,-0.06032280815828739,0.41398139511581067,1,-0.12562446058997523,-0.0071653585177833615,0.4331690142826101,1,-0.03432612764031601,0.021719192026895987,0.42616152811752755,1,0.05531238084139556,0.01924103009401748,0.42897737387722384,1,0.14897255443107169,-0.012804765266260667,0.43321774793038076,1
2199.064074,grid_1347_y450_z530,480.849,447.863,530.21,56.75171691675939,1.359,-0.20740660219517437,-0.060062458769598114,0.41207875006260347,1,-0.12060783978259167,-0.007392220294946576,0.43243878609572733,1,-0.03123176615380981,0.021149267272060044,0.42730588836823524,1,0.057001356019648876,0.018851593288596046,0.4297924806374311,1,0.1477695478611413,-0.012702929138033782,0.42871292463611826,1
2199.582249,grid_1348_y455_z530,480.931,452.514,529.829,53.025082225301624,0.397,-0.20825649697357998,-0.06086909503464059,0.41964040443600026,1,-0.11701068036792588,-0.006873355156834927,0.4300000493813177,1,-0.028700381818322934,0.02152402152299328,0.4262282637224471,1,0.058810720639721946,0.01913957146416864,0.4316161942843795,1,0.14763028798398278,-0.0127167051723006,0.42761677271126236,1
2200.200654,grid_1349_y460_z530,481.334,457.782,529.573,48.938817987360494,0.398,-0.20227484738312815,-0.06061562942690357,0.42167181574976537,1,-0.11126676631974462,-0.006621863748244833,0.42832210085519695,1,-0.025022141400803055,0.021855135190350154,0.42776165044605935,1,0.0602520266261991,0.018989408645355522,0.4265862521528471,1,0.14769821645044742,-0.012701137046201757,0.4265849134092279,1
2200.972911,grid_1350_y465_z530,481.291,462.465,529.949,45.06641341398271,0.621,-0.19419693571252009,-0.06056776358955928,0.41745603628289557,1,-0.10654616041386877,-0.007217011384370809,0.42706300357892046,1,-0.022568581573252307,0.02084545500949873,0.4242707077234374,1,0.061532774731735594,0.018508972457167375,0.42829143158767535,1,0.14812570065680794,-0.012726251922580428,0.4275411983678849,1
2202.085165,grid_1351_y470_z530,481.442,467.47,529.997,41.39521916840153,0.9,-0.18991077815082877,-0.060825514740591224,0.4198903257590984,1,-0.10345057341750656,-0.007558164423909594,0.43292145206601146,1,-0.01927168653976204,0.020852091940105736,0.42813436278057543,1,0.06373059062678664,0.018559712689741544,0.43018841979027234,1,0.14912275732521021,-0.012817418780085956,0.42928434203914617,1
2202.64064,grid_1352_y475_z530,481.23,472.384,530.03,38.031161183955426,0.403,-0.18613005118146156,-0.06069409463144371,0.4194453289014409,1,-0.0991979128750322,-0.0074193762648853455,0.42602229251092866,1,-0.017486521105613387,0.020611418069005866,0.4264676878772515,1,0.06521374275006066,0.01846166411522139,0.4340035740570552,1,0.1491474291492735,-0.012866339616477906,0.4288208588999538,1
2203.199656,grid_1353_y480_z530,481.286,477.389,529.605,35.41188042168893,0.398,-0.18050777241742608,-0.060471012621418574,0.41951714361964626,1,-0.0955320056887743,-0.007924698172462134,0.42830997419634653,1,-0.015393470470321918,0.020079100919174236,0.4281239489151681,1,0.06532391242438074,0.01790541002993735,0.4286841088724949,1,0.1499393478265617,-0.012898932188529116,0.4305879095861041,1
2203.902973,grid_1354_y485_z530,481.342,482.486,529.536,32.996084934428204,0.512,-0.17491810831504392,-0.06071785499598822,0.42421501395760103,1,-0.09004656977314619,-0.00744460176597177,0.4295710807270206,1,-0.01062015031247234,0.02020508369185976,0.4199789003065211,1,0.06857578382211947,0.017978902954616904,0.4317391499470371,1,0.1501129248899347,-0.012897241018724871,0.4304650276526791,1
2205.956678,grid_1355_y490_z530,481.479,487.888,529.446,31.18363833807716,1.803,-0.168884696176662,-0.06080623767211121,0.42483365680292245,1,-0.08489268837266169,-0.007847167801870114,0.42643693773486513,1,-0.007961826662607412,0.019711218331358204,0.42529301885453746,1,0.06942449452505833,0.01743831197313716,0.4301648448413547,1,0.1513236018553807,-0.013071612314945824,0.43333834527370213,1
2207.592819,grid_1356_y495_z530,481.258,492.659,529.452,30.139581118522482,1.466,-0.16179757848126086,-0.05982257306746311,0.4207222722859057,1,-0.08021424947798812,-0.00813361282739913,0.42733664571273855,1,-0.004604863486923383,0.019338372388745723,0.4260871597112658,1,0.0711901531214025,0.017587839221970967,0.4307181208144745,1,0.15113338955755382,-0.01299014842201958,0.432236656826344,1
2209.646627,grid_1357_y500_z530,481.662,497.433,529.824,29.62631921113386,1.813,-0.1551559472960971,-0.059930073488827985,0.41675324022528076,1,-0.07556317577443605,-0.008435851776860839,0.42298656216245684,1,-0.0018292769176507413,0.019158271395035197,0.4291418963630529,1,0.07297686432227618,0.016928823420685874,0.43005759479023736,1,0.1511867969392295,-0.012904613870343628,0.4307531162762919,1
2210.219362,grid_1358_y505_z530,481.492,502.139,529.81,30.097427564494623,0.402,-0.15184781553223226,-0.05992568173367929,0.41764096107015103,1,-0.07288228782198235,-0.008239848186393827,0.4248476436265314,1,0.000673268396865424,0.01913682156597701,0.42279737972791276,1,0.0740858341322545,0.017090517408873764,0.4278507133829958,1,0.15264520728856695,-0.013098657497324981,0.4343508665035074,1
2212.736052,grid_1359_y510_z530,481.386,507.322,529.546,31.680416300926264,2.306,-0.14982052925942638,-0.061622191125385826,0.4332156565642212,1,-0.06718101922216341,-0.008590356459656343,0.42417323272607016,1,0.004239500685637747,0.018693724053826032,0.42630452322402546,1,0.07675665995840428,0.01668003349193031,0.4294226115720328,1,0.15550429173524002,-0.013445326807676112,0.44121678856531693,1
2213.396316,grid_1360_y515_z530,481.477,512.622,529.187,34.167582252772796,0.399,-0.1386835395183705,-0.05891821601629132,0.4152330767869019,1,-0.06400629496792024,-0.008829450139256562,0.42707819248905493,1,0.006693723502563565,0.01839025767894085,0.4259835206316178,1,0.07842164412278478,0.016668726741216555,0.43082473586925846,1,0.15761901056137295,-0.013772832533352724,0.4464186460387127,1
2215.356052,grid_1361_y520_z530,481.471,517.535,529.138,36.76418617350306,1.749,-0.13354627836361732,-0.058910435387946464,0.4179272628566646,1,-0.058303961777870734,-0.008496357326145553,0.4215791252520594,1,0.009541702015999349,0.018350920885574166,0.42457003907883206,1,0.08020540714652162,0.01616539983935757,0.4309774100706713,1,0.15835434224702483,-0.013873631542468937,0.44794622343714696,1
2216.639617,grid_1362_y525_z530,481.481,522.555,529.301,39.716627122654714,1.023,-0.12773445535643738,-0.05915010815487248,0.41988373244224997,1,-0.05341233442265366,-0.008860547388578947,0.420846104002734,1,0.012981329405736047,0.017858475282367822,0.4233587884770243,1,0.08233564547487332,0.01564899638698407,0.4314661621285782,1,0.15827660233994942,-0.013923162213600732,0.4475610371296017,1
2220.135705,grid_1363_y530_z530,481.207,527.474,529.847,42.67680701505211,3.265,-0.12534807681440127,-0.061463088520623814,0.43075519320792793,1,-0.04987376816252346,-0.00984730906634929,0.4271745957540223,1,0.015534693471991974,0.01699221383508672,0.42759961297394566,1,0.0839054843000006,0.015327761304679848,0.43156675896480184,1,0.15597992363661434,-0.013670681994450345,0.4387192254028542,1
2221.076138,grid_1364_y535_z530,481.415,532.593,529.572,46.71383372192861,0.678,-0.11689487507930303,-0.05914576188922687,0.42018463363954367,1,-0.04541312508555324,-0.009308381803290569,0.4275528295154831,1,0.018603640206475414,0.01689994216771025,0.4195972317367853,1,0.08537319141973186,0.015163270331194386,0.4288003308050219,1,0.16042386975063463,-0.014006359334877622,0.45045436478851525,1
2221.874495,grid_1365_y540_z530,481.28,537.622,529.309,50.820127370954076,0.568,-0.11165594459800521,-0.05914396565780744,0.42032519903527926,1,-0.04126016731426793,-0.009470642484877584,0.42708604893944613,1,0.021700693504881994,0.016591500201685032,0.4258796289308248,1,0.0873348003905266,0.01473113473191946,0.4311417153439832,1,0.16042386975063463,-0.014006359334877622,0.45045436478851525,1
2224.022551,grid_1366_y545_z530,481.525,542.635,529.256,55.00466635659194,1.857,-0.10605584608710132,-0.059142276947515914,0.4204716995339029,1,-0.036851816665264735,-0.00926535179239705,0.43081851181982134,1,0.024996672002728173,0.017164473342024412,0.42855581080060096,1,0.08935490738269193,0.01481509123834752,0.43133371087806327,1,0.16034601031540105,-0.013991898909163782,0.44991783766596166,1
2224.689894,grid_1367_y550_z530,481.668,547.508,529.083,59.245128660506786,0.396,-0.10107720247872554,-0.05890312162755746,0.4196602175744873,1,-0.03281760995052005,-0.009985759976339504,0.428234628235347,1,0.02721362477011552,0.01580591247587926,0.42747685132062124,1,0.0911646859580863,0.014243035719308232,0.4343006620934271,1,0.16063453315449475,-0.013988176712387676,0.4482937068644273,1
2225.379435,grid_1368_y555_z530,481.741,552.455,529.318,63.445073291785256,0.397,-0.09624228674298556,-0.0591509268614164,0.42275868416989665,1,-0.028324525310613274,-0.009535995451948233,0.424944899502069,1,0.03103551870417375,0.01640889617448061,0.4365943998696345,1,0.09243879975165441,0.014203099416448923,0.43128725907367,1,0.1608457574297442,-0.013989527139319334,0.44833746563803617,1
2230.481516,grid_1369_y560_z530,481.743,557.478,529.206,67.9560593324833,4.841,-0.08862692382496395,-0.058005848798720776,0.4164238544669468,1,-0.023512055933186688,-0.010027925277149937,0.4298182078062362,1,0.03335137280224562,0.015390226493048326,0.4230499094574089,1,0.09412210723968052,0.013572931950996877,0.43025527456964247,1,0.15771806544466183,-0.013587220587786364,0.43895444018705426,1
2232.391996,grid_1370_y565_z530,481.751,562.359,529.0,72.44444412789709,1.629,-0.08518310670364732,-0.058759643593488974,0.4250843859749231,1,-0.018898856454005755,-0.010005673655904603,0.4211895084988531,1,0.03601110107923155,0.014964090478237248,0.4237438603933215,1,0.09638309781480618,0.013447911979678519,0.43356367582154137,1,0.15732955838025273,-0.013664386754719052,0.43640822650334593,1
2236.103961,grid_1371_y570_z530,481.953,567.422,529.08,77.05759939162391,3.38,-0.0793153649591699,-0.058627958188516016,0.4230329928151515,1,-0.014801174954498507,-0.009999193854254186,0.42120355541011323,1,0.03860243659853536,0.015181144018467298,0.42146221026091935,1,0.09687369799379154,0.01328145404542825,0.42901924340853165,1,0.1586312179189574,-0.013893120314240547,0.4388878901765798,1
2238.063331,grid_1384_y570_z535,482.676,568.139,531.587,76.87857107803188,1.868,-0.07787831475376938,-0.06130954947931357,0.42111698421368077,1,-0.013734453229390785,-0.012422434476947417,0.42018186215459696,1,0.04019174130621601,0.013476329160909635,0.42721429882565776,1,0.09830900303863727,0.012267913579763819,0.4319287331230468,1,0.15776632834261958,-0.013867354084959769,0.4364721607495028,1
2241.620446,grid_1385_y565_z535,482.271,567.317,532.941,75.60233674960052,3.546,-0.07921030961553956,-0.0634018960776868,0.4224193779438434,1,-0.01481714193079612,-0.013972053304896497,0.43007931187274756,1,0.0398458317268608,0.012552598859565696,0.43059891542205825,1,0.09915632353160775,0.012089560806984402,0.43647335021755146,1,0.15776632834261958,-0.013867354084959769,0.4364721607495028,1
2244.242769,grid_1386_y560_z535,480.517,562.567,534.236,70.54871985372945,2.263,-0.08420468215012412,-0.06510461211094952,0.4246470290473238,1,-0.01832625275990725,-0.014482865342328372,0.41756791131771925,1,0.03746699458793294,0.012424088877975826,0.4357907213040113,1,0.09644137108834959,0.012161735038758876,0.433162711275808,1,0.15734488189789378,-0.013684563205504948,0.4365370527439671,1
2245.736482,grid_1387_y555_z535,480.63,557.77,534.058,66.16277745832619,1.242,-0.08847435598806691,-0.06357276044222275,0.4185582476256165,1,-0.02301138036227336,-0.014379872746804271,0.4264285103480745,1,0.03395025278430545,0.012907283158175851,0.4304949948567906,1,0.09535506853620553,0.012543036122099388,0.43522089409097936,1,0.15771806544466183,-0.013587220587786365,0.43895444018705426,1
2246.40978,grid_1388_y550_z535,480.697,552.871,533.885,61.73888704860168,0.401,-0.09348314252749423,-0.06368660811771193,0.42003577129269015,1,-0.02642970951707808,-0.014152573316386634,0.41996495230000325,1,0.03126737309345854,0.012766633684947744,0.42544891080142716,1,0.09315923649605233,0.012629079261048079,0.43284853920312183,1,0.1608457574297442,-0.013989527139319334,0.4483374656380363,1
2250.657572,grid_1389_y545_z535,480.751,547.746,533.742,57.1762221906974,3.965,-0.09898508436489732,-0.06294251763461721,0.4169185972781769,1,-0.0318085539639807,-0.013518805263910813,0.42284456792131636,1,0.0277175554719329,0.013660781048463966,0.42588919577764356,1,0.09180192221884464,0.013191351019257724,0.43405704338697265,1,0.1566184675678088,-0.01386485335357823,0.43644020667737404,1
2252.640164,grid_1390_y540_z535,480.536,542.582,533.758,52.57570786018953,1.691,-0.10720457323408827,-0.06472008188923423,0.42644891047785577,1,-0.03623245130300323,-0.013511626700813885,0.42341953829398066,1,0.024528695361632807,0.013767944325395182,0.4208452016644419,1,0.08877238036079264,0.013218097929299987,0.42921722367502474,1,0.15952871836703061,-0.013875778151128984,0.4472586058236072,1
2253.373869,grid_1391_y535_z535,480.377,537.717,534.325,48.072220314855386,0.511,-0.11007123881578325,-0.06429834201225203,0.4184895499951223,1,-0.03973580798859631,-0.013923752888922962,0.420878005911639,1,0.022019173378963117,0.013893682916600354,0.42330461054523266,1,0.08741416602237433,0.013596494460856241,0.4296878416060159,1,0.16042386975063463,-0.014006359334877622,0.45045436478851525,1
2254.0577,grid_1392_y530_z535,480.292,532.701,534.39,43.81351245905765,0.403,-0.11677804545967907,-0.06545042512695133,0.42341840281171766,1,-0.04418165935425197,-0.014087512191863716,0.4227273972538203,1,0.01910369693817097,0.01373522879102562,0.42281337464260815,1,0.08588271621029193,0.013529701514118317,0.43134007817534187,1,0.15959831007164516,-0.01398235351188403,0.44811313381551066,1
2256.679232,grid_1393_y525_z535,480.419,527.912,534.142,40.13130872523344,2.411,-0.12123527488546336,-0.0645748125343597,0.4199985519752964,1,-0.04845967667020106,-0.013190489695132456,0.41901684910461046,1,0.016198353989512835,0.014636764283689582,0.42379003089646083,1,0.08388545680489785,0.014415030519887859,0.43089885795239385,1,0.15953508052783058,-0.013939223866792166,0.448107336911383,1
2258.055728,grid_1394_y520_z535,480.454,522.792,533.744,36.55497680207167,1.137,-0.12893183585150822,-0.0646649573942295,0.4241762694753592,1,-0.053947086300894835,-0.013032961320800838,0.4272257251719919,1,0.013263475641696087,0.015008033937937334,0.4223698705513328,1,0.08207518501565572,0.014369770080074631,0.43009201714822715,1,0.15915576545294374,-0.013997869592312516,0.45018473785250196,1
2259.12169,grid_1395_y515_z535,480.351,517.954,533.576,33.369099058859746,0.794,-0.13309880519758902,-0.06390420014510079,0.42046396053056884,1,-0.058040154388455695,-0.01236139843109856,0.425056660894805,1,0.010254071661617023,0.015420958708647162,0.4232592957389936,1,0.08065257611616043,0.01454504775708961,0.43137970985280966,1,0.158376163631661,-0.01391193786529728,0.44783959917678823,1
2259.843723,grid_1396_y510_z535,480.47,512.721,534.336,29.693934835248722,0.511,-0.13854479528449168,-0.06529744993978605,0.42146997804364345,1,-0.06225535846749173,-0.012999789819358842,0.42722298151909194,1,0.0076201859202292095,0.015743724609549377,0.42718597108059325,1,0.07894580728891189,0.015013502830843338,0.4314753418541299,1,0.15915576545294374,-0.013997869592312516,0.45018473785250196,1
2261.350161,grid_1397_y505_z535,480.347,507.787,534.512,27.151140620607446,1.296,-0.14717584095808275,-0.06689480942931747,0.42885887348958945,1,-0.06688293401673125,-0.012683985623410469,0.4277680555675312,1,0.004722212007388928,0.01591741171588362,0.42233019038999414,1,0.0780148127217778,0.015487420841736176,0.43391329592430217,1,0.15693691623956568,-0.013708270482486592,0.44463967169486657,1
2262.492461,grid_1398_y500_z535,480.546,502.65,534.244,25.77229545461552,0.911,-0.15011000708760733,-0.06533413116109078,0.42022354936952117,1,-0.07138801367400284,-0.012735447635847996,0.4265788944324343,1,0.0016660621311851951,0.01595048582712659,0.4255003509634463,1,0.0756791938250201,0.01511979572340128,0.43149456896113686,1,0.15407385341844407,-0.013447794764424656,0.43869158904438127,1
2263.469208,grid_1399_y495_z535,480.52,497.733,533.986,25.324444357181815,0.735,-0.1550933306926352,-0.06472062877526738,0.4192188515202824,1,-0.07519821200342126,-0.012052875433314618,0.4238630581462029,1,-0.00134230082948871,0.016506910416512702,0.420577152116486,1,0.07396336983479414,0.01581511950752961,0.4320603844495261,1,0.1539996713130766,-0.013447046752825534,0.4386329402347495,1
2264.683887,grid_1400_y490_z535,480.704,492.696,533.946,25.68584647232783,1.014,-0.1618980382807475,-0.06527733247312399,0.42138651512221587,1,-0.08019672293131139,-0.012305215604426314,0.42693131168418375,1,-0.004058696322244399,0.016778474834835463,0.42350308596029834,1,0.07158093183170708,0.016390364051857335,0.42889114080647306,1,0.15475519101674662,-0.013518968780902264,0.44177627383258483,1
2265.478731,grid_1401_y485_z535,480.787,487.621,534.027,26.878055919280982,0.452,-0.1665302271866992,-0.06545962856681892,0.42109406438476976,1,-0.08303194933910346,-0.011662167386590134,0.4252453978105854,1,-0.006252969608671157,0.01706443744857262,0.4238795623277876,1,0.07087103721523601,0.01627530443427778,0.43117156616202856,1,0.15374757591902552,-0.013427871381889361,0.43925078911285514,1
2266.089465,grid_1402_y480_z535,480.649,482.412,534.242,28.82771097399167,0.4,-0.17377632034924373,-0.06631733784592521,0.4252068911511455,1,-0.08836577402126383,-0.012270995272665092,0.4273016249350534,1,-0.010550407189548435,0.016885019609379673,0.42929058624355165,1,0.06799284264520276,0.016050744246681778,0.42855486811008087,1,0.15209579464063985,-0.01320750348894528,0.4364888512402419,1
2266.994308,grid_1403_y475_z535,480.688,477.427,534.521,31.37771073548863,0.733,-0.1775569032354161,-0.06549140468315105,0.4186745724089798,1,-0.09313799494361331,-0.012024007638108854,0.42891295752600556,1,-0.012704161030445,0.017493882750706433,0.4249325011757858,1,0.06633341988823037,0.016511416833727793,0.42786415772903635,1,0.1515856571201993,-0.013173144828447093,0.4355678729780466,1
2267.974989,grid_1404_y470_z535,480.705,472.438,534.488,34.68055582022865,0.79,-0.18519023680913482,-0.06656758677468562,0.42459790638099865,1,-0.096219725264659,-0.011905658012759864,0.42445764367306776,1,-0.015571533019898632,0.017556562222422356,0.42589538439686,1,0.06593412454525337,0.016786519714812275,0.43175803946142177,1,0.15105853128153643,-0.013074624347761974,0.4337169712346393,1
2268.636015,grid_1405_y465_z535,480.742,467.672,534.284,38.29172601228621,0.459,-0.18790764761864806,-0.06575910514819962,0.41968991748194734,1,-0.10050573772868664,-0.011608828398201555,0.4256858222106214,1,-0.01791907115747603,0.017721202222997393,0.42775713527156434,1,0.06476252149123808,0.016802522549458614,0.42974970495359527,1,0.15186545987716382,-0.013373916631116959,0.4366669856874162,1
2269.407418,grid_1406_y460_z535,480.744,462.715,534.128,42.25405322569655,0.561,-0.19350073041459484,-0.06552903813150132,0.41866543340660395,1,-0.10497588353598186,-0.011096702744409105,0.4253497571534353,1,-0.021588011443383095,0.01847399247445354,0.4297732229075743,1,0.062117463683745565,0.01733857263026813,0.4302788662806802,1,0.15014653703704237,-0.013191167411217045,0.433190953835949,1
2270.506063,grid_1407_y455_z535,480.837,457.814,533.974,46.37332806689631,0.908,-0.19844296673561657,-0.06510485498225822,0.41683527707318424,1,-0.11145689350230202,-0.01087189792159241,0.4308606858624601,1,-0.025312798072183774,0.01911832582127543,0.4289263494290742,1,0.06047561773310753,0.017785863564133746,0.4326498787172743,1,0.14918902857101032,-0.012979110726821584,0.4319067446073915,1
2271.465906,grid_1408_y450_z535,480.712,452.927,534.151,50.4317475703549,0.789,-0.20633148413039848,-0.06605016288581496,0.42199341613768576,1,-0.11510470170156488,-0.011104564920805462,0.4296358313885132,1,-0.02724562851245388,0.018567779022570202,0.4256133248971768,1,0.05921644965022,0.017483300518698345,0.4269876804383417,1,0.1493706806487959,-0.012982049531181428,0.4321638301159106,1
2272.118755,grid_1409_y445_z535,480.823,447.668,534.778,54.78922686076155,0.451,-0.2073454860103433,-0.0654451493610574,0.4145628785888344,1,-0.11755915503328151,-0.010683517995625646,0.42792009373548173,1,-0.02941927344922145,0.018862213697975968,0.4247749838438509,1,0.05744552455367016,0.017596230461507243,0.42781612594159846,1,0.14746835282112122,-0.012716196052376845,0.42740246564151213,1
2273.270818,grid_1410_y440_z535,480.816,442.776,534.99,59.115244505964746,0.961,-0.21730608699367113,-0.06710503099379614,0.4213330219803669,1,-0.12424466408269604,-0.011769812920390928,0.4292643568061923,1,-0.034263407614660436,0.018727950188503564,0.42956372751037186,1,0.05557819827024718,0.017676907537942,0.42904328797441044,1,0.14902983966117578,-0.013061008196467862,0.4335236621873754,1
2273.909751,grid_1411_y435_z535,480.894,437.765,535.006,63.715004151298615,0.457,-0.22106773001923452,-0.06663501674229401,0.41754898070144125,1,-0.13023248981622748,-0.01133494817428391,0.4358284592182013,1,-0.036763366358198366,0.018993872582173815,0.42808517677729846,1,0.05420928001836763,0.01792334658094978,0.42851869663930353,1,0.14931188836125336,-0.013152467945158034,0.43510061422377627,1
2274.468828,grid_1412_y430_z535,480.879,432.646,534.734,68.5638408492406,0.398,-0.22457182180948562,-0.06610268976336793,0.41513718319388165,1,-0.13126816826047336,-0.011185373444954808,0.4264204885778915,1,-0.03966752542279245,0.01913545419671805,0.4264720262453315,1,0.051867617072943906,0.017949660472307453,0.42397690388317294,1,0.14897603746904597,-0.012913063770535882,0.4342486509196315,1
2275.868482,grid_1413_y425_z535,480.781,427.779,534.344,73.24477445524694,1.228,-0.2391356826304635,-0.06791247442355756,0.43023066343870947,1,-0.13843593700525372,-0.010218675279757767,0.43422744899370036,1,-0.04290041396521518,0.020093629877305338,0.42924575248988645,1,0.05069980371541489,0.0183889313429508,0.42682065071029407,1,0.14769963500729674,-0.012880938636474139,0.43130817758733375,1
2276.888469,grid_1414_y420_z535,481.001,422.583,534.354,78.16393048587047,0.841,-0.23635246928890052,-0.06587155644887291,0.41459830537708703,1,-0.1392489458013975,-0.010180880713624989,0.42221972063996877,1,-0.04634582987846709,0.020002334596461096,0.42916781779883834,1,0.04857303062901049,0.018460680422877084,0.4241690345647089,1,0.14867995245054663,-0.012994021199746525,0.4350871518000639,1
2278.934319,grid_1415_y415_z535,481.164,417.562,534.189,82.99690689417285,1.855,-0.2456432334455577,-0.0667839774203271,0.42141281932072844,1,-0.14664529596112655,-0.010072921262199353,0.43269106094710524,1,-0.04861792870956821,0.02048703140559265,0.42947294712538103,1,0.04782991491992386,0.018892255389879226,0.42714219144029575,1,0.1461690506625789,-0.012798010742636074,0.42867224574540314,1
2279.594653,grid_1416_y410_z535,481.198,412.516,534.52,87.72836517911406,0.459,-0.24611678852252647,-0.06570815041280743,0.41316359955875503,1,-0.15115819587807608,-0.010244788946727895,0.43372904382422034,1,-0.051035249352433816,0.02046395635772168,0.4283431957519464,1,0.04697338485852762,0.01916038939503848,0.4297762806974852,1,0.14652566027795857,-0.012720378742650409,0.43029696320881783,1
2282.554206,grid_1417_y405_z535,481.121,407.583,534.796,92.3911692804025,2.769,-0.25062195887445776,-0.06558589844610649,0.4110633152346089,1,-0.15576022166381723,-0.010367639347804493,0.43327252620032675,1,-0.054913303759710506,0.020522182724853396,0.4302845714563967,1,0.04428069710205571,0.018964562106535344,0.4247391773908656,1,0.1477140756176605,-0.012748832734608258,0.4345530832294154,1
2283.193878,grid_1418_y400_z535,481.173,402.528,534.88,97.25515198692558,0.458,-0.26618428055293064,-0.06882740471410907,0.4283477455582207,1,-0.1594442781617326,-0.010038852062607326,0.4328932430267903,1,-0.05698516642941948,0.020744698184834154,0.42934040314559013,1,0.043394200306456715,0.019108213792572454,0.4290497161966665,1,0.1484582968955004,-0.01272480573685906,0.4371399433964407,1
2284.865398,grid_1419_y395_z535,481.052,397.629,534.85,102.00108423933537,1.488,-0.27161557651707596,-0.06868087706031441,0.4272296627197807,1,-0.16040370126918038,-0.010070314340400144,0.4236231232216596,1,-0.06030431915764556,0.020613259918893807,0.4290884002535913,1,0.04202223854421757,0.019421141636356127,0.4309058359419767,1,0.14809702995532567,-0.012724957887451623,0.437264895520776,1
2287.209771,grid_1420_y390_z535,481.114,392.642,534.952,106.82901162605594,2.133,-0.27695109059044803,-0.06874342689867292,0.4269432716183042,1,-0.16542298813329456,-0.010188604559911984,0.4250874733320311,1,-0.06291818023665607,0.02042700812538618,0.4273744958136619,1,0.04021555476500296,0.01903621807541147,0.4281546960307823,1,0.14614724847531188,-0.012716899786520406,0.4324804288678162,1
2288.092917,grid_1421_y385_z535,481.101,387.666,535.015,111.66389914829232,0.681,-0.2806662622440177,-0.06837655882773643,0.4239866948696558,1,-0.1733190306477184,-0.009965664686757305,0.43431069053450116,1,-0.06611135330639577,0.020897386253591176,0.4285776608006034,1,0.038362744862578756,0.019218504813228485,0.42683603429781863,1,0.14657119305935107,-0.012725337593131247,0.43414087627520104,1
2294.343915,grid_1422_y380_z535,481.143,382.715,534.971,116.51105421375262,6.069,-0.28115552103423896,-0.06734353050658522,0.4163722704138643,1,-0.17545408951726404,-0.009921944789816258,0.42785196801914677,1,-0.06886127653779944,0.020974131224198084,0.4255827008202748,1,0.03721786665761658,0.019980968696749406,0.432937633200013,1,0.1470314825789432,-0.012581183237079773,0.4369468911539454,1
2295.777354,grid_1423_y375_z535,481.289,377.591,534.89,121.54919003020956,1.242,-0.28810952033309684,-0.06761947201244668,0.4184925924567701,1,-0.17619016698876697,-0.009838327948362105,0.42236464791154193,1,-0.07127813166057957,0.02080713788359834,0.42925744225865836,1,0.03633698113960688,0.01944738698881639,0.43077851028802155,1,0.14648746366779108,-0.012436543063917291,0.43564458615018137,1
2297.282817,grid_1424_y370_z535,481.244,372.816,534.671,126.26747203456638,1.293,-0.29562713206732777,-0.06808905419373638,0.42156886704599944,1,-0.1813477628465685,-0.009642405280654633,0.42179176043799593,1,-0.07523063772152265,0.021162519428906096,0.42913478729233673,1,0.03410924446204191,0.019943047837178037,0.4323331595647952,1,0.14686183584537077,-0.012586581331986061,0.43760015202801467,1
2298.11991,grid_1425_y365_z535,481.312,367.593,534.562,131.41594235860424,0.625,-0.305631700689342,-0.06886194156519145,0.42747428537853005,1,-0.1847152165296296,-0.00923157330649751,0.42115997014718265,1,-0.07759962383635942,0.021586837551243233,0.42967132283392173,1,0.03299947702710137,0.020261490776764816,0.43160895793326093,1,0.1464366075545244,-0.012699318311581517,0.4365985564067971,1
2305.619901,grid_1426_y360_z535,481.283,362.586,534.259,136.38719960832097,7.298,-0.30391777061753766,-0.06691745226490685,0.41723782304215096,1,-0.1900651669450197,-0.008814236745230913,0.4226638886334584,1,-0.08056075674131306,0.021913400123530307,0.42559854856268026,1,0.030235166227270016,0.02022652103550018,0.42459493329087156,1,0.14640871268465047,-0.012722389875565414,0.43788408076207624,1
2307.107642,grid_1427_y355_z535,481.326,357.567,534.314,141.31529630581394,1.297,-0.3118034345946818,-0.06755600615051614,0.42051471739845286,1,-0.1967018790623579,-0.009271804615326762,0.42901902590724217,1,-0.08309957692287656,0.02155527650716876,0.4288657932901368,1,0.02994849137439275,0.020141488687726666,0.4322440605520305,1,0.14706205840939277,-0.012736452939251944,0.4404728564281846,1
2307.853074,grid_1428_y350_z535,481.302,352.562,534.543,146.2039663552258,0.513,-0.3168123438449195,-0.06791547073131506,0.42002797320203916,1,-0.2001441404841661,-0.009226750948292605,0.42653941000735013,1,-0.08695429257126912,0.021969632312742928,0.4312150693749956,1,0.02825491219541126,0.020373157073248705,0.4293286710592232,1,0.14753722893286136,-0.012745831506332642,0.44277642227180053,1
2308.546005,grid_1429_y350_z540,480.285,351.855,537.77,146.3636231752958,0.4,-0.3174792443916597,-0.07110057768378318,0.4209128973164762,1,-0.20376983370376375,-0.012053228121869326,0.43334178486573444,1,-0.08696893717807885,0.019861954652586555,0.4288528463970496,1,0.027174838582816895,0.019087516677973728,0.4222802647428931,1,0.14548980561902033,-0.012715697533759967,0.4367106911491723,1
2309.030931,grid_1430_y355_z540,480.923,353.037,538.981,145.05454872564323,0.473,-0.31167750955695206,-0.07122140979819142,0.4138323085441815,1,-0.20171856775622424,-0.013021721776902112,0.43159315026429873,1,-0.08577776597540289,0.019263685812031726,0.4300074105889437,1,0.028454835626918338,0.01928190178097367,0.4297282051169968,1,0.14578154650606442,-0.012718960200675061,0.4368560799728667,1
2309.956328,grid_1431_y360_z540,480.686,357.765,540.38,140.17744011787346,0.734,-0.314221492627393,-0.07508076833524624,0.4247440924918609,1,-0.19808920912370545,-0.014561391742211216,0.4321344407256044,1,-0.08392816225279419,0.018364870384247244,0.43077206935013307,1,0.029117853554299758,0.018804225747032072,0.42867867400734494,1,0.14578154650606442,-0.01271896020067506,0.43685607997286663,1
2311.868672,grid_1432_y365_z540,480.713,363.003,540.052,135.03655093714443,1.692,-0.30052533168228585,-0.07270267502166132,0.41396786376360195,1,-0.18856708513402287,-0.013859320471654286,0.4221245738453467,1,-0.08038356780832029,0.018805257741411365,0.4307560563395659,1,0.031131931683581582,0.018898790232347595,0.4283281018672153,1,0.14686265467132287,-0.012718812322449598,0.43887460879149787,1
2313.174731,grid_1433_y370_z540,480.581,368.003,540.048,130.08529679022146,1.085,-0.29290938713760495,-0.07201789560757657,0.4106930777358344,1,-0.18537359081528917,-0.014503328504419127,0.4227479251189647,1,-0.07752405028754379,0.01799980569802942,0.4291447566009479,1,0.03245965765735512,0.017984818492502583,0.42294353905108234,1,0.14636989616198767,-0.012708723586266617,0.43623590512960453,1
2313.945248,grid_1434_y375_z540,480.768,372.652,540.008,125.50620781857762,0.619,-0.2942356901056233,-0.07332513721700175,0.4199272078565952,1,-0.1825177618866445,-0.013962361876163442,0.4258635393976788,1,-0.07474777668550713,0.018586723920654063,0.4297520145782083,1,0.0341609272622431,0.0184981157702649,0.4283448650395476,1,0.14646667098976351,-0.012626626216116814,0.4358813197659503,1
2315.12875,grid_1435_y380_z540,480.852,377.691,540.08,120.52514664583488,1.033,-0.28457202785781016,-0.07239613713551524,0.4137185671438643,1,-0.181334753923141,-0.014313968171126677,0.43269816117710364,1,-0.07245994044090567,0.018168864805724386,0.4304957369752011,1,0.035240172754741866,0.018117391257385956,0.4263806433530104,1,0.14661290444578004,-0.01255663425626499,0.4359104354264083,1
2315.89565,grid_1436_y385_z540,480.857,382.5,540.259,115.75448314860205,0.567,-0.2793654534611019,-0.07257670207783008,0.41374885425864694,1,-0.17279790546696483,-0.014484686765450255,0.4233427783013615,1,-0.06915693927892089,0.018011078322480178,0.4299434326198944,1,0.037759293813617895,0.018115805870420693,0.4321338707536062,1,0.14692489051243426,-0.012719311745476691,0.43604433277275073,1
2316.65169,grid_1437_y390_z540,480.803,387.522,540.196,110.81387041340989,0.615,-0.27700760474952474,-0.07306373519499089,0.41875524894337984,1,-0.1726678005871495,-0.014403920888381728,0.4327871314525858,1,-0.06633011597771338,0.018057037460752223,0.43094434701648776,1,0.03891617162547208,0.018277428918167752,0.4323216269978918,1,0.14600578201374936,-0.012724576314676791,0.4323411851378989,1
2319.968159,grid_1438_y395_z540,480.83,392.714,540.437,105.66648438364928,3.157,-0.26619487155948335,-0.07186761139238308,0.41019302319811163,1,-0.16430311528629715,-0.014765623464448553,0.42168918055701266,1,-0.06297666568069828,0.01722665438922602,0.42448151420273783,1,0.039566437207066034,0.01789713637880164,0.42486293678533954,1,0.1457857332022573,-0.01274114273544688,0.4313733725102924,1
2324.816877,grid_1439_y400_z540,480.748,397.728,540.134,100.78971700029719,4.658,-0.26519640058291455,-0.0728548413782077,0.4178819247450057,1,-0.16209867087596427,-0.014581764813198431,0.4273483921857251,1,-0.06014388883227911,0.017640657980652136,0.42755817803787616,1,0.04163710335230938,0.017976909463178262,0.42942665025929977,1,0.14773924093146865,-0.012713661013060922,0.43665060026181884,1
2328.872427,grid_1440_y405_z540,480.9,402.599,540.165,96.01958951693138,3.876,-0.2631414153113619,-0.07368318414795938,0.4229667355742109,1,-0.15684539815438664,-0.014384067209901152,0.4244696770366483,1,-0.0576679856135405,0.017618673973266354,0.42857261019580856,1,0.043205416369746806,0.017852442874770096,0.42971865950717203,1,0.1483657289191648,-0.012820807658196017,0.4372729955999901,1
2330.091778,grid_1441_y410_z540,480.895,407.554,540.241,91.15776211053013,1.077,-0.2582677536114732,-0.07380335437590384,0.4240232085498945,1,-0.15148780339481013,-0.014514940564410168,0.42329327207022244,1,-0.05436768974736823,0.01775680076287515,0.4324437576032773,1,0.04547649274601099,0.017872393172369216,0.4317929088147919,1,0.14760055485421744,-0.012917502013016528,0.433909477321296,1
2330.963027,grid_1442_y415_z540,481.104,412.656,539.865,86.2765617186962,0.731,-0.24711752182950855,-0.07154201044263375,0.4143598289238601,1,-0.1484285087959464,-0.014394574153512453,0.4252146264575485,1,-0.051533477962501524,0.01747186258524969,0.42851075143905887,1,0.04670371919030828,0.01773914916386248,0.4311255138190178,1,0.14804100474093115,-0.012991467032790601,0.4353018812971759,1
2332.681932,grid_1443_y420_z540,481.216,417.716,539.757,81.39492400635311,1.569,-0.23968442092909106,-0.07079227385848506,0.4112923401985757,1,-0.14181171461956968,-0.013596301057340337,0.4222347158322495,1,-0.047335926796662514,0.018395777461005115,0.4306410966006939,1,0.04901603167058748,0.0182663871647256,0.4325297719340804,1,0.14760895686212655,-0.012824703493880747,0.43220601297714784,1
2333.586345,grid_1444_y425_z540,481.079,422.807,539.561,76.50603940866364,0.733,-0.23395784442127143,-0.07071551265258748,0.41101137749479827,1,-0.13957636273479299,-0.014478409507405284,0.4255054465066517,1,-0.04502075276132502,0.01712109975144678,0.42784939225691293,1,0.05006101656252095,0.017198921249100833,0.42980965884000805,1,0.14898533908584866,-0.013112889115718193,0.4362256250811562,1
2337.809831,grid_1445_y430_z540,480.857,427.828,540.101,71.51249049641609,4.092,-0.23613965742835566,-0.0737140407655853,0.4255197861623115,1,-0.1355496021783877,-0.015413298093491614,0.42773704518952055,1,-0.04181553027971124,0.016541671610903256,0.4252539952158631,1,0.05139586079768758,0.016955863106938623,0.42808703925722513,1,0.14889462917765897,-0.013154139405057733,0.4351321863128408,1
2339.051416,grid_1446_y435_z540,481.005,432.863,540.085,66.70256869116808,1.079,-0.22697265209511688,-0.07208295295568873,0.41820592832763737,1,-0.13286532654386787,-0.015196051974275733,0.4282733881690708,1,-0.04012182170474245,0.01660909677085087,0.4240600912997428,1,0.052073626679703895,0.01720102611741094,0.42915335425215106,1,0.14858719145100924,-0.01298931568291027,0.4339561105595892,1
2340.115858,grid_1447_y440_z540,481.138,437.595,540.108,62.20296981656097,0.902,-0.2236883927632206,-0.0730449625418673,0.42234991749553635,1,-0.12696761557498873,-0.01570165888575918,0.42555180574346546,1,-0.03660594217812136,0.01642897833248436,0.4313216326169082,1,0.05481493438146198,0.01675023340752087,0.4285952691799924,1,0.14802941239886308,-0.012893482875317658,0.4306486733990162,1
2340.674086,grid_1448_y445_z540,481.152,442.68,539.956,57.45093664162487,0.398,-0.21378343551910609,-0.07107382382075512,0.4122264731469086,1,-0.12425985580317851,-0.01537094985114359,0.43184072807759355,1,-0.032537520025988975,0.01642544024558989,0.42413332063588766,1,0.056755216712122664,0.016928799498091705,0.43170976512815096,1,0.14926359784701346,-0.012973360305342655,0.4334592548369251,1
2341.615557,grid_1449_y450_z540,481.48,447.525,539.787,53.03153359087401,0.79,-0.20773728136952938,-0.07076130250985255,0.41187124638996847,1,-0.11994090221211438,-0.015396229590032359,0.42749181444541473,1,-0.031571826773636576,0.016286113704888482,0.4241900305227724,1,0.05610852538031209,0.016385928863933436,0.42494684638093205,1,0.14884041303931209,-0.012978411253491801,0.4321033716314413,1
2343.528424,grid_1450_y455_z540,481.35,452.675,539.434,48.4219796580024,1.753,-0.21021188637919833,-0.07319144134809759,0.4289224878739781,1,-0.1151193173957435,-0.015354760878413629,0.4297143539080817,1,-0.027430323037747995,0.01621022834910899,0.42761201212722916,1,0.05889816954945128,0.016468994822806424,0.4266323941548402,1,0.14962709104851427,-0.01301121705791776,0.43292366156424333,1
2349.268139,grid_1451_y460_z540,481.324,457.43,539.832,43.97741526056298,5.589,-0.1961684787826833,-0.0705554801663334,0.41105290386819454,1,-0.10991224944301718,-0.015770552701368637,0.4269870409818928,1,-0.024179741674887626,0.01533600486686771,0.42355363839996824,1,0.060789998217971854,0.016124781755008085,0.4298078418491545,1,0.15089889759172873,-0.013242962602757475,0.43663247368185926,1
2351.486683,grid_1452_y465_z540,481.159,462.527,539.867,39.457623471263446,2.047,-0.19173223231201666,-0.07089625691165517,0.4132610873145386,1,-0.10600082571234208,-0.01598872534925538,0.42634034777220187,1,-0.021917442619304815,0.015478605603309359,0.42870798431894674,1,0.062069271074964606,0.015943510778345858,0.42867985299625605,1,0.15107553592729087,-0.013354306434841465,0.43629869311150277,1
2352.137893,grid_1453_y470_z540,481.17,467.36,540.248,35.16866902514219,0.46,-0.1899688203634365,-0.07234100976760201,0.42129041766911707,1,-0.10186393349228133,-0.01640471593889439,0.42969835268481194,1,-0.017980319224363297,0.01505437398953536,0.4235378730260611,1,0.06488475802606031,0.015585944304290939,0.4317057592142035,1,0.15232417607229612,-0.013422581339559711,0.438646838758683,1
2352.750898,grid_1454_y475_z540,481.124,472.474,539.772,31.316277636398564,0.451,-0.18471730795381677,-0.07193095952631916,0.4197449102522816,1,-0.09741648044276961,-0.016364858407424413,0.4248288397786539,1,-0.01617376593118557,0.014812860467618654,0.4237456826389745,1,0.0654297594131466,0.01557783797629272,0.4304522326768083,1,0.15196873025467872,-0.013318777495020579,0.43684084498175374,1
2353.42033,grid_1455_y480_z540,481.514,477.601,539.65,27.73995749816497,0.448,-0.18019341896654487,-0.07221209745740129,0.42424402628668806,1,-0.09303518549018092,-0.015927724409425578,0.42941373730526,1,-0.012262992494456226,0.014780055545221181,0.4213132788731548,1,0.06792850422175623,0.015535622052013637,0.43014504129937814,1,0.15226827291989567,-0.013272057892660059,0.43715860794342065,1
2354.207987,grid_1456_y485_z540,481.558,482.53,539.324,24.887101016389998,0.617,-0.1736791624555489,-0.07150147133281286,0.4221884846169484,1,-0.08911272894642057,-0.016176847581455395,0.42772966992783684,1,-0.00984240712007449,0.014836775481087106,0.42741246639084446,1,0.0689987125682873,0.015255464065830462,0.4297277282555638,1,0.15319156175761175,-0.013330654135149334,0.43902287224009395,1
2354.942449,grid_1457_y490_z540,481.365,487.436,539.316,22.421787529097614,0.563,-0.1700145698581669,-0.0721417505104534,0.4263047672927873,1,-0.08486166069050237,-0.016236749539890048,0.42851316217591107,1,-0.0069443356497219146,0.0142397493233453,0.42128043773582785,1,0.06991356558575866,0.015043036126956741,0.42969756913447976,1,0.15450258657470356,-0.013542464667544158,0.44244585858126767,1
2356.105351,grid_1458_y495_z540,481.487,492.593,539.745,20.49625160852584,0.902,-0.16285579239825163,-0.07213265448853624,0.4234730661500923,1,-0.07910823433564176,-0.01671584220413685,0.4246569562510236,1,-0.003894844724525372,0.013657019030019707,0.41861013360916455,1,0.07190063988471827,0.014687115989658451,0.43105106589829667,1,0.1545636168709232,-0.013518442205126359,0.4417695425380557,1
2356.898257,grid_1459_y500_z540,481.265,497.354,539.735,20.04140766014197,0.623,-0.15818078467408256,-0.07239620057576164,0.4251276176958824,1,-0.075913788533061,-0.01707494627062417,0.4286972483561304,1,-0.0011299184206401195,0.013412303259593398,0.42073606456857987,1,0.07362582598783823,0.014406505442926926,0.42974360429490743,1,0.1578881032492515,-0.013989136166469034,0.4499114075150948,1
2357.763373,grid_1460_y505_z540,481.47,502.549,539.929,20.78361592697477,0.625,-0.15152080787124708,-0.07203709593344837,0.4226972962687922,1,-0.07192507981989739,-0.017346885961350617,0.4277470596597652,1,0.0013691907926322248,0.013167369476058824,0.42117122286875835,1,0.07553876191847018,0.01438494196178425,0.4315079366617205,1,0.157960668027775,-0.013868234916300631,0.4484213027427441,1
2359.734121,grid_1461_y510_z540,481.215,507.48,539.409,23.037899839178014,1.799,-0.14400472113600082,-0.0703890427786832,0.418059258132824,1,-0.06767702401676498,-0.01742968673239888,0.42848125002620874,1,0.003823676164160154,0.012925741154571681,0.4233725133985258,1,0.07656561112629219,0.014051392174852143,0.4310356783217677,1,0.157698745156462,-0.01389884688345592,0.4476771571246399,1
2361.723431,grid_1462_y515_z540,481.209,512.796,539.144,26.164779609238057,1.748,-0.14223196488439294,-0.07212565855390453,0.4305429841839868,1,-0.06300072425474627,-0.01737593179981272,0.4276340475243216,1,0.007152506997344762,0.012584430088140393,0.42195296026202994,1,0.07837949410341545,0.013430122668249056,0.4270809130973747,1,0.15915576545294374,-0.013997869592312516,0.45018473785250196,1
2364.656054,grid_1463_y520_z540,481.351,517.604,539.237,29.354366302136402,2.693,-0.13664809540324263,-0.0721131632068892,0.4306432957757713,1,-0.05838778887288285,-0.01749361694523938,0.42778154082579906,1,0.010399483024348673,0.012620417062697351,0.423138069102117,1,0.08046936630213662,0.013551813157165084,0.4294087193142264,1,0.15915576545294374,-0.013997869592312516,0.45018473785250196,1
2365.284129,grid_1464_y525_z540,481.528,522.213,539.636,32.61432246728419,0.398,-0.13216672148583206,-0.07230226679801262,0.4288042312081723,1,-0.055452109126731486,-0.017711236819504508,0.42711975250546486,1,0.012398198172762998,0.012205154947920753,0.4241653369055451,1,0.08155700139139528,0.013189203516288722,0.4286712202778395,1,0.15795475379997978,-0.013926301868833086,0.4462350441796526,1
2367.761609,grid_1465_y530_z540,481.585,527.13,539.375,36.74668514301661,2.237,-0.12519577725817413,-0.07192514229085913,0.4291460250636576,1,-0.04990980559225966,-0.017706155227182992,0.42674329512307,1,0.015907528788459812,0.011778157400109271,0.42379231375125886,1,0.08413047117714549,0.013202272707188939,0.43036063581300615,1,0.15610638272424346,-0.01375694128463407,0.4387308192111095,1
2369.029352,grid_1466_y535_z540,481.671,532.187,539.14,41.1679584750082,1.016,-0.11690432166855548,-0.07000130820971219,0.4200439234540245,1,-0.045174269723279224,-0.017708116498049264,0.42433733869314355,1,0.01905962589225634,0.011704059259318564,0.42265424382156525,1,0.08538086899944182,0.012419152061592787,0.4284314939606779,1,0.15959831007164516,-0.01398235351188403,0.44811313381551066,1
2370.113227,grid_1467_y540_z540,481.711,537.607,538.996,45.99930170122147,0.793,-0.11014076901805185,-0.06910355956289861,0.41698155044965785,1,-0.03959971358179847,-0.017442460790396037,0.4180292699055044,1,0.022423342464781473,0.011339917968575855,0.4241604984059096,1,0.08864203894827012,0.012396965453236231,0.43307102156188665,1,0.16042386975063463,-0.014006359334877622,0.45045436478851525,1
2372.99456,grid_1468_y545_z540,481.666,542.393,539.262,50.20173552776839,2.64,-0.10808684231470984,-0.07157939151738267,0.4284558097798989,1,-0.03657393327645669,-0.01821787494403262,0.4282203864956111,1,0.02502915762764761,0.01121097277321073,0.4265300968644256,1,0.0891816268220022,0.0120895375634793,0.42984082902869064,1,0.15694471132665166,-0.013697364078359614,0.4392731206677085,1
2373.676195,grid_1469_y550_z540,481.51,547.52,539.651,54.761089525318965,0.4,-0.10206677834396795,-0.07105406309438407,0.4238489106746404,1,-0.03259564532337092,-0.01865977755991197,0.42326497058808626,1,0.027544061011499896,0.010413974201958278,0.4278582919462923,1,0.09105582054603657,0.01165975396280298,0.43247412409349395,1,0.15618275525219194,-0.013834042364081775,0.4354839465194758,1
2376.148084,grid_1470_y555_z540,481.681,552.361,539.217,59.44830842000467,2.201,-0.09464055564509484,-0.06995705183211672,0.42079277235354057,1,-0.0266176107391084,-0.017879526804595605,0.4140783626909308,1,0.031028975232961137,0.010612628018656265,0.4236142758753907,1,0.09333210177956508,0.011652638227111442,0.4339320483530423,1,0.16169121540213127,-0.014014461896467554,0.4507169174301687,1
2377.405975,grid_1471_y560_z540,481.763,557.573,539.047,64.42157335861951,0.955,-0.08896330346510743,-0.07013339431417724,0.42192524157139677,1,-0.022508098075437202,-0.018172999626371755,0.4188134758099216,1,0.03444802953936479,0.01036096837304317,0.43042092984561514,1,0.09463143856659466,0.01107833813100654,0.43057456568273006,1,0.15692343545316792,-0.013501772326050127,0.43660194473843134,1
2378.286333,grid_1472_y565_z540,481.627,562.534,539.035,69.12303437349954,0.619,-0.08320836674995458,-0.06981960465727727,0.42012367347985213,1,-0.018300876135431406,-0.01825596051981305,0.4196532485648461,1,0.036829174167661786,0.009808789348404063,0.4279716459440224,1,0.09644913578140533,0.011033469939723928,0.432645308801769,1,0.15751624278187762,-0.013748363421473203,0.4368639831425966,1
2379.563629,grid_1473_y570_z540,481.507,567.654,539.324,73.93421857299906,0.965,-0.07713199937070975,-0.06958533334280702,0.41847404265683963,1,-0.01377679092191495,-0.018394924469499127,0.41780410985580246,1,0.039975688493463536,0.009454685167656606,0.42707452454050276,1,0.09735528232987194,0.010864790801378123,0.43025653797304014,1,0.15776632834261958,-0.013867354084959769,0.4364721607495028,1
2380.031797,grid_1487_y565_z545,481.492,566.907,540.621,72.88632603582104,0.456,-0.07800009647372823,-0.07100133030318499,0.422385952255965,1,-0.014066118797646797,-0.01965801856042933,0.4228160517958847,1,0.03965444060857894,0.008661654804187013,0.4281003227862299,1,0.09721894036412755,0.010301891558312685,0.4296506964017495,1,0.15776632834261958,-0.013867354084959769,0.4364721607495028,1
2381.083488,grid_1488_y560_z545,480.924,563.771,542.934,69.2542449384873,0.8,-0.0809129528805639,-0.07327888247659559,0.416577280110269,1,-0.017243046972919188,-0.021315706441493942,0.4245647078279204,1,0.03740930594054507,0.008364538657407031,0.41991508515176074,1,0.09686457759617982,0.010648649238671717,0.43141891017676287,1,0.15776632834261958,-0.013867354084959769,0.4364721607495028,1
2382.340916,grid_1489_y555_z545,480.549,557.681,544.464,62.96958549172769,0.907,-0.08783837391584409,-0.07530441092191388,0.41743466074136726,1,-0.022290277869204015,-0.022784781334051495,0.41799735798260057,1,0.0339819694148158,0.007144326241676467,0.4273982299658919,1,0.09462756148798292,0.010117643391585255,0.4328209425441354,1,0.15744751719871863,-0.013773958212559648,0.43770666944865105,1
2383.986576,grid_1490_y550_z545,480.47,552.782,544.071,58.318747054442134,1.355,-0.09556926340713708,-0.07682509703955032,0.4270400406523709,1,-0.026777554445192125,-0.022727139811674128,0.4180522819420231,1,0.030793987414047968,0.007092411532537199,0.42406612332819305,1,0.0923248124014834,0.00971412774526052,0.4299362254199031,1,0.15746392554019586,-0.01388978811072645,0.4388196584695065,1
2384.670532,grid_1491_y545_z545,480.709,547.767,543.787,53.6115591080879,0.452,-0.09914141892807575,-0.07525970994580757,0.4198272722184773,1,-0.03121077420949608,-0.022226664352859665,0.42271593163973714,1,0.028226207901745248,0.008307676477737294,0.42616179369777357,1,0.09120585155920169,0.01067900057496893,0.43110468678559616,1,0.15557275725702657,-0.013788323744900908,0.4339171180452294,1
2385.348921,grid_1492_y540_z545,480.621,542.681,543.665,48.808391061373904,0.396,-0.10541628618479103,-0.07608429164392405,0.4249155806341936,1,-0.03493032963421787,-0.021970828460424918,0.42090201324857585,1,0.025785722988855227,0.008531958805015904,0.42771241257196535,1,0.08976824766481116,0.01067644318019209,0.4316440963107098,1,0.15701914365453387,-0.013850305272211476,0.4386092636409155,1
2386.97728,grid_1493_y535_z545,480.389,537.721,544.038,44.00106622571775,1.358,-0.1104057322426683,-0.07542821981458205,0.4201375900205017,1,-0.03959445647735796,-0.021880222357326357,0.42127467460489926,1,0.022605569771603638,0.008798865854230278,0.42908763737503786,1,0.08850427371858234,0.011223323795764491,0.43353375961132773,1,0.16042386975063463,-0.014006359334877622,0.45045436478851525,1
2389.211366,grid_1494_y530_z545,480.438,532.779,544.654,39.20990836510586,1.92,-0.11582627798787147,-0.07651520699916693,0.4199781507975539,1,-0.0441259002176514,-0.022709086907326523,0.42228815821069166,1,0.019755160869841887,0.008201092572194693,0.42995319067469784,1,0.08577864453537261,0.010723616338565124,0.43008872137058746,1,0.15629607135568713,-0.013886330219909662,0.43874820992349267,1
2390.20388,grid_1495_y525_z545,480.526,527.645,544.301,34.69103854023394,0.74,-0.12451356131876967,-0.07822172517609674,0.43139285029653524,1,-0.04807706219998976,-0.02186169135302821,0.42135183587759917,1,0.016784358818412646,0.009128403490524831,0.42594668204621894,1,0.084398709065008,0.01158535250369102,0.4310861137884447,1,0.15546030997281357,-0.013866535583216143,0.43653041339700654,1
2391.987401,grid_1496_y520_z545,480.519,522.752,544.026,30.521763317344522,1.532,-0.1268250297964372,-0.07575227083954122,0.4189916345140208,1,-0.052635413162270106,-0.021612719756097132,0.4206472112502615,1,0.013773208334391178,0.0094544475206807,0.42484858205706383,1,0.08205679824948346,0.011702070035033428,0.42711457565917826,1,0.15482739534337775,-0.013819161166495376,0.43621182836823574,1
2392.841947,grid_1497_y515_z545,480.497,517.927,544.107,26.45850679838151,0.623,-0.13247248823877839,-0.07605591737575472,0.41964358251809547,1,-0.05668535915159633,-0.02145173424610024,0.4202796362245453,1,0.010914577371376693,0.009881984660818645,0.423271205400634,1,0.08132190481457074,0.01205913768865671,0.43135032533438106,1,0.15835021531591217,-0.013974852452193773,0.44788269152351945,1
2395.019514,grid_1498_y510_z545,480.583,512.774,543.957,22.636578915551688,1.918,-0.13820870082845,-0.0757320356307893,0.4193848907336157,1,-0.06162554305447329,-0.02133399116817607,0.4238178341643073,1,0.007496388976109273,0.009963873433788356,0.42120485821878423,1,0.07872078657484805,0.012398770784702267,0.42964516564761457,1,0.15533707593852744,-0.013901091132123414,0.43966113094401676,1
2396.218278,grid_1499_y505_z545,480.522,507.744,544.312,19.08452192222794,1.017,-0.14617785493701244,-0.07759466663169495,0.4266061682121325,1,-0.06634170647738072,-0.021531255640626076,0.42845157119378086,1,0.005442710649576086,0.01036219569760292,0.43127201443468954,1,0.07757646780357384,0.012529768099822544,0.4294196106848356,1,0.15488779232943536,-0.013908954958134804,0.43861982664789684,1
2397.371883,grid_1500_y500_z545,480.281,502.671,544.589,16.31963473855947,0.902,-0.15296754486091155,-0.0786629135316122,0.42924429248380314,1,-0.07102230952874213,-0.02157477956118663,0.42862475987231535,1,0.0020929347709456475,0.010420696219564358,0.42375670766122214,1,0.07579172717205301,0.012931062848589248,0.4324764623164272,1,0.15456287966838725,-0.013756223908214002,0.4394245693784506,1
2399.524474,grid_1501_y495_z545,480.554,497.723,544.351,15.522497060717976,1.96,-0.1557104631153142,-0.07685486824934416,0.421601422604898,1,-0.07510389186636303,-0.021182995566372268,0.4266894205736733,1,-0.0005690402960414312,0.010821242929856105,0.42576151802519496,1,0.07428100476828876,0.012962735203168431,0.4322804431207658,1,0.1539878970426705,-0.01375097738736994,0.4384439193112517,1
2400.744041,grid_1502_y490_z545,480.556,492.719,544.095,16.194600180306935,0.958,-0.1626239560188991,-0.07739674737175421,0.4253143905845819,1,-0.08014166772095209,-0.021026246594198782,0.431345832678747,1,-0.0035494674657714485,0.011208146393838337,0.4264130649834992,1,0.07235466502342724,0.013239466903364083,0.42900758641462966,1,0.15507937514484724,-0.013757979092818793,0.44177259642923966,1
2401.550555,grid_1503_y485_z545,480.804,487.583,543.94,18.34020605118699,0.615,-0.1669188206267013,-0.07683644383567258,0.42138523640989006,1,-0.08421129563549046,-0.020742493405986086,0.43023464635133674,1,-0.006650303949078104,0.011606909902919335,0.4256032651530169,1,0.0704051468996688,0.013442600148261534,0.43006899811793664,1,0.1527503492615736,-0.013508790841752591,0.43648699579037764,1
2402.773691,grid_1504_y480_z545,480.735,482.654,543.819,21.268922892332835,1.012,-0.16931567078791135,-0.07509793175540508,0.41344636056169937,1,-0.08728581262767433,-0.020311867325327467,0.4256897057551901,1,-0.008723331520204521,0.011672422342330237,0.4266278824080214,1,0.06961316626171594,0.013444153653567902,0.4299572464063924,1,0.1519373023833401,-0.01349493507463863,0.4343670193262484,1
2409.675597,grid_1505_y475_z545,480.822,477.618,544.307,24.605154459990654,6.732,-0.17945374981117612,-0.07779783700603496,0.42397174400143833,1,-0.09310104795751688,-0.020695617767943392,0.4298667561614426,1,-0.012699691371972235,0.01167784683361942,0.42340349077739464,1,0.0672567917277105,0.013855103157786994,0.43135495481342573,1,0.15280690582435333,-0.0134699085114856,0.438772169002901,1
2411.688587,grid_1506_y470_z545,480.494,472.72,544.693,28.293614367909903,1.792,-0.17963837648898076,-0.07590506787568697,0.4115814554165838,1,-0.09677763654494198,-0.02061058456815015,0.42734789162734427,1,-0.01571603611003401,0.012195695423330521,0.4331715331575429,1,0.06499240559493163,0.014014864048959713,0.4252699819574027,1,0.15265693910066655,-0.013641058042639024,0.4386846799895789,1
2413.285372,grid_1507_y465_z545,480.618,467.686,544.424,32.795352063973944,1.406,-0.1864955876115707,-0.07648406842219364,0.4148630429182399,1,-0.10235025949341497,-0.020346448537895374,0.4305535928727105,1,-0.018596409295624217,0.012467863015230852,0.42239556603365075,1,0.06431072794074666,0.014557107170212405,0.4309421776822602,1,0.15347390656757678,-0.013684351111484675,0.44148322076596735,1
2413.874358,grid_1508_y460_z545,480.722,462.657,544.376,37.34312249933044,0.398,-0.19125516689354907,-0.07673105084056538,0.4164954108763342,1,-0.1048419421126827,-0.020559276818413668,0.430498312627765,1,-0.020524234661044003,0.012100120920470504,0.4227100587960532,1,0.0631873607475887,0.014200316612681485,0.43217676785267,1,0.1515058465552613,-0.013390330147718746,0.4369934642083748,1
2415.090723,grid_1509_y455_z545,480.747,457.675,544.28,41.961424058294284,1.016,-0.20202388581567213,-0.07803640684692936,0.4245345501963396,1,-0.11075527517608756,-0.02012228195156811,0.4307237813682256,1,-0.024086335413211497,0.012778635250880951,0.42320931012253676,1,0.06106121746023758,0.014753933650769076,0.4281805053812701,1,0.1526626690529154,-0.013565713243527448,0.4413996941164875,1
2416.676513,grid_1510_y450_z545,480.977,452.666,544.033,46.75575580610368,1.405,-0.20937955278591758,-0.07857635081076424,0.4286304807373982,1,-0.11280422386634874,-0.01897434607846669,0.4288024377759781,1,-0.02500974245959811,0.013474612550115546,0.4220345608552892,1,0.06061038864803508,0.01519625933663485,0.42906523275631336,1,0.15089889759172873,-0.013242962602757475,0.43663247368185926,1
2419.001347,grid_1511_y445_z545,480.893,447.83,544.279,51.24854687696032,2.123,-0.2093106902287056,-0.07691734421444997,0.417394668067467,1,-0.118743807694782,-0.019625609382304825,0.428930451795164,1,-0.029784627429327085,0.013145176489548828,0.42265587669542204,1,0.058520738486869485,0.015049546158483744,0.43367562796663783,1,0.15063928863444986,-0.01325865912558158,0.4371999281422149,1
2420.78236,grid_1512_y440_z545,481.05,442.47,544.614,56.310188145663254,1.58,-0.21605643660964424,-0.07751414466413241,0.4184314215699882,1,-0.12392871244330265,-0.020002655188548848,0.4283989120896919,1,-0.03398652666090366,0.013106216984966184,0.42527828388492206,1,0.05549173053303672,0.01516445393391499,0.4307012410681137,1,0.14991681377367982,-0.013230400862215197,0.4364529204113892,1
2424.789911,grid_1513_y435_z545,480.916,437.488,544.887,61.03999631389241,3.817,-0.22827571700000737,-0.08031979306061345,0.43141439838123347,1,-0.12779185615070696,-0.019986823489072537,0.42906294764251324,1,-0.03657259247012431,0.013540998015851909,0.42850386640564553,1,0.054273088845563255,0.015487435103305032,0.427622465039681,1,0.14987492906117178,-0.01323273275962237,0.43648699569401583,1
2451.133732,grid_1514_y430_z545,480.892,432.559,544.778,65.84634612489894,26.173,-0.2267986135105695,-0.07766408092682918,0.41874163591471797,1,-0.13198408156624328,-0.019778307254727127,0.42869948019399234,1,-0.04003877177161637,0.013884335705744405,0.43516462584067095,1,0.05295422081246023,0.015963019148802205,0.4304104842140051,1,0.14974927492364762,-0.013239728451843902,0.4365892215418958,1
2455.960218,grid_1515_y425_z545,480.966,427.661,544.733,70.63622466553545,4.655,-0.23826735605205632,-0.0798952742602496,0.4287777954289045,1,-0.1401969448309893,-0.01986497538947123,0.43968047958235007,1,-0.04282163951233021,0.013782636237255444,0.4279598487716236,1,0.05143716485289133,0.016122059570553914,0.43250537742057754,1,0.15003492250609282,-0.013335680281920531,0.4386728698948981,1
2465.007668,grid_1516_y420_z545,480.826,423.012,544.943,75.1309373161283,8.856,-0.240204527155816,-0.07918181002453822,0.4237434881544668,1,-0.1419387058727736,-0.01987825695324549,0.433713286361934,1,-0.046027232954013175,0.014034297392198294,0.43690634524144695,1,0.05005178338870032,0.01610942192720352,0.4320827629490746,1,0.1494600823710417,-0.013309901158410374,0.43795540679631423,1
2465.719669,grid_1517_y415_z545,480.93,418.002,544.774,80.08293027231207,0.511,-0.24991747631832495,-0.08027742486752278,0.43017277611717364,1,-0.1440887847205294,-0.019063698557853694,0.4274371714094079,1,-0.04776843777162989,0.013999649347699325,0.4218081518153772,1,0.04768243893983165,0.015892083055231623,0.42517413477003546,1,0.14890849151809663,-0.013257829246921071,0.4371597391967655,1
2467.679131,grid_1518_y410_z545,480.974,412.935,544.414,85.12488732444818,1.759,-0.2432209902181529,-0.07582846126902218,0.4093301217846153,1,-0.14895434564027812,-0.018829193051469673,0.4298773612774893,1,-0.05116854283355767,0.01481956898258889,0.4310668944023199,1,0.04691720423515896,0.016344112885710835,0.4300379847956543,1,0.1485595088835276,-0.013246515719339713,0.43654554038677656,1
2470.395379,grid_1519_y405_z545,481.07,407.672,544.438,90.30732757091195,2.543,-0.2531541867800679,-0.07720862908539418,0.4156190283758941,1,-0.15256885876649465,-0.018642939454538456,0.42468724396804486,1,-0.054555330109366786,0.014819629613041103,0.4284421412320559,1,0.04433476817765972,0.016507224727215032,0.4241416742284511,1,0.14910686880529242,-0.013318551533297892,0.4388854431328339,1
2474.868517,grid_1520_y400_z545,481.125,402.57,544.486,95.33337231001535,4.282,-0.2594259484561368,-0.07747575179184478,0.41665219145194204,1,-0.161780744830175,-0.018782017360007057,0.43980178826722743,1,-0.05584548309270882,0.01488470872951024,0.42350806115790424,1,0.04314850197714689,0.016403348829914437,0.4221261537751724,1,0.14917038595552798,-0.013326477447968534,0.4392320852373693,1
2498.216809,grid_1521_y395_z545,481.101,397.516,544.642,100.29932653811785,23.136,-0.27404954869363257,-0.0805729729732919,0.4310883973223186,1,-0.16618733501522956,-0.018814883587064752,0.43929332636809076,1,-0.06117525031741888,0.015091391274486264,0.43513025818978596,1,0.04105777038993574,0.01638660960564178,0.4187479523893853,1,0.15215849228749154,-0.013310794083660408,0.448512443868607,1
2500.163358,grid_1522_y390_z545,480.989,392.557,544.909,105.15984449398921,1.744,-0.27297547866774047,-0.07890146453908775,0.4210602526035296,1,-0.16495520967153593,-0.018562885360385424,0.4244378797851566,1,-0.06330541855319924,0.01498224256121082,0.4310377035182647,1,0.04029083020533323,0.016800529755984384,0.42856924452467265,1,0.14710795877669397,-0.01289466231587938,0.43521368474310324,1
2508.869423,grid_1523_y385_z545,480.997,387.588,545.005,110.06792895753055,8.524,-0.272650272757646,-0.07767146288532453,0.41191204457030306,1,-0.16820340175266346,-0.018449253310553183,0.42195744766584853,1,-0.06556188700181205,0.015220243082047794,0.4253482337095927,1,0.03911864727725984,0.017171468192914034,0.43242040985948416,1,0.1463915628362715,-0.01311084110487433,0.4338906371856983,1
2510.333549,grid_1524_y380_z545,481.216,382.511,544.941,115.11968204872697,1.181,-0.2762965945131803,-0.07716432160757725,0.40931272891120857,1,-0.17877326370300764,-0.018865151417195053,0.43850691036414474,1,-0.06831642279622654,0.015158087876026745,0.42959617685116774,1,0.03746925419901797,0.01672293762952201,0.42692368466339153,1,0.146823809512718,-0.012918819435213369,0.4354389559602215,1
2514.454946,grid_1525_y375_z545,481.285,377.488,544.899,120.1090950136583,3.929,-0.2867040825030606,-0.0786242934550018,0.4162506731679389,1,-0.18036778945221157,-0.01889718124409172,0.43157277721229875,1,-0.07150498196748455,0.015100741674326845,0.4311709069735558,1,0.03608017349767511,0.016795105319047668,0.429791125934429,1,0.1468739078019113,-0.012672612374724952,0.4366924923194289,1
2515.50198,grid_1526_y370_z545,481.363,372.488,544.76,125.08955163401936,0.846,-0.29368623100032004,-0.07883150708354507,0.41826431617779075,1,-0.18157443511335913,-0.017770895086296593,0.42317300708847916,1,-0.0749918010143356,0.015968229482470907,0.42955348045260805,1,0.034041858137858545,0.017291141980553485,0.4268725116505447,1,0.14667726443112428,-0.012689656762056559,0.43663106612860486,1
2516.461339,grid_1527_y365_z545,481.316,367.74,544.754,129.80053317687103,0.737,-0.3006445901163142,-0.0792690969430458,0.4207328473780942,1,-0.1907017851412909,-0.018375682859848808,0.4343831383006076,1,-0.07806607935612597,0.015879995060399145,0.43050452491725427,1,0.03277577028201551,0.01731317797039902,0.4299543099028555,1,0.14646814297532795,-0.012688492698691852,0.4362909320474349,1
2519.639156,grid_1528_y360_z545,481.413,362.634,544.689,134.88335475142955,2.978,-0.30162232886640733,-0.07804689880044459,0.41411486030146727,1,-0.19374466961525513,-0.018349289430610267,0.43120372677550384,1,-0.0808628118289711,0.015905413899269735,0.4299121394311595,1,0.030787595327209042,0.01715661955136204,0.4230965376916993,1,0.14660823856045774,-0.012725950464829758,0.43792778095186025,1
2521.068934,grid_1529_y355_z545,481.405,357.684,544.718,139.79824379440535,1.239,-0.3071118316212347,-0.0783652513814101,0.4146700777610275,1,-0.20057712350707688,-0.018743966935987136,0.43878825133994853,1,-0.0828824736043046,0.015961317609230526,0.42931806326126914,1,0.02989011768222966,0.017403943769832786,0.425707673248962,1,0.14607650892867194,-0.012751562688859207,0.4368677885571543,1
2523.698816,grid_1530_y350_z545,481.449,352.722,544.868,144.7185836580776,2.42,-0.31383834912754577,-0.07883738204413288,0.4163027222651315,1,-0.203891313953828,-0.018497447770856577,0.43618313312005075,1,-0.08631888928845376,0.015837534415831734,0.43103505438583306,1,0.027950733671129217,0.01753245588484174,0.4257476292402116,1,0.14579913449193102,-0.012719670369777341,0.43719121779114395,1
2524.929666,grid_1531_y350_z550,480.632,351.711,548.013,145.42530760153127,0.961,-0.3112135651701425,-0.08131364168498319,0.4118225400954956,1,-0.1988656424815496,-0.020561114132209755,0.4231136193874532,1,-0.08630182182855099,0.01421102136559482,0.42735933349591976,1,0.0277123941361829,0.01678504608277252,0.4269163073236619,1,0.14583707049269315,-0.012708383956568934,0.4371855215295318,1
2528.538198,grid_1532_y355_z550,480.825,353.413,549.019,143.66820883549707,3.598,-0.3105810744139684,-0.08274285547372782,0.4134367547325603,1,-0.2023487018388558,-0.021945390621176026,0.4337169612945498,1,-0.0863849253444313,0.013864759744728472,0.4318762004802898,1,0.028335157211306028,0.016624010992618742,0.4308659632920828,1,0.14579913449193102,-0.012719670369777341,0.43719121779114395,1
2529.636147,grid_1533_y360_z550,480.579,357.983,550.16,139.02892883497302,0.907,-0.30995093117205,-0.08544054171247678,0.42014121468840376,1,-0.19380177571459725,-0.02265867409767573,0.42452203724073795,1,-0.08475534492794572,0.013075806307036746,0.4381161092707593,1,0.02954684599201404,0.016030266025872385,0.4251933795730793,1,0.14741284746311936,-0.012866433418268262,0.44089213389401744,1
2531.536232,grid_1534_y365_z550,480.83,362.899,549.702,134.16866788486794,1.687,-0.30473001904587976,-0.08439993466150691,0.41982657642507754,1,-0.189790432385977,-0.022003894127477577,0.42341459679063015,1,-0.08118729949537078,0.013291693395588474,0.4323093717631594,1,0.03139115850068646,0.016396420988166533,0.4300386166788647,1,0.14591440743979336,-0.012722513171310073,0.4358375307520436,1
2532.116926,grid_1535_y370_z550,480.842,367.74,549.855,129.33478856827344,0.401,-0.30170150236551474,-0.08483520167402962,0.42080359215260726,1,-0.1875060541703699,-0.022381271061390064,0.42555043674170046,1,-0.07863952428763424,0.01304576275043638,0.43052429576799206,1,0.03188945291259071,0.01606858254082443,0.42600592015996863,1,0.14640382025656762,-0.01289807844517668,0.43700418055114093,1
2533.294844,grid_1536_y375_z550,480.849,372.6,550.153,124.4726484373173,1.017,-0.2905791027409782,-0.08384660286257568,0.4147575067359537,1,-0.1822077087246461,-0.022749123813257412,0.42494206581339417,1,-0.07512207666734923,0.012666575801941823,0.43004158466894044,1,0.03408379001059657,0.015739447381160485,0.42735735332561625,1,0.14654825730206242,-0.01274988288082187,0.4361594400589242,1
2534.847868,grid_1537_y380_z550,480.768,377.631,550.034,119.46474041322821,1.411,-0.29159487685034186,-0.08551409405441796,0.4244032870329683,1,-0.17894421629779267,-0.023037596527563275,0.42791611717778427,1,-0.07139590635847344,0.01232085092871558,0.42746729988099624,1,0.03588493744001917,0.015533979954414674,0.42667127241812236,1,0.1477134453913148,-0.012755741465229413,0.4388826943421851,1
2537.049046,grid_1538_y385_z550,480.629,382.712,550.198,114.38512759970153,1.97,-0.2834766615541277,-0.0848907610275599,0.4206858088515304,1,-0.17476628115196494,-0.02309471814428297,0.42822223969229406,1,-0.0684985591487082,0.012263854373688184,0.4280507085689122,1,0.03744224703755709,0.015600246111901443,0.42982684021303214,1,0.14748209186332661,-0.012904151720160469,0.4376326743887559,1
2539.713368,grid_1539_y390_z550,480.66,387.689,550.273,109.42606089501712,2.525,-0.27801388958469947,-0.08494645324743294,0.42089162265111146,1,-0.16980757018784123,-0.02300958820620913,0.4270356959317603,1,-0.06545079454785932,0.012430028647166151,0.4278847017485004,1,0.03908473552163919,0.015772445820430966,0.42913860602288695,1,0.14739110550865217,-0.013185188674875954,0.4370743744075407,1
2544.085169,grid_1540_y395_z550,480.796,392.561,550.257,104.58687727913097,4.211,-0.27435597894723457,-0.08536685021009251,0.42335289206389093,1,-0.16648540294101508,-0.023136088400329397,0.42854239121725185,1,-0.06278547864769483,0.012091906080966892,0.42422664764240864,1,0.04013696323847122,0.015460337841507424,0.4289711604081139,1,0.14834428542202718,-0.013311027572770346,0.4395090121726297,1
2545.478616,grid_1541_y400_z550,480.989,397.605,550.012,99.60314148158179,1.242,-0.2658982850456977,-0.0839562937759558,0.4189934459019374,1,-0.16167169395821443,-0.02293528872137829,0.42845023806272575,1,-0.05897185743347111,0.012098405449655599,0.42458931900107255,1,0.042591636829485,0.015406594021179864,0.43167739765804775,1,0.14878962576425292,-0.013218711989325909,0.43909524541912287,1
2548.308258,grid_1542_y405_z550,481.031,402.707,549.785,94.55664762458534,2.649,-0.2586817462224847,-0.08324810116292312,0.41641496864838734,1,-0.15678340379824787,-0.02271125548568685,0.42790772615337813,1,-0.056690688007125116,0.01242068225370932,0.43438900633310507,1,0.04489859081823979,0.015422135579797066,0.43381050393883247,1,0.14923864574533943,-0.013273930463998327,0.4395876935408964,1
2551.868447,grid_1543_y410_z550,480.892,407.881,550.028,89.386248864129,3.429,-0.2544203818832029,-0.08395487751213411,0.4191353852270732,1,-0.15252256825371727,-0.023231911649953627,0.4267677400986378,1,-0.05372211215895977,0.011791547409716422,0.42936832845497,1,0.045427200559224584,0.01514959502447367,0.4317879755764678,1,0.14852628470016613,-0.013302604210056274,0.4372429131030071,1
2552.763243,grid_1544_y415_z550,480.948,413.025,549.537,84.337080830439,0.744,-0.24522939454578,-0.08201529710169667,0.412610845324153,1,-0.14880777603999484,-0.022956129515201557,0.4266631246415434,1,-0.05156879915868231,0.012130708740987236,0.42729819441737366,1,0.04599691480169793,0.01514513561374588,0.42713053292983855,1,0.14854289679184687,-0.013274559964697988,0.4368942267448918,1
2554.386503,grid_1545_y420_z550,481.032,417.853,550.059,79.50421746674824,1.472,-0.24322676722774808,-0.08389546949444004,0.41836629546773185,1,-0.14603746794621456,-0.023833464830580558,0.4314910756391721,1,-0.048379981619766754,0.011418513576271425,0.42684173492698996,1,0.04844619607992234,0.01492518149350888,0.4333278705277639,1,0.15008060495426043,-0.01334027098133201,0.44029681144543703,1
2560.717325,grid_1546_y425_z550,481.185,422.668,549.862,74.77336087136915,6.18,-0.2398685960194629,-0.08439255944135628,0.4217763413898202,1,-0.14157290968583575,-0.023864558174252853,0.43081201940882735,1,-0.04612273254329766,0.011521903489017974,0.4338559659595373,1,0.0500304574437278,0.014712630880800137,0.4320996988563846,1,0.14947545000630588,-0.013304777792921997,0.43828755617453924,1
2561.490893,grid_1547_y430_z550,481.127,427.375,550.297,70.06368395966628,0.622,-0.2314969676700741,-0.08322843637505815,0.4154581356015572,1,-0.13559545636665185,-0.02362167244295608,0.4269744018747583,1,-0.041809652040564756,0.010954335826562306,0.4278326942529948,1,0.05187872680095459,0.014237333991805377,0.4305484668126593,1,0.1502419070445507,-0.013331102232740153,0.43901246982010805,1
2564.562111,grid_1548_y435_z550,481.196,432.373,550.132,65.15698389274938,2.929,-0.22613518701456017,-0.08332166897679105,0.41652286700146374,1,-0.13243399119353153,-0.024231937537149122,0.43146017535058595,1,-0.03885149552846165,0.010844929658083433,0.4293635183125666,1,0.05324403721722776,0.013956503193982369,0.42744175106894605,1,0.14985655466210906,-0.013252880491825167,0.4368663425637396,1
2565.387014,grid_1549_y440_z550,481.05,437.651,550.115,59.94500562181972,0.674,-0.22223832077144423,-0.08374843133755999,0.4181538170462274,1,-0.12964876221253394,-0.024570891105793777,0.429197980576605,1,-0.03813153213554716,0.010236495876410194,0.42461291642894805,1,0.05368874493448608,0.014268337996652572,0.43196525038261885,1,0.14996597412568446,-0.013294877290933116,0.43788446683272353,1
2567.072516,grid_1550_y445_z550,481.3,442.661,550.065,55.06312431201119,1.524,-0.2166270492817243,-0.0839614674635369,0.4202312853443333,1,-0.12326982587236973,-0.024397967991942656,0.4268674439945483,1,-0.0343693026505632,0.010723967553511772,0.43059036414819657,1,0.05586892862072145,0.01450345447874705,0.43371322721003686,1,0.15051363704757606,-0.013289804283545004,0.4379975073047151,1
2567.742825,grid_1551_y450_z550,481.171,447.944,549.48,49.98164423065728,0.51,-0.2104035328649716,-0.08272584421632662,0.4183049189236477,1,-0.1170413886970345,-0.023619788843587897,0.4267146800180501,1,-0.028204362063507436,0.010747854586086377,0.4264269443202732,1,0.059872651817652,0.013790155455191253,0.4316453283736947,1,0.1504225368536435,-0.013360850185460583,0.43542214319344436,1
2569.011538,grid_1552_y455_z550,481.086,452.582,549.889,45.38498969923866,1.127,-0.20751041715178184,-0.0842458647218014,0.4242955703615823,1,-0.11523101716322165,-0.024226597174218878,0.4298689842091857,1,-0.027719436992920107,0.01026568864819902,0.4257755410521285,1,0.05903563708226937,0.014043135322499822,0.42974407838368694,1,0.15022651752152125,-0.013295398237605604,0.43495879279619515,1
2570.541755,grid_1553_y460_z550,481.26,457.468,549.863,40.696448763989174,1.358,-0.20079027913248906,-0.08377881489922721,0.4221765941851654,1,-0.10904990562383717,-0.024468487306345325,0.4274423879456615,1,-0.023312502677070277,0.009791937487349809,0.42536066373392417,1,0.06125518606034764,0.013335470887335393,0.42876188171480023,1,0.15052595565253224,-0.013301140082724481,0.4350413607414361,1
2572.070208,grid_1554_y465_z550,481.267,462.407,550.208,35.89048582841977,1.357,-0.19431822214989766,-0.0836959769984536,0.41926170494424064,1,-0.10674779108835414,-0.0253628391873322,0.4310427711810045,1,-0.021891487598624842,0.009441087717686565,0.42579487190143617,1,0.06187524482458814,0.013173493113346998,0.4291089286510983,1,0.15005516232407765,-0.013293764886954345,0.4332088447038987,1
2572.815529,grid_1555_y470_z550,481.43,467.422,550.125,31.20627863107034,0.565,-0.1906996002645441,-0.08411410408377477,0.4219794577728672,1,-0.1022924989299493,-0.025592282090831905,0.4290455622412463,1,-0.019227388407721886,0.008796489168602246,0.42793799746531674,1,0.06315641133055296,0.012652018457623653,0.42709453858562996,1,0.15013789128455332,-0.013432641196195189,0.4324032521780616,1
2573.805509,grid_1556_y475_z550,481.336,472.488,549.578,26.67974701904048,0.838,-0.1816522931356904,-0.08209311654903097,0.41586189141396385,1,-0.09619133967998766,-0.024225369957565173,0.42775375449577663,1,-0.014125636903922552,0.010117958236630302,0.4255238089695668,1,0.06710499769602676,0.013320902166655178,0.4311982639183931,1,0.15228321316937957,-0.013515553694619821,0.43679720507035596,1
2575.428069,grid_1557_y480_z550,481.38,477.453,549.323,22.40734582675958,1.461,-0.177222831716395,-0.08228523528010538,0.4176745520609468,1,-0.09302406509853041,-0.02444953198604398,0.42706473842287623,1,-0.012716546102019227,0.00984423588650376,0.42666790726261744,1,0.06698483469801102,0.012941303834626203,0.4269050869195463,1,0.15185577481457116,-0.013664978311216582,0.4350600536490408,1
2578.038577,grid_1558_y485_z550,481.534,482.653,549.396,18.18492864984625,2.369,-0.17177274717096888,-0.08244473170862344,0.4188338265521658,1,-0.08688634627602136,-0.02460653155720784,0.423473911324931,1,-0.009150401640475274,0.00903701599238129,0.4286578807226724,1,0.06948876412300521,0.012343302940133485,0.4302491546442899,1,0.15207690509100438,-0.013718972742124073,0.43484209325306145,1
2578.944736,grid_1559_y490_z550,481.215,487.518,549.664,14.461652049472052,0.734,-0.16444603878890585,-0.0817520044679363,0.41490771326983317,1,-0.08321088458863159,-0.025101513269407145,0.4286380866903714,1,-0.005347371964093967,0.008663903681002132,0.4253150756926549,1,0.07170125459299137,0.012206058530672843,0.4299355653198907,1,0.1541991061651,-0.01379725381347092,0.43979808470541615,1
2579.856308,grid_1560_y495_z550,481.119,492.545,549.569,11.970084460854897,0.73,-0.15991325031336168,-0.08205808381571043,0.4170442840330828,1,-0.07997903343718288,-0.026051677098888504,0.4306058026573842,1,-0.003633561462072453,0.008376255284647945,0.4260185987822016,1,0.07229741101071886,0.012151946695435303,0.43052831847123274,1,0.15358817328089572,-0.013692182611666518,0.4384296598067185,1
2581.082273,grid_1561_y500_z550,481.504,497.359,550.094,11.115747118390127,0.964,-0.15836819076226114,-0.08474074792966681,0.42795952324563796,1,-0.07411934919037318,-0.025630116850861865,0.4268453553539433,1,0.0005182200557371388,0.008222362530507179,0.4280654334884934,1,0.07543639697198641,0.01192084927712145,0.43428564924156515,1,0.15367141459707387,-0.013793681747038732,0.4371336711928846,1
2582.479105,grid_1562_y505_z550,481.368,502.327,549.305,12.94391358901935,1.236,-0.15156541810022905,-0.08284905494527388,0.4238170408932964,1,-0.07064390999115779,-0.025557605481296566,0.42223486030894014,1,0.0014848732445217078,0.007941213693676572,0.4269083097660084,1,0.07576260494958074,0.011627723703830669,0.4320685224159157,1,0.1555486378972364,-0.013921790452793369,0.4419056801428935,1
2584.217046,grid_1563_y510_z550,481.777,507.515,549.205,16.17154457681757,1.466,-0.14666953356476425,-0.08327657820996798,0.4259131616574768,1,-0.06646940293750576,-0.025691281869269906,0.42310930819427234,1,0.0043998944852887386,0.007494937509688957,0.42620963239755066,1,0.07733226734879087,0.011534276041183754,0.4318688771146164,1,0.15464374103453674,-0.013759028721497818,0.4392139238813489,1
2585.582953,grid_1564_y515_z550,481.453,512.108,549.607,19.252071291162352,1.184,-0.13821660460211482,-0.08195068070957538,0.41673453422182966,1,-0.06255948996632628,-0.026445829671854475,0.4306363480015171,1,0.00814292726661352,0.007563199930955764,0.4282738030025202,1,0.08021413017804446,0.011256061533009343,0.43445348504823555,1,0.15450059789472406,-0.013875207234665126,0.43700283089503844,1
2587.852592,grid_1565_y520_z550,481.513,517.223,549.621,23.577208274093806,2.027,-0.13559948144408374,-0.08379651868649092,0.42710530084396847,1,-0.05696753195457454,-0.026233344232931333,0.4199413570576507,1,0.010966876042957222,0.007023143966173251,0.42761884931839944,1,0.08143431030283431,0.010923626031296263,0.4309495186935289,1,0.15660036721285706,-0.013915687541183207,0.44205489598149567,1
2590.794266,grid_1566_y525_z550,481.693,522.323,549.442,28.247419510461445,2.691,-0.12775471824253035,-0.08194730613795316,0.4195696820694608,1,-0.05311155052511347,-0.026164609979219006,0.4234012178467506,1,0.013818262495513144,0.0068076973917766395,0.4263355717867172,1,0.08320589586393456,0.010685703149979091,0.43216702087080905,1,0.15541520692932972,-0.013869553602358989,0.43830975710037784,1
2591.962672,grid_1567_y530_z550,481.665,527.294,548.965,32.964262178911234,0.957,-0.12546094365546592,-0.08321371327603862,0.43055870915630473,1,-0.048164978147169336,-0.025699137133837164,0.41865567370628254,1,0.016872989362990577,0.006758358305996334,0.4238091920497622,1,0.08495363519759953,0.01060147875217964,0.4324381972420704,1,0.15387501639316475,-0.013747305647115833,0.43247973142270607,1
2592.852423,grid_1568_y535_z550,481.655,532.514,549.126,37.827974410480934,0.621,-0.11646284700702669,-0.08124754576566029,0.4192314172882976,1,-0.044276248413971375,-0.026311596910701788,0.42315765949039424,1,0.019623032244906972,0.006344496702441242,0.42318716000490214,1,0.08623808681562595,0.010140581695611555,0.42956507481298695,1,0.15547051167669765,-0.01386232439691607,0.4364069789504881,1
2594.620957,grid_1569_y540_z550,481.471,537.522,549.273,42.545877085800015,1.527,-0.11307178066797348,-0.08362453786033729,0.4304335958953766,1,-0.03987471201446023,-0.026190211079290007,0.4231405410602432,1,0.022805538407305138,0.006277930984322814,0.43122986993210016,1,0.08844750680684321,0.009886010336468708,0.4323902342267203,1,0.16042386975063463,-0.014006359334877622,0.45045436478851525,1
2595.354966,grid_1570_y545_z550,481.496,542.632,549.285,47.48096365913391,0.453,-0.10754463719883839,-0.08349278369948654,0.4299111696795415,1,-0.03545309243160173,-0.026702810716939973,0.42258433668452616,1,0.025529683564759518,0.005544087061170898,0.42532901014808583,1,0.08981238497910637,0.009403625423218024,0.4312121867992804,1,0.15752080556209067,-0.013942261756869348,0.4398441778641731,1
2596.840787,grid_1571_y550_z550,481.541,547.373,549.523,52.053293517317464,1.234,-0.09973515054709621,-0.082060832890173,0.4212104851422221,1,-0.031139129746957747,-0.027037433620605945,0.4243275953693804,1,0.028611978769868318,0.005446129074783787,0.4316670552175499,1,0.09232633998918388,0.009425928972160625,0.43560883168785974,1,0.15451444129278347,-0.013757473257512582,0.4311136222793402,1
2597.843138,grid_1572_y555_z550,481.831,552.283,549.178,56.944559011375276,0.73,-0.0955837589240729,-0.08267611140878232,0.42644457180319345,1,-0.026825661206468916,-0.026413419257759616,0.4191258411307152,1,0.03126148910309918,0.005274730485700267,0.42923177211143493,1,0.09425656832083157,0.008911556453526133,0.436012860345973,1,0.157098840675572,-0.013805221042241751,0.43729575240470936,1
2599.864693,grid_1573_y560_z550,481.819,557.35,548.572,61.99962119239119,1.74,-0.08873291400851092,-0.08085591712929978,0.4205853568942555,1,-0.022492147270071688,-0.02636013340353992,0.4200585674738198,1,0.03394651865447354,0.005178559760331817,0.4243974278094757,1,0.09632242104483107,0.009218584388417743,0.43791250562628026,1,0.157549173160505,-0.013652931203383614,0.4377605821356701,1
2602.960725,grid_1574_y565_z550,481.795,562.465,549.252,66.91786372113208,2.774,-0.08321973423569623,-0.0815324114189779,0.42181534166377554,1,-0.018338075662649292,-0.02808277306160722,0.43747146920674335,1,0.03735655975349742,0.0043516156044603625,0.4261403647512938,1,0.09686136421106134,0.008365884741987035,0.4320532030364965,1,0.15899432781330844,-0.014082755534642175,0.44028995550031264,1
2603.963535,grid_1575_y570_z550,481.84,567.385,549.392,71.75130765358912,0.731,-0.07799908999512661,-0.08259029159953353,0.4262237132138524,1,-0.013547805310312933,-0.027443122314801244,0.4207682543513617,1,0.04020904750403805,0.003874103951116067,0.4260485918196652,1,0.09766843361870775,0.008139278497703734,0.4290467961120277,1,0.15866232539969516,-0.014201882605509883,0.4388320012251612,1
2604.473203,grid_1588_y570_z555,482.729,567.935,551.737,72.1347175637362,0.397,-0.07689445262863386,-0.0829133543013468,0.42093877302392024,1,-0.012956435380479516,-0.02814361504646708,0.4194770787885604,1,0.040621057891629,0.003189068125384184,0.4250864690672623,1,0.0987424243689553,0.00781736537682092,0.43181555457492043,1,0.1580354037450982,-0.014174913801403807,0.4371553450917624,1
2605.049327,grid_1589_y565_z555,482.255,567.331,552.848,71.38655574406152,0.565,-0.07786973812593971,-0.0858325069442407,0.4221655246450286,1,-0.013219655767756376,-0.02993575918776521,0.4202818167814974,1,0.040832056570783835,0.00261500818362269,0.4273878236026924,1,0.09869811115028965,0.007626682474111438,0.4314211360203699,1,0.15887258712076552,-0.014110496739263215,0.43924557467950964,1
2606.69097,grid_1590_y560_z555,480.999,563.103,553.677,66.99852113293244,1.341,-0.0829782839327841,-0.08728252119930642,0.4245664248815753,1,-0.01717740863346383,-0.030631509260798273,0.41866293117984726,1,0.03762263993982173,0.0020843682058484564,0.42549119941226277,1,0.09659124005200796,0.0073968947494855814,0.4308396202796536,1,0.16027975202363823,-0.014407702506190162,0.4440270307048774,1
2608.74974,grid_1591_y555_z555,480.595,557.785,554.172,61.64530610679126,1.748,-0.0861163277531662,-0.08511932713398301,0.4119583712954898,1,-0.02173855643066971,-0.031151187827447968,0.4185647352538571,1,0.034897344155396214,0.0016601120792148188,0.4292945922859725,1,0.09467517742555338,0.007463870451981464,0.4294883805196082,1,0.16204426314765866,-0.014521240635024676,0.45019191855290464,1
2610.401895,grid_1592_y550_z555,480.574,552.823,554.458,56.70170870441206,1.41,-0.09307402032072663,-0.08737196985590671,0.4203713575585342,1,-0.026313611776564872,-0.03178282859179594,0.424712898726689,1,0.03174753343237131,0.0018738742514000538,0.4263063803527986,1,0.09341786195213714,0.007738113257466948,0.4312030925982875,1,0.15749014249784268,-0.0140733005215552,0.43847023142164754,1
2611.149142,grid_1593_y545_z555,480.484,547.788,553.992,51.742732523514846,0.454,-0.09831245689466657,-0.08705351103420295,0.4211678915172507,1,-0.030278809155497213,-0.031088463744238126,0.42222487220401544,1,0.029028383876901907,0.002588244055632754,0.4250029658970032,1,0.09188795749083882,0.007994446352676902,0.4312188754909076,1,0.1570219388637362,-0.014177033507655734,0.43767926510998917,1
2615.411418,grid_1594_y540_z555,480.559,542.803,553.858,46.84186060565913,3.981,-0.10309912536318498,-0.08570236931020692,0.4146528072569038,1,-0.036194695392969926,-0.03165189106174339,0.43594724746557617,1,0.02538913987610931,0.00307357550258475,0.4246643618343449,1,0.08970717900554874,0.008246450105520504,0.42982580493856365,1,0.16066098126853742,-0.014550937056787885,0.44961036554932793,1
2616.109356,grid_1595_y535_z555,480.372,538.072,553.931,42.149144214325396,0.455,-0.10912687643638115,-0.08655129531127011,0.4186909908625626,1,-0.03877755725103229,-0.030539222872108692,0.42113114400814283,1,0.022964558627017035,0.0030968563187015554,0.42458228970583134,1,0.08835379654940895,0.008565715335322216,0.4312570354807843,1,0.15699408236174914,-0.013935164944958242,0.4399684507127793,1
2618.456305,grid_1596_y530_z555,480.421,532.928,554.311,37.06484966919466,2.136,-0.1166348264626214,-0.08844039509536127,0.42482355839094726,1,-0.04318812068328969,-0.03056813584723585,0.4185562147185889,1,0.01977500319625716,0.003254786818967152,0.4248408665638251,1,0.08740319859058711,0.008717982226184872,0.43507428708592716,1,0.15547051167669765,-0.01386232439691607,0.4364069789504881,1
2619.577876,grid_1597_y525_z555,480.292,527.616,554.464,31.834476421012457,0.849,-0.1242914760932811,-0.08985300749434365,0.43025987227365725,1,-0.04942641750615804,-0.03146920524443305,0.4327869378896616,1,0.01700734538828057,0.0035931671673490556,0.4271853620626534,1,0.08500015142025785,0.008989080523728744,0.43121937983402914,1,0.15458053323960272,-0.013845331091952117,0.43418098798321786,1
2622.068113,grid_1598_y520_z555,480.636,522.554,554.513,27.00187849020876,2.259,-0.1293257561534453,-0.08928634193900968,0.42734916547529184,1,-0.053970751010971894,-0.031438194578804084,0.43306830774146876,1,0.013988764009716652,0.003500807635622148,0.42319805914362174,1,0.08314891214213295,0.009021707160475604,0.43207277086052903,1,0.15474984294075003,-0.013856723836326903,0.4361739977831962,1
2623.41869,grid_1599_y515_z555,480.598,517.618,553.918,22.406338054220324,1.071,-0.13484086636927003,-0.08873484234329765,0.4275758984819073,1,-0.05681307396284118,-0.03006646930096045,0.4209704011683238,1,0.011042320401400291,0.003955391490540826,0.4254865912696104,1,0.08130449372240883,0.009192743778281434,0.4309688095613093,1,0.15446444462759956,-0.01385973353207115,0.43665877780422285,1
2624.026996,grid_1600_y510_z555,480.651,512.708,553.805,17.934723555159675,0.398,-0.13642322053554978,-0.08670680615913957,0.4176080261476432,1,-0.060880429032322964,-0.030079797096724037,0.4250481702682864,1,0.00837760869590519,0.00471544422123197,0.4296663806157648,1,0.07984524730580855,0.009750286980428319,0.4314998669465893,1,0.154900998594707,-0.013893943220845412,0.43799264972644436,1
2624.69208,grid_1601_y505_z555,480.685,507.754,553.975,13.62510994451053,0.453,-0.1438505540225786,-0.08788647273485362,0.423210630021551,1,-0.0642316682625502,-0.029465943791104107,0.42049786118126414,1,0.006020397176754598,0.00483266612207491,0.4296435649522339,1,0.077465687412687,0.00986466069572722,0.4288620738277024,1,0.1546487191610779,-0.013891734108522397,0.4382396851478661,1
2625.623716,grid_1602_y500_z555,480.653,502.685,554.515,9.666156526769049,0.73,-0.14862158926155392,-0.08768189420240156,0.4178349996210659,1,-0.07012238613755596,-0.030113969989775325,0.4239661370037706,1,0.002433455118325253,0.005103074129708263,0.42315764827758945,1,0.07586795800517517,0.010150580955223448,0.4293888854583396,1,0.15397921725217603,-0.013856861285060147,0.43747343111086917,1
2626.887087,grid_1603_y495_z555,480.489,497.64,554.636,7.3928319337043895,1.013,-0.1540690982486064,-0.08806511107031495,0.41850974457874845,1,-0.07467252442779938,-0.030267752534048734,0.428822706515811,1,-0.0002749469781165235,0.005019501751361593,0.4295200286153949,1,0.07462958990031023,0.010462785458395395,0.4319038947613409,1,0.1536959938688295,-0.013851783036935824,0.43736143587033843,1
2627.748629,grid_1604_y490_z555,480.531,492.777,554.364,8.42994217062011,0.671,-0.1601735401012211,-0.08802343321294744,0.41989669633557797,1,-0.07952887364848728,-0.030173347470322322,0.4299432328981197,1,-0.0031829950363537174,0.005526093945489662,0.42484312428037896,1,0.07267962735741014,0.010719852887951749,0.4292643683867969,1,0.15330474686543186,-0.013855830763865535,0.4365928342103298,1
2628.627313,grid_1605_y485_z555,480.632,487.698,554.105,11.805182336584199,0.618,-0.16903823887187577,-0.0894734402152555,0.4282567144440999,1,-0.0833097825396308,-0.029511029781951737,0.4295443099599375,1,-0.005909276772525133,0.005845882542127871,0.42825016417152767,1,0.07134747362998328,0.011136650078632855,0.4313195375182816,1,0.15292200865529004,-0.013854958685546178,0.4365804514333946,1
2630.719355,grid_1606_y480_z555,480.47,482.968,554.14,15.613364307541127,1.911,-0.17518518358939694,-0.08993806209153145,0.4304529063186764,1,-0.08636356420331476,-0.029195184047190858,0.42735681718043206,1,-0.007953883944686753,0.006090624348461689,0.4304363770469104,1,0.06961989514782503,0.010918752008280757,0.4289944321103473,1,0.15340273116735625,-0.013825364910029803,0.4387749974330956,1
2631.917502,grid_1607_y475_z555,480.646,477.854,554.089,20.302780351469092,0.854,-0.18119380465193272,-0.09011434975276124,0.4311143895663234,1,-0.08942719943447684,-0.02878515181242589,0.4280734896497936,1,-0.008811449996293843,0.0061644104858714,0.4251468839933698,1,0.07002868870132922,0.010977098328536446,0.4314740231580378,1,0.15408517512044853,-0.013916445027368989,0.4405803282218703,1
2632.506433,grid_1608_y470_z555,480.557,472.762,554.289,25.027422979603784,0.397,-0.1804646436329763,-0.08754576809510488,0.4170007147879775,1,-0.09631962921637782,-0.029314282181984407,0.429907563270815,1,-0.014811403044662573,0.00622395141824968,0.4288745926080825,1,0.06599754930157024,0.011483025787962675,0.43053829471040533,1,0.15137365081310636,-0.013702313804548649,0.43480315689365706,1
2634.423777,grid_1609_y465_z555,480.529,467.557,554.602,29.98189928940457,1.686,-0.18775956819062053,-0.08868196470131522,0.41942261047818974,1,-0.10054327516014362,-0.02926424932949555,0.4306059578240769,1,-0.017351905687952505,0.006529496273258044,0.42663209871571817,1,0.06426683999006783,0.011462300704567366,0.42552788181209644,1,0.1513656199486427,-0.013769123322919444,0.43520735964632395,1
2635.081771,grid_1610_y460_z555,480.69,462.523,554.62,34.91049283524937,0.457,-0.1947942278302505,-0.08967111152518993,0.423294414275652,1,-0.10541310845196274,-0.029230845072038575,0.42845555778399635,1,-0.021475064851512318,0.007176209811131745,0.4271710385609395,1,0.06226165888451201,0.011930188664452916,0.4292489063215384,1,0.1508379873423565,-0.01356575895512215,0.4351968425549139,1
2635.939778,grid_1611_y455_z555,480.849,457.549,554.626,39.808042164869164,0.677,-0.20426142606524264,-0.09114000045767728,0.4301217115498475,1,-0.11043129995095959,-0.029235090423787146,0.43222243327026977,1,-0.023865560776027098,0.007109894880651683,0.4273883551334903,1,0.06089259724395201,0.012015309024476966,0.42887710078563196,1,0.15165121825930145,-0.013792127156988536,0.43746530508522624,1
2637.487832,grid_1612_y450_z555,480.935,452.682,554.592,44.61019045016506,1.348,-0.20765692181312115,-0.09029305718135076,0.42503097053275574,1,-0.1140629761958662,-0.02903663498530298,0.4261706965365269,1,-0.027898997976753593,0.007206780606258167,0.43123369041784326,1,0.05913546450837067,0.012081984242205038,0.4289097426625725,1,0.14949381887984922,-0.013385907573064335,0.43286038858525516,1
2638.187702,grid_1613_y445_z555,481.003,447.765,554.396,49.48529750339994,0.509,-0.21236127812679986,-0.09007397093531659,0.42427282380991355,1,-0.11843047954322107,-0.028509497943954586,0.42949056176354805,1,-0.030358461439686252,0.007763636757200713,0.42646127724522326,1,0.057164259770155455,0.012588527743335874,0.428810079184573,1,0.14943149561136823,-0.013357852904512088,0.43364605786072336,1
2639.043955,grid_1614_y440_z555,480.863,443.073,554.245,54.11694316939937,0.675,-0.21108302295318626,-0.08667964408814967,0.41060272442104573,1,-0.12343213934270193,-0.028308294388532943,0.4320041890297699,1,-0.03316904095528377,0.008079001405837886,0.43064361668136425,1,0.05647340972525233,0.01267854967476266,0.4284615629641657,1,0.14966076282262294,-0.013270432911687231,0.4342652741923008,1
2640.747167,grid_1615_y435_z555,480.728,437.854,554.48,59.254341857791324,1.52,-0.2218584594497411,-0.08932309736120408,0.42049885048895486,1,-0.12918324066738643,-0.028680901028939162,0.4310738583074813,1,-0.03772096827614443,0.007757930524686925,0.4260262072379803,1,0.053930519298255424,0.013008314129883005,0.43171085248048585,1,0.14966700328633828,-0.013273629348638063,0.4358645910717905,1
2641.586378,grid_1616_y430_z555,480.852,432.65,554.623,64.42252110869305,0.668,-0.22816937027432957,-0.08997624124741029,0.42345120169031625,1,-0.1301668271230082,-0.028252086833926212,0.4299116533757889,1,-0.03743165677584494,0.008100837160087186,0.42496700254538894,1,0.05380216277816204,0.012852472044367493,0.4266532048572873,1,0.14951690251812477,-0.013254746372901855,0.43542589989726893,1
2642.252815,grid_1617_y425_z555,480.931,427.497,554.867,69.53618817565425,0.506,-0.2307033661936043,-0.08903727305578917,0.41750047594903633,1,-0.13443774983629883,-0.028027315831006067,0.43027167393870336,1,-0.03928503507613235,0.008421242337865092,0.4243000770691822,1,0.05281031689011839,0.012830679967481827,0.4278832764703373,1,0.1503087421301302,-0.01339837157961399,0.43822076732992343,1
2642.887008,grid_1618_y420_z555,480.938,422.709,554.751,74.30383012335231,0.451,-0.23679179894002642,-0.08926654324447658,0.4181883679153661,1,-0.14176598111832042,-0.02892437930286193,0.43492028201051536,1,-0.04434324051817606,0.008185728449895648,0.42673075318690795,1,0.050249096017454115,0.013181724204347468,0.42670436331075123,1,0.14924952097841182,-0.01324013428575421,0.436434659170385,1
2643.559149,grid_1619_y415_z555,481.141,417.417,554.851,79.5821908595133,0.451,-0.2422936771527003,-0.08891730171922851,0.41630655288686186,1,-0.14511989513424503,-0.028225201125878407,0.42805469354276854,1,-0.049612916061620556,0.008428753966384062,0.4326051215034224,1,0.047466505109811936,0.013308283325854693,0.43102396828135653,1,0.14843184682610763,-0.013284864501664778,0.43585109467247635,1
2644.880129,grid_1620_y410_z555,481.158,412.425,554.668,84.56117060448014,1.12,-0.24997163253738855,-0.08960029891305545,0.4202394537549836,1,-0.14903218547913544,-0.027909591936267342,0.4280075471391047,1,-0.05150254154698025,0.008697597185108893,0.4315592370025949,1,0.04630604793986021,0.013314068880851177,0.427878682712884,1,0.14888605540274621,-0.013309852937243965,0.4376052614232808,1
2646.026662,grid_1621_y405_z555,480.972,407.79,554.55,89.16801718665721,0.956,-0.2550541147504064,-0.08962799485427686,0.42023958725780536,1,-0.15419141729856667,-0.02765099843127955,0.4301861273780409,1,-0.053750443132223075,0.009071150682483422,0.42586142826307477,1,0.045495701311485094,0.013577037897506845,0.429998894919247,1,0.14847937964161131,-0.013266634050027351,0.4365475846403564,1
2648.641049,grid_1622_y400_z555,481.087,402.928,554.743,94.0127865611907,2.433,-0.2574068575222137,-0.08872363139350183,0.4151672382733598,1,-0.15884298568301697,-0.02797041069463387,0.4312906388106599,1,-0.05769947021655671,0.009168442384382858,0.4292538459214892,1,0.043157596276279915,0.013902631640313114,0.42969891317878256,1,0.14942553403018627,-0.013356848975419687,0.4406086129555717,1
2651.272808,grid_1623_y395_z555,481.047,397.947,554.662,98.9779067115485,2.42,-0.26557036869366335,-0.08955255658024425,0.41941995587392705,1,-0.16293900540468567,-0.027713642365061842,0.4308448870311638,1,-0.06013397415930281,0.009103298615824821,0.4263959251215119,1,0.04160934316007821,0.014017665374587153,0.4298884586128843,1,0.14800339158021275,-0.0133082062622073,0.43753490781707355,1
2651.878824,grid_1624_y390_z555,481.144,392.808,554.885,104.10012928906477,0.395,-0.2705990438749079,-0.08983039395656338,0.41838593298707655,1,-0.1648531962639206,-0.02729176042066851,0.42504405627052605,1,-0.06289489157817614,0.009154620571169109,0.4290831604459055,1,0.040589174072299644,0.013890955411558673,0.4299795983305524,1,0.14881782465604956,-0.013336944988728944,0.44021792733192805,1
2655.818169,grid_1625_y385_z555,481.018,387.761,554.914,109.12489267806862,3.747,-0.27700539794927065,-0.09009050193271995,0.41918869430285993,1,-0.16959992301950547,-0.027411641146657464,0.42714699140026385,1,-0.06636889072306158,0.009527564678216865,0.4348336330694213,1,0.03943936459817634,0.014301673860017653,0.4318668248215607,1,0.14756373612025953,-0.013303032210391176,0.4373036771069105,1
2656.673051,grid_1626_y380_z555,481.079,382.679,554.858,114.20036480239459,0.683,-0.2851038465809224,-0.09089628999870152,0.4230626937508248,1,-0.17367672619949207,-0.02745932031699107,0.42556958380288007,1,-0.06926561694296403,0.009414865412880388,0.42921082169415997,1,0.037130022140841705,0.014351628070504614,0.43517272047667493,1,0.14785247575279323,-0.013155479791284312,0.4391042839077213,1
2658.722546,grid_1627_y375_z555,481.166,377.524,554.764,119.35197738202747,1.857,-0.29132851269914223,-0.09099360381904059,0.4235841635086375,1,-0.17594245474591896,-0.026817557359230682,0.42204423594644086,1,-0.07029447308720671,0.009240278854712687,0.42490074810305,1,0.03626174657347878,0.013986126141744671,0.42557742600642556,1,0.14679306404223932,-0.013151567753657244,0.4360879477337403,1
2681.943474,grid_1628_y370_z555,481.217,372.532,554.701,124.33836862770882,22.999,-0.2959240190075552,-0.09071869364028641,0.42236543592723613,1,-0.18067752427539172,-0.02644920380618963,0.42249096061627944,1,-0.07508520344002717,0.010272198018788856,0.43279926053289874,1,0.034429723753664675,0.01421621295380165,0.4247430695529306,1,0.14608112158814243,-0.012869171054987775,0.43487605383839284,1
2682.972898,grid_1629_y365_z555,481.238,367.413,554.939,129.44174783662336,0.788,-0.2932482407286437,-0.08854389377213374,0.41065945872602816,1,-0.18489419000504193,-0.026631525148982732,0.42289493699259456,1,-0.07758997301555307,0.010062743273250305,0.4312229701581077,1,0.033200836483004266,0.014722222687661686,0.431828358849011,1,0.1457545738315552,-0.012889092101288585,0.43414053674250347,1
2696.741323,grid_1630_y360_z555,481.285,362.534,554.814,134.3179682544372,13.565,-0.2977539583505264,-0.08832455558485132,0.4095225475767297,1,-0.18830076753368172,-0.02636882501112083,0.42084567253295396,1,-0.08015073818208861,0.010345262586024135,0.42866083168127894,1,0.032027223741810815,0.014956001837829545,0.4347524835552406,1,0.14627570351774608,-0.013280534335375023,0.4379001399984139,1
2713.174224,grid_1631_y355_z555,481.297,357.548,554.638,139.3009693864332,16.231,-0.30842226105574855,-0.08970045899979835,0.4166483048044524,1,-0.19872262641120994,-0.02686751937954281,0.433615498492474,1,-0.08454823759626647,0.010642350239914498,0.4348439452666546,1,0.02922096968166829,0.015043087790959092,0.42226110246709175,1,0.14967913008349154,-0.013295904891130424,0.4480705496572108,1
2728.835213,grid_1632_y350_z555,481.441,352.553,554.635,144.29513787373432,15.428,-0.31324988045224184,-0.08963873158569974,0.41592997624378675,1,-0.19693094372153064,-0.026193177392853404,0.4212120540100314,1,-0.08749244471786327,0.01067388289332674,0.43689555230865956,1,0.02831657571336112,0.015520268467795835,0.4311080697063609,1,0.14642630067051707,-0.012723100044667696,0.43821921858035356,1
2735.486524,grid_1633_y350_z560,480.761,351.735,557.33,145.03302166403344,6.369,-0.31636897192342667,-0.09306329170617222,0.4197886200946647,1,-0.1970027576857054,-0.02810102884210985,0.41987334784496916,1,-0.08658272954534417,0.008975616412971512,0.4301932041796308,1,0.02817956640515075,0.014315538791090501,0.4306820628905512,1,0.14655919191286096,-0.012883361651743629,0.4389970033905082,1
2742.067563,grid_1634_y355_z560,481.234,353.018,558.804,143.76903203750106,6.57,-0.3118978852584622,-0.093692478482287,0.4143457202137646,1,-0.19837121362350055,-0.029875051899405893,0.42498201921675444,1,-0.08624018254943001,0.008271431680415319,0.4321350925324048,1,0.028374248936600694,0.013920125664645169,0.42739213835113293,1,0.14967913008349154,-0.013295904891130424,0.4480705496572108,1
2755.535106,grid_1635_y360_z560,480.964,357.719,559.637,139.06479308221762,13.286,-0.3081120835962569,-0.09521641981819161,0.41654901218428503,1,-0.20037439573999827,-0.031585250177224834,0.43810295144552297,1,-0.08261106811181024,0.007415919895302078,0.4268380515565975,1,0.029819731401429517,0.013436111216247276,0.426345905201755,1,0.14643959615405358,-0.013339747364683322,0.43856488949506733,1
2763.015071,grid_1636_y365_z560,480.778,362.764,559.8,134.01835385125423,7.187,-0.3081361713532637,-0.09687338144096282,0.42476665125585483,1,-0.1884819290463006,-0.030759675901057926,0.42174922236171536,1,-0.08069771104813309,0.007458859612824854,0.4331826468443944,1,0.03172780656165467,0.013525827367032619,0.43136140414279417,1,0.14708794612272572,-0.013351533780639932,0.4404775438913198,1
2765.555763,grid_1637_y370_z560,480.565,367.85,560.02,128.93066580142985,2.378,-0.28715885640384436,-0.09242712146861565,0.40357494202197336,1,-0.18638137642344488,-0.03132847423739581,0.4273657004994515,1,-0.0770774092405085,0.0070720007475824865,0.43109735018006834,1,0.03349725430261254,0.013536047440745118,0.43238325460839216,1,0.14608112158814243,-0.012869171054987775,0.43487605383839284,1
2770.749665,grid_1638_y375_z560,480.736,372.723,560.093,124.07376246007854,5.021,-0.2894655478057327,-0.0945154665993635,0.4135906585742531,1,-0.1829457334674627,-0.031418045067191015,0.42817806782831197,1,-0.07463535730099465,0.007090060225734372,0.42972610553735385,1,0.034499807394468986,0.013343647726014221,0.4314237718813429,1,0.14516177758195034,-0.012953408193530734,0.4327050982772395,1
2780.46616,grid_1639_y380_z560,480.771,377.694,560.292,119.11495236115404,9.546,-0.28454878784990717,-0.09477276755225976,0.41449603689284437,1,-0.17878083602251435,-0.03159306504250634,0.4287388543341695,1,-0.07178917443050689,0.00709139031215118,0.43225531698686553,1,0.03593148650151897,0.01315639027662701,0.42718328147069623,1,0.15087553812685137,-0.01340261493282346,0.44816404238596913,1
2781.863245,grid_1640_y385_z560,480.695,382.536,560.489,114.28000117693384,1.236,-0.28237369635431936,-0.09627535987022719,0.41979786893038024,1,-0.17427248257946223,-0.03205473373883268,0.4269693800042216,1,-0.06885328223875324,0.006591686429640503,0.42817515827423747,1,0.036927746417627645,0.012863809063346885,0.4253025579126635,1,0.14664572163690842,-0.013236407955749416,0.43538029650318827,1
2785.108197,grid_1641_y390_z560,480.789,387.34,560.269,109.48647358007291,3.093,-0.2740431473403561,-0.09458790854126368,0.41445115827836126,1,-0.17006152315845346,-0.031709529209052546,0.4262637369145166,1,-0.0672493120640265,0.007030857848637492,0.4308257683442527,1,0.038142529912101264,0.013248232749300854,0.42815245171981053,1,0.14749178495170356,-0.013314986299349553,0.43786556153970935,1
2785.766105,grid_1642_y395_z560,480.718,392.559,560.088,104.27058399184304,0.507,-0.27111464328898344,-0.09526338238076919,0.4168365997743748,1,-0.16834929221152406,-0.03230867184395694,0.43298999141582034,1,-0.0630788807319859,0.006466207899873133,0.4291727192238807,1,0.040963128151055204,0.012751304712778813,0.4330924794877285,1,0.14705066756774246,-0.013245429344944742,0.435112853649495,1
2786.861594,grid_1643_y400_z560,480.841,397.809,560.102,99.0401099605609,0.955,-0.2646402262867764,-0.09523356295398346,0.41776487698214765,1,-0.1608227304338647,-0.03195983193507186,0.42738927399358967,1,-0.0595259100154863,0.006512127306227431,0.4288022867344638,1,0.04230683798882812,0.01268182943088137,0.4259661073289935,1,0.14899429203948447,-0.013321107671651284,0.43990793706367454,1
2788.330368,grid_1644_y405_z560,481.139,402.521,559.88,94.35737235107808,1.288,-0.2576813180287485,-0.09413706687380473,0.41510895976958745,1,-0.1579483425996299,-0.03150000999345421,0.4293627921030258,1,-0.057172465062173085,0.006710043106536188,0.43242746778309393,1,0.044156774311336,0.012678932290857032,0.4292141461374941,1,0.14854973722944353,-0.013320589290070734,0.4375905773343325,1
2788.918653,grid_1645_y410_z560,481.105,407.525,559.707,89.36284591484318,0.457,-0.2566379762893755,-0.09516183934893718,0.42053596337186266,1,-0.15428165370367802,-0.031786827183944835,0.42856358178877235,1,-0.05538928407873459,0.006355001424131525,0.4337547084620736,1,0.04485118506288562,0.012275549698570512,0.42736394418219054,1,0.14716393993581267,-0.01330958525744519,0.43321171675572284,1
2790.138867,grid_1646_y415_z560,481.076,412.482,559.922,84.42269197911185,1.069,-0.24675763276747423,-0.0940861812179713,0.4151843611721002,1,-0.14810147194247594,-0.03193185187232154,0.42643017254975507,1,-0.05060414196093965,0.0062295321112308495,0.42609123574478497,1,0.04688084596638505,0.012441243432375633,0.428963237363893,1,0.1485822281831438,-0.013249867709293225,0.43641639792938075,1
2791.137741,grid_1647_y420_z560,481.032,417.441,560.207,79.48342893333178,0.848,-0.24222375074520108,-0.09458621585580652,0.4164181025181575,1,-0.14526847873971224,-0.03288581974580238,0.4312097208395251,1,-0.048148541101529226,0.005413712318572505,0.4331473399172106,1,0.04856744705864648,0.011749838072463074,0.42715887923887275,1,0.14769746713287235,-0.013293321014832188,0.4329366577353792,1
2792.186103,grid_1648_y425_z560,481.015,422.445,560.026,74.49455041142271,0.908,-0.235823989772986,-0.0940280534325068,0.4152432516711743,1,-0.14102900266030916,-0.03242023103439302,0.429427898238202,1,-0.045817407454052606,0.005864437776267671,0.4297373571116459,1,0.04987541442715746,0.012353100382813002,0.4315212042921415,1,0.14769025573283112,-0.013280566081715213,0.43285008253444385,1
2793.065727,grid_1649_y430_z560,480.985,427.744,560.26,69.22280141687416,0.73,-0.22698844608940458,-0.09298466502381857,0.4093296480949941,1,-0.1367009206755149,-0.03286700435195821,0.4331470231359327,1,-0.04107815977983725,0.005337797296446782,0.4259199511917045,1,0.05197945817390129,0.011307794826626952,0.4269890779220289,1,0.14805591866604043,-0.013260686658482327,0.432339632435873,1
2793.782338,grid_1650_y435_z560,481.002,432.725,559.909,64.2619752186314,0.566,-0.22643343039774613,-0.09432688159548398,0.41761338528759634,1,-0.1314014957335902,-0.03229173021593839,0.4264566136115462,1,-0.04045525705341536,0.00555908579162678,0.43179057430171836,1,0.05300074490624582,0.011712919689264049,0.43011582589542136,1,0.14861942968369288,-0.013408634001377711,0.43346201901717096,1
2794.330365,grid_1651_y440_z560,481.13,437.878,559.898,59.155577057450806,0.397,-0.22426477580708137,-0.09550134904006773,0.42206119236710155,1,-0.1288245346281448,-0.03290247434025842,0.43184727932970707,1,-0.03659974166890252,0.005555738472338548,0.42989079732336793,1,0.05420218273309826,0.011851891490083004,0.4271447781966593,1,0.14987492906117178,-0.01323273275962237,0.4364869956940159,1
2796.408841,grid_1652_y445_z560,481.268,442.78,559.599,54.301856892743565,1.918,-0.2174588529606669,-0.09527504340187887,0.42245720353299626,1,-0.12500381833000887,-0.03306713113373098,0.435043111915344,1,-0.0340675528344944,0.005329340386053971,0.4324396974579429,1,0.055477082413012975,0.011641815095723282,0.4262703752804304,1,0.14896879368448093,-0.01328132117957847,0.43286994477453106,1
2797.028264,grid_1653_y450_z560,481.305,447.45,560.103,49.694391846565544,0.457,-0.20948622266518804,-0.09419625799727376,0.41653829743820986,1,-0.11970022301207045,-0.0332650022850193,0.43360896976794105,1,-0.029930816194280205,0.005027131862410957,0.4311842979834353,1,0.05796472570970752,0.010990837818352557,0.4270299873103162,1,0.15086953997522823,-0.013578407585466142,0.4374112704342079,1
2797.570891,grid_1654_y455_z560,481.342,452.348,559.962,44.854916575554995,0.401,-0.20410233062432523,-0.09378370155769805,0.4151369636945246,1,-0.11477710723095287,-0.03304513171259935,0.4302830155602501,1,-0.026888974953288073,0.004610429654233299,0.4306935768003742,1,0.0600317099016987,0.011101490614408087,0.4317615911645212,1,0.14971732870607027,-0.013392269467254303,0.4331106450564943,1
2798.173703,grid_1655_y460_z560,481.298,457.441,560.382,39.846586528835836,0.401,-0.20048718327228573,-0.0948668128900834,0.4196799285398043,1,-0.1119532763598149,-0.033790381553021054,0.43320614658984447,1,-0.024733734003380168,0.004526082417543684,0.4284942228662629,1,0.06114193769387311,0.011255156194444166,0.431464571875289,1,0.15019020190269647,-0.01347401453313434,0.43395046826518285,1
2799.467501,grid_1656_y465_z560,481.096,462.593,560.266,34.747560288457635,1.123,-0.19132664740299088,-0.09375917989690678,0.4146219127034292,1,-0.10552242022708541,-0.0337102089636186,0.4311810506441556,1,-0.020530369862153664,0.0038789835339686513,0.428057864134515,1,0.06328768409578824,0.010639194233901673,0.4316008275291046,1,0.15070046652161442,-0.013587044275586541,0.4345822184519584,1
2800.69352,grid_1657_y470_z560,481.249,467.653,559.741,29.81943711742391,1.074,-0.19281597063007735,-0.09665331924807485,0.43013446887856577,1,-0.10185020857312481,-0.033518718215754674,0.43122825249501817,1,-0.018616713165193744,0.004374151162705728,0.4305381972719063,1,0.06394418716062038,0.010822903553528709,0.42980471672865894,1,0.15028820834282688,-0.013593323170896848,0.43276017462640626,1
2801.320107,grid_1658_y475_z560,480.958,472.869,559.64,24.698704702878626,0.456,-0.18275063054829607,-0.09344239177650222,0.41715861750520916,1,-0.0969664338486906,-0.03351971053520553,0.43101469463045233,1,-0.014323775627266938,0.00429900430367541,0.4285084253370431,1,0.06719554940685918,0.010356564379308302,0.43161760887341544,1,0.15184276573156982,-0.013787313237893006,0.4358888684936988,1
2802.48485,grid_1659_y480_z560,481.556,477.643,559.421,20.346164527989067,0.954,-0.1762097040035193,-0.0931298384925494,0.41658116219976865,1,-0.09405314867101981,-0.034036324817817896,0.4324944870941973,1,-0.013524639946437893,0.0034902776975164577,0.42688884577653835,1,0.06552427157972839,0.01002321986687033,0.42137981085280823,1,0.1519870654736683,-0.013856560601210639,0.4363432149705136,1
2803.44489,grid_1660_y485_z560,481.455,482.48,559.694,15.903262684116077,0.778,-0.17326826915748114,-0.09484932694695973,0.42338918562218786,1,-0.08658302730164237,-0.03344929328698893,0.4264309757659173,1,-0.008305119640882442,0.0036891313139536166,0.4309544314334031,1,0.07058616971085838,0.009990832668098285,0.43163120469335564,1,0.15323868631718152,-0.01387557032517264,0.4376143501789959,1
2804.287713,grid_1661_y490_z560,481.308,487.28,559.516,11.736516050344758,0.674,-0.1637360780348446,-0.0921524848113423,0.4128674273441528,1,-0.08499949594791682,-0.03428628730224983,0.43081316945260667,1,-0.0069449148785850736,0.00298190573929347,0.4215959091723896,1,0.07031228626760222,0.009849428258607901,0.42981140354850683,1,0.15361933053856977,-0.013882981139861375,0.43926467423911825,1
2804.998554,grid_1662_y495_z560,481.456,492.422,559.702,8.406583194140167,0.509,-0.1634368719237794,-0.09502885333074858,0.42450093098731384,1,-0.08032139117384024,-0.03454048839684562,0.427989569812714,1,-0.004315695111946981,0.002816755874125984,0.4259085059341097,1,0.07121419692406154,0.009562770853203131,0.4261848253012568,1,0.1534142780868493,-0.013878341053531201,0.4376843922779905,1
2805.705501,grid_1663_y500_z560,481.68,497.599,559.7,7.569071673593802,0.455,-0.15456139912117708,-0.09322795253446194,0.41837557750548515,1,-0.07440479673593149,-0.034202149458540006,0.4296656332060467,1,0.0004868730938155771,0.0031435303663644595,0.4221618029845377,1,0.07517799122342995,0.009589222309421589,0.4318952203771908,1,0.1539265311781632,-0.013873913861952815,0.43698491778423176,1
2806.271465,grid_1664_y505_z560,481.692,502.398,559.371,9.446417416142497,0.395,-0.1501232509535301,-0.09297844313912634,0.4167996715068561,1,-0.07139427376465585,-0.03424378647608517,0.4261044315994785,1,0.0013074813080359655,0.0022902724130465725,0.4233427603355276,1,0.07521218550885707,0.009017883151641023,0.4310061357854981,1,0.15388734944101648,-0.013852214161173264,0.437367406907274,1
2806.913939,grid_1665_y510_z560,481.631,507.335,559.556,13.043565655141972,0.401,-0.14468801540001433,-0.0934787945379411,0.41911502072119716,1,-0.0662983865307261,-0.034026918957158335,0.4278788455069478,1,0.005824143256634638,0.002581138560685195,0.43226474864331044,1,0.07902769804232333,0.009079902316004944,0.43381376440387065,1,0.15440964599272042,-0.01387451325890999,0.43785954364783547,1
2808.825698,grid_1666_y515_z560,481.625,512.382,559.793,17.4428120725988,1.699,-0.13741314373362556,-0.09312986106095626,0.4173320078285567,1,-0.06144109454210395,-0.03461205660606062,0.42419118910222386,1,0.008555215838064302,0.0019153398166601686,0.4212093281439184,1,0.08026942278009269,0.008794677298740089,0.43177729747563026,1,0.1543224646307543,-0.01385976675160006,0.4363724598786072,1
2809.529875,grid_1667_y520_z560,481.243,517.147,559.795,21.719126916153925,0.511,-0.13480918838671496,-0.09402091559581734,0.42112437978014317,1,-0.05896298611566525,-0.03530023515420259,0.428353930548371,1,0.010356673440710012,0.00146963124021448,0.4246511712763222,1,0.08134104721915154,0.008593247871767287,0.4325562763148734,1,0.15499496966745727,-0.01389262491614203,0.4377189051645182,1
2813.180758,grid_1668_y525_z560,481.438,522.631,559.356,26.99576585318517,3.389,-0.1288465993522436,-0.09443473622631166,0.42551014860120295,1,-0.05186332141054393,-0.033995389132361054,0.418466988725406,1,0.014477080540568473,0.0015682085715644958,0.4222561227190796,1,0.08361138488910018,0.008130888590255491,0.42977615303518196,1,0.15481940469976135,-0.013963866978113512,0.43668407728280406,1
2815.55993,grid_1669_y530_z560,481.657,527.503,559.243,31.764528990683974,2.129,-0.12140010811430989,-0.09278080016422807,0.4193098480179342,1,-0.0497265474077535,-0.035827300087731336,0.43660721591154134,1,0.017062991519572343,0.0013963729370834032,0.422413021030106,1,0.08487181261970407,0.007963922789634684,0.4294154896729214,1,0.15524402717874672,-0.014069725507834625,0.43637123150387785,1
2818.737107,grid_1670_y535_z560,481.876,532.393,558.953,36.577179374577284,2.936,-0.11867167816335622,-0.09477832083414951,0.4302582130002472,1,-0.04301373601129302,-0.033877167433868864,0.4161588735999959,1,0.020259147586205128,0.0011068140211175465,0.42868456590579357,1,0.08647184427975353,0.007749391386795059,0.4283811353153757,1,0.15547051167669765,-0.01386232439691607,0.4364069789504881,1
2819.864502,grid_1671_y540_z560,481.683,536.93,559.435,40.99836066234839,0.915,-0.10988745727824006,-0.09224078127523165,0.4157682619994356,1,-0.04010921030008797,-0.03519203243814962,0.42419919828183533,1,0.022941676558810412,0.0005721769755097714,0.4300482181387178,1,0.08792901781517752,0.007543846001548407,0.4298776056002151,1,0.157429331845135,-0.014202529491712914,0.44128130759691137,1
2823.315155,grid_1672_y545_z560,481.693,542.155,559.535,46.149447905690025,3.161,-0.10724813706890185,-0.09486105069694212,0.4280445081913466,1,-0.03523225544741143,-0.03507047104690839,0.42021663689128536,1,0.02582361726088812,0.0002933288281267385,0.42511511741534713,1,0.09001646215098004,0.006968277951550604,0.43065023632959515,1,0.15675382792368195,-0.014163838423378386,0.4392804266001638,1
2825.514236,grid_1673_y550_z560,481.899,547.329,558.913,51.28314368289053,1.917,-0.0980447788690189,-0.09129698622944704,0.4158015551000636,1,-0.030479152595302955,-0.034284947938433646,0.4206645447193766,1,0.0283204144830586,0.0005685916992996567,0.4195241467989718,1,0.09265054738713152,0.00735621955168253,0.4358058900265611,1,0.15777759468522282,-0.01427790571945028,0.43969544316206216,1
2826.638996,grid_1674_y555_z560,481.925,552.488,559.21,56.396293140595745,0.844,-0.0936450123630662,-0.09293578120068297,0.4207210109334762,1,-0.025729554485338337,-0.034714465257094596,0.4190694141231079,1,0.03211286186009743,-6.444778412670407e-05,0.4258556281200165,1,0.09315684398819953,0.0068384371599955,0.4288525822239049,1,0.15719729613354652,-0.014123675971519825,0.43772234738989807,1
2828.35837,grid_1675_y560_z560,481.841,557.46,559.192,61.31500602625759,1.468,-0.08869581994232482,-0.09323592368743121,0.42401608308725325,1,-0.021801341717768517,-0.03532548185779485,0.4218380429229586,1,0.03490649051381565,-0.00031099061907332676,0.4278579506288429,1,0.09503664537713176,0.0066532608550767805,0.43115169153190297,1,0.16289341048271067,-0.014655336471275838,0.45240969553180704,1
2829.041979,grid_1676_y565_z560,481.735,562.188,559.27,65.99792436130093,0.401,-0.08472437954721579,-0.09416538451112634,0.42783240039538745,1,-0.018155446352907074,-0.03529369186404616,0.4210140671108668,1,0.03705300076253657,-0.0008675393234093429,0.4244979542607332,1,0.0974158158218588,0.006412642134343013,0.43645367745352903,1,0.16223999586794255,-0.014593427980004419,0.45031402932507464,1
2830.646848,grid_1677_y570_z560,481.657,567.448,559.596,71.22245946329008,1.293,-0.07771826633552743,-0.09421702418679163,0.42573687706893465,1,-0.012852437131347408,-0.03569078444037899,0.4207046092949933,1,0.042206367848939524,-0.0012108917401244446,0.4397283403712609,1,0.09876631420180813,0.005663291236629322,0.4318019657594984,1,0.158985021707518,-0.014213578934710704,0.43976156409728434,1
2832.167283,grid_1690_y570_z565,482.395,568.097,562.114,72.02980883634218,1.409,-0.07733392080277089,-0.09746213232837055,0.4283122297729874,1,-0.0128449318857115,-0.039096963760898794,0.4324466681013674,1,0.042231207639480024,-0.0027199967261516624,0.43255444942330246,1,0.09913081296432359,0.005370614611510058,0.43127617451574674,1,0.15882495091339613,-0.014048211499618648,0.43882863861720495,1
2832.630896,grid_1691_y565_z565,482.132,567.335,563.173,71.30573364744245,0.453,-0.07677902555049612,-0.0968606917193821,0.42305638349733116,1,-0.012709158181464375,-0.03908351718010746,0.42833102048597255,1,0.04157768481735628,-0.003071510695356865,0.43048439905324143,1,0.09831963210705504,0.005167707792983757,0.4294282007852041,1,0.15840844125190237,-0.014132138675547396,0.43792144721889453,1
2833.340904,grid_1692_y560_z565,480.949,563.146,563.886,67.07874420410683,0.398,-0.08153822782744774,-0.09872664625487039,0.4247426479639185,1,-0.016148244128804362,-0.03925986255873037,0.41967663620003043,1,0.03902386759151888,-0.003049872506684299,0.43092724476719785,1,0.09739201071377633,0.005360014190421557,0.43198618071852396,1,0.15942335745375988,-0.014362680575288037,0.4414168132906943,1
2853.22606,grid_1693_y555_z565,480.705,558.081,563.879,62.03232104314656,19.615,-0.08794458389156211,-0.0998278851630836,0.4286963654686185,1,-0.0218299235615912,-0.04016576435870332,0.4336464940524431,1,0.035223759900159385,-0.00312897288047577,0.42702529824146307,1,0.09590756437627163,0.00545774162083253,0.43532718440006685,1,0.16289341048271067,-0.014655336471275838,0.45240969553180704,1
2854.428025,grid_1694_y550_z565,480.484,552.823,564.098,56.82357442118542,0.91,-0.09461375690523481,-0.09973819517691183,0.4273534853268961,1,-0.02581570326240042,-0.039310352919972556,0.4213457000790693,1,0.03208272891756852,-0.00283384554999225,0.42889412809950295,1,0.09301949257775675,0.00553072926494867,0.429324942233291,1,0.1569347740634297,-0.014127940099974173,0.4369028712183907,1
2855.560761,grid_1695_y545_z565,480.447,547.726,564.309,51.80629198273122,0.852,-0.10028380605514099,-0.10035952891856868,0.42793693921421355,1,-0.030061934436574494,-0.03932080502851687,0.42132004181477734,1,0.028882480042046254,-0.0025084654743066774,0.42563141658510517,1,0.09192485551381034,0.006080253308686231,0.43222763814301884,1,0.15719188361175,-0.014329958229716092,0.4382043104969395,1
2856.57926,grid_1696_y540_z565,480.519,542.669,564.069,46.805166317405586,0.737,-0.10609537337117525,-0.09990663972999957,0.4286294464516817,1,-0.03482134104569285,-0.03940897938550953,0.4243315362730993,1,0.026295943188683946,-0.002535063043340684,0.4249434032383947,1,0.09038136156070459,0.0059130059134308985,0.43084431688172814,1,0.16163776960475132,-0.01464771171514026,0.4521928502866189,1
2858.653401,grid_1697_y535_z565,480.727,537.733,563.91,41.96867432979026,1.863,-0.11136725779920346,-0.09977816153032637,0.4279391806818506,1,-0.03873542958747831,-0.03892462249888049,0.42063205238628987,1,0.023285357264557063,-0.0018321966613530658,0.4284217491983657,1,0.0886861520662181,0.006484874814167911,0.43237253114846164,1,0.15675382792368195,-0.014163838423378384,0.43928042660016375,1
2859.930807,grid_1698_y530_z565,480.783,532.614,563.787,36.960105316408445,1.016,-0.1165014863472658,-0.09930395757230427,0.4240927171679681,1,-0.04384629766698984,-0.039563008515068145,0.42972304587441196,1,0.02047066673310416,-0.0017425068684948667,0.42715202855510587,1,0.08706434749238819,0.006558634201522855,0.43103860510227726,1,0.15658295559389443,-0.014271913722353854,0.4395545221173132,1
2861.0112,grid_1699_y525_z565,480.659,527.553,564.491,32.150410417287056,0.848,-0.11934143385589997,-0.09772807989405748,0.41478448732597606,1,-0.04876137137163428,-0.04034122058289187,0.43389617010997233,1,0.017870541912963462,-0.0017743462396454391,0.42903858948016227,1,0.08520160773572583,0.0063595884411303495,0.4303170342648827,1,0.15624766470879511,-0.0142675603207654,0.4394889545032381,1
2863.146217,grid_1700_y520_z565,480.445,522.532,564.522,27.311061348838187,1.854,-0.1251786523520351,-0.09827114129441818,0.4164760369896657,1,-0.05227810451491527,-0.03949097309434735,0.4251454926961762,1,0.014313574008735183,-0.0019611468478301706,0.4257037149899508,1,0.08377973465292089,0.006579397616424656,0.4348921325379891,1,0.15950504160478776,-0.014562024301434773,0.44936370444661566,1
2863.762348,grid_1701_y515_z565,480.564,517.703,564.241,22.740166995868776,0.395,-0.13130337580254098,-0.09898003268702271,0.4203693118961775,1,-0.05673338289204472,-0.03970467006673576,0.42923761872252064,1,0.011740321863915463,-0.0016759923474283657,0.4262223042163084,1,0.08179095316985098,0.006755318370424716,0.4307424984710379,1,0.15580400924518253,-0.014223784531139242,0.4400266308059533,1
2865.73584,grid_1702_y510_z565,480.521,512.774,564.043,18.187399951614875,1.733,-0.1394587281841708,-0.10010501670042982,0.42649180423891647,1,-0.060862882894968794,-0.0391544709502512,0.42626251557911793,1,0.008797569490392405,-0.0011018555488884285,0.4250657989999029,1,0.07997094393014682,0.0069867815708218725,0.4297014748679107,1,0.15514285122186258,-0.014249006729087944,0.43886365131074695,1
2867.286989,grid_1703_y505_z565,480.837,507.759,564.005,14.054082894305148,1.35,-0.14650807092917503,-0.1009953230080002,0.42965338403037107,1,-0.06516440695370174,-0.03853061684018675,0.42577369294071504,1,0.006312193161921778,-0.0006932108825819524,0.42394017912094095,1,0.0789821698160028,0.007552785216522108,0.43183270259369405,1,0.15475731870196233,-0.014114711717687729,0.4384566282334854,1
2868.386752,grid_1704_y500_z565,480.651,502.705,563.993,10.387831823821605,0.851,-0.15151728462245964,-0.10052864869102668,0.4278518012656288,1,-0.0703039276937538,-0.03892525157586988,0.43267453161918384,1,0.003041517691478021,-0.00020557790668144092,0.4304732284002642,1,0.07637520289184646,0.007665189466153018,0.4307314764087747,1,0.15529522958129408,-0.014066178414745868,0.44081996407589186,1
2871.759792,grid_1705_y495_z565,480.63,497.493,564.201,8.583769975948828,3.152,-0.15256848217091787,-0.09761873472223297,0.4137695950048,1,-0.07456355823479671,-0.03839306157284092,0.42994148782032626,1,6.278716853918508e-05,0.00026896797672685033,0.42422613672492976,1,0.07457977885338264,0.007996329585739625,0.4287927256214781,1,0.15396192795067912,-0.013900653508997203,0.43772132004362385,1
2872.540023,grid_1706_y490_z565,480.664,492.398,564.613,9.799141288908976,0.568,-0.16173542017529116,-0.10095081465541693,0.4252186773218472,1,-0.07798610840445627,-0.03839121174974474,0.42873448450370866,1,-0.002243566086637267,0.00038065837802472407,0.4256274436830972,1,0.07413946145849329,0.008344366131052775,0.43448322549738294,1,0.15365592173320367,-0.013969985417838086,0.4375184227124322,1
2873.965689,grid_1707_y485_z565,480.756,487.468,564.521,12.728161139771883,1.234,-0.16835334881000563,-0.10126203002839324,0.4264733960906703,1,-0.08355205981477233,-0.0384178227912082,0.4319203942315151,1,-0.005598411043127262,0.0004154025692449847,0.42903770327832175,1,0.07166756784598217,0.008425451883324319,0.4318795417116439,1,0.1537169037773529,-0.013944391038990601,0.4384400386157343,1
2874.72779,grid_1708_y480_z565,480.769,482.642,564.272,16.457383753197252,0.57,-0.16802385678673068,-0.09767908561847875,0.41277026045362913,1,-0.08702072707231455,-0.03847476628590866,0.4291041017249983,1,-0.007999242323740672,0.00019113404608723164,0.4313170089179656,1,0.07077701500512008,0.008232486030865831,0.4317691471916811,1,0.15467570246495974,-0.014047680766725011,0.44142429753794765,1
2877.184888,grid_1709_y475_z565,480.702,477.764,563.956,20.653745253585363,2.256,-0.1752203349772716,-0.09838227184562648,0.41703852063963476,1,-0.09184168477572847,-0.037784960991184655,0.4292500451587769,1,-0.01200941246291328,0.0011939380091703438,0.43001268471935966,1,0.06756331665685167,0.009027021189540239,0.4299504957646801,1,0.15332110220966375,-0.014052193298553601,0.4393700620017113,1
2879.031941,grid_1710_y470_z565,480.726,472.763,563.992,25.31537378748338,1.523,-0.18079491479844076,-0.0982689056158844,0.41674792691328677,1,-0.09672640796203279,-0.037864030815789165,0.4339517256952679,1,-0.01407123038219846,0.0011151642660492827,0.4309402408905238,1,0.06703280069654284,0.008742848582592192,0.43063415242594294,1,0.1531427154404528,-0.013989933059728829,0.43928355838997873,1
2880.461204,grid_1711_y465_z565,480.576,467.748,564.411,30.13546425725013,1.238,-0.1879764385361216,-0.09988647480220414,0.4208891679260083,1,-0.1001835558764894,-0.03775681194074096,0.43041313136631865,1,-0.01694934006367145,0.0012675622565506805,0.42884479096793804,1,0.0654400127115538,0.009097302777689725,0.43259155539063415,1,0.1508410544959532,-0.013602864249950442,0.4334073458925795,1
2881.961102,grid_1712_y460_z565,480.536,462.889,564.837,34.885926833036834,1.298,-0.19101404857118034,-0.09915401813576025,0.41543207011120087,1,-0.10412656485139561,-0.03790120084034253,0.42616775697959813,1,-0.02068953222595429,0.000811475999483275,0.42727236677008307,1,0.06301574796913463,0.00888080376583724,0.4296813105049743,1,0.15142738477708373,-0.013774837491109118,0.43593004505046756,1
2882.593885,grid_1713_y455_z565,480.586,457.835,564.91,39.8128468964479,0.402,-0.19467193292198434,-0.09893186058599934,0.41308411708404785,1,-0.10977198463031772,-0.03843074531661393,0.43202596487155726,1,-0.024168874062347693,0.001196144208861513,0.4288010131477953,1,0.06085399947063944,0.00943220767987933,0.4314060668254791,1,0.15031850267691993,-0.01368017012718542,0.43421104636594304,1
2883.275015,grid_1714_y450_z565,480.698,452.805,564.684,44.71132319670263,0.509,-0.20200100263684606,-0.09942399116513817,0.4166943516188551,1,-0.11289421391752295,-0.03763234865139865,0.4313808104962145,1,-0.02549557458208616,0.0016220922104422991,0.4304906988282345,1,0.061005654248009154,0.009266409904130359,0.4319145664207578,1,0.15074139510188792,-0.013692041882184225,0.4349044701032078,1
2884.892418,grid_1715_y445_z565,480.962,447.595,564.446,49.833273482684206,1.416,-0.214641363947937,-0.10218913756469339,0.4287978498731726,1,-0.11862070259496199,-0.037351516494271236,0.4313019676341641,1,-0.02989824699085285,0.0019754363488336158,0.4266177036354855,1,0.05829065850810555,0.009853560081044375,0.4319532199296754,1,0.1494908186665719,-0.013597891395532538,0.43303809767954715,1
2885.475485,grid_1716_y440_z565,481.123,442.548,564.425,54.82332289272512,0.392,-0.21967070657787738,-0.10226326329925896,0.42855962314961826,1,-0.12266160879004735,-0.0375470689282518,0.4323067436808035,1,-0.03220348600194736,0.002010451842670966,0.42809349459584795,1,0.056909505375224066,0.010021418195211757,0.4302759903175455,1,0.1478310529365714,-0.013319408040696791,0.4292163234203905,1
2886.452752,grid_1717_y435_z565,481.103,437.727,564.507,59.5893122128457,0.795,-0.22138143040808597,-0.10044924904767984,0.42050790547924927,1,-0.12817876054458635,-0.03742906411185101,0.43400249151108716,1,-0.03573146078200742,0.0025286482856467607,0.4288419025496102,1,0.0550658496740904,0.010292195570536298,0.4301841146109429,1,0.14890645358189547,-0.013237331465065671,0.433117591136019,1
2887.197802,grid_1718_y430_z565,481.241,432.436,564.795,64.86533645175982,0.563,-0.22308206164382402,-0.09900318874129864,0.41210529340198,1,-0.1317245553990469,-0.037429316580906244,0.4299812335831206,1,-0.03891685063562071,0.002456290429166848,0.4299546839214608,1,0.05333275252607433,0.010113029723449818,0.42799123107503106,1,0.14855513092129155,-0.013376786291522058,0.43255140678826937,1
2887.84376,grid_1719_y425_z565,481.142,427.437,564.919,69.81689831981937,0.455,-0.2282829942060922,-0.09927253165606693,0.4127816289468585,1,-0.13678601530416432,-0.03773632623532278,0.43265861735865263,1,-0.041893654845407496,0.0026302808951752746,0.4316181851806908,1,0.051829387161545816,0.01051004635483073,0.42999143333456463,1,0.1476785010899184,-0.013278691064866099,0.4309767435934974,1
2889.740777,grid_1720_y420_z565,481.044,422.443,564.926,74.76009583995999,1.686,-0.23752690239784827,-0.10069442817239956,0.418481695217864,1,-0.14192676888360958,-0.037807308404825796,0.435212500308239,1,-0.044793382799358274,0.002590984424868399,0.4296939638498385,1,0.0502438753419863,0.010770753403239956,0.4317971885957559,1,0.14691351706757613,-0.013331468508590577,0.4293138003918962,1
2890.347257,grid_1721_y415_z565,481.071,417.47,564.76,79.6856854648311,0.396,-0.24180831973123593,-0.10056332433815811,0.4177623556250514,1,-0.14494879983675168,-0.03734925527844731,0.4324928834565911,1,-0.04728497351489173,0.00306223244684981,0.43091133064267345,1,0.04903520007334661,0.010993651647751684,0.4305935342567477,1,0.14697969666171243,-0.013257774198691091,0.43085445952533225,1
2890.927222,grid_1722_y410_z565,481.121,412.479,564.727,84.64658555429156,0.398,-0.2451087026412817,-0.09971492578425249,0.41463693501655263,1,-0.14872408028003872,-0.03667624983035094,0.4327375149766994,1,-0.04964115469793771,0.003133080820319436,0.430315878043155,1,0.048136527295029576,0.010670993891533831,0.4300974245194989,1,0.14660260388874344,-0.013283013165775062,0.42963626749431033,1
2893.790877,grid_1723_y405_z565,481.081,407.681,564.737,89.41499479393823,2.692,-0.25172876856535115,-0.09988637317988254,0.4144590256499477,1,-0.15382172923158596,-0.03662701973632496,0.43121971255570596,1,-0.053846555570913314,0.0033359358670526583,0.43033932141045067,1,0.04575679802037446,0.011101902276655253,0.43139028869930524,1,0.14529665837082525,-0.01324815144608501,0.4273951875765516,1
2894.541015,grid_1724_y400_z565,481.233,402.632,564.571,94.43871240651261,0.569,-0.26217005557670264,-0.10151517813571632,0.42301259027295063,1,-0.1576559293237014,-0.03605543439754288,0.4319915161007843,1,-0.05613541300696432,0.003441157726443357,0.43170023463843926,1,0.04455848926796171,0.011035690280632482,0.4287318169874483,1,0.14528635887010752,-0.013290448362804729,0.42771946081600803,1
2896.186528,grid_1725_y395_z565,481.15,397.835,564.351,99.19482108961135,1.446,-0.264078795511338,-0.10026357454338138,0.41790058009285347,1,-0.160584560835735,-0.03601117696950123,0.4285248549965972,1,-0.05918117199070058,0.0035724769226091087,0.43345402680207595,1,0.04315857838826855,0.011537845109308671,0.43172566781510274,1,0.14662405820220534,-0.01332457049354045,0.432438027416261,1
2899.241448,grid_1726_y390_z565,481.208,392.723,564.536,104.30101701325829,2.853,-0.26929790723604835,-0.1001842541687511,0.4168004801167134,1,-0.16631992129658726,-0.03580764612341455,0.430261447719465,1,-0.0626552495768266,0.004218714752857279,0.4306182103869854,1,0.04124983662675171,0.011861201167623509,0.43394300568160254,1,0.1463913279599215,-0.013275933722545605,0.43262343223853855,1
2901.506249,grid_1727_y385_z565,481.092,387.708,564.701,109.29932178197627,2.084,-0.2763165264471895,-0.10104782870276757,0.41921523940195726,1,-0.16962403550181926,-0.03553994469272908,0.42802921580246406,1,-0.06524019693949505,0.00414692914689802,0.43016229323030575,1,0.03941047150594892,0.011513986265049127,0.4287512869370321,1,0.145391843634553,-0.01330623064174759,0.4302625597813449,1
2904.483116,grid_1728_y380_z565,481.129,382.62,564.981,114.38773364745015,2.797,-0.27694367881824405,-0.09935786931701607,0.41110321383849197,1,-0.17530113231810338,-0.036484956374132425,0.42969403159135816,1,-0.06888097267380289,0.003768578054801627,0.4291963343954059,1,0.037081359018234526,0.011380764031082796,0.42638582739513287,1,0.14515821017457173,-0.013271568138449904,0.43079820652103146,1
2910.94905,grid_1729_y375_z565,481.321,377.419,565.12,119.59055993263014,6.253,-0.28578836784755407,-0.10096116076858057,0.41623684024038266,1,-0.17816089617123196,-0.035838232491402264,0.42839138338133376,1,-0.06957686382089893,0.004027764113053147,0.4231656720879322,1,0.036498051073427525,0.011615496091144109,0.4254125804460771,1,0.14457782258244253,-0.013324109527602863,0.4291734626255696,1
2912.598835,grid_1730_y370_z565,481.374,372.407,565.282,124.59852940544685,1.408,-0.29776693899799694,-0.1034818743197366,0.4250439278806315,1,-0.1825440862589591,-0.03603857248054796,0.42831700886293883,1,-0.0735694497752207,0.003999854434860496,0.427875631003185,1,0.035033080588290307,0.011725787295268112,0.42961817870942914,1,0.1454675022839369,-0.013165585931250027,0.43265270859483795,1
2913.775201,grid_1731_y365_z565,481.35,367.435,565.159,129.54796555330384,0.956,-0.30291872285804994,-0.10333834868422,0.4243400349482798,1,-0.1864978957988833,-0.035579698420650764,0.42549371835457434,1,-0.0768846129470644,0.004245055932853049,0.425935588785407,1,0.03280443469559665,0.01198234711715144,0.42957308499628516,1,0.144068043068706,-0.01304052350593754,0.430038129185268,1
2915.350347,grid_1732_y360_z565,481.356,362.473,565.1,134.49391010004874,1.394,-0.3086980843590342,-0.10341615768214159,0.4248181602541206,1,-0.19018367524547589,-0.03555429435189255,0.425549657817151,1,-0.07950259645089998,0.0043014437393224525,0.42746983601436733,1,0.031492928863535705,0.01207062942101691,0.4289631624035779,1,0.14516633693337244,-0.013233810906563113,0.43391054843003896,1
2917.74974,grid_1733_y355_z565,481.172,357.755,564.859,139.17962501386472,2.188,-0.30064153508373864,-0.09874311199280433,0.40723648157747333,1,-0.1956352405859272,-0.035703460047124484,0.4290338866516696,1,-0.0824886832811939,0.004350300882023302,0.4276248375310061,1,0.029888278506199278,0.011968701850806777,0.4242049663024459,1,0.14433014965476665,-0.013244199266655739,0.4314523548189439,1
2929.723771,grid_1734_y350_z565,481.295,352.756,564.766,144.16951590402184,11.742,-0.30373977069434216,-0.09795042174229951,0.40399039648493407,1,-0.20480582145663298,-0.03601357953301931,0.43885737151390436,1,-0.08770428370115924,0.0049801222386231065,0.4381521041567586,1,0.028331613191399613,0.012229423497581207,0.42678205888650256,1,0.14492083446519818,-0.013329908265768353,0.4336876396414538,1
2931.750154,grid_1735_y350_z570,480.659,352.043,567.459,144.99298265088555,1.736,-0.3215318695727924,-0.10631569766417011,0.42713318108299053,1,-0.2004080066970164,-0.03781440775853654,0.42848870124753846,1,-0.08709566521898708,0.0030624430497681507,0.43357987119337454,1,0.028153411492696147,0.011545658825254226,0.42840116943977297,1,0.14481278049751062,-0.013326080289144475,0.4335256593050482,1
2934.083742,grid_1736_y355_z570,480.996,353.308,568.993,143.85076574700602,2.321,-0.3151150255248602,-0.1065796059174741,0.42016291095737013,1,-0.1981328002084469,-0.0388282380856641,0.4264678645832683,1,-0.08522452293063582,0.0023335692109010724,0.42846097329739563,1,0.02859056132898095,0.011007070368070736,0.42455475518268737,1,0.1440891449563024,-0.013337376908126688,0.4311852180662825,1
2937.642075,grid_1737_y360_z570,480.763,357.911,569.949,139.32986658286873,3.367,-0.30340746143526576,-0.10525006898113148,0.411414524699498,1,-0.2006414890537992,-0.04079680353872487,0.4403544877192687,1,-0.08272690264752688,0.001925653510079062,0.4302152339495741,1,0.030199729065398768,0.01084352020255236,0.4279569374549976,1,0.14346779676501883,-0.013323083273145844,0.42919020002293284,1
2940.325192,grid_1738_y365_z570,480.72,362.686,570.139,134.591195826473,2.521,-0.3072157269658741,-0.10884135916621873,0.42405609950274287,1,-0.1897741612244598,-0.040004490677580155,0.42657202859355686,1,-0.07995228930252375,0.0014927449427434402,0.43166113966391567,1,0.03152493378868784,0.010573368742023588,0.4281784773591952,1,0.1432622933281831,-0.013305055316985831,0.4284463927671687,1
2941.455869,grid_1739_y370_z570,480.755,367.493,570.333,129.82788776684308,0.958,-0.30135143241389145,-0.10860243594950393,0.4232105809942304,1,-0.18786205166288752,-0.04062260931698373,0.4307174915898475,1,-0.07687513546994268,0.001275070281694472,0.4296223311749574,1,0.03299363543171327,0.01052052416473269,0.42632235474868163,1,0.1437445850711517,-0.013234606922136842,0.4285271257079195,1
2943.588514,grid_1740_y375_z570,480.726,372.592,570.365,124.75915385253302,1.971,-0.2952880316547824,-0.10850485640670375,0.42293249581883013,1,-0.18140021821504482,-0.04021234562005863,0.425124378972814,1,-0.07448965596333273,0.001513218970730747,0.4312198257082471,1,0.034203829877225464,0.010458543053928758,0.4245591756998408,1,0.1449348821406011,-0.013087495240760314,0.43104234227177035,1
2944.476767,grid_1741_y380_z570,480.664,377.596,570.249,119.77102713928774,0.738,-0.2871823080974924,-0.10735318390070321,0.41948133369902657,1,-0.1772222812437558,-0.04041878875393142,0.42656240282124364,1,-0.07161510665923476,0.0008702175647249448,0.4346137968222265,1,0.03703786428978765,0.010396657789970261,0.43361091898454546,1,0.14478093483949162,-0.013341791547751088,0.42990447480879207,1
2945.427689,grid_1742_y385_z570,480.517,382.73,570.171,114.65450109350263,0.8,-0.274201299659653,-0.10402414951271133,0.40783956229846946,1,-0.17291675975943496,-0.04008559516992336,0.4261420017961252,1,-0.06866898489508139,0.0011341407206988654,0.4307387427318292,1,0.037651701390182646,0.01039531401152559,0.428937038766799,1,0.1446148378604696,-0.013223912154896668,0.4295482764910437,1
2947.74182,grid_1743_y390_z570,480.668,387.764,569.911,109.63703847696725,2.151,-0.2767430594017067,-0.1067443643642957,0.4203486865192896,1,-0.1705143830614989,-0.040427478560936814,0.43193914554345625,1,-0.06508487847156942,0.0013267416491666488,0.4311534701550322,1,0.03997545561558882,0.01038201096467898,0.42936536063576164,1,0.14462088186163385,-0.013267877682017953,0.4276218311031073,1
2949.019645,grid_1744_y395_z570,480.865,392.587,569.882,104.85911594611125,1.126,-0.27123114502155776,-0.10657508767714859,0.41961591937127934,1,-0.16629928734352004,-0.0406357452327895,0.4303349066718322,1,-0.06197491223595575,0.0010685099150423765,0.4297367120381008,1,0.04036527536776167,0.009869832018952307,0.42228100829123366,1,0.14559233768396054,-0.013273505670227356,0.4297284608211002,1
2951.100583,grid_1745_y400_z570,481.095,397.78,569.373,99.66792794575399,1.928,-0.261397236527634,-0.10443435056788974,0.41351176473285944,1,-0.16172800395677298,-0.04038578149659594,0.4288226596713187,1,-0.05993508389653229,0.00106879141137061,0.43044440457765515,1,0.04263881515022933,0.010084231910805054,0.43059702908703007,1,0.14533213163759037,-0.013291727431966688,0.42862453963307856,1
2951.699028,grid_1746_y405_z570,481.237,402.565,569.698,94.97285075746647,0.455,-0.2615271942857529,-0.10639122077530423,0.4194733195616877,1,-0.1589440212376306,-0.040763288068382655,0.4304871859228228,1,-0.05782988720058376,0.0007067648805696929,0.43196477069562583,1,0.043735483492893,0.01002201058176864,0.4322723698901057,1,0.14533213163759037,-0.013291727431966688,0.4286245396330786,1
2952.35019,grid_1747_y410_z570,481.016,407.594,569.932,90.00784688570215,0.51,-0.2549200951637555,-0.10638652247750201,0.41908371155163104,1,-0.15365595827780457,-0.04075744384854616,0.42960236982198013,1,-0.054059856107495585,0.0007351912242542089,0.42894463174203795,1,0.04549317621869581,0.009928431065861889,0.4307906051315911,1,0.1460487911997094,-0.013282667572412954,0.42965114799092285,1
2952.95251,grid_1748_y415_z570,481.036,412.354,570.378,85.36525228100719,0.451,-0.2526840708989751,-0.10772794187905438,0.423140072416129,1,-0.1486764295372449,-0.040976188684764187,0.428125187005441,1,-0.05000269400821505,0.00036975891597516283,0.4282194346600153,1,0.047989922017244356,0.009949706916135146,0.43297667001791346,1,0.14632904166296037,-0.013270738821684268,0.429136945938086,1
2953.556383,grid_1749_y420_z570,480.908,417.376,570.274,80.38609529638819,0.451,-0.2446001050800927,-0.10655442662157001,0.41879960914835596,1,-0.14794395840565047,-0.041889933257660876,0.4344304420650544,1,-0.04884169544150521,0.00012108719821920178,0.42775870901530616,1,0.04830164317269567,0.009593900117271383,0.4279323204142332,1,0.14746515099481458,-0.013372468174119537,0.4324107006101436,1
2954.094597,grid_1750_y425_z570,481.017,422.589,570.084,75.23259985538184,0.396,-0.23939250141989285,-0.10655859027492924,0.42043487968848164,1,-0.14077750584819007,-0.041111064308374565,0.42886954952540096,1,-0.045672100116148445,0.00018994599467399973,0.4305591405392775,1,0.04962562249514212,0.009589940450867676,0.4293700405504208,1,0.14612017487592988,-0.013219885888436096,0.42824849436554513,1
2956.001788,grid_1751_y430_z570,481.309,427.605,569.819,70.28799401035712,1.755,-0.23593217309636208,-0.10778615075579157,0.42577913055172756,1,-0.13678345070696138,-0.04173608125105072,0.4334266346687097,1,-0.040931759986049115,-0.00019498031312690416,0.42464018786790053,1,0.051853101449093254,0.009123038405793912,0.4263421957846725,1,0.14754749998087127,-0.013352839292881684,0.4305163391628755,1
2957.117271,grid_1752_y435_z570,481.274,432.626,569.827,65.36263227563592,0.962,-0.22792901875896096,-0.10639520761318699,0.4215660073087982,1,-0.13309312540827453,-0.042167591662534455,0.4329417100762088,1,-0.03921190402232859,-0.00039986912545757143,0.42494637574841554,1,0.05346572504657224,0.009412186460009651,0.43239409147074087,1,0.1488674101200195,-0.013466865661785602,0.43388470157895553,1
2957.784656,grid_1753_y440_z570,481.22,437.748,569.558,60.30091738108137,0.515,-0.22234513772374098,-0.10631243174799719,0.4221185009399653,1,-0.1276729782234185,-0.04154684045621234,0.43438455669892373,1,-0.03498702149449088,-0.00027728159611490114,0.4293689013057451,1,0.05595875148164977,0.009102305101990957,0.43077097486653154,1,0.14922923770408592,-0.013392014208810426,0.4334432207616909,1
2958.679609,grid_1754_y445_z570,481.359,442.527,569.911,55.733664028125766,0.734,-0.21653976672292818,-0.10644003785756469,0.42037912829612384,1,-0.12432903222911103,-0.042167989582194865,0.4340792845682175,1,-0.03317605332499151,-0.00045345644543793776,0.4312483382173447,1,0.0565755099037983,0.009313588460098991,0.43136456857247274,1,0.14873606837726058,-0.013304489095513022,0.4320050529566053,1
2959.229162,grid_1755_y450_z570,481.052,447.609,570.098,50.816643513715086,0.399,-0.2120245145831048,-0.1060692516018049,0.41930537683950897,1,-0.12145363412833583,-0.042320664433866305,0.43426810893755813,1,-0.030854367079373956,-0.0009762929382413243,0.42514414239276355,1,0.05764572271839016,0.008533509431881666,0.4305192448487625,1,0.1482953836150104,-0.013306741683600022,0.43011778567297204,1
2959.894076,grid_1756_y455_z570,480.956,452.719,570.382,45.966790468772125,0.512,-0.20799338650608332,-0.10789370846137099,0.4261507428493981,1,-0.11443878103474144,-0.04238335696006241,0.4312486398233823,1,-0.027143141810383378,-0.0011425815235926544,0.4308395566981826,1,0.060007914761504556,0.008414034883697465,0.43114762828705894,1,0.15178641624768882,-0.013886644763105098,0.43936852268711557,1
2963.21311,grid_1757_y460_z570,480.933,457.824,570.015,41.01104545119521,3.158,-0.196561166395393,-0.10472257333885453,0.41506111049053157,1,-0.10954129631993408,-0.042478658219977254,0.4324032553543727,1,-0.022816536101377762,-0.0012534634288746964,0.42606959604060995,1,0.06199960230785645,0.008134361085443671,0.431296452256468,1,0.15249839993911085,-0.013988888748894403,0.43986128218885673,1
2964.836419,grid_1758_y465_z570,481.241,462.787,569.528,36.25865602859547,1.461,-0.194588334077471,-0.1063005720148939,0.42276118503313515,1,-0.10542182611124944,-0.04180694773777269,0.4309902776148687,1,-0.020644654725615847,-0.0009901112987431187,0.42905460744247037,1,0.06297578509917585,0.008272063963073522,0.43068200995054634,1,0.15121141638716237,-0.013695993240908,0.43557343293439166,1
2965.576751,grid_1759_y470_z570,481.541,467.581,569.38,31.8485659488775,0.568,-0.19056896325540884,-0.10661271262194229,0.4247207566551614,1,-0.1014603489225036,-0.04216480492807973,0.43112671518973905,1,-0.017347389048250218,-0.0010655019224956252,0.42131119037353454,1,0.06496025626691751,0.008068715600397075,0.4294156487621213,1,0.1529315072907908,-0.013999191314177324,0.43948475315499524,1
2966.149164,grid_1760_y475_z570,481.479,472.43,569.557,27.554085595424873,0.401,-0.18410726776870542,-0.10563784332545119,0.4208547164336455,1,-0.09783268982181414,-0.04240575907456021,0.432495806182037,1,-0.015034634502109201,-0.0014937504765837634,0.4291786001833912,1,0.06558493268082188,0.00756519438482836,0.42673045030202655,1,0.15200680695740718,-0.01401849870074521,0.4365534336202355,1
2967.065185,grid_1761_y480_z570,481.461,477.305,569.732,23.469149302861403,0.734,-0.17849302856708427,-0.10651944578184953,0.42403309358020386,1,-0.09249947094164117,-0.04300493921977396,0.4312090492226504,1,-0.011798212373873964,-0.001938024265697031,0.4290462178838382,1,0.06851392662896662,0.007737575231302214,0.43008456605938283,1,0.1520662129128905,-0.013955244966396252,0.4364469764232948,1
2971.21172,grid_1762_y485_z570,481.23,482.157,569.647,19.538659805626448,3.985,-0.1753620658606969,-0.10748453643269061,0.42922777832759035,1,-0.08925589471221351,-0.04304069747772777,0.43351142275291604,1,-0.00946515934531353,-0.0019072441962689089,0.42766432947909094,1,0.06883200550060857,0.007515371039021921,0.42943646557487775,1,0.153728864394493,-0.014006987078528432,0.44023618923539615,1
2973.37197,grid_1763_y490_z570,481.694,487.334,569.862,16.442116195915908,1.91,-0.16472624138475392,-0.1045981020061401,0.41554441691596744,1,-0.0832277147986178,-0.0432402744847857,0.42578180901496115,1,-0.00635612245951778,-0.003139764643900866,0.4259565507012479,1,0.07122752366503264,0.006895940332156751,0.43160051396971116,1,0.15649969111590026,-0.014437725796602805,0.4472861829497711,1
2974.32091,grid_1764_y495_z570,481.301,492.471,569.267,13.5093942869398,0.787,-0.1577804785980528,-0.10314069762457911,0.41387487221132563,1,-0.07876427964531167,-0.04221933008477393,0.4296772853381153,1,-0.0023441107798024374,-0.0019935793760445047,0.426004802284492,1,0.0739148123682729,0.007284007507121882,0.432295798818213,1,0.15454373764037607,-0.014079542520718304,0.4400994422445194,1
2976.308362,grid_1765_y500_z570,481.487,497.654,569.312,13.03840680451417,1.745,-0.15558538931873542,-0.10535231089755975,0.42212621767718855,1,-0.07371047716543476,-0.04222552962072623,0.4270597702204533,1,0.0007528388415925475,-0.002222130647199612,0.4264944298017386,1,0.07484764650347485,0.007095190039915361,0.42909514978063873,1,0.15484941990714995,-0.01406270507662006,0.4400105246753006,1
2981.932794,grid_1766_y505_z570,481.425,502.213,569.609,14.347445417216338,5.452,-0.15188332502654356,-0.10688318037764676,0.42702316738233986,1,-0.07115518862398602,-0.044031810184301405,0.43401499998149545,1,0.0032287559035743558,-0.00330411937902148,0.42158642907339056,1,0.07689609294333015,0.00649422591891968,0.43194925451201244,1,0.1591206114623004,-0.014631496223359375,0.45173060872754306,1
2982.636589,grid_1767_y510_z570,481.564,507.418,569.74,17.208151934475755,0.452,-0.14683147647208242,-0.1066358260748439,0.4259352700704188,1,-0.06717480652609882,-0.04326918590357753,0.4288064962400373,1,0.004754382457709586,-0.003084872778338624,0.4273172436351223,1,0.0778138581846376,0.00662472528321131,0.4318076399947408,1,0.15815642566501453,-0.014534093142944354,0.4491446888890395,1
2985.016207,grid_1768_y515_z570,481.532,512.244,569.569,20.478586035173443,2.19,-0.1403870691322284,-0.10655013301761936,0.4260024163719139,1,-0.06204674126586466,-0.043626198260796785,0.43009243286521054,1,0.008565147393568076,-0.0036658619615227966,0.4268888805136546,1,0.08055777173313251,0.00614474489589211,0.43406462653493,1,0.15601095707505616,-0.014326841835707664,0.4414659171375746,1
2988.220062,grid_1769_y520_z570,481.67,517.043,569.684,24.432825256199923,2.993,-0.13465635125353959,-0.10637722638810755,0.42546133209715536,1,-0.05720210066606676,-0.04381784838127326,0.427897346893386,1,0.011616884388114606,-0.003696759452187302,0.42483620470129707,1,0.0816594369493941,0.005873422917613187,0.43005390020097045,1,0.15940913912405308,-0.014542627808742338,0.4493808144507832,1
2989.604438,grid_1770_y525_z570,481.783,522.357,568.851,28.740703992769554,1.132,-0.1300725641196769,-0.10647042482019492,0.42968626323463166,1,-0.05164937424767294,-0.042469561394746454,0.4203317684528331,1,0.014726866495773755,-0.0038369764209755957,0.4278979603816109,1,0.08409618520379845,0.0057086047912686955,0.4323786619048146,1,0.15950504160478776,-0.014562024301434773,0.4493637044466157,1
2990.615353,grid_1771_y530_z570,481.958,527.372,569.194,33.45470593205084,0.737,-0.12132348500768338,-0.10364174706746405,0.4171000348774829,1,-0.048633092298268926,-0.043584095445520214,0.4266377827167683,1,0.017348607314125006,-0.004302820731633623,0.42699626797060813,1,0.08476219301903587,0.005329937672020343,0.4286294178054222,1,0.15634517383077903,-0.014318395815409357,0.43977765102295235,1
2991.347964,grid_1772_y535_z570,481.759,532.13,569.09,37.80579363007741,0.511,-0.1175982346070269,-0.10477840093996589,0.42268281542375036,1,-0.04378009980771307,-0.042816641356603256,0.41833825633217714,1,0.020091814049423614,-0.004587996912425802,0.4272450713928351,1,0.08658237782576274,0.0052897197539668,0.43027159464735715,1,0.155964579371449,-0.014204942843112564,0.4380113706293263,1
2995.139446,grid_1773_y540_z570,481.637,537.207,569.548,42.705257205641566,3.529,-0.10874989807394166,-0.10337383649389607,0.4156548915800275,1,-0.03916516807926118,-0.04371799366695408,0.42428580311231306,1,0.023882007467718014,-0.004658666150691674,0.4264537545899369,1,0.08894496879377356,0.0050096615488597115,0.43207142487521577,1,0.16066098126853745,-0.014550937056787885,0.44961036554932793,1
2997.296267,grid_1774_y545_z570,481.586,542.413,569.357,47.62900665560853,1.906,-0.10318969082517043,-0.10284910224814185,0.41463553863620733,1,-0.03442555959065314,-0.043385942629671874,0.42149596755397917,1,0.026479815030113176,-0.005117905009544658,0.4268713443924322,1,0.09048745532851003,0.004773799956659646,0.43194482603007794,1,0.16018350039633286,-0.014602787416304969,0.4480570598424493,1
2998.839476,grid_1775_y550_z570,481.546,547.689,569.216,52.687403257325165,1.243,-0.10031280942582467,-0.10587391224125954,0.42774947061464114,1,-0.030375647456264646,-0.043886462516737196,0.42694235775369366,1,0.02948720712782842,-0.005083506501394812,0.42764478695135466,1,0.09229093018240268,0.004649685172903603,0.4322116098384341,1,0.15693285017282912,-0.014263031647223543,0.43728609940815394,1
2999.946633,grid_1776_y555_z570,481.722,552.566,569.239,57.454149319261575,0.845,-0.09464486322935972,-0.10571261467332181,0.4272160652757134,1,-0.02546715278638059,-0.04363824048659063,0.42163488142336897,1,0.0323025442728164,-0.0052613972376189646,0.4225484841582457,1,0.09380524537964195,0.004489936534419168,0.43101236994957476,1,0.15686905375839919,-0.014178754227975722,0.436864932541076,1
3001.764177,grid_1777_y560_z570,481.361,557.464,569.562,62.2481117464619,1.453,-0.08846749869900912,-0.10498212351328286,0.4243607129271994,1,-0.021492040304164624,-0.0441940256246614,0.42467919321813885,1,0.035468055838312355,-0.00608354361403021,0.43093336766222196,1,0.0952667713372984,0.004159219109093414,0.43150779622331803,1,0.16289341048271067,-0.014655336471275838,0.45240969553180704,1
3003.800136,grid_1778_y565_z570,481.554,562.315,569.499,67.00799882849815,1.744,-0.08266218468462658,-0.10502756259190267,0.4239800090128331,1,-0.017099179416998386,-0.043715756180582384,0.4202511182114607,1,0.03776003298060098,-0.006292731805028203,0.42731713576666447,1,0.09662886388514792,0.003783460887384804,0.4308467615694236,1,0.16222089182050936,-0.0146346832122664,0.45044499728908677,1
3007.38467,grid_1779_y570_z570,481.867,567.477,568.944,72.02591520418187,3.263,-0.07563689048929205,-0.10235647475164454,0.41717355359506003,1,-0.012411964608080096,-0.04367800985596924,0.4227807403091031,1,0.04140576497764476,-0.0061671683384842075,0.42992499904447584,1,0.09839210942143582,0.003812092031609511,0.4295647014078629,1,0.1593951335050984,-0.014228025318880752,0.4404930082866971,1
3008.989212,grid_1792_y570_z575,482.393,568.436,571.669,73.46537890054067,1.462,-0.0750350502748318,-0.10675260926418229,0.4195579596465975,1,-0.011400999429843265,-0.04611988132986683,0.42099377404059646,1,0.0421340608505153,-0.007772579536558279,0.4283303488804712,1,0.1007100526516589,0.0030761672259890273,0.43777956148533387,1,0.16002782083109748,-0.014430222037927097,0.44179781894492215,1
3009.95865,grid_1793_y565_z575,482.082,567.213,573.481,72.58812703879332,0.957,-0.07571198374230698,-0.10764342066594772,0.41666152494275305,1,-0.012316845510193124,-0.04735079322853277,0.4209830592605197,1,0.04187239298355222,-0.008309906703850579,0.42837315162983186,1,0.09939679745845582,0.002786571422018993,0.4331860764812669,1,0.16011979687055486,-0.014546153461075531,0.44221583870371967,1
3015.604255,grid_1794_y560_z575,480.882,562.86,573.895,68.32753715743019,5.345,-0.08227226360074548,-0.11026735858783532,0.42616964387861106,1,-0.016797232198932806,-0.048872212287677054,0.43346300787189707,1,0.03867482935981207,-0.008608730539178232,0.4273421959136927,1,0.09759239911159738,0.0027770443840833634,0.4317555079929416,1,0.15897918944867293,-0.014478964160550585,0.4406496468038172,1
3017.578454,grid_1795_y555_z575,480.758,557.832,573.923,63.45898049921698,1.692,-0.0877516649555875,-0.11065652700451496,0.42601782837247754,1,-0.021574427163715243,-0.04947680035245342,0.43768824545021684,1,0.035778727033080444,-0.008239139729264123,0.42940533003862846,1,0.09636170451200744,0.003135097536537393,0.43497277386282435,1,0.16207410810330425,-0.014629045822410794,0.450165294987049,1
3019.258133,grid_1796_y550_z575,480.624,552.993,573.819,58.76318339743012,1.399,-0.0934905141604067,-0.11094211189555135,0.4270078944212387,1,-0.025674991072013497,-0.048667785820109555,0.430919988284989,1,0.03276236996206599,-0.008216232697878504,0.4282453997553826,1,0.09428547030361305,0.0030743481478662424,0.4344304030278907,1,0.15686905375839919,-0.014178754227975722,0.436864932541076,1
3022.272232,grid_1797_y545_z575,480.349,547.997,574.219,54.0718763684043,2.753,-0.09957633959545188,-0.1114615564768253,0.42787546720937036,1,-0.030585874705296726,-0.049443459014512796,0.43721368599715477,1,0.030085615492495683,-0.007775737920843267,0.4341234859901133,1,0.09220319603923176,0.0035095803764383904,0.4317026223888379,1,0.15667189284330765,-0.014331196611980365,0.4367511165091316,1
3024.715374,grid_1798_y540_z575,480.179,542.799,574.214,49.13711600206102,2.162,-0.10396467130021969,-0.10975513017428314,0.42214321941160254,1,-0.03524027583356249,-0.049578866626167166,0.4384422792273846,1,0.02620274188365804,-0.007366223918530139,0.42131555263904713,1,0.09020018271451163,0.0036549291224299576,0.4302317625428009,1,0.15763040521580363,-0.01452082975659198,0.4411356313716683,1
3025.821954,grid_1799_y535_z575,480.422,537.973,574.212,44.664022725231526,0.897,-0.1073989786333668,-0.1082144736112497,0.41411259960755326,1,-0.03838214335174541,-0.047942909672416066,0.4244956802284474,1,0.024270996514062105,-0.007635820070338498,0.4302006131075026,1,0.0894161405958795,0.003882075798768869,0.43348611649867547,1,0.16163776960475132,-0.01464771171514026,0.4521928502866189,1
3026.546461,grid_1800_y530_z575,480.517,532.871,574.108,39.9604774871372,0.454,-0.11548610377662788,-0.11114942182748062,0.42548305261665004,1,-0.042443042092121235,-0.04814903123362743,0.42699097613582654,1,0.02177865296201925,-0.007737456119287293,0.43535376581508295,1,0.08716554432872266,0.003981558409285131,0.43004338080677246,1,0.15691475748287462,-0.014249848792198982,0.44017518933792726,1
3027.951116,grid_1801_y525_z575,480.596,527.931,573.891,35.45886229139343,1.184,-0.12087081472963392,-0.11029715712471211,0.4226864182266226,1,-0.04693195833890031,-0.0475282802679149,0.4244197349245952,1,0.01809493490661201,-0.00715839852891912,0.426103830261771,1,0.08547262398236204,0.00410682398898151,0.4296220365168136,1,0.1553728133737918,-0.014189840673137227,0.43688688517002955,1
3029.587043,grid_1802_y520_z575,480.544,522.706,573.969,30.97034649467138,1.346,-0.12470593372665974,-0.10829807157391447,0.4143094743741333,1,-0.05142058665947338,-0.04726236556374098,0.4201887241035274,1,0.01484304395903179,-0.0068328505210750986,0.4226423233451068,1,0.08385535068996978,0.0043420714334956945,0.43034781983744447,1,0.15959658753422543,-0.01461533352115745,0.4497887575557589,1
3032.731374,grid_1803_y515_z575,480.649,517.418,574.447,26.973355538382723,2.934,-0.13341644067592254,-0.11176825953225546,0.4249196361531342,1,-0.055993792298610894,-0.0471795173049448,0.42224494254444367,1,0.011921240689512185,-0.006546586527197154,0.42659670525841914,1,0.08200605470408824,0.004727153354295421,0.4304761056064617,1,0.15953525592320716,-0.014504529795716275,0.44972718494493,1
3034.105357,grid_1804_y510_z575,480.562,512.415,574.586,23.40548965520698,1.133,-0.1387398863483991,-0.11181564906773829,0.42443037352274854,1,-0.06083330892031242,-0.04791928140987447,0.42560933899140935,1,0.00907102417879813,-0.006731193008036325,0.4292868087874169,1,0.0800909638563111,0.0045577455532267025,0.42903491032995783,1,0.15513002532897593,-0.014176098074222212,0.4387171949692266,1
3035.224452,grid_1805_y505_z575,480.77,507.481,574.443,20.355767020675014,0.918,-0.14440081352019654,-0.11164694712217756,0.42430944158502054,1,-0.06557917353467312,-0.04800576352411449,0.4290391395939412,1,0.006206481545903195,-0.006584791462572174,0.42555003884518144,1,0.07949953521577441,0.004859175093955202,0.43486064362877935,1,0.1591206114623004,-0.014631496223359375,0.45173060872754306,1
3035.980032,grid_1806_y500_z575,480.709,502.532,574.089,17.871144591211916,0.513,-0.14640620195058116,-0.1087766300537751,0.414841977579181,1,-0.06890308762707503,-0.04674264701623842,0.42594613250909324,1,0.003680259871656419,-0.005343183102747615,0.42705413104730644,1,0.07652644952798414,0.005575731285624865,0.4289465624833048,1,0.15815642566501453,-0.014534093142944354,0.4491446888890395,1
3036.638344,grid_1807_y495_z575,480.798,497.752,573.709,16.587360670100583,0.456,-0.1554953447925427,-0.1111191374408153,0.4246420575546297,1,-0.07515442094066091,-0.04784528318521963,0.4359124106824108,1,0.00041439974133491726,-0.005642928961517705,0.4227133855467946,1,0.07467806508388672,0.005171849549611386,0.42754094474102816,1,0.1542996824758711,-0.01414448082128427,0.4388010095350255,1
3037.328653,grid_1808_y490_z575,480.531,492.782,574.274,17.397082514030952,0.459,-0.16119751376884686,-0.11200475903718549,0.4253880985232476,1,-0.07880276980732287,-0.047539572190472966,0.4317697129978581,1,-0.0024556667527593596,-0.005384406817515132,0.4272570807296181,1,0.07307481836272293,0.005547928220615886,0.42948348104219586,1,0.15408968503620935,-0.014143068929019379,0.4387607740434227,1
3037.909786,grid_1809_y485_z575,480.511,487.819,574.579,19.36052504453326,0.401,-0.16307881808907654,-0.11044843022682371,0.4185707945429668,1,-0.0827218368281991,-0.04811671272639164,0.43461085482205686,1,-0.00524341859422863,-0.005631645651521039,0.42259733162613466,1,0.07140217351350996,0.005530426758403686,0.43125467372830895,1,0.15724982680795105,-0.014562503867595432,0.4494528059918777,1
3039.006695,grid_1810_y480_z575,480.515,482.738,574.494,22.076820423240342,0.905,-0.17246666963993929,-0.11230542890327268,0.42543188625267875,1,-0.08735447126998974,-0.04783116970835404,0.4341159147404235,1,-0.007804442458640245,-0.0052434291877169956,0.4267526782349846,1,0.06924175396917477,0.005870934336635718,0.42669389579142664,1,0.1570510851767957,-0.014561500533126352,0.44942902993276007,1
3043.199848,grid_1811_y475_z575,480.765,477.534,574.299,25.610862949147194,3.991,-0.17565147656181732,-0.11054485320207273,0.41861016609895235,1,-0.09200790888786986,-0.047036503794895636,0.4315901343368053,1,-0.011076000770753205,-0.00480953365471311,0.42313473862256074,1,0.06799090631751903,0.006178183482812006,0.427854431690706,1,0.1562415435292616,-0.014499976196482684,0.4473688640875942,1
3043.866676,grid_1812_y470_z575,480.814,472.615,574.245,29.44141482673686,0.456,-0.18439951933247312,-0.11250754207450164,0.42625227255299647,1,-0.09680719674229167,-0.04709880409407643,0.4342475887600275,1,-0.014364892276484133,-0.004436043596067551,0.4295061345730182,1,0.06637387544690651,0.006517304365208032,0.42970897484904613,1,0.1517335274497276,-0.014164572325364305,0.4362271772161212,1
3045.497515,grid_1813_y465_z575,480.896,467.644,574.285,33.652435127342564,1.43,-0.18793715203528263,-0.11123069157334114,0.42125333293369954,1,-0.10046817973321025,-0.04651391831741002,0.43209396676618655,1,-0.016703979207453725,-0.004166894617412038,0.423151948723062,1,0.06520052709711137,0.0067218097271427605,0.42879650380981743,1,0.15233305025051877,-0.014224655567548856,0.43824632156876203,1
3046.148189,grid_1814_y460_z575,480.876,462.693,574.297,38.00017993378456,0.459,-0.1917544642076863,-0.11029947647579397,0.4171094470979288,1,-0.10617316523757814,-0.047074975308680045,0.4347913313808938,1,-0.02027638515389006,-0.00417227175256539,0.42157025794883934,1,0.06323761752853348,0.0066250784132143034,0.43035011257893147,1,0.1557470210452017,-0.014536433755922023,0.44864371777197326,1
3046.776733,grid_1815_y455_z575,480.862,457.586,574.584,42.726678188223325,0.457,-0.1963967304782365,-0.11030025728866726,0.4151716933946194,1,-0.10985031300897034,-0.04666084577126281,0.432844054363655,1,-0.023355889457519503,-0.004212091558745405,0.4292485160455624,1,0.061612599923788335,0.006786924077858768,0.42800637750248754,1,0.15586899662864873,-0.014490599631810494,0.4491138126087497,1
3048.365162,grid_1816_y450_z575,480.732,452.462,574.725,47.48349803879241,1.397,-0.20200617657963874,-0.11000916901091846,0.4155661202252942,1,-0.11329611567261745,-0.0464450118313661,0.4318119823333763,1,-0.025015664118501566,-0.003865091840223035,0.4235147530179045,1,0.06013435099273456,0.006953855048346568,0.42373513935195,1,0.15580237747096812,-0.014553290647506226,0.4492000646242802,1
3049.692094,grid_1817_y445_z575,480.724,447.648,574.65,51.96595051569824,1.127,-0.20607634299902097,-0.10940564138215568,0.4131324508508292,1,-0.11866369532132204,-0.046553757319528426,0.4343069588055377,1,-0.02896406396264001,-0.0036466217644786103,0.4283877673107341,1,0.058628246114600414,0.007287346883100332,0.4305839224108841,1,0.15178717458756022,-0.014154278478007772,0.44000853764909986,1
3050.734026,grid_1818_y440_z575,480.746,442.765,574.682,56.60268221559825,0.851,-0.21876580660386225,-0.1134316159543456,0.4269746811354704,1,-0.12341520593039612,-0.04681818077520622,0.43479689714796904,1,-0.03205536814481246,-0.003840828822412455,0.4292967910985479,1,0.05690744628088504,0.0069179289965285865,0.4272911620251129,1,0.15189968554842279,-0.014039201280913134,0.4402627749330168,1
3051.370653,grid_1819_y435_z575,480.767,437.898,574.642,61.24325282020869,0.457,-0.2196778827125779,-0.11198892131853183,0.4198009944943016,1,-0.12636932234575873,-0.046311236612896996,0.4317309819131557,1,-0.035234922014713364,-0.0035609711220991047,0.42997724718555475,1,0.054364662117595754,0.00717698459121826,0.42508667889188234,1,0.14850810852805488,-0.013640733235640771,0.4318638293248089,1
3053.403296,grid_1820_y430_z575,480.881,432.886,574.601,66.06540490302014,1.861,-0.22606766452546803,-0.11178957142968177,0.4197110590785771,1,-0.13131206243539842,-0.04599297761919591,0.4337632121981856,1,-0.03744078209559238,-0.003095273623966849,0.427965741155052,1,0.054076822799241565,0.007536899223863358,0.43008796045476344,1,0.14896887525642183,-0.013773084446382665,0.4332971457560603,1
3054.015646,grid_1821_y425_z575,481.146,427.893,574.367,70.86670215975909,0.401,-0.22815798466569448,-0.11020650425221444,0.4147180347264163,1,-0.13427503628390605,-0.04555453768315922,0.4298188838310024,1,-0.04062677469709185,-0.0026593659660790366,0.427153122757651,1,0.052578622663666585,0.007938954455604106,0.4292796454220731,1,0.14813982267312856,-0.0135851113949153,0.4323022751762689,1
3054.717206,grid_1822_y420_z575,481.196,422.658,574.707,76.03051525538939,0.52,-0.23521370716414738,-0.11088605127040667,0.4151431648315524,1,-0.1401649115706288,-0.04588774394755798,0.4324088574398568,1,-0.0443782704711685,-0.00304180498128682,0.4316833196980978,1,0.05056738214562184,0.007736030945724773,0.4293869154983759,1,0.14797842913991713,-0.013560807220936819,0.43294261780189774,1
3055.57223,grid_1823_y415_z575,481.089,417.598,574.998,81.01088531796205,0.675,-0.24133829904343473,-0.1117186368266832,0.41677892977926717,1,-0.14438606739182536,-0.04568677702154623,0.4291415602644022,1,-0.047431739008003355,-0.0028544419543837167,0.42868702274441434,1,0.04867235041423329,0.007798243813621086,0.4259150952975633,1,0.14715373050652888,-0.013401056846260093,0.4305582083071963,1
3056.217275,grid_1824_y410_z575,481.142,412.539,575.167,85.98959883032367,0.455,-0.24961711364880648,-0.11376692866178077,0.4232325732606001,1,-0.1487073310234223,-0.04622182745260719,0.4349949993146671,1,-0.04871704176161661,-0.00290608166139358,0.4296114402668159,1,0.04804036441381549,0.007844045966634324,0.42801757510689553,1,0.14705239505801435,-0.013528810510134492,0.43097745594353887,1
3057.442238,grid_1825_y405_z575,481.102,407.523,575.195,90.90235329737067,1.014,-0.2554700980632694,-0.11337930639480776,0.42176849576014086,1,-0.15217061563853174,-0.045464609683321944,0.42850737562518315,1,-0.05251582530951951,-0.0028143305642700594,0.42630449092539296,1,0.045889603739056456,0.008220285825446082,0.4274510537301972,1,0.14573937221540675,-0.013308236664143444,0.4276385446827356,1
3061.854627,grid_1826_y400_z575,481.105,402.614,574.943,95.67529489371854,4.221,-0.2588277668168153,-0.11216652106892955,0.41852792113891807,1,-0.15738408835080978,-0.04533859808756472,0.43164776333182137,1,-0.0561926456076294,-0.002397050540324619,0.4332989513418954,1,0.04489598883321085,0.008352348828249619,0.4301608298471384,1,0.1459527454141497,-0.013380252666726426,0.42972228674994567,1
3064.070391,grid_1827_y395_z575,481.199,397.349,574.812,100.83822511825565,2.023,-0.2610848713300369,-0.11059000003021663,0.4122348259262476,1,-0.16277451373822974,-0.045329681545475425,0.43090972384894427,1,-0.0600743618329595,-0.0020236703622252927,0.4303189705551995,1,0.042531121047917654,0.008576274719652912,0.4302237741873542,1,0.14561034824428126,-0.013317102365742949,0.42924968318868895,1
3066.912719,grid_1828_y390_z575,481.256,392.424,574.61,105.66289568718058,2.651,-0.2621424931160347,-0.10861967473293983,0.40543995410271294,1,-0.16686107153464472,-0.04478714370672789,0.4308979440734846,1,-0.06322321983947571,-0.0019286465085133484,0.43087727106320317,1,0.04072613074256587,0.008898934817491775,0.4299038389231169,1,0.14522966954634578,-0.013307500826036836,0.42876884069910853,1
3071.719841,grid_1829_y385_z575,481.256,387.441,574.702,110.59316232932308,4.626,-0.27078194132219374,-0.10980077711338865,0.41022305871516657,1,-0.17083718902495418,-0.044777775572701926,0.43115069143964857,1,-0.06549109217987985,-0.0017432846385076854,0.4320758617706584,1,0.039484686977796876,0.00895446166267015,0.4281001783287713,1,0.1458820731895663,-0.013337729920016118,0.4311462349479984,1
3074.542767,grid_1830_y380_z575,481.327,382.706,574.434,115.23697108133307,2.632,-0.28273328492237665,-0.1122828716787408,0.4206863498820122,1,-0.17313544946129042,-0.043939746980470956,0.4268200025455376,1,-0.06835493959584242,-0.001452917117909679,0.43244348517515324,1,0.03850995044732315,0.00920777833656362,0.42963258673437466,1,0.14529403961140572,-0.013309194451186985,0.43067292491489245,1
3076.731015,grid_1831_y375_z575,481.289,377.838,574.469,120.05367888157362,1.976,-0.2891796145893142,-0.11277014216067555,0.4222568384917283,1,-0.17578006986486827,-0.043441870891975244,0.42221641623707956,1,-0.07090223967313679,-0.001149963723222773,0.42756630991719513,1,0.03604348542524936,0.009342579578816164,0.42654536326412273,1,0.14469436179574116,-0.013324725678339651,0.42951961825865953,1
3077.417264,grid_1832_y370_z575,481.137,372.949,574.748,124.92035876109226,0.455,-0.2900950802790401,-0.11192506619663893,0.4164276177873251,1,-0.18164284564641855,-0.044264697535545294,0.4278975186049024,1,-0.07301652549887182,-0.0011085288333443203,0.4288216076626526,1,0.035498949992931565,0.009242618989535671,0.4293411345031499,1,0.1444133874032826,-0.013298879242446623,0.42888095063791704,1
3078.223667,grid_1833_y365_z575,481.018,367.834,574.9,129.99898103062193,0.616,-0.2967621781549898,-0.11221236498120592,0.41761035786174566,1,-0.1869417109175634,-0.04435014807930701,0.4289894627251147,1,-0.07622569069777914,-0.0012400634890134372,0.4257275068972908,1,0.032799913659499726,0.009285871767418916,0.42409406556646045,1,0.1433872437305288,-0.013261340312521797,0.42753236816323215,1
3078.913252,grid_1834_y360_z575,481.141,362.688,575.081,135.1269959741576,0.508,-0.3036239343085186,-0.1133750397230134,0.42069907484165125,1,-0.18798016537890713,-0.043955989993613116,0.4246283277244638,1,-0.07792838698515543,-0.0011650022627520153,0.42579490232956957,1,0.03225759074917476,0.009523446586868017,0.43083338516192177,1,0.14382702864669492,-0.01328231914903299,0.4298014067139935,1
3081.358458,grid_1835_y355_z575,481.354,357.479,575.015,140.29436688263718,2.245,-0.3148626169815922,-0.11493683030748769,0.4259918616125906,1,-0.19817681822174593,-0.044876848211552876,0.433367262134758,1,-0.08295692928457808,-0.0011859514170639957,0.4296610343013622,1,0.030424189687002848,0.009449973023360465,0.4302793740491939,1,0.1436733002018545,-0.013341111229305855,0.42993400727869685,1
3082.31792,grid_1836_y350_z575,481.376,352.453,575.078,145.28865071298586,0.738,-0.3179078429177736,-0.11417718281682904,0.42307527388095195,1,-0.20089770653720032,-0.0448198790917049,0.4317536590463826,1,-0.08530879327870283,-0.0011166913187456704,0.42980399839663425,1,0.028955205757093778,0.0094920406154119,0.4320059914903056,1,0.14377558755177913,-0.013315520975342797,0.43027943047411293,1
3084.708661,grid_1837_y350_z580,480.783,351.731,578.038,146.34310441219975,2.14,-0.3193002984468569,-0.11768701992664661,0.4237346268863944,1,-0.2007486853555538,-0.04664413025416802,0.4285820775551347,1,-0.08662009633253635,-0.002709506632773256,0.4322263296630753,1,0.028227125265459563,0.008652785543633927,0.4268891908226089,1,0.1435700841149434,-0.013297493019182786,0.42953562321834876,1
3085.244644,grid_1838_y355_z580,481.103,352.914,579.368,145.37161275847498,0.525,-0.3170163893278965,-0.11819546968282729,0.4219302003826118,1,-0.19887231704113753,-0.047619078474365716,0.42794471281502705,1,-0.08480255887918842,-0.0032156573630603875,0.42999005328520373,1,0.029506058679048933,0.008460636426046551,0.43033143651852535,1,0.14349766254655197,-0.013287102771122175,0.42916989283508533,1
3085.884127,grid_1839_y360_z580,480.655,357.563,580.377,140.90977292579817,0.398,-0.3079751901450232,-0.11817054119019725,0.41737517335480323,1,-0.1949177667193198,-0.048951896387842427,0.4275406943456281,1,-0.08339335969113927,-0.004226865347441817,0.431689593913356,1,0.029488812626182016,0.008062154717671494,0.42775224855179483,1,0.1433953751966274,-0.013312693025085233,0.42882446963966925,1
3087.757634,grid_1840_y365_z580,480.586,362.753,580.227,135.76337162504475,1.732,-0.3061084450178971,-0.11978188230583707,0.42347685912331196,1,-0.19086982516902695,-0.048871570520130386,0.42905127302110274,1,-0.07927282025740312,-0.004318780090520607,0.4292249446121265,1,0.03202265106837795,0.008102907366611312,0.4303970188149852,1,0.14277482185045323,-0.01323454806264031,0.4260573006086997,1
3091.748252,grid_1841_y370_z580,480.529,367.946,580.178,130.63496899375752,3.82,-0.29830537172481747,-0.11897011067172007,0.4206791986222685,1,-0.1874640205028525,-0.04918905795671741,0.43062269018007715,1,-0.07757249722899047,-0.004483988651107238,0.4321817445647704,1,0.03298242786098064,0.007932649058746166,0.43157308872688294,1,0.14366516873575594,-0.013289758516742417,0.4286419058022597,1
3094.415668,grid_1842_y375_z580,480.652,372.748,580.091,125.89908253041403,2.487,-0.2952083772925059,-0.11985686842704757,0.4239298986152729,1,-0.18241857680670784,-0.04888742509992474,0.4295070870903513,1,-0.07352374483722715,-0.0041288951251658495,0.4315254839831364,1,0.035214960313775634,0.007977787489352428,0.42938795251365974,1,0.14375645527640782,-0.013261567085336873,0.4275225240065971,1
3095.604095,grid_1843_y380_z580,480.862,377.577,579.923,121.13240773220022,1.036,-0.2860868961758247,-0.11789841773754772,0.41774654681762463,1,-0.18074436234982982,-0.049470395502183184,0.43350608994820705,1,-0.07211703111144303,-0.004292999612503157,0.4328711630267688,1,0.03608503314210865,0.0079955832240243,0.42760265575925754,1,0.14449124953869208,-0.013307043658191423,0.42878860607543706,1
3099.5822,grid_1844_y385_z580,480.977,382.471,579.866,116.32251949214304,3.828,-0.27876039848639933,-0.11702710664089981,0.4149152791967301,1,-0.17516582901725428,-0.04938176272805588,0.43321367775869674,1,-0.06686063209128207,-0.004464902406153576,0.4284202732113795,1,0.03867009339623794,0.007548208803955629,0.4300555187794876,1,0.14570414517215022,-0.01333231375843758,0.4313344191558559,1
3101.64983,grid_1845_y390_z580,480.94,387.69,579.844,111.19921631468453,1.916,-0.2709205891777304,-0.11565044327295237,0.4116889637737117,1,-0.17165653235114264,-0.049687017128101085,0.4345307687976234,1,-0.0644362866778006,-0.004570733042100693,0.4289603157066855,1,0.039773068421734184,0.007557454660995371,0.4295299510025515,1,0.14527900653262246,-0.013381441279527744,0.42984634641233077,1
3102.373877,grid_1846_y395_z580,480.921,392.59,580.185,106.4715913894406,0.572,-0.27525063162788443,-0.12056739076377725,0.42689205168821354,1,-0.164882112068977,-0.04931344378973846,0.429826926268658,1,-0.06084203722853551,-0.004590088373096266,0.4266875181404218,1,0.041656176106916416,0.007455922009233594,0.4287366975085303,1,0.14648721566972925,-0.013501811968759124,0.4324334266290116,1
3104.226134,grid_1847_y400_z580,480.732,397.731,580.095,101.42307892683993,1.691,-0.25966442324380967,-0.1157537528582016,0.4114369448754805,1,-0.16130115617022894,-0.04966326600925175,0.4313877329220035,1,-0.058093823458404324,-0.004808194072066015,0.427899199342749,1,0.04328401196401632,0.007433027176294312,0.43056067028798944,1,0.1463141504021027,-0.01342484110933629,0.4311876781189173,1
3105.205923,grid_1848_y405_z580,480.841,402.54,580.357,96.80638413348572,0.838,-0.2626445466707692,-0.11984293886389409,0.4247865099319035,1,-0.158994480267972,-0.050489005205779675,0.43417177894274145,1,-0.05655346295933094,-0.00536873121251918,0.4272260287057526,1,0.04390347186902033,0.007144695082472323,0.42944469562509485,1,0.1476056245415529,-0.01366707186170211,0.4350135229480343,1
3107.934089,grid_1849_y410_z580,481.088,407.377,580.187,92.09053586009803,2.597,-0.2524154566820305,-0.11729187638827393,0.4167216104629717,1,-0.15343562469392646,-0.05001551622332984,0.4314488826220828,1,-0.05382482681005174,-0.005354354693469152,0.43148512400502675,1,0.04585229532215234,0.00701505203654476,0.43004969266523,1,0.1479822650568385,-0.013667738629211343,0.4350157723294865,1
3108.596467,grid_1850_y415_z580,481.049,412.455,579.883,87.10051098587198,0.512,-0.24707862163613348,-0.11651280190190705,0.4149470853954349,1,-0.15032032524825278,-0.0501071033053287,0.4314778276867784,1,-0.0506351679374318,-0.004998274049048799,0.4244491548987069,1,0.046725255753160944,0.007186217895168331,0.43026188670870646,1,0.1461886246500954,-0.01343452027289782,0.4291284626278054,1
3109.639459,grid_1851_y420_z580,481.367,417.447,579.992,82.34209468431077,0.902,-0.24268358724821396,-0.11767636602002361,0.4187865504006926,1,-0.14434081681555716,-0.04997803859112326,0.4323765988830139,1,-0.04689533985761582,-0.005226746903302385,0.4319364578183826,1,0.04980415867196936,0.0071840344125742505,0.42968639264193137,1,0.14758674811358902,-0.01348385702801167,0.4318832293943415,1
3110.578357,grid_1852_y425_z580,481.177,422.754,579.548,77.11366576684057,0.788,-0.23753553097097221,-0.11728500670535597,0.41965650616265643,1,-0.13989172703905975,-0.05001517253905433,0.4303655695898527,1,-0.04438961791830565,-0.005464035932480939,0.4286526899788868,1,0.05046414873515211,0.006743765879805098,0.42671248333481104,1,0.14889237431090788,-0.013817229301626021,0.4355632817178567,1
3112.46852,grid_1853_y430_z580,481.249,427.725,579.448,72.34412795106454,1.75,-0.229220881400218,-0.11557289536506025,0.41505277857681516,1,-0.13650333987512767,-0.050332623139033,0.4356250193230074,1,-0.04011740990586322,-0.005507206405863964,0.4253625759170208,1,0.052911792014807384,0.006630900348668506,0.4303976090897161,1,0.1486445346603476,-0.013746270772892985,0.4337628273464121,1
3113.062437,grid_1854_y435_z580,481.075,432.745,579.798,67.67255101590305,0.452,-0.2263066063381468,-0.11655108742685721,0.4176432280115911,1,-0.13226217935552867,-0.05004521379341028,0.43252975066914506,1,-0.03809189209847631,-0.005355182634437756,0.4244484351492204,1,0.05305478867003496,0.006554923368977279,0.4254111224475696,1,0.14886638921077888,-0.013651372184786457,0.4336399820821086,1
3117.04655,grid_1855_y440_z580,481.076,437.63,580.038,63.16400450414779,3.823,-0.2203964368662974,-0.11715651844161519,0.4187525712531315,1,-0.12836270487686072,-0.05137533425103168,0.43596389607857605,1,-0.035275719296390624,-0.006170654242939857,0.42671532580039595,1,0.05482916671279495,0.006142806833233883,0.42721897949555915,1,0.14989558196349181,-0.013810350970778719,0.43562354674170795,1
3121.870088,grid_1856_y445_z580,481.056,442.602,580.371,58.668710928398646,4.672,-0.21347872163045256,-0.11697522821231794,0.41662763501603034,1,-0.12343703144919209,-0.0516007737098074,0.4368622513941607,1,-0.03141107344801552,-0.0062929610165116225,0.42597210229033694,1,0.05756392308247355,0.00619567380609387,0.4296715099359924,1,0.15457502533709686,-0.014478538415860625,0.4488007520973998,1
3123.438121,grid_1857_y450_z580,481.193,447.415,580.159,54.20216731829087,1.294,-0.21337276524265614,-0.11956108993494864,0.4266089053209529,1,-0.11940653313506315,-0.051469291625824094,0.4334127602650359,1,-0.02987696303801321,-0.00684176499281288,0.42759065827511716,1,0.057662628648077176,0.006057263247767404,0.4252946307623264,1,0.15457502533709686,-0.014478538415860623,0.4488007520973997,1
3124.146464,grid_1858_y455_z580,481.48,452.462,579.566,49.451128531106384,0.567,-0.2032373455078663,-0.11578012141328499,0.41588915548732225,1,-0.11494818242396337,-0.05079328630600318,0.43262622377456755,1,-0.02655747957033539,-0.006144681452322113,0.42946304036389643,1,0.0602848429886757,0.006104851037994699,0.4302752876455742,1,0.1532304319445232,-0.014302592994839776,0.44287973780447265,1
3124.98577,grid_1859_y460_z580,481.474,457.507,579.479,44.962073562058976,0.679,-0.1984727021884023,-0.11642082659170032,0.4187770596898666,1,-0.11001989681101125,-0.05077803863178507,0.43338465015763483,1,-0.02292951728118983,-0.006422445012422093,0.4267937703756732,1,0.0626268978906987,0.006123340044882475,0.432119280435658,1,0.15586899662864873,-0.014490599631810494,0.4491138126087497,1
3125.59948,grid_1860_y465_z580,481.573,462.428,579.408,40.73494985881291,0.454,-0.19643170467096446,-0.11807797461761495,0.4241326282561853,1,-0.10664423944777467,-0.051033021265311125,0.4339332014861821,1,-0.02065148287165787,-0.006394500653548498,0.4281016999257991,1,0.06314815053050458,0.005775677117765052,0.4295594675128251,1,0.1557470210452017,-0.014536433755922023,0.44864371777197315,1
3127.758777,grid_1861_y470_z580,481.396,467.574,579.719,36.66716037546408,1.978,-0.1889920051905677,-0.11767683175681654,0.42257086988555215,1,-0.10120226864686789,-0.05144848457769998,0.43467868561918555,1,-0.01641920052480413,-0.006845475252138206,0.4253568999873272,1,0.06541977458350906,0.0055699030822091294,0.4280961163411116,1,0.1525870201483983,-0.014242516872457598,0.438826526266924,1
3128.714242,grid_1862_y475_z580,481.31,472.513,579.566,32.77637322828754,0.796,-0.18272307379244504,-0.11705134646235531,0.4217627142631464,1,-0.09689824107361482,-0.051431585994230984,0.43409355806878036,1,-0.013678360405335656,-0.007031048678865664,0.4210668267320153,1,0.0666652212838105,0.005307397280531985,0.427702376149395,1,0.15267660994443966,-0.014237981104157168,0.4386422257556908,1
3130.858922,grid_1863_y480_z580,481.27,477.509,579.59,29.30603395207209,1.962,-0.17392947612478873,-0.11475479288790887,0.41331493317308654,1,-0.09180400654846627,-0.05159912811789266,0.43314539488882037,1,-0.01048935758341414,-0.0069914825062705604,0.4275272379323163,1,0.06843685027022756,0.004995031192972359,0.42738171138380115,1,0.15679711527891615,-0.014543639228217614,0.4488488252345982,1
3133.944707,grid_1864_y485_z580,481.353,482.515,579.405,26.19131042922444,2.934,-0.16906999958568147,-0.11501711740448288,0.41545039140760326,1,-0.08813415291331843,-0.051693606254690744,0.4362593932488719,1,-0.007852981356611353,-0.007401434197999834,0.4268963018709799,1,0.0700796655931018,0.004890473907976478,0.42956942645044704,1,0.15786062682432977,-0.01462302486977002,0.45148919577792596,1
3135.077836,grid_1865_y490_z580,481.403,487.514,579.568,24.03174142670483,0.912,-0.16662516880243586,-0.11714591306784099,0.4231811308897094,1,-0.08447618621110721,-0.052116414658943226,0.43582467053433455,1,-0.005864883970725751,-0.007809717827358085,0.42628135201357503,1,0.07059184809073361,0.0047427360664109635,0.4266966415635504,1,0.15785631176256323,-0.014610055131444486,0.4513637270585184,1
3139.508651,grid_1866_y495_z580,481.583,492.317,579.568,22.709916358278413,4.239,-0.15744105333255623,-0.11448958615545107,0.4122904921666603,1,-0.07864247983758725,-0.051692777161188856,0.4288622677169627,1,-0.0027806263451918534,-0.008108019874493895,0.42301466119948894,1,0.0729805759473425,0.004544578936924628,0.429299634280157,1,0.1534788850198306,-0.014082547926844791,0.4367243842573744,1
3144.581068,grid_1867_y500_z580,481.668,497.332,580.029,22.773606082480697,4.832,-0.1569926246249466,-0.11864002361695192,0.42546219826599857,1,-0.07498244958001465,-0.05261936330067868,0.43234196313256607,1,0.00018765528326666276,-0.008376562549847238,0.4197025635511881,1,0.07440308306972811,0.004172449323079898,0.42667445492595707,1,0.15815642566501453,-0.014534093142944354,0.4491446888890396,1
3145.153423,grid_1868_y505_z580,481.511,502.275,579.621,23.031096587006036,0.401,-0.14842081509767327,-0.11448189278677258,0.41218626403382236,1,-0.07173795047305066,-0.052064202052555665,0.429241812679991,1,0.001976329968384543,-0.008517386531070011,0.42571889089638365,1,0.07559314556917651,0.00404352830216661,0.42897668618699303,1,0.1591206114623004,-0.014631496223359375,0.45173060872754306,1
3146.306788,grid_1869_y510_z580,481.666,507.37,579.88,25.046165634683522,0.903,-0.14131649869599805,-0.11492610838680278,0.413597621536389,1,-0.0659617140764658,-0.05301039894269787,0.43186402520244743,1,0.006143651432346007,-0.009015756389385171,0.423479517462612,1,0.07846314667655295,0.0035809634870752074,0.4324822118486366,1,0.15848279029112913,-0.014556813265542737,0.44952071431490176,1
3148.851,grid_1870_y515_z580,481.511,512.318,579.231,26.992573812069153,2.373,-0.13820615377298964,-0.11624774899121802,0.4213432497797774,1,-0.06070786473608122,-0.0512003814515517,0.4250494496531727,1,0.009332473873016119,-0.008820686921203597,0.4338312163749802,1,0.0801546601766687,0.003897408611422145,0.43132538739974535,1,0.15954808181609378,-0.014577438450582009,0.44987364128645035,1
3149.905467,grid_1871_y520_z580,481.655,517.717,578.925,30.27854332691715,0.782,-0.1308882155757685,-0.11424705154357458,0.4163164818499125,1,-0.05625774790439047,-0.05109089412827697,0.42405469776790955,1,0.01192538538574428,-0.00882976891347615,0.42603499624423363,1,0.08139848779989729,0.003707249846503937,0.42979083664742906,1,0.15959658753422543,-0.014615333521157452,0.4497887575557589,1
3152.974707,grid_1872_y525_z580,481.498,522.319,579.374,33.88821792304814,2.868,-0.12763239188821027,-0.11700701938993381,0.42397700967607294,1,-0.052542703407252665,-0.05198229644124577,0.4292314801099591,1,0.014294626204600569,-0.009054404624620142,0.42109636555440894,1,0.08314415183420772,0.003792905957023595,0.4305779524250986,1,0.15531983998119284,-0.014277570777660537,0.43706710740943033,1
3155.16222,grid_1873_y530_z580,481.383,527.569,579.599,38.12647838445089,1.915,-0.1226243865461113,-0.11749712869678576,0.4259663794288599,1,-0.04712871808094795,-0.05134888321654283,0.4198363312397799,1,0.017871175799423804,-0.00978390861366957,0.4317865081032444,1,0.08484899813527047,0.0031316982728233993,0.4302906982282284,1,0.15591660692597534,-0.014385638527106977,0.4377902076092941,1
3156.346391,grid_1874_y535_z580,481.413,532.434,579.427,42.09096868688105,0.962,-0.11614452312578104,-0.116529630622708,0.42276039350109945,1,-0.04410403118855957,-0.05327293144713146,0.43297860255392373,1,0.020588546677424147,-0.009990176302757016,0.43153428978039615,1,0.0866933889360507,0.002917394295229646,0.4324369425669056,1,0.16079530060294184,-0.014585078716342527,0.4500864622584013,1
3157.483188,grid_1875_y540_z580,481.603,537.67,578.986,46.4609425646962,0.846,-0.10977838546507696,-0.11571487484773267,0.42186869249297937,1,-0.03874118697629124,-0.0517951418486464,0.42590733772748024,1,0.023239782783245,-0.009458851504337016,0.42327980156035055,1,0.08794803589122246,0.002866232215384896,0.43139597031525084,1,0.16090768143968281,-0.014597724010810697,0.4498337806335479,1
3160.032187,grid_1876_y545_z580,481.736,542.609,578.996,50.90090708425543,2.297,-0.10389864486234594,-0.11515468636354076,0.4205916353107348,1,-0.03423049862503775,-0.051944541635953086,0.4267296279124934,1,0.026854087763172687,-0.010027387205568346,0.4278937345688516,1,0.08943462168066485,0.0027259022706767797,0.4282768326443141,1,0.15660617253827716,-0.014382010739981911,0.4367131778318168,1
3162.534471,grid_1877_y550_z580,481.714,547.25,579.41,55.28238541343889,2.251,-0.10031533769313554,-0.1174167823510776,0.42761494246972126,1,-0.030273638558240962,-0.05236740337495147,0.4237500377560928,1,0.029223738174396146,-0.010750748850586404,0.4302500196667686,1,0.09177759109792706,0.0024791686753094905,0.43332160009027126,1,0.1568759434086763,-0.01440629779739252,0.4373368474788281,1
3163.992143,grid_1878_y555_z580,481.894,552.119,579.394,59.79085878292773,1.176,-0.09450413230872266,-0.1168429031547951,0.4258949115267188,1,-0.02586311476878646,-0.05232839535148707,0.42289740440919027,1,0.03271204649436801,-0.010964512747405257,0.4339957509455934,1,0.09310359945502615,0.0021217763876502298,0.4309420304715645,1,0.1602867825947382,-0.014528808404248745,0.44493966170491245,1
3164.703751,grid_1879_y560_z580,482.019,557.415,579.349,64.73719272566582,0.399,-0.0884553642570476,-0.11542616216714145,0.42032814083392456,1,-0.021917524528183158,-0.05214093735729226,0.4197414900451726,1,0.03435370255780191,-0.011318709490925073,0.4263064281966156,1,0.09379670055220564,0.0017004448815523476,0.428638918294209,1,0.16120329510809864,-0.014544851069492062,0.4472181538208348,1
3166.187306,grid_1880_y565_z580,482.063,562.085,579.305,69.13326378813606,1.242,-0.08058837418081043,-0.11365349731777492,0.4145127896525951,1,-0.016890597919562666,-0.05178012065543416,0.4188122700933767,1,0.03809515224574154,-0.011652131068176865,0.42942466072123137,1,0.09801792522865793,0.0017475491526681918,0.43932638337091334,1,0.15982534373943894,-0.014584322635955735,0.44180454387439544,1
3167.235639,grid_1881_y570_z580,481.837,567.557,578.891,74.1976913252697,0.736,-0.07845661436689631,-0.11814735069170688,0.4338427319969131,1,-0.012248917359949768,-0.05286079564668767,0.42974952082402756,1,0.04218719392924649,-0.011648358700517648,0.4338751536243109,1,0.09881196667560248,0.001398006620904912,0.434088325315016,1,0.15921976649210465,-0.014501225552374486,0.43892139777261546,1
3168.781055,grid_1895_y565_z585,481.707,566.628,580.483,73.7553967991496,1.534,-0.07777204769240943,-0.11780645183186993,0.4254759309883919,1,-0.012874938875536762,-0.05357135883463637,0.4207265736910952,1,0.04147900517967716,-0.012912956060435443,0.4352548516809209,1,0.09872192139309131,0.0008562774008444565,0.43501633552188146,1,0.1593692929282331,-0.014524602162237455,0.4401653725168225,1
3170.452728,grid_1896_y560_z585,481.1,563.654,582.972,71.68850282297714,1.469,-0.0810727958038718,-0.12087543570012434,0.4256344140227955,1,-0.01560621796233746,-0.05551358280240509,0.4205894256871702,1,0.03854531660983884,-0.013767260270991436,0.42593468856902494,1,0.09777863488635491,0.0005272340589700019,0.43630792109474,1,0.1564764617619545,-0.014457807679052352,0.43216338784622765,1
3173.078203,grid_1897_y555_z585,480.502,557.685,584.161,66.53110649162535,2.244,-0.08779430923777698,-0.12184470685073084,0.4251217837442905,1,-0.020487926455668642,-0.0570276434478578,0.4248956791586527,1,0.035819624083030306,-0.013952170811810239,0.4310238431597933,1,0.09617888439517304,0.0004829030439309487,0.43678927110327154,1,0.15674145665792938,-0.014476111157101908,0.4342905225066369,1
3174.212924,grid_1898_y550_z585,480.962,552.701,584.034,61.983509048778494,0.894,-0.09310640745267768,-0.1216878353128701,0.4238190155429649,1,-0.025140383262554855,-0.05654191987464405,0.4239435941495005,1,0.03253367018822693,-0.013192247695101841,0.42728839904616667,1,0.09372102696383662,0.0009740755239391781,0.4324685182233256,1,0.1570483511705428,-0.014489910055505746,0.43611830745939356,1
3178.269229,grid_1899_y545_z585,480.725,547.731,583.647,57.32768885974739,3.776,-0.10150574912932901,-0.12458407073608556,0.4361524074710796,1,-0.030345956496436604,-0.057377444970551146,0.4332248015573545,1,0.030139167097341463,-0.013389477366694524,0.43569567432780465,1,0.091923374819923,0.0009963683864025392,0.4326158895782944,1,0.1563432656367643,-0.014444209874619958,0.435072893853327,1
3182.042579,grid_1900_y540_z585,480.664,542.841,584.209,53.27556688576857,3.562,-0.10480892204638426,-0.12303547211648715,0.42769616494037893,1,-0.033299663803313666,-0.0560110734170518,0.41952441990317335,1,0.026124898833845316,-0.01283952446187067,0.41858882381055845,1,0.09027211367199743,0.0013055389402137692,0.4343773729368979,1,0.15660617253827716,-0.014382010739981911,0.4367131778318168,1
3184.538577,grid_1901_y535_z585,480.707,537.533,584.524,48.9142495087066,2.235,-0.10948073637338686,-0.12182865767111624,0.4219491884971882,1,-0.0387604945264713,-0.05729647664678885,0.4285351984280214,1,0.023665503322268397,-0.01305014754589919,0.42293443037111583,1,0.08785154614121911,0.001210773830744065,0.4292972341864761,1,0.15902658428223568,-0.014569520086637715,0.4444954636419009,1
3186.794365,grid_1902_y530_z585,480.534,532.859,584.705,45.15786154148586,2.034,-0.11512710411564021,-0.12213316363188327,0.42262522646955136,1,-0.04244917873366775,-0.0563759172582061,0.42503571297193615,1,0.021044612101581178,-0.012673134088515848,0.42809108061668794,1,0.08680301500564386,0.0016640404807933768,0.43135073157348813,1,0.16007798354866012,-0.014602183918521259,0.4480293014574805,1
3189.879882,grid_1903_y525_z585,480.388,527.835,584.001,40.76907871169035,2.816,-0.11810852322897651,-0.11893584176238191,0.4136187380070146,1,-0.04808176854966372,-0.05703982670524557,0.4354229360194944,1,0.0179936584068224,-0.012117851736885758,0.42900100188550905,1,0.08523391934024838,0.00204322466610287,0.4313725321285366,1,0.15600076274948316,-0.014428120120995367,0.43794449059136337,1
3190.557274,grid_1904_y520_z585,480.436,522.934,583.893,37.08425490690088,0.456,-0.12356757575990689,-0.1198357678393784,0.41613634205206756,1,-0.05184362083116431,-0.05737994732909,0.4361706960012124,1,0.01551709655281821,-0.011856113452891661,0.4293051344464914,1,0.08389135255634002,0.002004139583055894,0.43291509793490524,1,0.15552615374550435,-0.014396857097423511,0.4374635599630139,1
3191.4223,grid_1905_y515_z585,480.49,518.001,583.736,33.65506508684838,0.622,-0.13159004979255848,-0.12149443640478635,0.42280221955052405,1,-0.05653316512413986,-0.056569142200941475,0.4338996490627451,1,0.012224126039921608,-0.011573581621877287,0.42523615772544937,1,0.082337597952709,0.0023764240704467377,0.4339706641090404,1,0.15640799749349077,-0.014404414359015572,0.44088276345923977,1
3194.280608,grid_1906_y510_z585,480.388,512.774,584.337,31.07863011781571,2.638,-0.13874753747615884,-0.12342717734593382,0.4268188802201541,1,-0.06014749207943712,-0.056325733959193935,0.426857668377536,1,0.009482218649476565,-0.011779914849259839,0.4314807109266248,1,0.08086448678628914,0.0026416613904026915,0.4332417413420602,1,0.15937081699425457,-0.01460020681992056,0.449592607285731,1
3195.679989,grid_1907_y505_z585,480.257,507.833,584.556,28.989986840286857,1.178,-0.14339243495024775,-0.12280668201392558,0.4241147177036437,1,-0.06495603389509967,-0.056950584762219175,0.43319825544803536,1,0.0069261531817788324,-0.011575885325001934,0.4311349513497979,1,0.07884905193102708,0.0026895872006940306,0.4314362144450317,1,0.15975025220104574,-0.01463562008621116,0.45184819125368375,1
3198.235588,grid_1908_y500_z585,480.609,502.682,584.372,27.316647671337712,2.355,-0.153926932411502,-0.12638705761563931,0.43669748007443904,1,-0.0699055411657346,-0.05681338372829908,0.4356910095693253,1,0.003766205465533533,-0.011313180188146622,0.4291563084452146,1,0.07692063180010246,0.0029368367231266037,0.43056069695446336,1,0.15850824065433355,-0.01461432127360666,0.44989163897132944,1
3203.028078,grid_1909_y495_z585,480.649,497.813,584.174,26.479397519581163,4.571,-0.1520252016258661,-0.12038350837514554,0.4163274450395395,1,-0.07448028498001784,-0.05643229986331711,0.4346026669317147,1,0.0008969578861996882,-0.01106414997898452,0.43056794363247125,1,0.07578892474533507,0.0029757173334964914,0.43240985135210264,1,0.15815642566501453,-0.014534093142944354,0.4491446888890396,1
3204.489937,grid_1910_y490_z585,480.719,492.825,584.23,26.79353535836589,1.24,-0.1571338051016761,-0.12006088832693279,0.41488376201707095,1,-0.07894295139103304,-0.05625092155190033,0.4349076148343436,1,-0.002084639142115306,-0.010824777886938634,0.42644273872242505,1,0.07359636187523662,0.0029568884831839976,0.43102069687159705,1,0.1542996824758711,-0.01414448082128427,0.4388010095350255,1
3206.64582,grid_1911_y485_z585,480.787,487.777,583.866,27.639718395815855,1.964,-0.16595967718768176,-0.12217493830579951,0.4228821475700817,1,-0.08334327419331017,-0.05569971414183975,0.43502300930052556,1,-0.0054377721731122645,-0.010581895251604191,0.4256840466344036,1,0.07109029475441221,0.0034597563782661216,0.4293075105114292,1,0.15724982680795105,-0.014562503867595432,0.4494528059918777,1
3208.500426,grid_1912_y480_z585,480.757,482.459,584.306,30.139540358140902,1.624,-0.17152961257892216,-0.12278813710502635,0.4231042246442125,1,-0.08648620504810269,-0.05557403444001544,0.4294341311805771,1,-0.00752625853449989,-0.010450744167927838,0.4265515443624544,1,0.07056122632259205,0.0036472012677301,0.43269401227380094,1,0.1566390267915723,-0.014501982865420844,0.44741641620582945,1
3210.147203,grid_1913_y475_z585,480.769,477.376,584.608,33.07569808787111,1.456,-0.17793021561785202,-0.12359880031012421,0.42396260143988923,1,-0.09252503508403336,-0.056422652057312374,0.43450060709330424,1,-0.011129781189117475,-0.010437617052135478,0.4243162709922405,1,0.06776010804978322,0.003703878735843033,0.42740464481789875,1,0.1570510851767957,-0.014561500533126354,0.4494290299327601,1
3211.251455,grid_1914_y470_z585,480.641,472.592,584.608,36.0464812707149,0.902,-0.18238038209940075,-0.12327448174936033,0.4225441938433177,1,-0.09544148418819992,-0.055882611540612026,0.4361670968180908,1,-0.011783094375925498,-0.009652609549418618,0.42651386405462993,1,0.06809182063240395,0.003870786285707087,0.4287671349197028,1,0.15679711527891615,-0.014543639228217614,0.4488488252345982,1
3211.851019,grid_1915_y465_z585,480.648,467.786,584.353,39.24569471929373,0.398,-0.18735292699412928,-0.12336756862516912,0.4230702159909856,1,-0.10048203797486605,-0.05632580192747843,0.4360743892402845,1,-0.01631257460351897,-0.010071285138272627,0.4244383323450453,1,0.06539730878429273,0.0038753712149150886,0.4314926337534882,1,0.15595703989194457,-0.014537874850381141,0.4486847392644982,1
3214.800172,grid_1916_y460_z585,480.815,462.629,584.244,43.136140543632344,2.748,-0.19262124646337234,-0.12224049895954893,0.4201472116385536,1,-0.10583869135918124,-0.0557643238151856,0.4355874513660389,1,-0.020174501366867666,-0.00960169301035448,0.42566827172431715,1,0.0634415291037278,0.004329505508784615,0.4297053076268272,1,0.1557470210452017,-0.014536433755922023,0.44864371777197315,1
3215.436507,grid_1917_y455_z585,480.851,457.795,584.052,46.939580622327696,0.455,-0.19736124424337576,-0.12230704830031125,0.4205470919800645,1,-0.1091298504860761,-0.055346231485954654,0.43322160676862254,1,-0.02272372079701068,-0.009525707044689155,0.42400573763752697,1,0.062115117647896956,0.004271977567606619,0.4300553423588817,1,0.15660051374387243,-0.014614378303015313,0.451243066822776,1
3216.095019,grid_1918_y450_z585,480.99,452.73,584.363,51.381833618507656,0.457,-0.2079124613720977,-0.12514373929901215,0.42903669268985717,1,-0.11371005905878485,-0.055226922794469224,0.434608846946956,1,-0.025408560471156725,-0.009202734213376626,0.42818827584050867,1,0.060864937212005255,0.004594180268643272,0.4302291446134407,1,0.1561805875734167,-0.014611451284812747,0.45115986990175183,1
3217.132184,grid_1919_y445_z585,480.832,447.735,584.819,55.903299535895,0.845,-0.20636324612098864,-0.12170836760535636,0.41482803483570824,1,-0.11791791951168258,-0.05538009646674538,0.43131503304413193,1,-0.029300250702261388,-0.009548569095775577,0.4266722477638723,1,0.05793915469786831,0.0045723980083847,0.427511632282156,1,0.15462712246925758,-0.014497690718648612,0.4483914059758247,1
3218.952805,grid_1920_y440_z585,480.811,442.681,585.165,60.52179060470701,1.639,-0.21471900243366263,-0.1235250069714403,0.42016740993433244,1,-0.1234851464263234,-0.05632845769377109,0.4381473944078737,1,-0.03121201738218482,-0.00944039739632991,0.4250760631168264,1,0.05765411328016814,0.004630803127373989,0.42954710873308244,1,0.15460836578230888,-0.014509039451621145,0.44845262171018146,1
3220.102309,grid_1921_y435_z585,480.862,437.644,585.035,65.00287721324341,0.968,-0.22139631868011037,-0.12410365010828944,0.42155225978314514,1,-0.1276680344011427,-0.05578280015666864,0.43288091792194033,1,-0.034982464828872434,-0.009288777006134279,0.4236624963039884,1,0.05548943954040549,0.004813222249792734,0.4279819397434746,1,0.15439840269708102,-0.01450757594251986,0.44841102324966947,1
3222.065232,grid_1922_y430_z585,480.954,432.631,584.766,69.48954132817401,1.801,-0.22484457670662175,-0.12281352872717512,0.4180596571957132,1,-0.13120574815923783,-0.05511253535494368,0.4354920712017971,1,-0.036591138663700826,-0.008852498043028062,0.42839190636448204,1,0.05483162479679015,0.0049629161998722944,0.42746524375464867,1,0.15438299533898794,-0.014477992636465159,0.4487937620954105,1
3222.66481,grid_1923_y425_z585,480.85,427.844,584.471,73.80742020962393,0.398,-0.23009903146971344,-0.12318878313980763,0.4196462075254516,1,-0.13445285052875552,-0.054651975144786445,0.4315802004645932,1,-0.040513611819096136,-0.00854507025301772,0.4272699706504215,1,0.05250926669189787,0.005341021791305724,0.43040689396397275,1,0.14964051794568023,-0.013928719494916994,0.43664697573672223,1
3223.380572,grid_1924_y420_z585,480.91,422.872,584.564,78.49698517140641,0.524,-0.23366629807240083,-0.12136433150147004,0.41435637099993644,1,-0.14016062864878312,-0.05466980849031249,0.4341494662748828,1,-0.04294461030852817,-0.008159825730673496,0.4239083366715857,1,0.05105678046168191,0.00532693330509636,0.42710701850197547,1,0.15037300454124347,-0.014025260502259752,0.43918742222561397,1
3224.764897,grid_1925_y415_z585,480.99,417.921,584.377,83.11364746538321,1.183,-0.2440413330162802,-0.12371169146870066,0.42298074248917694,1,-0.14368967855818363,-0.054202985028118926,0.43177299238085204,1,-0.04632709849576031,-0.00797901061947552,0.4262673562045645,1,0.049516342649665306,0.005674622209586876,0.4295956866470895,1,0.14891933856258355,-0.013777526717053552,0.43595544288461724,1
3225.749788,grid_1926_y410_z585,481.125,412.645,584.684,88.22663525829375,0.794,-0.2401725238039497,-0.11924715099758382,0.40591570110374725,1,-0.1492474519602164,-0.054694267107505294,0.43550970011496615,1,-0.04854370931234384,-0.007880523263369162,0.424017457829822,1,0.048155003161798986,0.005490753598014763,0.42896156347747,1,0.14853526599136835,-0.013776423577609822,0.4359410237906378,1
3227.362429,grid_1927_y405_z585,481.07,407.615,584.859,93.07229372375004,1.412,-0.2455304616648171,-0.11937005882224407,0.40595873226886175,1,-0.1536035094819842,-0.05451053067683693,0.4323811470275702,1,-0.05277771627230792,-0.008220549134729358,0.4261736238642735,1,0.045953748593607575,0.0057470445553991735,0.4301326098694466,1,0.14961819714080263,-0.013949305580006613,0.439585933844927,1
3228.512878,grid_1928_y400_z585,481.091,402.619,585.041,97.91140343187813,0.959,-0.2611004063845959,-0.12490066113655272,0.4228563731880861,1,-0.15773829945021836,-0.05419211798444457,0.4355425333377119,1,-0.055434161539859896,-0.00785167680269349,0.43441133393681447,1,0.04514373133502759,0.005427059558618125,0.4287816801712237,1,0.14811625605890724,-0.013849951480044425,0.43589605562583394,1
3230.009945,grid_1929_y395_z585,481.126,397.559,585.198,102.82194766682838,1.295,-0.27028726409850196,-0.12639725487542594,0.42782353309188365,1,-0.16209664590120662,-0.05454491591777887,0.43314890262819045,1,-0.05864618964008569,-0.008017085790555515,0.42913699367615266,1,0.04299797727467433,0.005626473086887335,0.42869780914706673,1,0.14844207815775542,-0.013836660158421698,0.4377519349920069,1
3231.773471,grid_1930_y390_z585,481.217,392.536,585.165,107.66719653171991,1.579,-0.2726402712611627,-0.12501282720893914,0.422896771525263,1,-0.16629320322806673,-0.0546335597649342,0.433815668292999,1,-0.06159510840042944,-0.007823453472480342,0.43286259469678834,1,0.04201025462942495,0.005930265541170818,0.4287634423805063,1,0.14849673116308146,-0.013851834402403238,0.43803635838244004,1
3234.399727,grid_1931_y385_z585,481.173,387.601,585.273,112.46790801824315,2.443,-0.2734941378578119,-0.12314747636101318,0.4156157992389602,1,-0.17094426447279776,-0.05456878222637754,0.43226955793482186,1,-0.06547591140940127,-0.007940203009030807,0.4296787265185594,1,0.038949805026115926,0.006005787753377852,0.4260692587332528,1,0.14767391294652155,-0.01383443064383913,0.4377222136853685,1
3235.730343,grid_1932_y380_z585,481.229,382.684,585.206,117.22829750533784,1.129,-0.28191735260087053,-0.12425416830122261,0.42009976331850707,1,-0.1749739716639295,-0.05438448825112946,0.4344603704658354,1,-0.06627545083403437,-0.007713815813305286,0.4279915804760786,1,0.0390842510403068,0.00608342726025729,0.4294659278424902,1,0.1479058897685975,-0.013855022943551738,0.43812677669719796,1
3243.07565,grid_1933_y375_z585,481.32,377.609,584.961,122.11842270108146,7.144,-0.2887756512465119,-0.12480804721479422,0.4219716778675462,1,-0.17727743129697607,-0.05324127395532869,0.42700313116831734,1,-0.07114832228436994,-0.007450817886844423,0.4322545124344755,1,0.03658532224665997,0.006230403093714548,0.4277216380663931,1,0.14687168109066912,-0.013751395163415052,0.4364068733281732,1
3245.708631,grid_1934_y370_z585,481.246,372.725,584.725,126.82969606129313,2.318,-0.29684203713093044,-0.1258188138687095,0.4254827384847077,1,-0.18480208810553936,-0.05372072741623459,0.43239543112889733,1,-0.07549448116048495,-0.007281793447721913,0.433992263425052,1,0.03452173124135507,0.006581324740412834,0.4313747602460109,1,0.14439601202707159,-0.013457808746149942,0.42978510212693727,1
3248.29163,grid_1935_y365_z585,481.378,367.688,584.496,131.71614322094314,2.391,-0.2959062956294629,-0.12289873979267378,0.4159618576098078,1,-0.19000704086519382,-0.053392966284417344,0.43456705992162686,1,-0.07777211447627698,-0.006624349153934106,0.4304400428144233,1,0.03279758443426804,0.006982357768699054,0.430990912840848,1,0.14446066099796903,-0.013423258725253726,0.43122464282593825,1
3252.271468,grid_1936_y360_z585,481.253,362.707,584.399,136.57071008821768,3.78,-0.29946633773303394,-0.12201944230847761,0.41368712806199454,1,-0.1900952774032911,-0.05251871669307489,0.4265738386729661,1,-0.07962833877029621,-0.0067528675769488004,0.43033103342364454,1,0.03208606274431711,0.006986152843068791,0.42884963212004323,1,0.14436429237845003,-0.013397525675768235,0.43058105312687833,1
3252.905592,grid_1937_y355_z585,481.161,357.764,584.697,141.47113995794334,0.402,-0.3091468509616911,-0.12436730905431909,0.4203009469783585,1,-0.19481624793190266,-0.0528379992468426,0.4315987678556687,1,-0.08096819220555229,-0.006482077728286664,0.43145716493674263,1,0.031613331526760165,0.007066688460966155,0.4289340085276004,1,0.14351527763384703,-0.013291497857489088,0.4282714538084374,1
3253.959904,grid_1938_y350_z585,481.224,352.546,584.901,146.63557751787252,0.844,-0.3123217040763777,-0.12327940231230543,0.4160809193273438,1,-0.1990109079590899,-0.052826297518007874,0.427719174731192,1,-0.08602514119125222,-0.006978229709521972,0.43106719278801586,1,0.028349746467768878,0.0067046232244406595,0.4273696825363798,1,0.143931551216827,-0.013482836892567768,0.4308015075027382,1
3256.527013,grid_1939_y350_z590,480.544,351.899,587.901,147.80812119433762,2.307,-0.31252257584999565,-0.1265385428685081,0.41620439021653194,1,-0.20083707152971453,-0.05617295434298039,0.4301836512816279,1,-0.08719749608841855,-0.009003649091514012,0.4375928365480173,1,0.028856486528318858,0.005916173529404957,0.42921811816766947,1,0.1445006738296958,-0.01359784045784162,0.4324948112053495,1
3257.946431,grid_1940_y355_z590,480.834,353.158,589.294,146.87406793917023,1.407,-0.31545706601766893,-0.12973948887536205,0.42168273222628533,1,-0.2005920556092652,-0.056481486517794575,0.4325360443926985,1,-0.08558163421787147,-0.008626882679004735,0.4326021064941095,1,0.029262276508627245,0.006089787164051532,0.4329307139559111,1,0.14449095221579655,-0.013497237099678644,0.43234010533225004,1
3266.079347,grid_1941_y360_z590,480.56,357.767,590.318,142.58825189334502,7.941,-0.3074577086592983,-0.12961719547700548,0.4181771131039144,1,-0.19710410911398188,-0.058611839173494544,0.433903533837773,1,-0.08303959376659877,-0.010291723641239495,0.4337383945369934,1,0.030269738766511328,0.005111912391455088,0.42595246717039936,1,0.1461375605054482,-0.013829936693156667,0.43766144025268255,1
3269.449595,grid_1942_y365_z590,480.786,362.66,590.054,137.77779100058177,3.219,-0.2962247354302003,-0.12692169293853198,0.41012447736076957,1,-0.19177718801787158,-0.05739404736066576,0.43094895565445573,1,-0.08018449028288106,-0.009767654587794791,0.4324022574868187,1,0.031577577632237556,0.005690371635821339,0.4289392691827265,1,0.1450660283553088,-0.013706028072204661,0.4340184019701854,1
3273.653236,grid_1943_y370_z590,481.007,367.486,589.852,133.05363437351122,4.042,-0.3014330050250467,-0.13103990127977067,0.4240823732259655,1,-0.18712211309008875,-0.05742553617066117,0.430670994843287,1,-0.07666951475402817,-0.009698876490595192,0.4316976886465462,1,0.033932715166943746,0.005526600110919848,0.4314690009205815,1,0.14709778536832854,-0.013832752687649316,0.4376997009021549,1
3274.223075,grid_1944_y375_z590,481.003,372.548,589.616,128.08889772341706,0.398,-0.2944774474792379,-0.12973737578550118,0.4210518602697883,1,-0.18317215665030293,-0.057363557400855615,0.4306595840258023,1,-0.07323337046902356,-0.009759320405695712,0.4275108137177772,1,0.034949313662711534,0.005134054807818519,0.42675937094911154,1,0.14728983034090462,-0.013833315886547846,0.4377073530320494,1
3276.194832,grid_1945_y380_z590,480.938,377.725,589.864,123.14044576011571,1.81,-0.2845404903632444,-0.12850604164067006,0.41633574005794055,1,-0.17955795696805207,-0.05806179618738594,0.4322547531968787,1,-0.07046513507282438,-0.009940788007954277,0.4256875178441357,1,0.03587214799297553,0.005101167898591937,0.4263420840771957,1,0.14679052129983747,-0.013728490451303551,0.43588083612620254,1
3279.270484,grid_1946_y385_z590,480.832,382.684,590.166,118.43399838306567,2.924,-0.28009927280125946,-0.12914179556344987,0.41818891663271707,1,-0.17313581100178885,-0.057695851772011995,0.42890944049509017,1,-0.0673343616367206,-0.010205132506595301,0.4293597015401996,1,0.03812412241907274,0.005069839486487014,0.42735023415343654,1,0.14752180716298055,-0.013853908186260455,0.4381119160438789,1
3279.992373,grid_1947_y390_z590,480.704,387.63,590.473,113.76252666849484,0.569,-0.2729928460138881,-0.12868638606796884,0.4159552703847595,1,-0.1712013440376926,-0.05886747305330262,0.43506969121176503,1,-0.06487004690189728,-0.010511369638345187,0.43225126944491493,1,0.039261227738871265,0.00473685545297115,0.4207151707341617,1,0.14805799555213847,-0.013835545401130417,0.4377370743386877,1
3281.897396,grid_1948_y395_z590,480.903,392.517,590.294,109.04922232184877,1.754,-0.27382764142408567,-0.13110054179000075,0.4246842081748374,1,-0.16651388392160205,-0.05864181772713619,0.4328274790913262,1,-0.0616773111042003,-0.010324297149992482,0.4274023781078197,1,0.04099666110871953,0.0050253508960048,0.424086738248278,1,0.14828997237421446,-0.013856137700843022,0.43814163735051714,1
3282.512596,grid_1949_y400_z590,480.984,397.337,589.976,104.36663262748303,0.464,-0.26814197606500106,-0.13063372243770757,0.4233450318166658,1,-0.16273891790717476,-0.058533452577046084,0.43219398230743833,1,-0.05984754848822413,-0.010695895826269048,0.42879185027863226,1,0.04168697784512177,0.004674738933071466,0.42553488857116034,1,0.1483822711070205,-0.013912458456353532,0.4379790832304385,1
3283.572718,grid_1950_y405_z590,480.999,402.346,589.853,99.5759065688081,0.909,-0.25911759356137354,-0.12904859574467423,0.4190636724338097,1,-0.15798968371470024,-0.0585318012778954,0.43342335294064854,1,-0.05464851840518972,-0.0103092843546093,0.4214271536330864,1,0.04475400804582181,0.004795441245107511,0.4298955871077519,1,0.14847151312987258,-0.013826938804250849,0.4375265164025335,1
3285.247618,grid_1951_y410_z590,481.115,407.52,589.91,94.71935601554733,1.534,-0.24700313629272175,-0.1254372456172326,0.4082644986913557,1,-0.1555404451216555,-0.059665915735741315,0.4380502287936035,1,-0.053810063757403666,-0.01085728579011746,0.430219976677217,1,0.044524473068094206,0.004582746373566424,0.4211169656956702,1,0.14835712803441403,-0.013879079513044096,0.4371721164780859,1
3286.162579,grid_1952_y415_z590,481.231,412.497,589.803,90.02520114945592,0.784,-0.24235012078818544,-0.12584810523612985,0.409684228666828,1,-0.14936503693790407,-0.05894680973097791,0.43669290493371454,1,-0.048249603207177055,-0.010587101753156053,0.4254105091447005,1,0.04786191604887106,0.004435892068514872,0.42360079375623,1,0.1493287129868767,-0.01389132842380613,0.4375401233864409,1
3287.162108,grid_1953_y420_z590,480.902,417.891,589.781,84.9722691882475,0.847,-0.2350647277059887,-0.12473046770837648,0.40665154948228954,1,-0.1469686168750731,-0.05981110810609688,0.4373565973793297,1,-0.048525129142129635,-0.011306414540425259,0.42748719330990176,1,0.047954577983041195,0.004219291586879095,0.42973113539014424,1,0.14916234090986696,-0.013915523477969038,0.4380411338586084,1
3288.162376,grid_1954_y425_z590,481.064,422.609,589.998,80.71849197055164,0.849,-0.2352667315936342,-0.12827773187096733,0.4169672689691794,1,-0.13997291945084464,-0.05905705014134275,0.43395648278311105,1,-0.04266913286987609,-0.010997411575864556,0.42563189134489793,1,0.05113210075114965,0.0042466948658154745,0.4262516145135003,1,0.14960685815060434,-0.013905371809562623,0.43693592144105126,1
3290.286031,grid_1955_y430_z590,481.126,427.463,590.049,76.31918670295168,1.972,-0.22872702952005053,-0.12722324118671746,0.41429375949487607,1,-0.13667711576166516,-0.05925001478673109,0.43390218677188597,1,-0.04063428917953707,-0.01104446451451152,0.4225166758701541,1,0.05225053301425118,0.004138176744897082,0.42981284144392506,1,0.14964051794568023,-0.013928719494916994,0.43664697573672223,1
3291.450446,grid_1956_y435_z590,481.157,432.323,590.186,72.00791537740838,1.023,-0.2289028923212019,-0.13072126220994862,0.42456255195080206,1,-0.13388150599358825,-0.06053421617445994,0.4409742922626347,1,-0.037372611358929796,-0.01128290460308934,0.42449996111996025,1,0.05401697177402077,0.004080324234700089,0.4292940992595564,1,0.149685515395122,-0.014025323414107527,0.4357514538598027,1
3294.436657,grid_1957_y440_z590,481.336,437.481,590.112,67.42618997096011,2.824,-0.22295195540094645,-0.1303687172003161,0.42377319277594405,1,-0.12657395849856004,-0.05918438781495455,0.4318749708498762,1,-0.03453282686821252,-0.01133032612906438,0.42685470339094844,1,0.056388702513733784,0.004006796155572874,0.43121308106064005,1,0.15439840269708102,-0.01450757594251986,0.44841102324966947,1
3295.441908,grid_1958_y445_z590,481.342,442.547,589.809,62.879251991416034,0.842,-0.20914516382230444,-0.12497128365166861,0.407961387407781,1,-0.12275872915815257,-0.059928765310199424,0.43373114917761346,1,-0.03178929842729874,-0.01226058495501363,0.4253711787472545,1,0.058331008807831895,0.003158767316159708,0.4369353477597763,1,0.15441715938402972,-0.014496227209547326,0.4483498075153127,1
3296.841519,grid_1959_y450_z590,481.469,447.528,589.693,58.60475906443093,1.237,-0.2065282479996613,-0.1264309828055264,0.4135404155325415,1,-0.11850585656563102,-0.05949205138096372,0.4333312310988174,1,-0.028981407176031166,-0.011851430215162792,0.4287243965583028,1,0.05880222001045413,0.0037061196306141454,0.4289056484220993,1,0.15576066140296102,-0.014608524266610181,0.4510766729807276,1
3298.192051,grid_1960_y455_z590,481.413,452.599,589.622,54.379545097398534,1.188,-0.2063977989624575,-0.12957418518638433,0.42490574641101836,1,-0.11334679519013212,-0.05951309030464192,0.4345234452061965,1,-0.025013773638111986,-0.011759233181595946,0.4290735384575933,1,0.060918635368363665,0.0034765123850671632,0.42960480317060684,1,0.15639055065864457,-0.014612914793914031,0.4512014683622639,1
3298.741653,grid_1961_y460_z590,481.148,457.646,589.782,50.4435160650009,0.4,-0.2019558967790053,-0.12981426620590034,0.4251097394116479,1,-0.11111595566042175,-0.059992512823927376,0.4373130290104508,1,-0.022845213591198874,-0.011880580741597875,0.42752093975411026,1,0.062433032865608425,0.003329467851798636,0.43206261683335123,1,0.15553705795997383,-0.014534970246820739,0.4486021193114611,1
3300.198054,grid_1962_y465_z590,481.321,462.384,589.691,46.84466860807112,1.294,-0.19141013307257146,-0.12698579962845563,0.41608971639835884,1,-0.10621418870772749,-0.060249734765883245,0.43717256518360137,1,-0.020128588513306053,-0.011786606738960528,0.4271863403208976,1,0.06343297880885555,0.003439412108425337,0.4298282456152329,1,0.1557470210452017,-0.014536433755922023,0.44864371777197326,1
3303.751943,grid_1963_y470_z590,481.605,467.279,589.865,43.568362902454844,3.323,-0.18445265270159705,-0.1265470293007192,0.4132801482124335,1,-0.10110136190052667,-0.06115008182697156,0.4365304363929883,1,-0.01658661140095197,-0.013449618467988604,0.4304044762146158,1,0.0656652802807086,0.002447751779058783,0.42870807029717733,1,0.15246237969637724,-0.014285681673307111,0.43862844648616456,1
3306.892061,grid_1964_y475_z590,481.42,472.311,589.93,40.369018244193164,2.979,-0.18421388678387998,-0.13016935724714204,0.42592217387859765,1,-0.0961959942207486,-0.06030312485357501,0.4349897246965273,1,-0.013263659284861042,-0.012566166860186146,0.42751959702417563,1,0.0673049598425475,0.002820109996702526,0.43045083277938573,1,0.1562131387147854,-0.01452428676684913,0.448137680387664,1
3308.549568,grid_1965_y480_z590,481.69,477.496,589.521,37.186970917244665,1.467,-0.17571304078353714,-0.12752542108492204,0.4181870192331267,1,-0.09168884200594075,-0.06024108169199147,0.432270814800094,1,-0.01079045327900032,-0.012942427473224431,0.4314649087487899,1,0.06787119053014713,0.0026301758477903655,0.42729110126503733,1,0.15786062682432977,-0.01462302486977002,0.45148919577792596,1
3310.945468,grid_1966_y485_z590,481.554,482.397,589.569,34.9347594667546,2.244,-0.16946674441881357,-0.12701951591796637,0.4166732922218141,1,-0.08790386979751602,-0.06065660459129934,0.4328398950222096,1,-0.008794863599044914,-0.013251488877432648,0.43036486499958143,1,0.0696055776746094,0.0025470378466537036,0.4309219303258081,1,0.15724982680795105,-0.014562503867595432,0.4494528059918777,1
3312.193964,grid_1967_y490_z590,481.66,487.433,589.623,33.27879485498244,1.016,-0.1654190517827929,-0.1281687103706877,0.4206233500760716,1,-0.0831326035820777,-0.06074304853412484,0.4352420080964876,1,-0.004544933200685193,-0.013318137538845034,0.4290167858006173,1,0.07287371649022652,0.0020810354708059075,0.4327495732809674,1,0.15731643590636746,-0.014528445573884786,0.4489837469226281,1
3315.712103,grid_1968_y495_z590,481.413,492.459,589.903,32.47042109366622,3.326,-0.16083474610187057,-0.12907096749145697,0.42359270730976933,1,-0.0773514158529358,-0.059973600388669675,0.42713804944351846,1,-0.002146057540789953,-0.013806853377467662,0.4330591261058952,1,0.0737092665040177,0.0018402248128420982,0.4314985641194553,1,0.15333549667858523,-0.014047077740869251,0.43621508969652195,1
3316.936066,grid_1969_y500_z590,481.488,497.497,589.437,31.77785321572248,1.023,-0.15581534175140158,-0.12889938437536283,0.4252912109849775,1,-0.07458755910995472,-0.06121508588301469,0.43379466574720144,1,0.00016054221905265282,-0.013815834042832565,0.42571565685549895,1,0.07485072150290649,0.0017141658597894906,0.4308405828092348,1,0.15791368655977442,-0.014510203784236786,0.44873884336510383,1
3317.818908,grid_1970_y505_z590,481.315,502.747,589.242,32.12678286103357,0.681,-0.1494082487959538,-0.12819547928302844,0.42350419992695576,1,-0.06977490704581653,-0.0603718403450069,0.43200372153409106,1,0.0039032148475700405,-0.013713876465823218,0.4335787190112112,1,0.07769174206140422,0.001739036655551027,0.4324804090608934,1,0.15839831872871,-0.0145631914254907,0.4485622353457462,1
3322.554167,grid_1971_y510_z590,481.502,507.436,588.912,33.07694945124179,4.555,-0.1445342591515715,-0.1283835140382226,0.4245994142086798,1,-0.06566562543399206,-0.06088000093608618,0.43610298840219053,1,0.007168876179696274,-0.013756252456811266,0.4259465713332717,1,0.07899375152553988,0.0015763346053379451,0.43107978237379624,1,0.1591219910993565,-0.01460469305617215,0.44985226540282236,1
3328.834059,grid_1972_y515_z590,481.609,512.567,589.332,35.478243262596905,6.018,-0.13857163901479375,-0.12814178354511696,0.423530444656566,1,-0.060971439966359904,-0.061029725223847094,0.43308767499343276,1,0.009414231839036953,-0.014237379551672416,0.427888914581184,1,0.07990917332362026,0.0013515306348616289,0.42927543032164034,1,0.15950207556847085,-0.014612582483856378,0.4496216958571757,1
3329.995652,grid_1973_y520_z590,481.445,517.268,589.305,37.77186234487255,0.961,-0.13294838759006264,-0.12804015652974077,0.42325765639201846,1,-0.05691683272077996,-0.06107714183116456,0.4321251465679241,1,0.011864793975162139,-0.014342478187489958,0.4257917458289237,1,0.08215907217289532,0.0011612239034272732,0.43358684766432326,1,0.15646336591196267,-0.014517691809535471,0.4410806926594976,1
3331.7562,grid_1974_y525_z590,481.799,522.187,589.782,41.096021036105256,1.471,-0.1273522204747952,-0.12859974541327734,0.42274185285702104,1,-0.05248219246691385,-0.06128693144530669,0.4300922741256193,1,0.014778711806305722,-0.01474422936712795,0.4247555659353246,1,0.08282755127708673,0.0009041106405575476,0.42943645954099674,1,0.15638907869541502,-0.014479524195209129,0.4403383424750804,1
3333.195781,grid_1975_y530_z590,481.799,527.085,589.236,43.92593344483421,1.239,-0.12179948021230123,-0.12779416607609426,0.422805483848401,1,-0.04750575308233918,-0.060031573121125704,0.4232924857917586,1,0.01747680583739815,-0.01481106587197775,0.427163240652855,1,0.08459212647340393,0.0008828609534428377,0.43083108011898513,1,0.15540279653559025,-0.014344553126091446,0.436622747865246,1
3338.977759,grid_1976_y535_z590,481.9,532.5,588.901,47.642615020588444,5.501,-0.11649477844876444,-0.1281043365665231,0.42574746312661516,1,-0.04224867941180097,-0.059637114457519985,0.4225526318159785,1,0.021168719300934,-0.014598490310181284,0.42389844096732093,1,0.08730369534300463,0.0008546808073088,0.43170954527170496,1,0.16163776960475132,-0.01464771171514026,0.4521928502866189,1
3344.619466,grid_1977_y540_z590,481.737,537.15,589.086,51.32217099850709,5.42,-0.11421922040955425,-0.13172974568660553,0.43695233585249477,1,-0.03940658377548783,-0.06195760692026522,0.4361629427007985,1,0.023181726580544338,-0.014958748552957599,0.420049095489975,1,0.0893733005897246,0.0004954160187725319,0.4361268910339069,1,0.15772099162097789,-0.014530424272386445,0.44064677031954186,1
3347.677886,grid_1978_y545_z590,481.816,542.452,589.455,55.819089834930175,2.767,-0.10382918911208054,-0.12704675632459841,0.4211247379395205,1,-0.03481498447172423,-0.06209064148809599,0.4336813294950743,1,0.02675234086509076,-0.01573572409350624,0.424583312802518,1,0.08919793677848249,9.204856567223732e-05,0.4269943395556229,1,0.15660617253827716,-0.014382010739981911,0.4367131778318168,1
3349.812721,grid_1979_y550_z590,481.794,547.36,589.811,60.09658537720764,1.864,-0.09670208280520749,-0.12552279137843908,0.4141682477789141,1,-0.0290575181877967,-0.060272303576383614,0.41858265587501137,1,0.02996728522160814,-0.01603429067975328,0.42964488711236504,1,0.0914532484098388,-8.185633943680029e-05,0.42872510114561835,1,0.1547495099474687,-0.014457632840779227,0.4296292309455498,1
3352.924642,grid_1980_y555_z590,481.975,552.251,588.945,63.88394598019133,2.87,-0.09267848777378064,-0.12669000469322586,0.42016924347330725,1,-0.025261708809241154,-0.06008150854063914,0.42093301926501914,1,0.03269869605519101,-0.016165004566397422,0.4311624965437602,1,0.09294464011296975,-8.92188619721228e-05,0.42928114298692965,1,0.15508915911116736,-0.014453293911941311,0.4306994548816687,1
3355.173373,grid_1981_y560_z590,481.967,557.571,589.18,68.67049081665284,1.917,-0.08791509966483309,-0.1284908668039363,0.4263001283747147,1,-0.02072870463387667,-0.06082720724975965,0.42577680658611744,1,0.035770831163482196,-0.016163199320882383,0.4286433657732824,1,0.09533584668007283,-0.00045142783487022646,0.43245436842732116,1,0.15948124358845306,-0.014536184802751336,0.4423405935873321,1
3365.141306,grid_1982_y565_z590,481.736,562.481,589.158,73.03048219750437,9.729,-0.0831967103334293,-0.13000243133470893,0.4318956363159608,1,-0.01689043763610197,-0.06154078907923288,0.4298408791701798,1,0.038291901394275275,-0.016532025845901167,0.42606618662294476,1,0.10087488320525305,-0.0005834599888323682,0.4501943303135056,1,0.15652839864291604,-0.014484183834990066,0.4333390913345169,1
3366.360524,grid_1983_y570_z590,481.669,567.512,589.222,77.61706023806876,0.916,-0.07498960106879225,-0.12616156695077563,0.4187390268506231,1,-0.01153594745003395,-0.060408647146082774,0.42104377855280745,1,0.04156170421941597,-0.016714908226021598,0.4287060664224418,1,0.09862267255715167,-0.0005324594383403993,0.4327641800345144,1,0.15642082943531413,-0.014453442003157757,0.4319576995108998,1
3372.213107,grid_1996_y570_z595,482.302,568.598,592.645,80.0709798241535,5.478,-0.07484865111390643,-0.13194926618900374,0.42514193530795374,1,-0.011438308795416486,-0.06665466510116404,0.4411415019647659,1,0.04257884348440368,-0.018517232558482002,0.4307695985942271,1,0.09946428954846546,-0.0014014471580371007,0.4339392942971885,1,0.15506267344111613,-0.014426181086190986,0.42825281386068964,1
3373.582999,grid_1997_y565_z595,482.062,567.318,593.441,79.24596773338062,1.359,-0.07665108984240664,-0.13303812309959298,0.4249660671018416,1,-0.011930322554190917,-0.06566269429142488,0.4306714892242771,1,0.04183340769089025,-0.018691065623504515,0.4295160726660061,1,0.10025920642603496,-0.0016654474845201744,0.4384062302641987,1,0.15570530346146413,-0.014444866598285177,0.43036243156660037,1
3375.511233,grid_1998_y560_z595,480.741,562.944,594.031,75.52025567356081,1.628,-0.08053532626476388,-0.132011875858311,0.4217908735260136,1,-0.016118798542884265,-0.06671214315268673,0.43381131266016176,1,0.03862983337855878,-0.019095879836059624,0.42774715647192957,1,0.09782731083719726,-0.0015071967003722295,0.4366547838926804,1,0.15748870232215814,-0.01450682222507256,0.4369574143655068,1
3379.646283,grid_1999_y555_z595,480.733,557.832,594.442,71.27829150589963,3.865,-0.0887696706439307,-0.13644594451424982,0.43436172478267215,1,-0.02064042903776371,-0.06729374731850433,0.43610940237288315,1,0.035988363716294304,-0.019220562930066697,0.43088588796302996,1,0.09574902319958246,-0.0018123299151380481,0.4345115455881285,1,0.1547495099474687,-0.014457632840779227,0.4296292309455498,1
3381.485203,grid_2000_y550_z595,480.578,552.548,594.331,66.72076430917143,1.527,-0.09154104387384243,-0.1320475588532157,0.4197954427872724,1,-0.024831886066910402,-0.06614023796547415,0.42859514134559484,1,0.033300310232837575,-0.019489820638815967,0.43290521410947386,1,0.09489025433422743,-0.0017563515061191732,0.43724913244644564,1,0.1543224273885436,-0.014437956052612383,0.42880625973959235,1
3383.415748,grid_2001_y545_z595,480.573,547.68,594.236,62.64153417661478,1.7,-0.09709761482875016,-0.1322248725369615,0.42025051913816563,1,-0.02940605293434904,-0.06562105485652477,0.4302763963064075,1,0.02982235042598125,-0.018374935409878657,0.42816458335695345,1,0.09162058972014801,-0.00110449154525973,0.42996634986801996,1,0.15505895371260345,-0.014445029157313008,0.4308098887599276,1
3384.361293,grid_2002_y540_z595,480.532,542.831,593.941,58.5727258286654,0.676,-0.10327553435651632,-0.13218315065854594,0.42154894642448254,1,-0.03369230462052638,-0.06540205758413951,0.42970323953734796,1,0.027153244585188026,-0.018168195832417678,0.4291601545002004,1,0.09037462998324909,-0.0008856777544395573,0.43206003579056534,1,0.15716358207962752,-0.014456217506184178,0.4386799740756793,1
3390.531412,grid_2003_y535_z595,480.741,537.928,594.171,54.96048181193471,5.958,-0.10826393950877755,-0.13259123793581654,0.4211840527533682,1,-0.03782599029377136,-0.06535982340591313,0.42782087740191294,1,0.02453867789755265,-0.018403782336152596,0.43343062114574815,1,0.08851175253969734,-0.0008133992704297397,0.4313487059339452,1,0.1556814548970033,-0.014493664029463553,0.43515323509380033,1
3394.915661,grid_2004_y530_z595,480.693,532.804,593.861,50.999289808780674,4.124,-0.1158132676714025,-0.13404510773265363,0.42682439576307557,1,-0.042233554448334064,-0.06429731695725148,0.4250726277739467,1,0.021159849738495187,-0.01749876174055452,0.42738362017423365,1,0.08762756166607348,-0.0006999334359967963,0.43471849505256394,1,0.15459155023605528,-0.014460726911789942,0.4323281242379724,1
3397.287524,grid_2005_y525_z595,480.658,527.698,594.179,47.745245815683056,2.151,-0.12062640139324853,-0.1330055565408533,0.42222710486523424,1,-0.047293397425508504,-0.06564873249353582,0.43199658567975047,1,0.01834757212701968,-0.017679916049490405,0.4278814655231727,1,0.08547967978312361,-0.0005528122122063684,0.4325865667453395,1,0.15337531805917667,-0.014417452353155056,0.42972446144638177,1
3398.980416,grid_2006_y520_z595,480.508,522.568,594.348,44.69047308991033,1.42,-0.1262082778981117,-0.13334023020601135,0.4227142892408491,1,-0.05103760066272232,-0.06493842810057691,0.42483678437665723,1,0.015127668260915014,-0.01789944074731085,0.42776375223509994,1,0.08271194397222893,-0.0005848684198728814,0.4273732930894683,1,0.15350861410570357,-0.014430379636142292,0.432018925411151,1
3400.1795,grid_2007_y515_z595,480.615,517.675,594.397,42.09625410888723,0.968,-0.13101051142590778,-0.13266329379025918,0.42058867356572094,1,-0.05701213422743425,-0.06637727768705848,0.4391889009479784,1,0.012805835561757066,-0.016988292694681672,0.4263051397154672,1,0.08173016777066493,0.00013945166013308894,0.4280931852375251,1,0.15339540992902886,-0.014448319677636113,0.43195819759371873,1
3400.996664,grid_2008_y510_z595,480.754,512.739,594.079,39.59341939009563,0.617,-0.1366544614166844,-0.13330138519737653,0.4228678680889543,1,-0.059113511865578054,-0.0644040686438234,0.42870430389486613,1,0.010346695222045314,-0.016739382615876416,0.4266568955445604,1,0.08088215366300926,0.00023022830585995145,0.4312620343730789,1,0.15424362507496953,-0.014487685591928116,0.43475659318007304,1
3412.455196,grid_2009_y505_z595,480.871,507.683,593.755,37.53356143506772,11.248,-0.14368624843711844,-0.13355595096100437,0.42451804838123053,1,-0.06340719561352949,-0.06343959004998292,0.42493059530996063,1,0.007064409520006014,-0.016315481847922635,0.42770448637980546,1,0.07924278487028129,0.00043457805824514663,0.4328557450562902,1,0.15598967236238584,-0.014500529395865493,0.4408465334158899,1
3414.330335,grid_2010_y500_z595,480.705,502.618,594.18,36.746646649728454,1.643,-0.14759886834734026,-0.1327936015703717,0.4204209773128887,1,-0.0672905218204974,-0.0632667103499317,0.4218322184930004,1,0.004084094598188158,-0.01653947527821966,0.4238735455105742,1,0.0768148790950697,0.0003266914858462135,0.4319105930542486,1,0.15286489776054465,-0.01446395447800173,0.43387324159839674,1
3417.217973,grid_2011_y495_z595,480.501,497.556,594.807,36.847601943681546,2.648,-0.15467923043660117,-0.13520342185321954,0.42484958089510966,1,-0.07356883663751766,-0.06563311899564704,0.4332904302328311,1,0.0012975029636938882,-0.01684763176393543,0.4264165184003977,1,0.07616425363404396,0.0003687151559625999,0.4351199413131752,1,0.15326832222075082,-0.014460575744901791,0.434972339908884,1
3419.076294,grid_2012_y490_z595,480.544,492.622,594.611,36.86703711989888,1.679,-0.1596740974176758,-0.13464490935648005,0.4230256795524497,1,-0.07813345200507228,-0.06569950171400826,0.43505189701460917,1,-0.001486637474679254,-0.016473739612765208,0.4259777705378775,1,0.07472402350931127,0.0007053304108985635,0.4359617935005969,1,0.15315963839305233,-0.014184484266331182,0.4353631742826496,1
3424.447488,grid_2013_y485_z595,480.603,487.582,594.38,37.53630780990591,5.17,-0.16397413595204735,-0.13272450299623986,0.41975160784958293,1,-0.0824369543674738,-0.06489618166682819,0.43420703486462836,1,-0.0046032168633305,-0.015987685554907025,0.42618070979431155,1,0.07235233892768893,0.0008130220247391705,0.4314822722750797,1,0.15782788515875143,-0.014600547403327344,0.45112358574559314,1
3427.014542,grid_2014_y480_z595,480.747,482.746,594.102,38.752173616456695,2.366,-0.16973955233732566,-0.13293663775580855,0.4203489354888846,1,-0.08708572634323786,-0.06467544015063649,0.4344995877382222,1,-0.007925264955522994,-0.01606267617066436,0.4323591542809071,1,0.07040265851169342,0.0008290277230666394,0.4323404667214393,1,0.15384193558574696,-0.014487563360163831,0.4398842084811394,1
3432.027012,grid_2015_y475_z595,480.723,477.922,594.1,40.72328970012128,4.789,-0.1755578472608369,-0.13336081899954913,0.4214580818189994,1,-0.0914454369522714,-0.0647938489964912,0.43703808761969093,1,-0.009808811073319643,-0.015580073780356078,0.4291568440746192,1,0.06891570390666894,0.0012871673230249495,0.4281087516311368,1,0.1570568885766132,-0.014595932567848783,0.44916819831856863,1
3435.035818,grid_2016_y470_z595,480.759,472.855,594.323,43.47319121021599,2.797,-0.18150170018431233,-0.1336942954865343,0.42173749873911487,1,-0.09557084968454743,-0.0646996444031372,0.4335737345357142,1,-0.01321089647153055,-0.015316693333242747,0.41630863260093154,1,0.06731882754866833,0.0013758470253474678,0.4295438002933376,1,0.15691940208767868,-0.01459280015125087,0.44904658557446836,1
3437.77281,grid_2017_y465_z595,480.698,467.699,594.51,46.6282205750981,2.537,-0.18442999912575106,-0.13206922864991047,0.41526444032193494,1,-0.10065755259944899,-0.06500250932171607,0.4357608082816222,1,-0.01651335203430355,-0.01531995711069513,0.4248339096696052,1,0.06610561494584417,0.0014037090655998317,0.4355680871987757,1,0.15233305025051877,-0.014224655567548856,0.43824632156876203,1
3440.903763,grid_2018_y460_z595,480.688,462.517,594.67,50.121655140268466,2.91,-0.19148747510627553,-0.13355583485356035,0.4184575272811055,1,-0.1045117960323489,-0.06483485719488526,0.4329762946610767,1,-0.019692197371418176,-0.015404909794056435,0.423717938129774,1,0.06319277133826835,0.0016452007063037552,0.4275934609544753,1,0.15660051374387243,-0.014614378303015313,0.451243066822776,1
3442.071167,grid_2019_y455_z595,480.908,457.422,594.629,53.717188254784915,0.975,-0.1949792364438624,-0.13208041323619799,0.41398376312791996,1,-0.10887021507686816,-0.06448283652724666,0.43573289900737744,1,-0.02158689051412599,-0.014989216691726497,0.4284606945722645,1,0.06313948229314126,0.0019488010287355931,0.43164413136775565,1,0.15581496571539125,-0.014588278853047506,0.44895703439696794,1
3442.788171,grid_2020_y450_z595,480.942,452.57,594.683,57.39157870280276,0.506,-0.2009264231342698,-0.13295507382567737,0.41594946888541956,1,-0.11375363628911998,-0.06457891495902647,0.43610436869911035,1,-0.025330988499242185,-0.01507046352970288,0.42886830496393763,1,0.060742769524583635,0.00169377970878466,0.42751685047835614,1,0.1552038331466564,-0.01457253959277112,0.4487710232810749,1
3444.393263,grid_2021_y445_z595,480.942,447.669,594.561,61.161739044929114,1.413,-0.20653964858512294,-0.13272607127011388,0.4154136206933676,1,-0.11793185046169874,-0.06421581440762474,0.43434600169013265,1,-0.02899075982693454,-0.014839661716944542,0.4317665708408984,1,0.05887699259987162,0.002215499947564772,0.42943933411918084,1,0.15535949191945406,-0.014594248515435079,0.4509322603253467,1
3446.039242,grid_2022_y440_z595,480.992,442.741,594.408,65.0933468643302,1.464,-0.2145071499579857,-0.13384725400287156,0.4203958232612222,1,-0.12247055572295985,-0.06401558984086102,0.4363951927333332,1,-0.030755601063161626,-0.014339813397168012,0.42735217276205134,1,0.05740852032070725,0.002207223383777638,0.425718451701152,1,0.15534073523250533,-0.014605597248407614,0.45099347605970347,1
3446.668986,grid_2023_y435_z595,481.027,437.649,594.607,69.47343033131443,0.449,-0.21726200644917557,-0.1330852326814966,0.41614960029711484,1,-0.127286748635509,-0.06455056104548818,0.43654404970164,1,-0.03461516924730127,-0.014451787789910214,0.42771686481824517,1,0.055834212545325425,0.0022549840980885818,0.4286491906301972,1,0.1543971780722436,-0.014515429943546288,0.44866371790997284,1
3452.071135,grid_2024_y430_z595,481.065,432.449,594.894,74.08236403490376,5.212,-0.23019056583088957,-0.13726736732358125,0.42765925256303267,1,-0.13248622091908366,-0.06476105839343893,0.43719683419289956,1,-0.037404426508460015,-0.014387718129876421,0.4245335620790131,1,0.05392785127875302,0.002443354988269677,0.42722555429596415,1,0.15062907255538374,-0.014115490718968853,0.43808121200953337,1
3453.109697,grid_2025_y425_z595,480.998,427.526,594.922,78.39243198804336,0.847,-0.23215461245236993,-0.13528929452716973,0.4213320069195066,1,-0.1357149694705148,-0.06407213673131862,0.4347591258684606,1,-0.03997291165224042,-0.014104543916947604,0.4257226845383764,1,0.053254068781717734,0.0025041687564156625,0.4304001721501503,1,0.14968306614544713,-0.014041031416160385,0.4362568431804094,1
3456.444428,grid_2026_y420_z595,480.921,422.696,595.178,82.78776213909879,3.154,-0.238508204365622,-0.13609634667175902,0.42357018718970957,1,-0.13999210874144072,-0.0643102753046833,0.4352857665849164,1,-0.04270756035910651,-0.014392905466975995,0.4271579175621512,1,0.05137846292540845,0.0026908608726874,0.4283420003271679,1,0.15331741514019717,-0.01448467289866394,0.4480859672334519,1
3458.076742,grid_2027_y415_z595,480.951,417.809,595.092,87.14533252561492,1.46,-0.24113688358037877,-0.13443236494196986,0.41831498956145174,1,-0.14428901937153063,-0.06376623445043196,0.4339623130789232,1,-0.04585841390390492,-0.014150711188120403,0.4262505729619319,1,0.049760219064092004,0.0026013026952319065,0.42740786754834253,1,0.15331741514019714,-0.01448467289866394,0.4480859672334519,1
3467.144895,grid_2028_y410_z595,481.02,412.711,594.867,91.69703852906045,8.878,-0.25174335820172405,-0.13718934748243602,0.42689576503602683,1,-0.14976860959831556,-0.06435000151290975,0.4378559691122474,1,-0.04891567577999234,-0.014063877284422375,0.42948497579174777,1,0.047726718631111005,0.002654526115107371,0.4250349392685342,1,0.15324550155470731,-0.014527362237600728,0.44844858044392105,1
3470.269833,grid_2029_y405_z595,480.945,407.894,594.571,96.00762059857541,2.934,-0.2483026424846524,-0.1321968411510376,0.41240667141742443,1,-0.1524727422059522,-0.06279130519359381,0.4326115763355803,1,-0.05278977656669581,-0.013469232790376868,0.42975121133781036,1,0.04546120921704991,0.003277981061091478,0.424105530632443,1,0.14818885327039155,-0.01394906528188416,0.43552967810755067,1
3473.387581,grid_2030_y400_z595,481.05,402.692,594.533,100.82797864680222,2.926,-0.25908286999228836,-0.13479033016428488,0.4203421090428423,1,-0.1585535050971372,-0.06323549805512192,0.4358896412300264,1,-0.054982098726052586,-0.01321197470104974,0.42274673063611573,1,0.044289037532719816,0.0033738689740899844,0.4275455514452549,1,0.14796659138306842,-0.01383928063180479,0.4358982683998638,1
3474.312108,grid_2031_y395_z595,481.148,397.75,594.339,105.38721517337864,0.735,-0.26494056078741185,-0.13464819923766735,0.42055125052396125,1,-0.16205467698022177,-0.06280025526489715,0.43583420970529957,1,-0.05694471924037744,-0.012951673966199324,0.42449088552657005,1,0.04392241018664505,0.0036638019216189126,0.42874647729624593,1,0.1491870456580257,-0.013956982911267063,0.4397618650319857,1
3475.913523,grid_2032_y390_z595,481.302,392.472,594.594,110.44662394568705,1.412,-0.27378989420074656,-0.13667646294382627,0.4250027823984393,1,-0.16680651825688997,-0.06288568469769358,0.4333488253279552,1,-0.061902317814451185,-0.013230187559933533,0.4297950947019364,1,0.04170725933278966,0.0035389190778993707,0.4347841819644589,1,0.1486165377208839,-0.013911939165604133,0.4392277564379498,1
3477.410118,grid_2033_y385_z595,481.187,387.483,594.931,115.26209837583212,1.294,-0.27408782977853724,-0.13444722843085502,0.4175142766441419,1,-0.17197704095612318,-0.06366534310329787,0.4396777537440153,1,-0.06349334627176431,-0.013442782595270321,0.43437405162076104,1,0.040719203715725356,0.003462383606372236,0.42546081633507843,1,0.148190229804212,-0.013911901077707891,0.4379716529037789,1
3478.635816,grid_2034_y380_z595,481.163,382.54,594.967,119.96243567467276,1.014,-0.28328785692369596,-0.13608247741432752,0.42266738172974794,1,-0.1745565665993598,-0.06256025662692657,0.43254662718763087,1,-0.06739567343328208,-0.012888016223494135,0.4287844147063447,1,0.037958714988725425,0.003507080032334038,0.4259829901307349,1,0.14798576080713244,-0.013895092785685667,0.4389210420675378,1
3480.014775,grid_2035_y375_z595,481.213,377.455,595.058,124.83730639916902,1.177,-0.2835190222952419,-0.1337691593727865,0.41511806412670554,1,-0.1767173316519556,-0.062020242183726336,0.4291802865028365,1,-0.06927659749173781,-0.012888809109302915,0.43195320971097684,1,0.03849761816542239,0.003739232992959494,0.4366866024596312,1,0.14794582528786496,-0.013875057864618704,0.4385239093823679,1
3483.628166,grid_2036_y370_z595,481.148,372.701,594.953,129.34987985692138,3.431,-0.287524027488764,-0.1332419578230157,0.41340757728619293,1,-0.18218047468056994,-0.06231678959670592,0.43230624881652696,1,-0.07215372279836907,-0.012656922386151041,0.4301785443752602,1,0.03634760101419888,0.0039003311520178136,0.429108297582318,1,0.1471048437869103,-0.013814259051338375,0.43724762666070355,1
3486.264615,grid_2037_y365_z595,481.083,367.908,594.754,133.89128032848143,2.416,-0.2997700252260511,-0.13621275886472847,0.422895995261922,1,-0.18660684387766188,-0.0616160956763907,0.43160984165913147,1,-0.07621112251930601,-0.01270253147572145,0.4337719892379958,1,0.034196105425883166,0.0040068748515156806,0.4293370202231221,1,0.14800264546105987,-0.013957555898712256,0.4397949831485251,1
3488.36868,grid_2038_y360_z595,481.172,362.723,595.018,138.9565150757603,1.914,-0.30268971505790226,-0.13549283965937986,0.41876851588518565,1,-0.18943459271353028,-0.06189805224708117,0.42693940264780034,1,-0.07811064143828106,-0.01267285117008847,0.42472714834023745,1,0.0320606595029769,0.004019923585142771,0.42821686977372536,1,0.14556259730144133,-0.013701535160868548,0.4345858833364909,1
3489.29701,grid_2039_y355_z595,481.348,357.797,595.148,143.75076794925306,0.615,-0.31029254136384016,-0.13632788779696525,0.4214259299108167,1,-0.19421522874046293,-0.06174374127622159,0.42824310873925203,1,-0.08071872720037711,-0.01247226315237967,0.4243384992461245,1,0.03121530072496866,0.004017710517667598,0.42948004336951034,1,0.14632206930351255,-0.013816867990233567,0.43732966650702615,1
3490.084603,grid_2040_y350_z595,481.433,352.658,595.126,148.71816708122785,0.567,-0.3174079947625585,-0.13721208672371268,0.42370010148247106,1,-0.19876022263876472,-0.06201534549699774,0.4296176996410781,1,-0.08357896714549488,-0.012603197291491133,0.428169087792924,1,0.030441986733274903,0.004126451378146945,0.433533319287565,1,0.14557760778385895,-0.013774470806412429,0.4356877086533051,1
3491.119289,grid_2041_y350_z600,480.838,352.133,597.579,149.82006755772073,0.794,-0.31451387152397065,-0.13818552449592375,0.4192847410630673,1,-0.20277234577105518,-0.06467125964356792,0.43598742783488276,1,-0.08672227885582083,-0.013660350316568455,0.43464492293951906,1,0.028345380998228063,0.003926711400963958,0.4285736344849327,1,0.14567738496556126,-0.013836218524603552,0.4375353426556929,1
3491.531301,grid_2042_y355_z600,481.096,353.177,598.834,149.15954991216617,0.4,-0.31780747786687663,-0.14043246509903648,0.4243354660281185,1,-0.20062755728338552,-0.06440714507284596,0.4329826652994843,1,-0.08508237423650065,-0.014172366621668472,0.434857792102032,1,0.02960619669313248,0.003438802637654183,0.4281732826985916,1,0.14621689560893716,-0.013865522156366132,0.4378470643595617,1
3492.522842,grid_2043_y360_z600,480.957,357.778,599.774,144.99871095978747,0.791,-0.313973199904014,-0.14347243534324045,0.4270495293568017,1,-0.19519382750715633,-0.06579633081992635,0.4304274981639456,1,-0.08254858308269855,-0.015367150446229333,0.43158313377579277,1,0.030108725127597963,0.0026240856382884156,0.4257755087753689,1,0.1459778621183825,-0.01383114454563337,0.4371013181213727,1
3499.662675,grid_2044_y365_z600,480.846,362.606,600.254,140.51930925321264,6.967,-0.3006477424519985,-0.14008656491799173,0.4159682313588215,1,-0.1920730586293019,-0.0670605679794841,0.4324916154543052,1,-0.07961029600494375,-0.0156928199333886,0.43010156171966857,1,0.03211075655053032,0.0025973204787129293,0.4302825690860074,1,0.14702734824915611,-0.013927476100576352,0.4390778707479512,1
3500.76862,grid_2045_y370_z600,480.772,367.573,600.064,135.72868108841257,0.955,-0.29929891415778664,-0.14207860653486956,0.4222521073977628,1,-0.18622712884214895,-0.06646370701521077,0.42975847736424,1,-0.074937270537056,-0.015379396608936698,0.4245724384314653,1,0.034221156504125286,0.00260202967103016,0.42863351691132584,1,0.14871546058121513,-0.014081795910876667,0.44188261326500095,1
3511.36822,grid_2046_y375_z600,480.733,372.492,600.262,131.1217713425196,10.438,-0.28703089694763656,-0.13879678848413016,0.4120068556027234,1,-0.18447125888483695,-0.06771638513389572,0.43492555098595803,1,-0.07280144123391337,-0.015913912166582323,0.4260091199951941,1,0.03448358512874737,0.002310134752668504,0.4212227318117267,1,0.14728983034090462,-0.013833315886547846,0.4377073530320494,1
3512.158565,grid_2047_y380_z600,480.867,377.324,600.119,126.51695673307987,0.628,-0.2815322425961679,-0.13825747640280941,0.41220731157277507,1,-0.17942120279171056,-0.06695102322929039,0.4328329323297768,1,-0.07070157145992434,-0.01581755732958439,0.4286542311826513,1,0.03642932420079381,0.002389446989610564,0.42866904556973967,1,0.14729524359382343,-0.013827477043847783,0.4375661723802114,1
3512.94787,grid_2048_y385_z600,480.968,382.477,599.99,121.63170571031226,0.619,-0.27691510160867666,-0.138623150114126,0.41353998497596556,1,-0.17631083780477033,-0.06779376300054993,0.4384352241459674,1,-0.06606289154285448,-0.01551892936861131,0.42885910319707604,1,0.039196986152715434,0.002623980169221258,0.4300507978359856,1,0.14867607530207666,-0.014000241294549493,0.4406465487170835,1
3513.815365,grid_2049_y390_z600,480.944,387.52,599.854,116.86269908315488,0.736,-0.27243792823418894,-0.13911014970502403,0.4150942956446624,1,-0.17092928734300683,-0.06714659466608354,0.4329321607548777,1,-0.06534904957059201,-0.01621488440336391,0.43184856706363056,1,0.039216442751574314,0.002404546135014109,0.42617472209989654,1,0.14818321536285972,-0.013889811321631246,0.4387872917423594,1
3515.206332,grid_2050_y395_z600,481.038,392.477,599.949,112.28977682318191,1.23,-0.27335194289742853,-0.14231003050712807,0.42493451102400176,1,-0.16688844508806885,-0.06776445832460333,0.4367996406067158,1,-0.06033390067387941,-0.015822629911609595,0.42847271817480176,1,0.042391558457895794,0.002589779125367469,0.43065535805601024,1,0.148304689860273,-0.013851277023757597,0.43802892805578053,1
3516.715213,grid_2051_y400_z600,480.902,397.802,599.685,107.25955205015539,1.347,-0.2614472960922868,-0.13889285506920843,0.41574167217961433,1,-0.16175687849796377,-0.06732904027489105,0.43716352376584205,1,-0.05622912121702562,-0.015721838205342,0.4280067898703593,1,0.04417997905752968,0.0020885637563637003,0.4263447727472754,1,0.14791345051512408,-0.013967436615048692,0.4357041751001424,1
3519.341674,grid_2052_y405_z600,480.975,402.811,599.577,102.6248142020243,2.475,-0.2534800657718587,-0.13719284890746,0.4114569020498476,1,-0.15893272147975507,-0.06758492016354667,0.4370841991415155,1,-0.055269832383740496,-0.01600616766220633,0.4258847566151404,1,0.04458904493481534,0.002091923425265912,0.42837788703716523,1,0.14864962255902003,-0.013951305485586494,0.4374960539944304,1
3520.942106,grid_2053_y410_z600,480.975,407.549,599.941,98.46532942107089,1.458,-0.25264133715608234,-0.14006663669931851,0.4186065473503789,1,-0.15416027737139865,-0.06824636475921016,0.4366727622805599,1,-0.05243296937981812,-0.016529545508470144,0.4292429594862031,1,0.04609686124010511,0.00174179822819346,0.427052692539237,1,0.14779403525271925,-0.014062263312673899,0.43377350589234204,1
3523.558613,grid_2054_y415_z600,481.179,412.375,600.304,94.29745869852485,2.475,-0.24062459245394716,-0.1364986027289774,0.4066707343039429,1,-0.14841729320788222,-0.06795186652693704,0.43342204588197797,1,-0.04868060441665056,-0.016689301140124718,0.4261658202903533,1,0.04762955231810686,0.0017120313314383324,0.42440031794138394,1,0.15314172935407502,-0.01447003957401833,0.4485765209427092,1
3524.712325,grid_2055_y420_z600,481.153,417.388,600.113,89.75650475035228,1.013,-0.24182060798431224,-0.13996939928900531,0.41831031138736274,1,-0.14538824982523443,-0.06838456404051317,0.4348275255392878,1,-0.04731817402669455,-0.016924899688828696,0.426319275141067,1,0.0484176623658068,0.0015273159720397892,0.4271623103909796,1,0.14991426150383802,-0.014168432232005786,0.43929748675259805,1
3526.842763,grid_2056_y425_z600,481.172,422.45,600.058,85.29605595219515,1.969,-0.23933789322854357,-0.14175630535504943,0.4240433392848648,1,-0.14061853958458057,-0.06830502107685806,0.43467475191680083,1,-0.04356734215735397,-0.01692364588685372,0.4277841437721624,1,0.05093484329803038,0.0014644633786726248,0.42842882836925633,1,0.1533186397650346,-0.014476818897637515,0.4478332725731486,1
3527.72939,grid_2057_y430_z600,481.34,427.176,600.056,81.23359551934168,0.736,-0.22907299201889444,-0.1388367565970634,0.4152428272348909,1,-0.13695832263188604,-0.06879963573659661,0.43960730227662986,1,-0.03988268824125444,-0.016669433874564495,0.4314855045788042,1,0.05293954760424662,0.0016713020030790185,0.4258600009706219,1,0.15080153557419065,-0.014204131145486886,0.43891835908613075,1
3530.288008,grid_2058_y435_z600,481.33,432.437,599.708,76.59611398759078,2.408,-0.22363342217416596,-0.1383643593646037,0.41536669040722257,1,-0.13222582389043094,-0.06847888865318451,0.4381889212722619,1,-0.0364195587904082,-0.016518030448278136,0.42771139233905187,1,0.05477660904001643,0.0014901927983392363,0.4275503724484538,1,0.1539787108173589,-0.014504615345429876,0.4483270106073849,1
3530.826424,grid_2059_y440_z600,481.267,437.712,599.445,72.0776671445463,0.397,-0.22336952065613067,-0.14020541438214082,0.4215946195425056,1,-0.12967316780507349,-0.06855186429524758,0.4369324484481731,1,-0.035811473697475935,-0.017134468507742237,0.43015458134798984,1,0.05523080915885304,0.0010787700539025191,0.42930863142234044,1,0.15394817758461782,-0.014481259793272491,0.4479592915365755,1
3534.025549,grid_2060_y445_z600,481.325,442.569,599.955,68.47922696701536,3.038,-0.21670279750979152,-0.1416374037062835,0.4242332011722904,1,-0.1220506769592976,-0.06820426750854035,0.4336618870247592,1,-0.03126504456654849,-0.017083278340007918,0.4315253681602254,1,0.05714950945284162,0.001092858279475117,0.4245490158778787,1,0.15478390697620073,-0.014569612574568553,0.4486878263600507,1
3536.549204,grid_2061_y450_z600,481.335,447.544,599.873,64.57334754370419,2.362,-0.20968145972540575,-0.14038999305473285,0.4214915934878732,1,-0.11720474306585826,-0.06820448308312767,0.4329318183628645,1,-0.027748340569605304,-0.017126179779670035,0.42949700123636864,1,0.059073232292282986,0.0010238463173278276,0.42602322953204563,1,0.1551818747980053,-0.01453694364250332,0.44955344234373645,1
3538.621213,grid_2062_y455_z600,481.292,452.37,600.033,61.090129366371485,1.91,-0.20703661052980626,-0.14229148680084727,0.4268771893616161,1,-0.11527539385693143,-0.06945266407695622,0.4375210267470023,1,-0.026871794294649465,-0.017708700553613014,0.4311267694902647,1,0.06017216691512786,0.0007731056447181175,0.4310614754475475,1,0.1544446476724097,-0.014562558532738528,0.44695244736956763,1
3541.729008,grid_2063_y460_z600,481.364,457.219,599.959,57.63050146406847,2.957,-0.2007462793357959,-0.14173052251732762,0.42512854586810395,1,-0.10964039982626474,-0.06936410140059278,0.4372648125420329,1,-0.021770691014716206,-0.01797884488336043,0.42920413945691505,1,0.06300865867816136,0.00048030577932116456,0.4301396760598922,1,0.1526727736014665,-0.014483881053176266,0.4398129046937355,1
3544.926816,grid_2064_y465_z600,481.357,462.482,599.609,53.90049481220005,3.047,-0.1935611589566141,-0.1400547901406563,0.42238655638107697,1,-0.10435369033111323,-0.06890646274240018,0.43583032162399826,1,-0.018864668378657762,-0.017887678897371913,0.4344368890054215,1,0.06464116601972598,0.000560432698531823,0.4292848994567195,1,0.1516833915624167,-0.014302246311832011,0.43658692239294333,1
3545.719603,grid_2065_y470_z600,481.538,467.327,599.537,50.93764025747567,0.622,-0.18817067850254396,-0.13992040367557187,0.4216493218189547,1,-0.10189965405847774,-0.06942130918049856,0.4388520023792824,1,-0.01695941446740112,-0.017950281695155914,0.43111916201985795,1,0.06490239602527566,0.0004809003397958148,0.42700297330527875,1,0.15180567837117923,-0.014351407234865268,0.4367846827328136,1
3548.003701,grid_2066_y475_z600,481.434,472.466,599.872,48.436603648480556,2.093,-0.1819302492026876,-0.1398038639724311,0.4210495319235103,1,-0.09610242466933867,-0.06967944758536997,0.43610702695792875,1,-0.012963396674291146,-0.018339059524891305,0.43058424879575274,1,0.06755495217971803,7.192942935710691e-05,0.42922528222042144,1,0.15250345106246427,-0.014401912885415598,0.43700061244961114,1
3549.152125,grid_2067_y480_z600,481.26,477.554,599.922,46.12915148796915,0.966,-0.1745893997158056,-0.13863851868145277,0.4172237262378596,1,-0.0890743469237823,-0.067641048203036,0.4229433376350633,1,-0.010493857425809409,-0.01860731871161957,0.42768238560341953,1,0.06810893675373723,-9.813239181338602e-05,0.4267451706728898,1,0.15276322436016132,-0.014454206225046765,0.4373199855335816,1
3549.958704,grid_2068_y485_z600,481.13,482.491,599.894,44.27093486702087,0.625,-0.1696258187500819,-0.1391842329795541,0.4192083144706295,1,-0.0863364413593739,-0.06924201678300869,0.4340330079215888,1,-0.006765405162100633,-0.01849714150781509,0.42403732174755643,1,0.07041962636103614,-8.593016844220671e-05,0.42660373219078457,1,0.15398092695788912,-0.014490685345155697,0.44000949223454144,1
3552.837081,grid_2069_y490_z600,481.361,487.26,599.495,42.641134049178426,2.717,-0.16516640023277707,-0.13898268580398868,0.42038518408267533,1,-0.08055978739274702,-0.06745987398256194,0.42372550702982864,1,-0.004517309848402253,-0.018857092488748745,0.4319186452482815,1,0.07186817020933334,-0.00020987141420968306,0.42809133566326124,1,0.15412223633319874,-0.014397050005218258,0.43966475823245593,1
3563.146791,grid_2070_y495_z600,481.752,492.371,599.471,41.86240952214772,10.059,-0.16072850717572706,-0.13997823689672886,0.4230628986050235,1,-0.07676533463319124,-0.06787335394039078,0.42602923749636057,1,-0.0013855573350688344,-0.01868760691393999,0.42500234344853477,1,0.07447365266687717,-0.00029607583765625455,0.43218887851604365,1,0.15390458090504802,-0.01432444764708661,0.43713725177673557,1
3564.747598,grid_2071_y500_z600,481.696,497.604,599.234,41.41495677892236,1.41,-0.15467217518966922,-0.13945789035330594,0.42191306724008476,1,-0.0724513419666379,-0.06834711650990118,0.4262137502647934,1,0.0009757310840600967,-0.018966800318512663,0.4238154990278267,1,0.07547459705353333,-0.0006191349258141041,0.43147044114747896,1,0.15326832222075082,-0.014460575744901791,0.434972339908884,1
3565.445846,grid_2072_y505_z600,481.852,502.41,599.611,42.20152492505458,0.456,-0.15006418137152958,-0.13969432370076615,0.4231037767057109,1,-0.06877208403926009,-0.06852834802397144,0.42701783114294734,1,0.0038170651144444124,-0.019023558228868278,0.4252747528070044,1,0.07707304690456927,-0.0007786760803608597,0.42988891045434635,1,0.15301746575468986,-0.014470182971363007,0.4341757530171413,1
3566.924207,grid_2073_y510_z600,481.601,507.362,599.481,42.99349807819787,1.297,-0.14607988181137999,-0.1422248082004536,0.43132534035057013,1,-0.06406466440805808,-0.06839057693050214,0.42728027520169487,1,0.007039961092071668,-0.01877683532855808,0.4233901567029343,1,0.07923068913816632,-0.0008020893334727787,0.43258813066619206,1,0.15387206715130466,-0.014496196748991795,0.43503156563913986,1
3574.932677,grid_2074_y515_z600,481.578,512.37,599.834,44.831372686992296,7.768,-0.13785839783805823,-0.13998434578692392,0.4229048406709812,1,-0.05955292256541938,-0.0687625273696165,0.42498847139332185,1,0.009701627306133677,-0.01951265147296739,0.4235548032968053,1,0.07962928733076956,-0.0011306070127692772,0.4265177702044108,1,0.1545600484303802,-0.014481946469525742,0.4357013226524406,1
3579.147988,grid_2075_y520_z600,481.765,517.004,599.24,46.16636953454327,4.034,-0.13178488954194026,-0.1386303229065162,0.41981594114552806,1,-0.05540308071746103,-0.06883790875963942,0.4277024307071375,1,0.012743678760708631,-0.01944487569724659,0.42141943392799025,1,0.08131074039655127,-0.0011623838197725729,0.4257886153037355,1,0.15253432173017836,-0.01445618018488796,0.42969007517563623,1
3582.836818,grid_2076_y525_z600,481.842,522.471,599.146,48.76097195503798,3.398,-0.12587074731447037,-0.13820709315146493,0.42072191169974826,1,-0.05055279011646857,-0.06798047515029564,0.42053027182200786,1,0.015487220733763357,-0.02010616419426568,0.4330035669879764,1,0.08288541335718365,-0.0012958112068286703,0.42769715189316654,1,0.1524895544993026,-0.014449592375154974,0.4294247063352514,1
3585.801472,grid_2077_y530_z600,481.799,527.124,599.139,51.36781666569065,2.763,-0.12114138780519569,-0.1388577208954197,0.42262116484137846,1,-0.04715146939948751,-0.06927779254215292,0.429460197239462,1,0.018528193068027065,-0.020326317695342083,0.42777971129995196,1,0.0871743501244221,-0.001707231839035455,0.43957120093161617,1,0.15278819783131933,-0.01441725794843468,0.4280026107320129,1
3586.510269,grid_2078_y535_z600,481.539,532.3,599.333,54.71014082416529,0.457,-0.11576834928223151,-0.1386852852478497,0.4216170794754195,1,-0.043243438872308394,-0.0697938622705453,0.4297368059957644,1,0.021150598177400764,-0.020713389516067198,0.4330529593465429,1,0.08838693226249345,-0.0019693594073219452,0.43924130025093594,1,0.154449263512437,-0.014454119272105612,0.43205194271529807,1
3587.218186,grid_2079_y540_z600,481.503,537.303,599.571,58.26005329554725,0.456,-0.10966193974562004,-0.13855431476958677,0.42074618334576463,1,-0.03823096166928964,-0.06953064741049862,0.42598812812689385,1,0.024068417339170506,-0.020753353318235374,0.4278324015884389,1,0.08873949552008616,-0.002051437717020256,0.43092517820004694,1,0.15553916817338506,-0.014487056389779223,0.4348770535711261,1
3588.408412,grid_2080_y545_z600,481.746,542.622,599.18,61.86229324071325,0.9,-0.10466203242996093,-0.13938056642502492,0.42495507659733983,1,-0.03317736099237486,-0.06912009028599446,0.4242983501458277,1,0.02722342345966371,-0.020660440773592664,0.42481354086228,1,0.09100269807440853,-0.0021431996615313403,0.4323672116986382,1,0.1551023960400785,-0.01446320581665815,0.43119116377256267,1
3591.842765,grid_2081_y550_z600,481.966,547.498,599.161,65.58309009188271,3.158,-0.09879393194022702,-0.1394780595260704,0.4248378165780496,1,-0.028647454236358987,-0.06845792956426823,0.4205937613525423,1,0.029903822066894282,-0.020918415433344262,0.42374081113480305,1,0.09278910538954364,-0.0025150012872574685,0.4345618751487541,1,0.1547495099474687,-0.014457632840779227,0.4296292309455498,1
3594.021227,grid_2082_y555_z600,481.96,552.253,599.0,69.24205333466078,1.926,-0.09565190929507354,-0.14228818208904284,0.43476188115495346,1,-0.02497265638691808,-0.06998181395830502,0.4299191459175793,1,0.0333961148834051,-0.021284423147279987,0.4296738963248552,1,0.09483876351679654,-0.0025731724152118864,0.43616596087115006,1,0.15460714909449366,-0.014451073911390283,0.42935490721023056,1
3596.175892,grid_2083_y560_z600,481.901,557.393,598.873,73.3596289930641,1.862,-0.08598156801987729,-0.13726321622240759,0.419085475322769,1,-0.020172755687548827,-0.0688649451971038,0.4231644707211739,1,0.035870962335148075,-0.02133054878564847,0.4255876461010717,1,0.09581588939563886,-0.0027122070985354223,0.4343483406479747,1,0.1547495099474687,-0.014457632840779227,0.4296292309455498,1
3597.696051,grid_2084_y565_z600,481.893,562.289,599.321,77.69791429633105,1.238,-0.08058740418484961,-0.13747528998820993,0.4194673694582458,1,-0.015945945596912085,-0.0690399153881431,0.42048950424605297,1,0.03915144723200166,-0.021981173394035474,0.43134074885621815,1,0.09762651334496357,-0.0028714620058945123,0.43609138854979834,1,0.15470439506432584,-0.014451126619269774,0.42936681050899383,1
3599.489369,grid_2085_y570_z600,482.172,567.281,598.83,81.74370284003534,1.524,-0.07496497258898914,-0.13693263746243398,0.4182652951757157,1,-0.011784088956645086,-0.06915883561219617,0.42585338083927643,1,0.04216331825753956,-0.02181536412983591,0.4316200529482887,1,0.09838232372162102,-0.002704760368295853,0.4318785442680521,1,0.15812838553268763,-0.014512613349636433,0.4385270397839401,1
3601.137647,grid_2098_y570_z605,482.439,568.542,602.813,84.87191950816246,1.307,-0.07616903999047614,-0.14604728016766297,0.43279673778782596,1,-0.010323739571528396,-0.073392616254826,0.42828162178300705,1,0.04276436142225839,-0.0237345707006721,0.43122424467326725,1,0.09913599933611039,-0.003590451674860769,0.43351993918112725,1,0.15452393553175447,-0.014425101733231945,0.4283171287627702,1
