t,label,ee_x_mm,ee_y_mm,ee_z_mm,displacement_mm,stability_elapsed_sec,marker_0_x,marker_0_y,marker_0_z,marker_0_stable,marker_1_x,marker_1_y,marker_1_z,marker_1_stable,marker_2_x,marker_2_y,marker_2_z,marker_2_stable,marker_3_x,marker_3_y,marker_3_z,marker_3_stable,marker_4_x,marker_4_y,marker_4_z,marker_4_stable
0.0,start,470.641,502.681,560.177,0.0,0.734,-0.16967393913615053,0.03016919869942461,0.4379026717746665,1,-0.07347380693804578,0.00789704811052104,0.40899764020660945,1,0.021731300148858525,-0.020437181129788342,0.3875556621347149,1,0.09795089111244334,-0.010740193325036007,0.36384659029014144,1,0.1357151397251602,0.08455300555570763,0.34723047694763853,1
1.746854,grid_0001_y500_z530,472.319,500.898,532.075,28.208459316311455,0.74,-0.17652563247198313,0.06406495739758263,0.44426652228725283,1,-0.07951029408405783,0.029783863723789272,0.40839765608216705,1,0.014276093950837444,-0.0006454905746707009,0.38859700202738773,1,0.0923079359660425,-0.009454094330636357,0.3526151825761158,1,0.1336381311691507,0.08343204411892308,0.34249124382276985,1
2.395311,grid_0002_y502_z530,472.434,501.092,531.499,28.777898707167623,0.638,-0.17255978255648782,0.06340208323050804,0.43477981499662555,1,-0.07978533143358717,0.030236405551838392,0.4101694248193544,1,0.014164795432694338,-0.00040253614746996863,0.38821093083441116,1,0.09252423983291583,-0.009622373802543162,0.3530752802202266,1,0.13344414526794574,0.08329121425007155,0.34217359914550227,1
3.028069,grid_0003_y504_z530,472.225,502.176,530.201,30.0220694989536,0.622,-0.17443777040848268,0.06570701271202437,0.4412784987005615,1,-0.0790902362645299,0.03097186619436515,0.41004774271890865,1,0.01454958424471606,-3.181538529661481e-05,0.3821087575859277,1,0.09289120660476291,-0.009623287780230975,0.35388957331344667,1,0.13423997434537321,0.08368941911650926,0.34376661572109035,1
3.762196,grid_0004_y506_z530,472.146,504.394,530.053,30.210176596637126,0.723,-0.1705603921257027,0.06596215822331318,0.4361602636589111,1,-0.0771019080292199,0.03057114360898398,0.4086518248587748,1,0.015706297818429422,-0.0012742576592172845,0.37790718261008027,1,0.09435197015387076,-0.009974443962280772,0.35610436361086917,1,0.1358245145540294,0.08454140383855677,0.34768708550525507,1
4.450829,grid_0005_y508_z530,472.082,506.534,529.869,30.58589469019992,0.676,-0.17043615218300123,0.06725444745702873,0.44103260996993754,1,-0.07754737743700368,0.03085339659802012,0.42051332161247884,1,0.01741546724191472,-0.002876086751633395,0.37712073956147263,1,0.09410600069763289,-0.010336996792367386,0.35233027985479914,1,0.13609215381565534,0.08452394680271189,0.34811912181156923,1
5.140364,grid_0006_y510_z530,472.401,508.183,529.655,31.063838912793813,0.677,-0.16553886608621712,0.06647444336496726,0.43279242684514985,1,-0.07433032003855414,0.029723537780795745,0.41165384670186533,1,0.018965661210171465,-0.004122418616492457,0.38036564077393115,1,0.09562072776190149,-0.010407128368899274,0.35584229131949424,1,0.13554870131299962,0.08397786691897766,0.34624015980146133,1
5.897606,grid_0007_y512_z530,472.281,510.413,529.364,31.81060189622321,0.745,-0.164475273896982,0.06776164627300411,0.4361294725573778,1,-0.07297436329385412,0.029461296638504407,0.41538312179573145,1,0.020458884524586714,-0.005409171338755491,0.3754233053852792,1,0.09683293215803232,-0.010751193062124223,0.35716647067788926,1,0.1364046087457365,0.08418280533733997,0.3472377267724944,1
6.528081,grid_0008_y514_z530,472.75,511.909,529.429,32.17208990724729,0.619,-0.16237078709719638,0.06771539650100192,0.43400019564593784,1,-0.0709240578234296,0.028303988392037377,0.4106084971977723,1,0.021816990693413318,-0.006695513942311449,0.3796526094725686,1,0.09654095688106527,-0.010877242639354271,0.3548816827049386,1,0.13656848576577424,0.08418910863883614,0.3472704455616971,1
7.161083,grid_0009_y516_z530,472.518,514.081,529.557,32.72716805652455,0.621,-0.1572463335401689,0.06655365254994113,0.4252922070375401,1,-0.06977445835103233,0.027603321333212298,0.41346598693477754,1,0.022852204545385772,-0.008542639163197786,0.37482671081676855,1,0.0968258016621094,-0.011072248268280726,0.3554574048748447,1,0.13620092856488558,0.08393858783420079,0.3463299720379554,1
7.960641,grid_0010_y518_z530,472.791,515.731,529.682,33.23958521101009,0.788,-0.15596817034199684,0.06670821566798353,0.42613372783147463,1,-0.06709358986246036,0.026071452095662813,0.40727524668268655,1,0.024089614009056376,-0.010673804754748722,0.37503698875476854,1,0.09802963885443813,-0.01128286403236115,0.3593198058419761,1,0.13650878011971154,0.08412596704012644,0.347117652174211,1
8.591483,grid_0011_y520_z530,472.54,518.024,529.605,34.25873660834562,0.62,-0.15571255291937774,0.06764065443574904,0.43085722522187925,1,-0.0654060971411219,0.025263030601704723,0.40707882200138046,1,0.025507327358167027,-0.012397368013127876,0.3757236460797899,1,0.09847739406319833,-0.011317841052761467,0.35897977723714847,1,0.13650878011971154,0.08412596704012644,0.347117652174211,1
9.219071,grid_0012_y522_z530,472.862,519.57,529.699,34.91532107828892,0.618,-0.15504410577987476,0.06853011607125155,0.4341962504927327,1,-0.06352146627231683,0.024385803941406905,0.40509676418973317,1,0.026889181563022984,-0.013795331204469815,0.37528753190373637,1,0.09904490187766898,-0.011682250607690686,0.35904344229260887,1,0.13620092856488558,0.08393858783420079,0.3463299720379554,1
9.850344,grid_0013_y524_z530,472.766,521.621,529.826,35.83883962965319,0.621,-0.15116258275867403,0.06783168575839595,0.4286617094525386,1,-0.06205168302218922,0.023810578531886756,0.4068488754564526,1,0.028746473746053203,-0.015553223535943309,0.38137846968096006,1,0.09967506351430891,-0.011805532504966165,0.3595527537268223,1,0.13655023401845098,0.08417853715922721,0.34710489073712575,1
10.583011,grid_0014_y526_z530,472.615,523.792,530.055,36.8362034010022,0.723,-0.14996332954649255,0.06835643779177357,0.4322456245360253,1,-0.05948278314087104,0.022408139812769796,0.40206796246475357,1,0.02992841027125418,-0.01715860917026233,0.373260276623468,1,0.09997959215924876,-0.011907828197900016,0.35782275802043906,1,0.13580716357923772,0.08346254933525918,0.3442525182656938,1
11.21238,grid_0015_y528_z530,472.843,525.684,529.714,38.23586251152179,0.62,-0.1475949159389907,0.06874502969480893,0.43065276880222114,1,-0.05878846219390217,0.022576408624662602,0.40864285662975536,1,0.03136560349059033,-0.01851380116549855,0.3755301167013455,1,0.10029945779191676,-0.012136738589284228,0.3565073796328956,1,0.13625315132307528,0.08364514741954927,0.34513067893329635,1
11.844032,grid_0016_y530_z530,472.81,527.742,529.739,39.487088092185246,0.621,-0.14534644538098268,0.06904385218509813,0.429438399490361,1,-0.056774324322813166,0.021905781199132498,0.40598504064865343,1,0.03244794559646017,-0.019666253539825276,0.37060186997653427,1,0.10164599190627648,-0.012506442864560574,0.3588217204704761,1,0.1356405806440323,0.08272007097463943,0.3425219239896388,1
12.921996,grid_0017_y532_z530,472.878,529.796,529.256,41.18659533149113,1.068,-0.14417183497205016,0.07051218818155391,0.43305690457241675,1,-0.055130828524810896,0.021497736422895496,0.4096318673350905,1,0.03463278750190335,-0.021821227158432384,0.3787551089873228,1,0.10197418186387783,-0.01246989979367139,0.3573925142317434,1,0.13779277685043628,0.08349074336538617,0.34704169468512874,1
13.709278,grid_0018_y534_z530,472.926,531.79,529.372,42.44411774321623,0.777,-0.14238396806919668,0.0703700859702667,0.4323667562030068,1,-0.053487558556614925,0.020812993328764025,0.4060719636526245,1,0.03550411904189128,-0.022872587579724997,0.3757206161361688,1,0.1023389125643774,-0.012836967356986199,0.35784408074455853,1,0.13788902284659305,0.08344576504471625,0.34691778176231897,1
14.444939,grid_0019_y536_z530,472.874,533.865,529.386,43.88067713698143,0.724,-0.13883447087443548,0.07013428072919765,0.4285601132901868,1,-0.05148722199282477,0.019841710747573106,0.40557913373721954,1,0.036992972814412536,-0.024398105226072105,0.3751403819779099,1,0.1038525744151935,-0.013082918809566519,0.3603342703399952,1,0.13762589352135404,0.08289179695791778,0.3446617678849261,1
15.074381,grid_0020_y538_z530,472.863,535.77,529.532,45.15457042205139,0.618,-0.13744845223964947,0.0705906495746708,0.42961261991670713,1,-0.04917806351143662,0.019072086791856253,0.40090584822941133,1,0.03866041485453607,-0.025561878324764947,0.3762168456629187,1,0.10465710798737435,-0.013352516461129022,0.3601883647868619,1,0.1371930249292543,0.08219336000111696,0.3418533827070983,1
16.487792,grid_0021_y540_z530,472.802,537.96,529.287,46.94113187813011,1.403,-0.13285594296749198,0.07010158603905413,0.42393285663982716,1,-0.047059057546180526,0.0191009269440499,0.40345277515475697,1,0.04558150255753792,-0.029830623086984188,0.41805970065401865,1,0.10527559707345593,-0.013763278169229006,0.3582671299762271,1,0.14195430537100276,0.08420654453183007,0.35155685814122617,1
17.387636,grid_0022_y542_z530,472.729,539.969,529.51,48.324109686573706,0.889,-0.13066420928361416,0.07010133474866839,0.42398372527547606,1,-0.04643774640376912,0.01891616865153878,0.4157748677129393,1,0.041616260650962175,-0.02667591896140207,0.3653972488701343,1,0.10854550452040823,-0.014043925817713956,0.3632539801782545,1,0.13951150357888226,0.08169313569929285,0.3433926857243181,1
18.071817,grid_0023_y544_z530,472.87,541.776,529.72,49.608631456632594,0.674,-0.13011142976862236,0.0703584065394616,0.42589556823800245,1,-0.043958754811380986,0.018239482562752596,0.405805166755119,1,0.04318008508952797,-0.02767115276601869,0.3683098402571142,1,0.10862484765179325,-0.014438525038623851,0.36114944879492505,1,0.14088615455134512,0.08217987077366985,0.345172818805423,1
18.75823,grid_0024_y546_z530,472.645,544.05,529.716,51.41286510203451,0.675,-0.12627599482257418,0.06987747088682669,0.42234590443098774,1,-0.0415913186996678,0.01785538138379999,0.4037256960198934,1,0.045793668004085616,-0.029481139308410186,0.3740261933109527,1,0.1097805550972262,-0.014913103404246893,0.36098069188196746,1,0.1405905098672337,0.08172583814339875,0.3434466237884002,1
19.601043,grid_0025_y548_z530,472.957,545.749,529.544,52.901769053595984,0.831,-0.12463609765224319,0.07058732332436622,0.42292938184659895,1,-0.03895256079707787,0.016913046147941792,0.3959010144175089,1,0.04696491459642971,-0.030195460295128408,0.3722093953723586,1,0.1100931196171091,-0.015074755577546678,0.35893684926976777,1,0.13905083474580407,0.08020933162376671,0.3379845721427734,1
20.292683,grid_0026_y550_z530,472.671,548.14,529.587,54.83055426493519,0.68,-0.12165566781324968,0.07035736368764496,0.4204539412635553,1,-0.037487885163383354,0.016532978734424088,0.4016163703136029,1,0.04835310527959365,-0.03144045877272732,0.3704777367405905,1,0.11134147478695414,-0.015312948278041232,0.36015813212653797,1,0.1429494026431776,0.08245387733523614,0.34757447106325023,1
21.532537,grid_0027_y552_z530,472.994,549.9,529.475,56.371831387670916,1.229,-0.12000489385093774,0.07074316646310712,0.42133273435387864,1,-0.03596669032103918,0.016354179449923616,0.4031515371406026,1,0.04957419664303997,-0.032543055535135715,0.36996418468662606,1,0.11298210258818367,-0.015533933194001514,0.3629226422904202,1,0.14237423548728098,0.08184958896799413,0.34569805791825103,1
22.220707,grid_0028_y554_z530,472.846,552.044,529.199,58.31984463285207,0.678,-0.11809753821394886,0.07152693863847254,0.4213851084332287,1,-0.03409344655566182,0.01582838799603168,0.39832478822062917,1,0.05065652203125248,-0.03384122704791802,0.3692571046721521,1,0.11276585484988624,-0.015623248448216312,0.36030625921394605,1,0.14171610636258597,0.08126875246969667,0.3431150134082534,1
25.24829,grid_0029_y556_z530,473.138,553.729,529.327,59.698038602620834,3.015,-0.11467005263027423,0.06922871816642916,0.41591390716500276,1,-0.03475049619786198,0.011740528390880947,0.3972336429965924,1,0.044770232448122046,-0.04863697737145367,0.37791855859509155,1,0.10216958529685187,-0.012307993537084805,0.3641861383660262,1,0.13576794662464095,0.08362471168010432,0.34522285584008655,1
26.049311,grid_0030_y558_z530,472.844,556.027,529.396,61.62888029162959,0.788,-0.11135962658988754,0.06863193881831811,0.41267202444887463,1,-0.03268819223141571,0.010521231326245665,0.3995200693690438,1,0.04540012208828691,-0.05056431832816832,0.3748354219429696,1,0.10126574829497903,-0.012141011274164556,0.36139149463168235,1,0.13551263707610434,0.0834465986105858,0.34445925047604964,1
26.801385,grid_0031_y560_z530,472.993,557.852,529.472,63.1836068137931,0.741,-0.11149195564843542,0.06937408264311412,0.4183613636653183,1,-0.03193673061748151,0.009663611355890871,0.4016002799525856,1,0.045939800529344585,-0.052348014804978124,0.3742649744842016,1,0.10090721808055467,-0.012127423434839874,0.36071655891110843,1,0.13613836337217625,0.08387533936011538,0.34617025400714874,1
27.82498,grid_0032_y562_z530,472.709,560.062,529.782,64.9670055489708,1.013,-0.10842849971109245,0.06884825952640303,0.4175423583358399,1,-0.03191914148497015,0.008237465492153888,0.4249846113671116,1,0.04646441809457922,-0.05466917911087747,0.3709879599283674,1,0.1006007166951524,-0.012099781292372635,0.3600595999881868,1,0.13613836337217627,0.08387533936011538,0.3461702540071488,1
28.577786,grid_0033_y564_z530,473.078,561.87,529.419,66.74826779774891,0.742,-0.10718551399583646,0.06901498762006084,0.41782758774621814,1,-0.028947933583610898,0.007327108148167992,0.4018394766427563,1,0.0473401872766243,-0.05635423258081641,0.3744313838665033,1,0.10028398528109754,-0.012011482652005882,0.35893902709851894,1,0.13650878011971154,0.08412596704012644,0.347117652174211,1
29.310365,grid_0034_y566_z530,472.713,564.122,529.586,68.66657808570336,0.723,-0.10541129868295358,0.06529808238636203,0.41393849948475403,1,-0.028199286160101568,0.004642171467253932,0.4000680694699444,1,0.04850240359896288,-0.05977040437616066,0.37818382971734227,1,0.10047682969763741,-0.011904294016748179,0.36002843284811115,1,0.1354358319041093,0.08347835658064176,0.34459446441656466,1
29.937662,grid_0035_y568_z530,472.944,565.884,529.502,70.29138384610171,0.617,-0.10571795833768312,0.06090404179680388,0.4140854415445808,1,-0.02823565648231587,0.0011562336204462564,0.40244705415408133,1,0.048079094919363,-0.062231648824736065,0.3725723519718035,1,0.09974912655684506,-0.01178261139554489,0.3597111802270612,1,0.13484820651705337,0.0833941915428136,0.3439756950566016,1
30.572252,grid_0036_y570_z530,472.893,568.07,529.39,72.30928152042455,0.623,-0.10343846725077585,0.060852370604623285,0.41238520465649414,1,-0.026533800628897437,0.00026971160290416437,0.3997116282603013,1,0.04979619317804262,-0.065303675442749,0.38010510098358435,1,0.0996175086746535,-0.011814829208721282,0.35956921675795706,1,0.13484820651705337,0.0833941915428136,0.3439756950566016,1
31.202914,grid_0037_y572_z530,472.973,570.089,529.23,74.2091200392513,0.619,-0.10092662931111303,0.0607206079525315,0.4093496473452037,1,-0.025407913971812378,-0.0004760612085830115,0.40150201442314426,1,0.0505145739761095,-0.06677197507566493,0.38032362376590545,1,0.09887161897354509,-0.011638648505646752,0.35684188411330303,1,0.13484820651705337,0.0833941915428136,0.3439756950566016,1
31.943707,grid_0038_y574_z530,472.794,572.332,529.046,76.32192588634015,0.73,-0.09999790779439724,0.06189428989454909,0.4160070135591473,1,-0.023676943713749815,-0.0015545742499473445,0.4038525008032251,1,0.05045509080073761,-0.06753384195869842,0.3736483180901426,1,0.09893579350628005,-0.011581749288720898,0.35671811548482485,1,0.13464526780154001,0.08321661562990947,0.3433441022663021,1
32.575511,grid_0039_y576_z530,473.112,574.067,529.337,77.80213645524141,0.621,-0.0979485637107188,0.06145764296854985,0.41347742595867965,1,-0.022491386719492978,-0.00241540746511775,0.4023263210490001,1,0.05096611045529855,-0.06889893178363471,0.37273684101668286,1,0.09965564711394878,-0.011571636773712165,0.35845419339712004,1,0.13528444661733377,0.08359250080642094,0.34475180741960254,1
33.203858,grid_0040_y578_z530,472.807,576.313,529.345,79.85596536264526,0.617,-0.09531012296053035,0.06120374716453294,0.41142218563322386,1,-0.021085693112327518,-0.0032345767783889664,0.4033284893218109,1,0.051857328110918366,-0.07011375505785711,0.3719049773927499,1,0.10053935271555318,-0.012004375020012819,0.36072515260736077,1,0.1352697745438435,0.08340517903091046,0.34428026870480377,1
33.941539,grid_0041_y580_z530,472.825,578.156,529.26,81.59109246725401,0.727,-0.09181410551173363,0.06071225487729567,0.4066117113700967,1,-0.01893234311294643,-0.0036766683876765655,0.4018006641656388,1,0.053032378414967274,-0.07139053201471372,0.3721340876220889,1,0.10267285882088187,-0.012503354389626953,0.36601320075357213,1,0.13497106212485924,0.08296741257316544,0.3425740381393847,1
34.570928,grid_0042_y582_z530,472.7,580.242,529.409,83.46626879165018,0.619,-0.08961689958778365,0.06027009632934226,0.40349714423474226,1,-0.01781301349839441,-0.004524672130317958,0.40422271660526743,1,0.05387045144911081,-0.07216409932857257,0.3708425030590128,1,0.10300132810971632,-0.012496638087789476,0.3645953613819142,1,0.13521921677438922,0.08304714621845444,0.3429686339859056,1
35.205788,grid_0043_y584_z530,472.932,581.946,529.484,85.03087177607911,0.624,-0.08792913626536757,0.0604100142492973,0.40427197952350447,1,-0.016115524728355472,-0.005193141505266511,0.3963146871453252,1,0.05504802397042687,-0.07325035428081281,0.3713151205271342,1,0.10261507152681801,-0.012497818245152007,0.3613652265951037,1,0.13617440968626154,0.08322865249325566,0.3447576069127795,1
35.834956,grid_0044_y586_z530,472.961,583.855,529.542,86.79345540419511,0.619,-0.0872855266502999,0.06122170673748374,0.40864386189071744,1,-0.01577043818026771,-0.006990345574608531,0.39905666396670564,1,0.0541929101846361,-0.07547384935482096,0.37122960018825174,1,0.10109460609323799,-0.011995591654984834,0.3610956103806314,1,0.13533269250601615,0.08325001313514328,0.3441470620962768,1
36.566388,grid_0045_y588_z530,472.987,585.975,529.165,88.91084464788315,0.72,-0.08454857665723732,0.06138270697429336,0.4066261333790194,1,-0.015200492485054062,-0.008036608762244343,0.4019745262969791,1,0.054704884335494676,-0.0774489638900157,0.374150465088256,1,0.10089462873279653,-0.011747976825469908,0.36252603179850595,1,0.135046339888515,0.08340324629801894,0.34414259473558195,1
37.198854,grid_0046_y590_z530,473.24,587.762,529.289,90.55164220487664,0.622,-0.08380564303221148,0.06213894778642563,0.41063457821112753,1,-0.014014553245876702,-0.008759781046551755,0.4011790700115564,1,0.054697475384916636,-0.0778131635268778,0.37025301890753737,1,0.10102492960517975,-0.01196852056511764,0.36276095332391595,1,0.13601060803891413,0.0839064343909326,0.34617506503892814,1
37.834471,grid_0047_y592_z530,473.268,589.861,529.12,92.58396609564748,0.626,-0.08026400427284323,0.06141048860930718,0.4031109579668469,1,-0.01227523312957408,-0.00920967930589919,0.392660172263398,1,0.05541413648370376,-0.07899057720812729,0.3707343052371915,1,0.10077979219937674,-0.01203628469501022,0.36143844178182044,1,0.13613836337217627,0.08387533936011538,0.3461702540071488,1
38.570655,grid_0048_y594_z530,473.228,591.862,529.211,94.43959172931656,0.725,-0.07812275328088128,0.061355888023779816,0.4010859821595907,1,-0.010967001006244533,-0.009640350942593391,0.38848763075875936,1,0.055856304539593685,-0.07946025972422657,0.36843348122733555,1,0.10181105508242752,-0.012294405697760125,0.3635112026454522,1,0.13391586288696442,0.08237157328004902,0.34048586500477546,1
39.205865,grid_0049_y596_z530,473.295,593.767,529.392,96.18429880702989,0.626,-0.07648996496478186,0.06181568934300583,0.40377761750559127,1,-0.009822033512131087,-0.010538215115325189,0.3909085948482939,1,0.0563564936823013,-0.08030983946683518,0.36763476035082066,1,0.10257447275156802,-0.012419495034589497,0.36542814902126,1,0.1340692302055336,0.08241126474453139,0.3406137692921356,1
39.836138,grid_0050_y598_z530,473.291,595.788,529.385,98.10241186127895,0.619,-0.07486926747031511,0.06210668328062846,0.4058975459509875,1,-0.00864089682211921,-0.011500272504471111,0.3947130069649791,1,0.05710736757374437,-0.08126658279133696,0.36740310517527053,1,0.10267435667292946,-0.012521811372306619,0.3651859832014665,1,0.13354670482685232,0.08204617650620448,0.33921144946082016,1
40.465284,grid_0051_y600_z530,473.157,597.875,529.538,100.03487498367758,0.62,-0.07300032269327172,0.06235995817812693,0.40690049750582424,1,-0.007277507797992572,-0.012440013202128957,0.39328051806009184,1,0.05858770784324259,-0.08307773797786179,0.3712283837420435,1,0.10175630424254181,-0.012392224058541356,0.36098158176978445,1,0.13420577477291096,0.08244075318958671,0.34060612282302544,1
42.850985,grid_0052_y602_z530,473.086,599.838,529.372,101.95297297774107,2.376,-0.06846767248395515,0.061027992368989536,0.39469850427422426,1,-0.005567751519392498,-0.013031858743654137,0.3834395999355239,1,0.0596065445047654,-0.08440562286628046,0.3730083925379322,1,0.10170157722562649,-0.012371951848421334,0.36028738892981027,1,0.13420577477291093,0.08244075318958671,0.34060612282302544,1
43.533789,grid_0053_y604_z530,473.158,601.981,529.303,104.01936918189806,0.671,-0.06726156947684961,0.06168521218005849,0.3981288882581183,1,-0.004838683920478543,-0.013872670840857604,0.3910826053012376,1,0.060152706651078504,-0.08550459805942297,0.3736328410368388,1,0.10176025502495975,-0.012371973932352818,0.36031686635502613,1,0.13352951269303215,0.08200030814871222,0.3389944645163515,1
44.166119,grid_0054_y606_z530,473.395,603.865,529.308,105.8238230881875,0.622,-0.06651935948148167,0.06263772122314659,0.40282029364268157,1,-0.0038418077594888633,-0.014506359547693285,0.3919775492089446,1,0.06038160612263691,-0.08576212361501896,0.37254590936029625,1,0.1018211280832609,-0.012290197183539969,0.36018571908278396,1,0.13352951269303215,0.08200030814871222,0.33899446451635146,1
44.79353,grid_0055_y608_z530,473.304,605.87,529.296,107.74366547969306,0.617,-0.06288827912671044,0.061307994772707895,0.39351433318563417,1,-0.002665137080046628,-0.015389569221172072,0.3933373241409318,1,0.0609797539047201,-0.08652708611450725,0.3732847381032392,1,0.10212724667652344,-0.0123990442308685,0.36119042494708187,1,0.13420577477291099,0.08244075318958671,0.34060612282302544,1
45.703682,grid_0056_y610_z530,473.267,607.969,528.951,109.85227305795732,0.899,-0.06190093488493913,0.06335603132900547,0.403010968377152,1,-0.0014181758453344596,-0.015669323854855123,0.3864501186531976,1,0.06121667646844435,-0.08710148596765081,0.3730466178840694,1,0.10170322087669237,-0.01236211023700053,0.35997744149987937,1,0.13420577477291096,0.08244075318958671,0.34060612282302544,1
46.505902,grid_0057_y612_z530,473.195,609.94,529.216,111.66736102371192,0.792,-0.06060240900900591,0.0634660120756616,0.40404911929631193,1,-0.0006483969180301703,-0.01648348949852941,0.3881259609827777,1,0.061217278879371874,-0.08680717886982121,0.3703306759492293,1,0.10240435231948067,-0.01242761515216959,0.3620945476497359,1,0.13451046105549913,0.08263036980305749,0.34127173226914764,1
47.3679,grid_0058_y614_z530,473.368,611.857,529.092,113.54784335248291,0.851,-0.05695137769455361,0.06272633025287397,0.39786703777851806,1,0.0009659240629871377,-0.017623886611348553,0.3902347216706759,1,0.06476120761471978,-0.09191481901497851,0.3882775456708716,1,0.1040033046871462,-0.012581229241425388,0.36704192599562424,1,0.13346262317832966,0.08193909633477929,0.3387140251019218,1
48.850081,grid_0059_y616_z530,473.165,613.893,529.094,115.50165543835296,1.471,-0.05422763125849737,0.06212730276425878,0.3910260333277646,1,0.0018889711674469171,-0.018354882750208364,0.39603037544880254,1,0.06287827130460746,-0.08849821317612583,0.3735314454750954,1,0.10415022484402006,-0.012589592313992263,0.3673507867401727,1,0.13511983362067545,0.08300960302999905,0.34260295116139194,1
49.47429,grid_0060_y618_z530,472.843,616.154,529.254,117.63163886472041,0.613,-0.053218669853083135,0.06261913339462295,0.3954359284702922,1,0.002906985093758515,-0.01837027527659691,0.38537403861409836,1,0.06302095946741867,-0.08869568572106745,0.37206936458744433,1,0.1025624939331234,-0.012556251361959855,0.3616827478081663,1,0.1379483196747891,0.08459972164348228,0.34982199705584227,1
50.213216,grid_0061_y620_z530,472.965,618.056,529.543,119.39528280882797,0.728,-0.050918004554993915,0.06270944116763319,0.39671034675817457,1,0.004447318601186835,-0.019386646887773952,0.383438667721793,1,0.06501518942315561,-0.09085427691366381,0.3776208357227818,1,0.10271786665684882,-0.012691298878370222,0.36077925280655343,1,0.1369627459759805,0.08357686222387709,0.3465900920701651,1
50.901567,grid_0062_y622_z530,473.288,620.017,529.084,121.41465378610616,0.677,-0.048971875554697786,0.06319022704412101,0.39533598871895537,1,0.005425386319486057,-0.019482905797959305,0.38240904673841075,1,0.0646983715520473,-0.09013465743140749,0.3724244024884997,1,0.1033935130579727,-0.012927612537612274,0.3623952474753644,1,0.13716079829658495,0.08351501254756984,0.34658561090313816,1
51.596896,grid_0063_y624_z530,473.384,621.927,529.336,123.20024288125413,0.684,-0.047211429201907316,0.06355390212215709,0.3970766227029093,1,0.006809368264092624,-0.019935459182771197,0.3825534723678346,1,0.06528947959707987,-0.09033379303752148,0.3715943878588487,1,0.10324339476319837,-0.013017916019924896,0.3609608119198987,1,0.1383837254360779,0.08398681429772246,0.34865738954055386,1
52.392547,grid_0064_y626_z530,473.302,623.984,528.993,125.27545883372375,0.785,-0.04417032028387119,0.06303842652866018,0.39028776258139464,1,0.008194167192733342,-0.020124115746962934,0.3838237180984067,1,0.06518458277085101,-0.08977885162086893,0.36815567428826823,1,0.10336015488092784,-0.013100044123438232,0.3608819312839465,1,0.13779461370235846,0.08346862308278155,0.3469407088127078,1
53.022102,grid_0065_y628_z530,473.231,625.959,529.044,127.17482877126272,0.618,-0.042464507585471246,0.06296153236626514,0.3888810503836249,1,0.009053749878379069,-0.020700620285383626,0.3844633291397989,1,0.06603675161818565,-0.09055001452396785,0.3705704806149666,1,0.10408891362372683,-0.013144690533512679,0.3614435754511801,1,0.1368731510422318,0.08266943008838626,0.3437351781712398,1
53.652773,grid_0066_y630_z530,473.403,627.866,528.835,129.07840188428116,0.619,-0.040870045206605886,0.06417431969703602,0.39509630375549576,1,0.010132314993138658,-0.020986682451420165,0.38281427094277726,1,0.06606613586618497,-0.09008137913035812,0.36642204951189405,1,0.10430778733425321,-0.013142037840476503,0.3613357921942259,1,0.13699635106970648,0.08258874738379614,0.34369344054224293,1
54.393865,grid_0067_y632_z530,473.307,629.986,529.318,131.01888589817884,0.731,-0.03794990663260687,0.06311493265744891,0.38943958487858543,1,0.012131470973314837,-0.02202038900046695,0.38760477891047335,1,0.06799275205001613,-0.09211423864772769,0.37159982886277554,1,0.10629539751567771,-0.013394089325893333,0.36520172849885124,1,0.1372105892053618,0.08240445765899976,0.34279327085176625,1
55.041333,grid_0068_y634_z530,473.281,631.99,529.533,132.9166724568442,0.636,-0.03603104846378344,0.06280278467495508,0.38746741631114034,1,0.013139025831123044,-0.022783321165439324,0.38646828511917947,1,0.06894505978451576,-0.09266333540634523,0.3725177398164527,1,0.10660083812148655,-0.013448544240896476,0.36532072843846813,1,0.13737733083063858,0.08241493928340404,0.3427477552210519,1
55.675426,grid_0069_y636_z530,473.339,633.937,529.53,134.813409381263,0.622,-0.03430312774230058,0.06348178201607457,0.3912074485342506,1,0.01445864961207419,-0.022874468698083406,0.3833195182579119,1,0.06973671340973012,-0.09300229226451398,0.37261582026734724,1,0.10652414091874336,-0.013732748444573475,0.36374697228217784,1,0.13834106536832894,0.0828847804274988,0.34490741598406743,1
56.419005,grid_0070_y638_z530,473.235,636.19,529.313,137.05461835706237,0.731,-0.03157100250279339,0.06387662866166208,0.39004274338656175,1,0.015857957946155618,-0.023141285041492033,0.38364480519176886,1,0.06945319950704784,-0.09198144412416746,0.3667570196178847,1,0.10769299506952487,-0.014013770713577433,0.36571455431494015,1,0.13937795881465315,0.0828115072467178,0.34627336240581263,1
57.050241,grid_0071_y640_z530,473.21,638.097,529.233,138.93028450629475,0.62,-0.02976904713667345,0.06395361983380625,0.3891184579924431,1,0.01711655650226776,-0.023486095367584205,0.3837813185899353,1,0.07033969558239947,-0.09242760708488232,0.36803037913764197,1,0.10769471238133688,-0.014076811141465806,0.3648003523799105,1,0.14103853457555077,0.083317035808381,0.34951766616112934,1
57.680779,grid_0072_y642_z530,473.326,640.085,528.716,140.98532888921463,0.619,-0.027971078085062783,0.06537942493869904,0.3931757229623079,1,0.01834968940553764,-0.0235632222392644,0.3861483504820378,1,0.07169785271147258,-0.0936563266986298,0.37257476413322355,1,0.1072514816155939,-0.01400774975671788,0.3621535687362394,1,0.14231297521132258,0.0841469721525048,0.3525112951332267,1
58.425583,grid_0073_y644_z530,473.141,642.17,528.852,142.98491789695862,0.733,-0.025653532938008577,0.06549424580440441,0.3928316669595956,1,0.019586137592516303,-0.02356525440549073,0.3822187865421852,1,0.07310668062179324,-0.09486375725971155,0.37530240302707146,1,0.10781656472088785,-0.014044918479858618,0.3620031074901132,1,0.14201119703296045,0.08370483972733192,0.350819357676974,1
59.054568,grid_0074_y646_z530,473.237,644.102,529.321,144.77130652515368,0.618,-0.023706478962436134,0.06527585385706336,0.3923502667838953,1,0.020945892302256564,-0.024180413167541093,0.3819327232126888,1,0.0731135557851644,-0.0940927662725756,0.37007488774360453,1,0.1081402167802981,-0.014156561792299899,0.3607517299801685,1,0.14025661015572086,0.08234328356782353,0.3457352074363558,1
59.816161,grid_0075_y648_z530,473.181,646.272,529.074,146.94292596106837,0.751,-0.02087152689131579,0.06550351060556321,0.3915410514255645,1,0.022918648928970064,-0.024882485015808635,0.3859489981496734,1,0.07401567779214346,-0.09431723237617436,0.36992783964091763,1,0.10953988913435006,-0.014603326746986592,0.3645876016983624,1,0.14028251239856732,0.08216877719534467,0.34512078334888335,1
62.177864,grid_0076_y650_z530,473.223,648.203,529.396,148.7642066123434,2.35,-0.01815331892905086,0.06411116297331756,0.38514650218885144,1,0.025495457183621516,-0.026685668207308284,0.40687891843189145,1,0.07385426868184439,-0.09371888137264148,0.36633721510902634,1,0.10959849081844449,-0.014838045002504175,0.36343574627151126,1,0.13922527534744916,0.08147298283112615,0.3425775836875519,1
62.916485,grid_0077_y650_z532,473.58,648.339,530.189,148.74196055249516,0.728,-0.018340402472723623,0.06513881727056245,0.39581264099524327,1,0.023661329471248396,-0.025703648835032677,0.3748405655130628,1,0.07510561264390811,-0.09507108824428907,0.37058699131256995,1,0.11047702127078793,-0.014819326709643383,0.365225782493736,1,0.13928818978461516,0.08148334207062877,0.3426157757124285,1
63.67157,grid_0078_y648_z532,473.58,648.339,530.189,148.74196055249516,0.744,-0.018397168934593137,0.06544209839503487,0.3979647001567187,1,0.023315829025878317,-0.025716262844749205,0.3736034900635482,1,0.07675275150517376,-0.09731167916611812,0.378820782380078,1,0.11033990729105078,-0.014896777040819644,0.36500017468519236,1,0.13922527534744916,0.08147298283112615,0.3425775836875519,1
64.303634,grid_0079_y646_z532,472.776,647.496,530.007,147.93975581296598,0.623,-0.018945363189235814,0.06520049269770581,0.39647366921762905,1,0.023763668756521278,-0.02625371360073897,0.3834704128063259,1,0.07424171101324062,-0.09421969603344245,0.3678914077332245,1,0.10992870483449675,-0.014728771781405168,0.36521079653650246,1,0.13915425760380823,0.08143528981440887,0.3423670473013538,1
64.934239,grid_0080_y644_z532,472.076,646.133,529.806,146.63878467172324,0.62,-0.019938110473280486,0.06493543461420734,0.3944723070177528,1,0.02274941972998348,-0.02548869520797703,0.3804839527068946,1,0.07251811271309842,-0.0926763665827879,0.3635180657861924,1,0.10864960126391407,-0.014242695146179846,0.36219008908565203,1,0.13972381734563136,0.08191240131688163,0.34413837910819833,1
65.671762,grid_0081_y642_z532,471.463,644.549,529.87,145.0714284654287,0.727,-0.02110035261310398,0.06381592877519467,0.3890786148592097,1,0.021746470118333548,-0.025346567803581504,0.3835523391545982,1,0.07352507642350828,-0.09461330875963243,0.37215497322647195,1,0.10854563141499123,-0.014174703230289628,0.3630682640489195,1,0.14113011717157567,0.0828846990603338,0.3478393054499665,1
66.308895,grid_0082_y640_z532,471.294,642.619,530.022,143.15164783543364,0.627,-0.022683299058460123,0.06324580367434109,0.3877236188896617,1,0.020805454501212385,-0.02550271408920804,0.3865773369480225,1,0.07283111052195265,-0.0945032269299518,0.3722038970325919,1,0.10693171171365741,-0.01402505542839548,0.35960001622307197,1,0.14044713782822787,0.08267694751995402,0.34712250045156584,1
66.942367,grid_0083_y638_z532,471.286,640.51,529.796,141.13913145191165,0.623,-0.02549094177642572,0.06489532155707149,0.39753636696247635,1,0.018864810568389,-0.024761121390444216,0.37938390167054026,1,0.07073772830583724,-0.09275334556640517,0.36787157698968354,1,0.10683799732437815,-0.014001059096435725,0.36182242628186384,1,0.14100295310053546,0.08322625224743845,0.34925493984121136,1
67.688784,grid_0084_y636_z532,471.111,638.567,530.085,139.17885744609347,0.735,-0.027100311534730005,0.06328920839522101,0.3915876780208538,1,0.017571027459872185,-0.024748166011830865,0.3811219169264629,1,0.07050470037621899,-0.09322001071028344,0.3703382548526527,1,0.10700571429350078,-0.014003757223078067,0.3642714794892241,1,0.13984358067747973,0.08299024120637497,0.3472022621865351,1
68.382047,grid_0085_y634_z532,471.103,636.467,530.334,137.07484046680486,0.683,-0.029967096662412533,0.06345015841914306,0.3949890417732816,1,0.015921741368886206,-0.024708772181823956,0.3833192609778083,1,0.06961230599151069,-0.09300740904902116,0.37100724321043643,1,0.10580283658333609,-0.013331411870041745,0.36261616346311865,1,0.13860717790684968,0.0829801167458192,0.3454674271012317,1
69.032429,grid_0086_y632_z532,471.201,634.324,530.53,134.94123779630894,0.64,-0.03198976277928961,0.06322143432982122,0.3962762967527923,1,0.01445264108231609,-0.02459851974283541,0.382685697851859,1,0.0687562948984612,-0.09257312243719637,0.3711786769791595,1,0.1052605359622804,-0.01319037478734623,0.36296255333789385,1,0.13806723778232075,0.08282941529741447,0.3451750388476968,1
69.663633,grid_0087_y630_z532,471.373,632.35,530.365,133.05390159255012,0.62,-0.03344233867015886,0.06205040816050189,0.3896923679023222,1,0.013356351552960683,-0.02466181752146458,0.384761525583441,1,0.06786412513039727,-0.09214171555916953,0.37127459190730866,1,0.10428946727436131,-0.013075062991659742,0.36093205758168945,1,0.13694782798980515,0.08246994191113519,0.343242170120287,1
70.397305,grid_0088_y628_z532,471.483,630.377,530.424,131.1191000159778,0.723,-0.03704013269132506,0.06368818822321273,0.4019537394576833,1,0.01178174126708469,-0.02416300789860869,0.38751130784256366,1,0.06795917908168987,-0.09319367934116252,0.37738968876082246,1,0.10310010554546459,-0.013044790586526318,0.3599407755629861,1,0.1369535248238749,0.0829009136437597,0.3446741962264198,1
71.034273,grid_0089_y626_z532,471.666,628.397,530.232,129.23724813690524,0.626,-0.038779982804574266,0.06336764728115597,0.39959804393999043,1,0.010806696100102564,-0.023794119698588755,0.3898651448174474,1,0.0678653386135041,-0.09347943009463319,0.37992069742900225,1,0.10316292625345835,-0.013025606999432332,0.36058459541954135,1,0.1386059454259679,0.08406352545724438,0.34895888114827706,1
71.665773,grid_0090_y624_z532,471.605,626.315,530.207,127.2183011677173,0.621,-0.04082974306525149,0.06334969469177396,0.4008027784122371,1,0.00946173409477885,-0.023292777625999517,0.38824204402906787,1,0.06529600273007714,-0.0903756485949861,0.36845330419046124,1,0.10291112784726988,-0.012691351055293686,0.3612423608098956,1,0.1374194587375193,0.08376227732676518,0.347347773016286,1
72.297977,grid_0091_y622_z532,471.744,624.248,529.878,125.29078776590086,0.62,-0.042755208862195984,0.06307055786682189,0.3988202513339712,1,0.007989404858799759,-0.022437838831900918,0.38690502154773226,1,0.06510101984384262,-0.09077059659298828,0.3727480805644583,1,0.10313615851627556,-0.012607925997463406,0.36334144807818614,1,0.13736753664792117,0.08414584888753157,0.34807626399776376,1
73.031472,grid_0092_y620_z532,471.338,622.51,530.061,123.55747045808279,0.722,-0.04452778490916149,0.06273609747524546,0.39677817734085136,1,0.0070154547944656625,-0.022168981964263763,0.39219252732061766,1,0.06446188244444913,-0.09056366893084156,0.3727615260034699,1,0.10317716695893275,-0.01251573824353571,0.3643707453515411,1,0.13430515792662473,0.0824782963780421,0.340971805647539,1
73.66527,grid_0093_y618_z532,471.406,620.412,530.339,121.45567022580713,0.624,-0.04697036166283696,0.06306981216457538,0.40237386374480233,1,0.0059642424120243676,-0.021889806603844025,0.3906694681393185,1,0.06420247032532257,-0.0901422749644258,0.3725521855031946,1,0.10194998842461737,-0.012392793065170502,0.3609935061169969,1,0.13390108849032278,0.08225113657611594,0.33994051337690323,1
74.294533,grid_0094_y616_z532,471.428,618.3,530.7,119.32001533271772,0.619,-0.049030862810530006,0.06235512260183843,0.4010780220097068,1,0.004678171408435639,-0.021533423937006847,0.39170695663416766,1,0.06298818121874948,-0.0892453714117086,0.3688338350347352,1,0.10242063304257312,-0.012489343418036659,0.36413339230014447,1,0.13450714390168403,0.08263449151651611,0.3413887888524305,1
74.924356,grid_0095_y614_z532,471.362,616.376,530.832,117.42317442055466,0.62,-0.05120523379342724,0.06217415089814373,0.40185966401617135,1,0.003627421543317938,-0.021432335584644708,0.39451599880728877,1,0.0631187450150967,-0.0899524367853742,0.37298870366452835,1,0.1029793602062841,-0.01253099653209419,0.3666701596764937,1,0.13381345163670078,0.08227245617817383,0.3400943978104831,1
75.656117,grid_0096_y612_z532,471.349,614.468,530.801,115.58453187602566,0.721,-0.05319699761434353,0.06153987129654263,0.40087756594450114,1,0.0022647539574011067,-0.020424835716085516,0.38501153525563947,1,0.06264012869829741,-0.08950653353796006,0.3738333103329845,1,0.10089155092622075,-0.012211479270358412,0.36154032587668744,1,0.13613836337217627,0.08387533936011538,0.3461702540071488,1
76.286906,grid_0097_y610_z532,471.379,612.455,530.577,113.69712274283819,0.62,-0.05410773321060921,0.06051260192428204,0.3939996464400955,1,0.0011313186019151996,-0.020083591565513086,0.3897328029721123,1,0.06116136832409567,-0.0878360740118311,0.3693351953928058,1,0.10099235438708394,-0.011913384630205706,0.36270222294256343,1,0.13558620017475193,0.08372954745310593,0.34541303514423893,1
76.923369,grid_0098_y608_z532,471.376,610.544,530.238,111.94333707282448,0.626,-0.057259013251593285,0.06199377596982882,0.40174073495778106,1,-0.0002553955519034458,-0.019033239858542782,0.3891542467294913,1,0.061320986905498406,-0.08879550548609742,0.3753853021948534,1,0.09948321732940829,-0.011608924204920532,0.3582456809145487,1,0.13476037173979863,0.08327215711773842,0.3435810225476438,1
77.661016,grid_0099_y606_z532,471.253,608.587,530.109,110.09332406644828,0.726,-0.05928233622544273,0.06241038522718506,0.4043454958822408,1,-0.0013186988192691157,-0.018588572592182134,0.3964687857533999,1,0.06129938771747632,-0.08909852458528555,0.37919180437647304,1,0.09901720418771594,-0.011618915749021849,0.3571324579627627,1,0.13484820651705337,0.0833941915428136,0.3439756950566016,1
78.290255,grid_0100_y604_z532,471.305,606.701,530.146,108.27032029600731,0.619,-0.06085519441700009,0.061991408497995504,0.4021511823741319,1,-0.0024553806813355184,-0.01798516098726175,0.3957479597846005,1,0.0601069956881989,-0.0875019487706111,0.37419278367807474,1,0.09920947013744641,-0.011678734746973939,0.358366591865638,1,0.13519845391502647,0.08368602923089562,0.34510792742903146,1
79.021932,grid_0101_y602_z532,471.288,604.662,530.166,106.30711684078358,0.617,-0.06274004082148256,0.061517996112443095,0.4006747409014098,1,-0.0036098033281489472,-0.01702258509127582,0.39052004762166653,1,0.05897594347580824,-0.0861594340290727,0.3706015772785201,1,0.0989722932992119,-0.01164488514620974,0.3582831157636805,1,0.13579924839670093,0.08434983133934852,0.3472638785742904,1
79.753672,grid_0102_y600_z532,471.265,602.517,530.662,104.10932473606778,0.72,-0.06499175549962402,0.060808862189117165,0.40148455717676795,1,-0.004937194140682456,-0.016748056334678758,0.3903804309265674,1,0.058201485604478,-0.08539576406191404,0.3692249796491158,1,0.09865419889402585,-0.011542991436823294,0.3584082411448561,1,0.1361781667841834,0.08470053013978987,0.3485346055142958,1
80.38063,grid_0103_y598_z532,471.352,600.508,530.944,102.10384781681842,0.616,-0.06647067634873058,0.05989503574202172,0.3982588646380917,1,-0.0060228037873385695,-0.016744438121163212,0.3958159113188664,1,0.058086018588636025,-0.08544778505027827,0.3712104831699174,1,0.09874397987814668,-0.011551741794094137,0.3589729162732026,1,0.13620683777369275,0.0847593912521492,0.34867310008187136,1
81.960001,grid_0104_y596_z532,471.299,598.357,531.242,99.957811925832,1.569,-0.07171779565286021,0.06097981471027799,0.4120391921542522,1,-0.007440592087228565,-0.016178522160619428,0.39923331401536605,1,0.05655066760466423,-0.08286895351709896,0.36384988174712374,1,0.09877173127523761,-0.01154766449699362,0.3577413369792487,1,0.13583357055269427,0.08446363889021595,0.3475365569467958,1
82.863111,grid_0105_y594_z532,471.386,596.35,530.938,98.12928057924408,0.894,-0.07256318241195031,0.0601980497938446,0.40513377932272626,1,-0.008556687621850644,-0.01495249477986282,0.39365641751800257,1,0.057185168753365635,-0.08404510128059398,0.37239172503286483,1,0.09906722054991225,-0.011625171262403804,0.3585373839822966,1,0.13563471428152765,0.08415445025605564,0.3466556435041879,1
83.49971,grid_0106_y592_z532,471.243,594.502,530.707,96.43619312789154,0.626,-0.07333910729846896,0.06008816270843544,0.40269126825034823,1,-0.009292868203621223,-0.014262623890062573,0.39717352321127597,1,0.05688473471702944,-0.08345455481391253,0.3727991964786564,1,0.09953233625577496,-0.011762893076970645,0.3597764973632701,1,0.13533431704069043,0.08382254920182919,0.3455776679315584,1
84.152364,grid_0107_y590_z532,471.391,592.463,530.543,94.54916170966297,0.644,-0.0755962195878244,0.060366096734624675,0.40385731677434783,1,-0.010510839504501638,-0.013100397315743823,0.4014476204918439,1,0.056306835795050934,-0.08238330914463074,0.37238340993235786,1,0.0994338678132739,-0.011755738211155196,0.35949903514242215,1,0.13522712490453587,0.08374489034325495,0.345246421996607,1
84.788309,grid_0108_y588_z532,471.481,590.427,530.443,92.65083308853735,0.624,-0.07877429986857411,0.06108542619331745,0.4093081137771531,1,-0.011409356192142431,-0.011991970131905647,0.39685216984638916,1,0.0560286042438438,-0.08202994936801476,0.37468546245756623,1,0.09963434589007672,-0.011796916692407481,0.36007715358634984,1,0.1351984539150265,0.08368602923089562,0.34510792742903146,1
87.20795,grid_0109_y586_z532,471.668,588.333,530.42,90.67964976774006,2.409,-0.08189209496279902,0.061405759915692436,0.41208236356192607,1,-0.013141376862082397,-0.010787647411270234,0.3986300571147118,1,0.05505280825028229,-0.08029170410599117,0.37286536770056555,1,0.09999045352520768,-0.01190291956025855,0.36093288308028404,1,0.13516978292551712,0.0836271681185363,0.3449694328614559,1
92.263344,grid_0110_y584_z532,471.574,586.494,530.324,88.97578921819132,5.045,-0.08170284864997815,0.05954063114254833,0.40163114668953825,1,-0.01591127959884685,-0.01102474952445975,0.43846074633185717,1,0.054867194040399116,-0.07928939501889028,0.37359774573782945,1,0.09999045352520768,-0.01190291956025855,0.36093288308028404,1,0.13506259078936256,0.08354950925996206,0.34463818692650444,1
93.466027,grid_0111_y582_z532,471.602,584.466,530.521,87.0010809243196,1.191,-0.08561469442664556,0.06057084729098342,0.41274890204174264,1,-0.015481760185053739,-0.009444420323922325,0.3923284797156522,1,0.05474971441739053,-0.07994487263599034,0.38061094240826215,1,0.0986041201618002,-0.011539059415282734,0.35845448032016114,1,0.13620683777369275,0.0847593912521492,0.34867310008187136,1
94.257573,grid_0112_y580_z532,471.515,582.434,530.799,84.9963044431933,0.781,-0.08648308115938466,0.05966522037911237,0.40797365218060994,1,-0.016918867091370044,-0.009068558652084755,0.40350797002033295,1,0.053464841762477254,-0.0779093297819494,0.3744618569690089,1,0.09915294019822671,-0.0115958166225018,0.3596228876614915,1,0.1359694336783582,0.0846001588611495,0.34800629744932277,1
94.90498,grid_0113_y578_z532,471.403,580.439,530.755,83.14169406501168,0.637,-0.08912747786534554,0.0598087318084398,0.41124170857911446,1,-0.01787083464450839,-0.008239286466572815,0.4032794598070423,1,0.05313830590357691,-0.07700198593680407,0.37662104154801024,1,0.09874397987814668,-0.011551741794094137,0.3589729162732026,1,0.13585092947543767,0.08438020793096448,0.3477560424336051,1
95.533006,grid_0114_y576_z532,471.268,578.426,531.054,81.15323334901704,0.618,-0.0908193744860766,0.05938849916713964,0.41013240337288404,1,-0.01901112855195248,-0.007473254021121384,0.4040603041933532,1,0.05207445773204907,-0.07519951706214066,0.37305686083310274,1,0.09901838989635994,-0.01158012039770367,0.35955711994386774,1,0.13608820167427438,0.08463299681175429,0.34836741419911593,1
96.441521,grid_0115_y574_z532,471.444,576.37,531.107,79.21981084299563,0.898,-0.09286427693352292,0.05883584052932833,0.40888267800344175,1,-0.02022105855396772,-0.006117012853894676,0.4001157125082987,1,0.05157868816132579,-0.07270502189644472,0.37125732731309763,1,0.09846956985993341,-0.011523363190484604,0.35838871260253746,1,0.13620683777369275,0.0847593912521492,0.34867310008187136,1
97.077861,grid_0116_y572_z532,471.24,574.583,530.923,77.62765564539482,0.625,-0.09509738402863405,0.05926511844944329,0.41237577060774305,1,-0.02151768093299231,-0.0054413143943484055,0.4026530902650364,1,0.05190780964043109,-0.07307188932685989,0.3781120892142139,1,0.09874397987814669,-0.011551741794094137,0.35897291627320255,1,0.13608820167427438,0.08463299681175429,0.34836741419911593,1
97.705141,grid_0117_y570_z532,471.358,572.612,530.952,75.79551091588472,0.615,-0.09766914449439533,0.059567779226185905,0.41478447687508185,1,-0.023127994332095843,-0.004847682844424402,0.4043431527433448,1,0.05132021128433832,-0.07241074644580019,0.3808618357472743,1,0.09888483049730228,-0.011344889783667439,0.36048502895591833,1,0.1357322933760193,0.08425381349056957,0.34745035655084966,1
98.442629,grid_0118_y568_z532,471.567,570.499,530.914,73.86786695850915,0.727,-0.09847452533105562,0.058430481606667674,0.4086592588895748,1,-0.02500895749543287,-0.004147431235747486,0.4024092338391744,1,0.049029323890220536,-0.06992719869778899,0.37429479818617817,1,0.09816388089790677,-0.010995927465611344,0.36085410892442127,1,0.1345186082274626,0.08360022843235324,0.3448695964162622,1
99.076421,grid_0119_y566_z532,471.538,568.677,531.019,72.15584237606825,0.622,-0.10040214508598407,0.058541310490089725,0.4105337161095305,1,-0.026526472112948247,-0.0038536801838383746,0.40759901973820034,1,0.04804815715683271,-0.06925902216358845,0.3740899946883149,1,0.0976399855418832,-0.010704613016899758,0.3616461321408145,1,0.1347970196645267,0.08440433513892501,0.34707530675937603,1
99.707464,grid_0120_y564_z532,471.629,566.694,530.958,70.37322128480407,0.62,-0.10393730198764803,0.058983114874044326,0.41586912889306865,1,-0.0279629566675371,-0.0032357829597905105,0.40240284079695376,1,0.04712649501826037,-0.06898919367189171,0.37805255736365634,1,0.0962265097356183,-0.010580801207655071,0.35954966478964084,1,0.13522851732584124,0.08476428238661102,0.3485669221996565,1
100.4487,grid_0121_y562_z532,471.636,564.561,531.043,68.40259045533296,0.73,-0.10601371826389243,0.05875868782077327,0.41648903910399965,1,-0.029695341604580823,-0.0027904084257679837,0.4039568272087948,1,0.04593123060262703,-0.06741870804138583,0.37691606803562516,1,0.09643190462523085,-0.010429140671906341,0.3615154485205143,1,0.13563731693537776,0.08502036082380068,0.3498307793117552,1
101.138255,grid_0122_y560_z532,471.461,562.686,531.089,66.68871095620311,0.678,-0.10683585944193592,0.05787622585623069,0.41152698022842554,1,-0.030858835985005596,-0.0020712299364836306,0.40218920063624386,1,0.044799006900923546,-0.06533208883699822,0.37317587927205836,1,0.09693861939983742,-0.010203537133942925,0.3641699427082883,1,0.1353076578896802,0.08476130762174783,0.34870021867655554,1
101.765229,grid_0123_y558_z532,471.205,560.711,531.281,64.82883472653205,0.618,-0.10962153730396462,0.058121344963775246,0.4157443333323562,1,-0.03199894857573192,-0.0013010695546846014,0.40081645337809374,1,0.04375155819248332,-0.06354424038639774,0.37100565298583943,1,0.09664115624029601,-0.010148490431892376,0.363673787002787,1,0.13368066501764414,0.08391811665128714,0.3448883307143755,1
102.500882,grid_0124_y556_z532,471.347,558.535,531.387,62.841322805937196,0.725,-0.11122764237550013,0.057735225018407124,0.4144793289796914,1,-0.03367116540354108,-0.0003546333859888059,0.4039548996237571,1,0.044127484908497286,-0.0631336732615905,0.379563419015662,1,0.09680910455815216,-0.010084835607709465,0.3637868537364765,1,0.13297315271581525,0.08343561383175993,0.34289097731447954,1
103.13409,grid_0125_y554_z532,471.143,556.601,531.348,61.145152260829356,0.622,-0.11225223718159058,0.0572685245212428,0.4120201128903517,1,-0.03513973939187852,0.0008559289026640856,0.4076067351432262,1,0.04308647344868575,-0.06077892824854375,0.3772119242983229,1,0.09646697959629016,-0.010246809063142983,0.3622206810319014,1,0.13503656820923354,0.08462292483516379,0.3480520065815199,1
103.762903,grid_0126_y552_z532,471.18,554.714,531.277,59.522547072517035,0.617,-0.11584653332489332,0.05797694768521242,0.41805713970753067,1,-0.036313736254337405,0.0021181040057787494,0.4068104061791222,1,0.04271409546242026,-0.05785373327368326,0.37542836366730975,1,0.09629289859430626,-0.010634880184258738,0.3600691602439106,1,0.13541754423824606,0.08484765868909878,0.3490770722216221,1
104.392433,grid_0127_y550_z532,471.213,552.76,531.287,57.81751918752654,0.619,-0.12029973518341179,0.059026811195357444,0.42741348058882644,1,-0.03756740140506694,0.003353525846676928,0.4073868466609942,1,0.04230728893498975,-0.055724334452487166,0.3753732489895599,1,0.09640313435835765,-0.01089943548842212,0.35891802939795026,1,0.1353076578896802,0.08476130762174783,0.34870021867655554,1
105.134188,grid_0128_y548_z532,471.397,550.691,531.334,56.01294747645413,0.731,-0.11954388717719386,0.05768827751775575,0.41785916049289085,1,-0.039188680918839064,0.004453852876085613,0.4064537633832222,1,0.0416811346023205,-0.05394674534005519,0.3764439496562728,1,0.0963641688922994,-0.010893256355609563,0.3587029119699844,1,0.1353076578896802,0.08476130762174783,0.34870021867655554,1
105.877248,grid_0129_y546_z532,471.419,548.712,531.029,54.489119546933416,0.732,-0.12142548029262605,0.05769839599895692,0.41751058562705284,1,-0.040322745477715215,0.005927601410792313,0.4045685474628774,1,0.040428904879265974,-0.05168786448028909,0.3741125719821444,1,0.09652054254293119,-0.010895503145150762,0.3598831633465894,1,0.1352680876077607,0.08476279500417942,0.348633570438106,1
106.629351,grid_0130_y544_z532,471.426,546.789,531.024,52.87749330291671,0.741,-0.12184714098535092,0.056982592306440524,0.4128553707256186,1,-0.04154596652377248,0.006882893026507793,0.40437133607470016,1,0.03958768045828006,-0.049632621348142135,0.37337431344472644,1,0.0966805547157015,-0.010920780567554259,0.36078194334289737,1,0.1353076578896802,0.08476130762174783,0.34870021867655554,1
107.259598,grid_0131_y542_z532,471.357,544.996,530.791,51.52289662858638,0.62,-0.12456918845671916,0.05747759020037291,0.4161414853434067,1,-0.04298699140328377,0.008064092538986462,0.4040559470885524,1,0.03859684997596476,-0.04732578625952065,0.3721387727954437,1,0.09676445997359862,-0.010856563609798626,0.36100114401527855,1,0.1353076578896802,0.08476130762174783,0.34870021867655554,1
107.952207,grid_0132_y540_z532,471.566,542.79,530.791,49.730518818930456,0.682,-0.13004925889533112,0.058745247367341435,0.42673700073556936,1,-0.0444551517490339,0.009427359794918006,0.40493786575199586,1,0.038118108025558615,-0.045318829592333076,0.3754283340028359,1,0.09677854091500286,-0.010882426366155173,0.36110182759729514,1,0.1352680876077607,0.08476279500417942,0.34863357043810606,1
108.585624,grid_0133_y538_z532,471.424,540.895,531.017,48.07523775292222,0.623,-0.1297227855924749,0.05772523875066056,0.4208910458509857,1,-0.04596469952226244,0.010406718786218985,0.4069575628240297,1,0.03762541495128411,-0.043612378583274186,0.3769088052257035,1,0.09660847402596973,-0.010914774894437877,0.3595261195015569,1,0.1352680876077607,0.08476279500417942,0.34863357043810606,1
109.316752,grid_0134_y536_z532,471.658,538.556,531.166,46.148543151436556,0.721,-0.13274849398632876,0.05757415322527195,0.42234053701170937,1,-0.047490901708750394,0.011828657460036886,0.4043017318845699,1,0.03676468917110083,-0.04145226935512012,0.38005341811431126,1,0.09750974937979126,-0.010900415714843414,0.3631092740025163,1,0.13510980648008275,0.08476874453390582,0.348366977484308,1
109.95198,grid_0135_y534_z532,471.444,536.671,531.397,44.5449582893508,0.624,-0.13418721277601206,0.05741503412230192,0.42194106002856513,1,-0.04906167734745811,0.01280821530338665,0.405848848001622,1,0.03612713313665146,-0.038762503852352664,0.37716079851734935,1,0.09826074834101536,-0.010937122930745159,0.36361909727336855,1,0.1346620661098318,0.0840614192261168,0.3460906034598124,1
110.586791,grid_0136_y532_z532,471.469,534.595,531.686,42.78932181047045,0.625,-0.13800632651882216,0.05764756703363518,0.4281016310522735,1,-0.05064930325172342,0.01423651484263828,0.40903103626609266,1,0.034845084787624894,-0.035536236294992016,0.3699598792874934,1,0.09871173908529093,-0.011152458905024027,0.36198167499730477,1,0.13524864092688815,0.08395168884423418,0.3463863125841502,1
111.322218,grid_0137_y530_z532,471.697,532.459,531.663,41.24187939461535,0.725,-0.1397880791871997,0.05748957963528275,0.42811170205373994,1,-0.05184509268551159,0.01553707005730095,0.408267912011834,1,0.03430977034690419,-0.03321044685281592,0.37210252579379727,1,0.09893593079095223,-0.011248428716647722,0.36159636894945735,1,0.13585092947543767,0.08438020793096448,0.34775604243360503,1
111.950296,grid_0138_y528_z532,471.634,530.62,531.641,39.94843008179426,0.617,-0.14217416834589205,0.05750796238094178,0.42865380148122467,1,-0.05356466828652191,0.0167248266960783,0.40831538829204017,1,0.03327510004407872,-0.0311155104503442,0.3723509911192061,1,0.09884285135230805,-0.011218348160359359,0.3615942577747996,1,0.13585092947543767,0.08438020793096448,0.34775604243360503,1
112.581678,grid_0139_y526_z532,471.635,528.545,531.548,38.5947428155701,0.622,-0.1436101282408592,0.05740040464850068,0.4276040447989681,1,-0.05493271704290459,0.01773549773291496,0.40590888726313024,1,0.03260971047894466,-0.02928085263952913,0.3779033968062503,1,0.0993742418936838,-0.011266596413064897,0.3639388944118368,1,0.135969565574856,0.08450660237135939,0.3480617283163605,1
113.213477,grid_0140_y524_z532,471.547,526.639,531.512,37.36962436257563,0.62,-0.14332497941197583,0.05673291279519147,0.42117166674187956,1,-0.05712989687059613,0.018723942122321945,0.4101153250539314,1,0.031467014576362765,-0.027399549062795774,0.3789957139341056,1,0.0992466593800708,-0.01124778228684136,0.3646138029809701,1,0.13614751972398356,0.08469619403195175,0.34852025714049367,1
113.954394,grid_0141_y522_z532,471.744,524.534,531.13,36.36617146470057,0.73,-0.14555561992366814,0.057065042135486875,0.4221394709490321,1,-0.05811661491109812,0.019879215857409253,0.4046895184024043,1,0.029884813160048963,-0.025109467859521933,0.3768596964564459,1,0.09777637688831306,-0.011018794183004676,0.35999202389580776,1,0.13591476845436798,0.08445198104343185,0.34791966238423844,1
114.58885,grid_0142_y520_z532,471.62,522.61,531.096,35.267946396125794,0.624,-0.14859480413863224,0.05757224559955859,0.4256325628655495,1,-0.059065420068378005,0.020735859072904157,0.40071649771870604,1,0.02818469740371799,-0.02289973005681756,0.371179681856877,1,0.09772744293136858,-0.010752019525488323,0.3618835491822018,1,0.13456578218135512,0.08381507539512126,0.34502946869200046,1
115.222214,grid_0143_y518_z532,471.564,520.732,530.782,34.50734059587899,0.623,-0.1510485842603619,0.0579259855506581,0.4274015594122128,1,-0.061766333801938814,0.022437155804053165,0.40767813705073663,1,0.02749558899418354,-0.021205915171483257,0.37781614994136115,1,0.09747698286933718,-0.010652386203440273,0.3618345298692386,1,0.13368593633547712,0.08327972024640981,0.3430548100556872,1
115.851517,grid_0144_y516_z532,471.487,518.789,530.778,33.53333536944991,0.619,-0.1522666826032088,0.057811242836449596,0.426509126389879,1,-0.06362436195274515,0.023774967781606263,0.4106226294781682,1,0.026270935846138228,-0.019419918814338247,0.3799632932325005,1,0.0977800434466537,-0.010811047324682821,0.3636609230328687,1,0.1334717451197967,0.08318553149043593,0.3426003810987531,1
116.649997,grid_0145_y514_z532,471.632,516.631,530.855,32.48637044977478,0.788,-0.15459181080875178,0.05788917618806251,0.42661464747877387,1,-0.06604687855526867,0.024832429040178048,0.4117937693474937,1,0.02461619658492914,-0.017153032935161443,0.37865648075447844,1,0.09646413735203743,-0.010457234403656996,0.3616212610817894,1,0.1347517556134677,0.08459304365205542,0.34739470148058443,1
117.283066,grid_0146_y512_z532,471.421,514.715,531.391,31.209923934543713,0.622,-0.15638726697574998,0.05750174972648818,0.42696236027639217,1,-0.06695866738957298,0.025006114098772143,0.40889338634510686,1,0.023375085570762188,-0.01564581300042183,0.3777216223343108,1,0.09654834025621237,-0.010346124664399515,0.3621923469907987,1,0.13489577660853655,0.08475210864761822,0.3479380369999151,1
117.912568,grid_0147_y510_z532,471.423,512.755,531.395,30.504106674348005,0.619,-0.15732418037210233,0.05709573351963391,0.42533075878438115,1,-0.06828479882406926,0.02586874749642406,0.40795907195088355,1,0.022259246449827946,-0.01370859232390772,0.37683543720154244,1,0.09643822256983886,-0.01016335851241765,0.3616857151472176,1,0.1349119550704853,0.08477618144606382,0.34803373629206036,1
118.653029,grid_0148_y508_z532,471.433,510.632,531.572,29.700028451164847,0.729,-0.16125833790108302,0.057618460748716016,0.4301975590140762,1,-0.07035770898693608,0.027119470348627377,0.4087678451731615,1,0.02094952808354137,-0.011267553929586031,0.37824022290078296,1,0.0961922401391265,-0.01029599244644922,0.36116243079762034,1,0.13504174379496572,0.084585620667991,0.3477794456170026,1
119.288397,grid_0149_y506_z532,471.486,508.605,531.679,29.119474669025248,0.625,-0.1629984498931023,0.05762157657397502,0.4301778452265756,1,-0.07133047984550792,0.027840692819342074,0.4053993786521442,1,0.019827152879788486,-0.009423909472374778,0.38127503352171743,1,0.09586546278806349,-0.010161473571365182,0.35986418520083197,1,0.13418268015075868,0.08374451322117549,0.3447689515081408,1
119.919833,grid_0150_y504_z532,471.382,506.712,531.608,28.86149342982799,0.62,-0.16727221634646103,0.05850931355433877,0.4367151205769594,1,-0.07431051420344434,0.029707225954426618,0.41308947048661737,1,0.018486317533481074,-0.007372594632527062,0.3821444359833465,1,0.09431045914300229,-0.00976949957045729,0.3552430490736108,1,0.1336607164650944,0.08331883706882819,0.3431421260621054,1
120.661121,grid_0151_y502_z532,471.462,504.679,531.653,28.605674629345835,0.73,-0.17069834515952637,0.05925036168667199,0.44085059284858075,1,-0.07585153828311002,0.030831704046995055,0.41139794219580744,1,0.016835582674142938,-0.004866036071877197,0.37934198565780985,1,0.09553803550178105,-0.009811020611261545,0.3613514945145865,1,0.13471022874518784,0.08430855480808983,0.346655195709028,1
121.360638,grid_0152_y500_z532,471.446,502.76,531.615,28.573451139125645,0.689,-0.1683323620415949,0.058182988641168075,0.43046664499015674,1,-0.07679417703829106,0.03141983032048716,0.4087578922170058,1,0.015545649934968538,-0.002940505094628916,0.37737654524556163,1,0.09394585905335298,-0.009652073688012677,0.3569818378864308,1,0.13466033617308412,0.08441201723072547,0.34676940689956753,1
122.010725,grid_0153_y500_z534,471.034,502.543,532.68,27.50015458138379,0.639,-0.16811810212829187,0.05720371901381636,0.42866497053107133,1,-0.07868019011957719,0.03172775940415866,0.41644052712728274,1,0.015050400603465505,-0.0024694833198989547,0.37397849326970106,1,0.09491018808878948,-0.009712420905588126,0.35999775058565503,1,0.134499916713736,0.08405024301911915,0.345673916074681,1
122.762237,grid_0154_y502_z534,471.09,502.585,532.756,27.424843809947262,0.74,-0.16826322442247948,0.056893796090098495,0.4290597701900462,1,-0.07915238109745971,0.03179469850227628,0.4194065708633536,1,0.015779554795996936,-0.002811514704465647,0.38239259647114376,1,0.09597114409247286,-0.009789590432798232,0.3634806929460622,1,0.13371242863514837,0.08342235992456651,0.3430471796418977,1
123.461317,grid_0155_y504_z534,471.718,502.983,533.99,26.210877551123705,0.688,-0.17188506139480106,0.0570805330188021,0.43838361647798507,1,-0.07782492536606775,0.030694372738648147,0.41430298538107707,1,0.015962957617180216,-0.0037627512871994243,0.38228634508735404,1,0.09330678699634228,-0.00976853303140692,0.35262188248749027,1,0.13385701709887057,0.0834152836692655,0.3429072260804705,1
124.107234,grid_0156_y506_z534,472.095,504.387,533.857,26.415278760596163,0.637,-0.16764531702019472,0.055788169561682546,0.42935495479002983,1,-0.07658145304257782,0.02996210146189678,0.412368188469397,1,0.016571613935745338,-0.004789217370534522,0.37533812069865347,1,0.0938426714693891,-0.009942750843633436,0.35243478299304243,1,0.1358245145540294,0.08454140383855677,0.34768708550525507,1
124.846561,grid_0157_y508_z534,471.886,506.457,534.213,26.266661321911528,0.728,-0.16938003422586986,0.056760819449389474,0.4393399328368163,1,-0.07331040484946263,0.028269443065989053,0.403921987984351,1,0.01843013892340899,-0.006597650384098955,0.3797414708916582,1,0.09608833954722643,-0.01036915613036304,0.3587008755104703,1,0.13594051710768068,0.0845707853650169,0.3479461889651113,1
125.478161,grid_0158_y510_z534,472.285,508.154,533.829,26.960592890365074,0.621,-0.16633249113685541,0.05620492742462008,0.43482955927990463,1,-0.07274367720371892,0.027981826311085634,0.4081202864375319,1,0.01947052481465799,-0.007756483004356285,0.37913344518615055,1,0.096194396913528,-0.010579413492013568,0.3563520792907375,1,0.13610563286713187,0.08434284204868517,0.34703402006631123,1
126.109896,grid_0159_y512_z534,472.196,509.972,534.294,26.93522591329061,0.621,-0.16446940927558512,0.05603414956015072,0.4348791904554477,1,-0.0714351688632721,0.026989776203117682,0.4102525700067227,1,0.02079234202161101,-0.009577418422885576,0.3752935662442959,1,0.09663763555392232,-0.01078356183636844,0.35640686278041844,1,0.1371217351319019,0.08488543147759835,0.34928053676927984,1
126.842095,grid_0160_y514_z534,472.244,512.219,533.739,28.15157006278692,0.722,-0.16177404837298173,0.05560186191491716,0.43182347934809007,1,-0.07010791807480547,0.0258990395785449,0.41103190309942894,1,0.02181311736724073,-0.011676503822806402,0.3740494958387252,1,0.0970468990054687,-0.01085792533173954,0.35802167758029396,1,0.13426477355848734,0.08322206549202656,0.34246806656800255,1
127.702323,grid_0161_y516_z534,472.289,514.224,534.063,28.598911675097064,0.848,-0.1590343976976953,0.05518560133248721,0.4306261065071454,1,-0.06720133047970087,0.02409292561838818,0.4063587958907706,1,0.024000109115277907,-0.014738692362589118,0.3812184845243438,1,0.09764865997255696,-0.010961773234463337,0.35928815715352946,1,0.1342485950997911,0.08326985621879887,0.3426531575149701,1
128.498029,grid_0162_y518_z534,472.411,516.27,533.522,29.97136710261977,0.784,-0.15525650051842943,0.054918800703788906,0.425736255989149,1,-0.06640401071853236,0.023614319328825843,0.41139489452264416,1,0.02493522609568493,-0.016610167846790095,0.3751991492853766,1,0.09699075421481008,-0.010960526872264169,0.3567214575823684,1,0.13424400925760407,0.08331444720721824,0.3428543111307025,1
129.135031,grid_0163_y520_z534,472.53,518.145,533.448,30.93772871430613,0.625,-0.15406777407437586,0.055073014780023355,0.42608844208172936,1,-0.0645484697272175,0.02308904109206709,0.41009073025872506,1,0.025880762842101075,-0.017919658234703366,0.37436540218702735,1,0.09753431069973723,-0.011019694314036429,0.3576211260557125,1,0.13425088802088458,0.08324756072458919,0.34255258070710387,1
129.766402,grid_0164_y522_z534,472.788,520.086,533.361,32.04124669859153,0.62,-0.15429712085892738,0.05590902630475081,0.43159402584446954,1,-0.06288130883433038,0.022160768157027368,0.4098372610015475,1,0.027286148666688537,-0.019998572648048947,0.3763134223990351,1,0.09800859596363132,-0.011148871504033828,0.3582970420299735,1,0.13509238111578242,0.08358981665753107,0.34421719990552707,1
130.500581,grid_0165_y524_z534,472.402,522.239,533.612,33.03506788247914,0.724,-0.15081638018035998,0.055226159918275154,0.42720802968382116,1,-0.06123388450471492,0.02121421769426835,0.41025650481336795,1,0.02874895013508162,-0.021642171317581328,0.3761078915507162,1,0.09903023166287118,-0.011433022976036942,0.36009670703175384,1,0.1358121699974614,0.08382808488726325,0.3456768091368444,1
131.137078,grid_0166_y526_z534,472.616,523.961,533.7,34.02602759653263,0.625,-0.1476607177187139,0.054585672629695256,0.42319341572195246,1,-0.05896839303036744,0.01991850867258047,0.40566677728336825,1,0.029802136708535553,-0.02359923734411203,0.37422337790456034,1,0.09909436812546443,-0.01161255819483184,0.35955561339501274,1,0.13640263149406362,0.08416218005657111,0.34695667412168585,1
131.823207,grid_0167_y528_z534,472.503,525.983,533.775,35.26352013058255,0.675,-0.14666936892976523,0.0546957789130927,0.42474411368006093,1,-0.057921285379833265,0.018984567338076665,0.40915002569604386,1,0.031164073916467683,-0.02571663234139983,0.3759982224215348,1,0.09925902688017572,-0.01175539496966363,0.3593597816595563,1,0.13656515191454793,0.08425652094079858,0.34732217564548334,1
132.622035,grid_0168_y530_z534,472.627,527.853,534.025,36.35245361732823,0.788,-0.14501268407411633,0.05449731292110728,0.42625404235765096,1,-0.0550418928614135,0.01729625805923412,0.4015131784771689,1,0.032573174234064084,-0.028137039834353367,0.37668780706048316,1,0.09860604549394944,-0.011589843115112759,0.3559806795703361,1,0.13704613093427592,0.08469424142851359,0.34849279266158584,1
133.265133,grid_0169_y532_z534,472.548,529.86,534.153,37.67735747103294,0.631,-0.14340406122676835,0.054568504316614086,0.42684649866809865,1,-0.05352993714228369,0.016269391307778793,0.4017960847164275,1,0.03368771488471202,-0.029452487410773803,0.3728422732537163,1,0.09900840424297717,-0.011526688208165386,0.35667931433681976,1,0.13707631552172267,0.08469826337507422,0.3485059073761435,1
133.897921,grid_0170_y534_z534,472.703,531.707,533.966,39.163465640823986,0.622,-0.1416800599568409,0.05497510067531708,0.4270809475050955,1,-0.05216087610475929,0.015346262708305507,0.40227497926151107,1,0.03495782120680781,-0.03166155220676984,0.37519457825459435,1,0.09951296697572297,-0.01158256074652626,0.35818494412825097,1,0.13704679446310677,0.08463914372292518,0.3483662287032149,1
134.531048,grid_0171_y536_z534,472.588,533.966,533.906,40.89874661893693,0.623,-0.14043607614344106,0.055300236590741014,0.4289946562314695,1,-0.05069895094950518,0.014272352059787769,0.4022461146681141,1,0.03577248718444588,-0.033512633579529015,0.37304058620482705,1,0.09998770475339672,-0.011595949192855896,0.3594266004077432,1,0.13701727340449085,0.08458002407077612,0.3482265500302864,1
135.2656,grid_0172_y538_z534,472.67,535.961,533.722,42.562216413152214,0.724,-0.13519357355872602,0.05442058529289351,0.4188441344045426,1,-0.04896062530378744,0.01345283620827995,0.4036396249446018,1,0.03701732925876824,-0.03578064209811172,0.37466238647438044,1,0.10034390140697833,-0.011673559410541217,0.3603727703192458,1,0.13682056824781036,0.08432493008944975,0.3474760510848857,1
135.899978,grid_0173_y540_z534,472.671,537.988,533.542,44.27333705516227,0.623,-0.13195833399248968,0.05419679637374155,0.4150555198490313,1,-0.04786970253710408,0.012501994254356,0.40616423534905766,1,0.03819995819542542,-0.037956416494636255,0.376626026452828,1,0.10037647662507414,-0.011728695345453153,0.3604315007005983,1,0.13674194732559347,0.0843063147167196,0.34728426683119923,1
136.589005,grid_0174_y542_z534,472.684,540.054,533.319,46.068070743194816,0.678,-0.13178778657921889,0.05508536676097908,0.4198135300021691,1,-0.04653807401873898,0.011462485181207105,0.40620702132881925,1,0.0391365001415722,-0.04035688253209483,0.3777507133697123,1,0.09922415186663439,-0.011541671063347646,0.35727094069025317,1,0.1369267196421505,0.08456795823109423,0.34818720588661367,1
139.401413,grid_0175_y544_z534,472.673,542.056,533.289,47.7229943842589,2.802,-0.12754904642120005,0.05467595795556546,0.4144502030748517,1,-0.043908149731871585,0.009889568737951309,0.4026282154709838,1,0.039299237208746354,-0.04291798890325602,0.3717955803396113,1,0.09846311632522589,-0.011553244828626182,0.3571876639340113,1,0.13437218605699314,0.08325905049286633,0.3427567421307104,1
140.419543,grid_0176_y546_z534,472.565,544.02,533.508,49.232613763642476,1.006,-0.1248153144849761,0.05413492255615128,0.4112566155082534,1,-0.042531730879789294,0.008225431148827757,0.4012660459240875,1,0.04019065198817021,-0.045073978027736196,0.3710875007105471,1,0.09898922727269546,-0.011599866142873708,0.3590521273064075,1,0.13471675108978157,0.08338290593632784,0.3435280451896805,1
141.054215,grid_0177_y548_z534,472.759,545.891,533.582,50.78271407674072,0.624,-0.12474477415097496,0.05464879323819236,0.4152195941584136,1,-0.04146675374943903,0.007440841918251841,0.40059766918537043,1,0.04066215324038077,-0.046355047350383635,0.3696397367687201,1,0.09902769022458305,-0.011647545964689346,0.3584203747786382,1,0.1350027192384979,0.08351399511660836,0.34408961737761873,1
141.69085,grid_0178_y550_z534,472.639,547.967,533.676,52.5082545986819,0.627,-0.12401200098485596,0.05545339692590144,0.4196947784115726,1,-0.04001865505194997,0.006339869978600024,0.4018151383450637,1,0.041809662391349325,-0.04871738234357654,0.37171675150310923,1,0.09912854853827177,-0.011695581936263527,0.3580086089297861,1,0.13570976015493144,0.08379351411231002,0.3454564755589963,1
142.535847,grid_0179_y552_z534,472.629,549.952,534.027,54.058506129932965,0.835,-0.12052828931079955,0.054107579162695915,0.41338498747409425,1,-0.0388798179749927,0.004782032976753445,0.40470206126405384,1,0.042707449990176685,-0.050669901913568224,0.37069234818852087,1,0.09887161897354509,-0.011638648505646752,0.35684188411330303,1,0.13634272275944573,0.08405278949039516,0.34680345646245003,1
143.171724,grid_0180_y554_z534,472.739,551.941,533.61,56.006737925003314,0.626,-0.1179083375136238,0.054183412409635937,0.4109399637168657,1,-0.03814042062446434,0.004151964901341561,0.4098391486074095,1,0.04376607871196157,-0.05289251218035958,0.37325116942150255,1,0.09849867412299089,-0.011550558154109485,0.355478217790976,1,0.13650878011971154,0.08412596704012644,0.347117652174211,1
143.801825,grid_0181_y556_z534,472.874,553.843,533.847,57.583030772962964,0.619,-0.11771598142355051,0.05514019581868105,0.41659737459533475,1,-0.03649969552833264,0.003017638649217728,0.4058750993560201,1,0.04455490933099629,-0.05459363782008041,0.37182893513102716,1,0.09849867412299089,-0.011550558154109485,0.355478217790976,1,0.13650878011971154,0.08412596704012644,0.347117652174211,1
144.536713,grid_0182_y558_z534,472.785,556.026,533.511,59.67714233272233,0.725,-0.1165185575734432,0.05580623025360568,0.41921169173471584,1,-0.03471994882503672,0.002113901309610003,0.40504482147719634,1,0.04484301835064439,-0.05566219102437029,0.36808087457218736,1,0.0981257292724367,-0.011462467802572218,0.35411455146864906,1,0.13650878011971154,0.08412596704012644,0.347117652174211,1
145.171295,grid_0183_y560_z534,473.162,557.689,533.435,61.215766506677035,0.623,-0.11406229795382446,0.05560599115056566,0.4159462969925397,1,-0.03325881824288844,0.0012467077799980927,0.4026972112035792,1,0.045064957744960096,-0.05662902484643088,0.36350830993235494,1,0.09845497484389726,-0.011486167509592502,0.3550586359857812,1,0.13656848576577424,0.08418910863883614,0.3472704455616971,1
145.815163,grid_0184_y562_z534,472.919,559.965,533.224,63.349113245569626,0.631,-0.11172763652466108,0.05565006002480073,0.41471120963246355,1,-0.03174217968729404,0.0004495264751331124,0.4046513329124811,1,0.04725467457155739,-0.06044919934683518,0.3758170791003857,1,0.09823641515225268,-0.011470571942286794,0.3544386871388568,1,0.13650878011971154,0.08412596704012644,0.347117652174211,1
146.782699,grid_0185_y564_z534,473.128,561.845,533.375,64.99931745026255,0.957,-0.10935204103107335,0.055651660498360477,0.4139884084703203,1,-0.029501137276293936,-0.0015393358104713209,0.39147773484067594,1,0.047172988075623146,-0.06251077809646376,0.3700321857815013,1,0.09910985990243101,-0.011589579932240182,0.35975185450075614,1,0.13484820651705337,0.0833941915428136,0.3439756950566016,1
147.806693,grid_0186_y566_z534,472.951,563.944,533.365,66.91318713826145,1.012,-0.1082854089913426,0.05626210801261663,0.4181700206855082,1,-0.029061873911535946,-0.0027676514636429134,0.40545813204839787,1,0.051156130142487544,-0.06882065197560878,0.3946955659932915,1,0.09938426992064428,-0.011617958535849715,0.3603360581714213,1,0.13484820651705337,0.0833941915428136,0.3439756950566016,1
148.562822,grid_0187_y568_z534,473.028,565.945,533.459,68.7159587650497,0.745,-0.10464734292720698,0.05539056145197553,0.4103590126717348,1,-0.02774624282651088,-0.0035878755265834326,0.40177690909638963,1,0.04828625414338964,-0.0652734210068692,0.36610013543708375,1,0.09893560734866907,-0.011569065371711765,0.3590751724794808,1,0.13502852553644695,0.08349312217266866,0.3443180788932197,1
149.408239,grid_0188_y570_z534,473.034,567.846,533.45,70.4736560921881,0.835,-0.10203696743701537,0.05515914818852312,0.40748822338005974,1,-0.026474145600196036,-0.004334482566167206,0.401977669585193,1,0.0496177145743462,-0.06776725360172423,0.372473252551452,1,0.09866820454555156,-0.011540124742306946,0.3583045264276203,1,0.13508802809395445,0.08351001480391207,0.3444704480089561,1
150.438085,grid_0189_y572_z534,472.98,569.876,533.545,72.31806392596529,1.019,-0.10019799860466243,0.05536250380052399,0.40879909600312736,1,-0.02497221958211154,-0.005398334520666433,0.40076214218689066,1,0.05050486007754912,-0.06958656783403756,0.3716355738690728,1,0.09887161897354509,-0.01163864850564675,0.35684188411330303,1,0.1362780472606352,0.0840496374442162,0.3467835559962926,1
151.076046,grid_0190_y574_z534,472.982,571.859,533.573,74.15422294785381,0.626,-0.09939215711192162,0.0557849851299036,0.41097365783361095,1,-0.023514320175479046,-0.005838753251201416,0.3994403275464482,1,0.051120064998226654,-0.07030897613092572,0.37081715964433437,1,0.09984211953922587,-0.011615681949480799,0.35913602655828347,1,0.136108635421255,0.0839080559958367,0.34619633356678803,1
154.666527,grid_0191_y576_z534,473.241,573.633,533.474,75.85510208944423,3.58,-0.09539925521459233,0.05514860836633473,0.40380725082570146,1,-0.021739965543241112,-0.006726134932740752,0.39475326585406945,1,0.055264435321560224,-0.07648654976246198,0.39475765498682647,1,0.10128451422267604,-0.012121976884888381,0.3636157447068251,1,0.13642731878937445,0.08395795451953184,0.346391405619978,1
155.305106,grid_0192_y578_z534,473.035,576.001,533.361,78.10666739786048,0.629,-0.09447945234769037,0.05600717925519405,0.4072235086156282,1,-0.02048982575994539,-0.006954862908231117,0.40337917912140897,1,0.05440963663136259,-0.07446227636405807,0.37958855546214676,1,0.10274210419091942,-0.012437754974087042,0.3667314191060063,1,0.13534876627505088,0.08314541359067101,0.343182393626895,1
155.936818,grid_0193_y580_z534,472.907,578.123,533.358,80.0992439477428,0.62,-0.09314369541891451,0.05673875188239582,0.41086590220809455,1,-0.01885075242711786,-0.007699655102812224,0.4046578898488812,1,0.05465713239879314,-0.07406959381618823,0.3716404869887965,1,0.10385969857090668,-0.012588738804048543,0.36733290021935405,1,0.1356846828806461,0.08311755095703217,0.34315396081632793,1
156.68268,grid_0194_y582_z534,473.208,579.967,533.099,81.93249275470629,0.736,-0.0899781996891679,0.05632141412622911,0.4054157555648862,1,-0.017615604829312136,-0.009341627263556973,0.3928471473445443,1,0.05310557650350557,-0.07514341049369654,0.36583226715634926,1,0.10064761067259562,-0.01178269153293736,0.3605381365914823,1,0.13668773919859184,0.0841256375189053,0.34711209451526814,1
157.316624,grid_0195_y584_z534,472.912,582.107,533.289,83.88451264089218,0.622,-0.0879069069632673,0.05618261312059497,0.4038591861398637,1,-0.016985402887882584,-0.010566588928634152,0.39553897596572857,1,0.05365431928570465,-0.0772091850488619,0.36880141625302615,1,0.09998770475339672,-0.011595949192855896,0.3594266004077432,1,0.13620092856488558,0.08393858783420079,0.3463299720379554,1
157.947604,grid_0196_y586_z534,472.892,584.015,533.357,85.67145940743629,0.619,-0.08655913647826163,0.056745542968024476,0.40777319711144966,1,-0.015603855728279941,-0.011201194348781663,0.39645753716360355,1,0.05416531121995877,-0.07822303725417896,0.36729734730601216,1,0.10031132618888253,-0.011618423475629285,0.3603140399378933,1,0.13662819141183696,0.08425225023754582,0.3474232389491832,1
158.740588,grid_0197_y588_z534,472.93,586.028,533.489,87.5454811740732,0.782,-0.08487236752846578,0.05728371708500394,0.410536280943124,1,-0.014111497040208892,-0.012524084841331318,0.4020253373597238,1,0.0566641638623552,-0.08156870408469848,0.3763647934103894,1,0.10060450315174478,-0.012114646889836687,0.36084261337006573,1,0.1359547848798908,0.08362746128247214,0.3452415398597547,1
159.376193,grid_0198_y590_z534,472.842,588.116,533.506,89.52835230808174,0.625,-0.08223660291256503,0.05669886836521757,0.4055918034211266,1,-0.013156691801000462,-0.01303069433398254,0.39679640261786736,1,0.05691500986473036,-0.08215831488687601,0.3741807172256283,1,0.10083760842932199,-0.012149533223994,0.3611871103970683,1,0.13533611758234096,0.08316507307975748,0.3432658770146221,1
160.281372,grid_0199_y592_z534,472.975,589.933,533.609,91.2371507884809,0.895,-0.07902125478163997,0.056268858170432944,0.401650763165925,1,-0.011470840615288538,-0.014056353136602315,0.38972727340468005,1,0.05722209884683917,-0.08223386791377947,0.36972246505343626,1,0.10257447275156799,-0.012419495034589497,0.36542814902126,1,0.13481514733808728,0.08281998641652827,0.34193734171526985,1
160.912949,grid_0200_y594_z534,472.9,592.095,533.579,93.31355786272438,0.621,-0.07726219062052316,0.05626059925739026,0.40049420147679554,1,-0.010687958896481699,-0.01482496272946927,0.3976318571719157,1,0.05780333946418413,-0.08313860646511227,0.371299123825892,1,0.10257447275156802,-0.012419495034589497,0.36542814902126,1,0.13511983362067542,0.08300960302999905,0.34260295116139194,1
161.547516,grid_0201_y596_z534,473.128,593.98,533.454,95.16202655996776,0.623,-0.07580850938662406,0.05683119413571523,0.4027656176078459,1,-0.00915833128738353,-0.015438428202894872,0.3957690823804353,1,0.058420174010106185,-0.08383754396718004,0.3712488505455119,1,0.10292808030328582,-0.012554279326576578,0.3662385741027886,1,0.13597078753293712,0.0835049873285261,0.34443012913141224,1
162.282073,grid_0202_y598_z534,473.181,596.031,533.266,97.1847519984488,0.724,-0.07501278165086198,0.058136727935273955,0.4090477206068375,1,-0.007908411290675151,-0.015876928528340578,0.39131797571476024,1,0.058964982982173154,-0.0849939228126256,0.3723971315503446,1,0.10318180393364218,-0.012586747280846536,0.3672911650041106,1,0.13584999685939442,0.08344691179273336,0.3441821495925243,1
162.917646,grid_0203_y600_z534,473.18,598.088,533.042,99.22323515689254,0.624,-0.07104947978730611,0.05689879339434164,0.39731200076114065,1,-0.006909471753931454,-0.01660585201464576,0.3908490807674239,1,0.05930458728789175,-0.08542383133716866,0.3710314767660183,1,0.10267435667292946,-0.012521811372306619,0.3651859832014665,1,0.13584999685939442,0.08344691179273336,0.3441821495925243,1
164.399289,grid_0204_y602_z534,473.093,600.144,533.137,101.17415812844706,1.47,-0.07936556479413127,0.06648479822920918,0.4633729728914032,1,-0.005679829361073156,-0.017566168400303252,0.38997698308110884,1,0.059992575841107586,-0.0866254399759137,0.37197772578445576,1,0.10318180393364218,-0.012586747280846536,0.3672911650041106,1,0.13511983362067542,0.08300960302999905,0.34260295116139194,1
165.650817,grid_0205_y604_z534,473.373,601.97,533.062,102.96112164307462,1.241,-0.06711783035460325,0.05768996068302189,0.3985421404509241,1,-0.0044497211755195765,-0.018694085482269612,0.3941044812044928,1,0.06011833687484054,-0.08659511458564195,0.369777144389252,1,0.10318180393364218,-0.012586747280846536,0.3672911650041106,1,0.13572920618585177,0.0833888362569406,0.34393417005363636,1
166.570508,grid_0206_y606_z534,473.319,603.937,533.032,104.8656294741037,0.909,-0.06504362318465726,0.05766882211474339,0.3984335028840764,1,-0.003559197375760613,-0.019157383055774795,0.39120956370471427,1,0.06029514602734739,-0.08656745612304781,0.36778809430981274,1,0.10318180393364218,-0.012586747280846536,0.3672911650041106,1,0.13511983362067542,0.08300960302999905,0.34260295116139194,1
167.308315,grid_0207_y608_z534,473.105,606.098,533.328,106.87383209186427,0.727,-0.06370195890800663,0.05777819421026812,0.3995504697738002,1,-0.0026256693403462514,-0.019707532247763282,0.39023040434229567,1,0.06122501172020406,-0.08768054893944982,0.37041275559969555,1,0.10292808030328582,-0.012554279326576578,0.3662385741027886,1,0.13554531057680627,0.08325729517926257,0.3435165401464021,1
178.439624,grid_0208_y610_z534,472.967,608.188,533.312,108.89841849173018,11.121,-0.06123673033163032,0.05824553672395373,0.40250511250343546,1,-0.0011477715233147807,-0.02033352655817369,0.38063245061853224,1,0.06165925634589177,-0.08792823249342122,0.3691263700817039,1,0.10318180393364218,-0.012586747280846536,0.3672911650041106,1,0.1354245199032636,0.08319921964346982,0.34326856060751415,1
179.068804,grid_0209_y612_z534,473.418,609.775,533.345,110.43909085554806,0.618,-0.05984203681042076,0.0582579179520489,0.4008796378062776,1,-0.0002815396078124512,-0.021187396838560142,0.3860439243977031,1,0.061885625035002445,-0.08805814710560159,0.3678708355606073,1,0.10136656725114634,-0.012240539175117644,0.359842317473142,1,0.13645395022710788,0.08373728947169709,0.34542204728696396,1
179.703296,grid_0210_y614_z534,473.284,611.913,533.074,112.57525430573102,0.623,-0.05781123309854884,0.05878939215039895,0.40168559903707496,1,0.000866143209865158,-0.021520314831139933,0.3895682812884288,1,0.06320716637928732,-0.08925237459361446,0.3709814680307945,1,0.10291164135781453,-0.012454455600874808,0.36364797382007963,1,0.13622353416823138,0.08338776943105321,0.34429532184167766,1
180.347867,grid_0211_y616_z534,473.048,614.168,533.296,114.70716184702681,0.633,-0.05474672275929898,0.05802719451695597,0.39645176351276495,1,0.0025205284430338537,-0.022147116983619795,0.38638123135137536,1,0.06409308400515065,-0.089854659921003,0.3709007755609153,1,0.10268174122954932,-0.012417198181408124,0.3604644812146965,1,0.13858744381487131,0.08431366485151844,0.3492513491038717,1
181.087661,grid_0212_y618_z534,473.174,616.13,533.048,116.67508016281799,0.729,-0.05271395565033201,0.05850869093601284,0.3966803083985414,1,0.0039071083619355105,-0.022549089699015257,0.3865214745854946,1,0.06379493433429875,-0.0886413286081172,0.36474510961161233,1,0.10249083575961815,-0.012569213087291215,0.3586222092664303,1,0.14244584774051844,0.08661311839553873,0.35878372097575967,1
181.77455,grid_0213_y620_z534,472.988,618.119,533.0,118.61715551302017,0.677,-0.050791371126372775,0.05889916703543426,0.3979245829410328,1,0.00528092210337938,-0.023489250583455804,0.39443762310084624,1,0.06613648597935594,-0.09147727492113839,0.37460061261075894,1,0.10369287239782428,-0.012975056494524679,0.36255025164245236,1,0.1384068290963707,0.08360338198722093,0.3475334145877585,1
182.409415,grid_0214_y622_z534,473.38,619.824,533.049,120.27432375199619,0.624,-0.04903561445184693,0.05871844858622505,0.3970465142663241,1,0.006145865188692442,-0.023252078647960424,0.38269280930229577,1,0.06586522200165083,-0.09087728774745255,0.3697983777383304,1,0.1040937534955152,-0.013038589725411758,0.36153634620787983,1,0.13745042700064672,0.08277149526661243,0.3446202198601417,1
183.146776,grid_0215_y624_z534,473.118,622.118,533.229,122.46439156750837,0.727,-0.046858044852076876,0.05903867861724392,0.3980527170418153,1,0.007782331013911769,-0.023806241094511828,0.378580900634432,1,0.06587722798163756,-0.0899628007809121,0.36434701222979166,1,0.10531606978870338,-0.013224261238228346,0.36408894361849037,1,0.13714571826443495,0.08239650851713595,0.3427209551511841,1
183.781602,grid_0216_y626_z534,473.075,624.138,533.515,124.37278419734767,0.624,-0.04493711464253613,0.05905037246458274,0.39866107211337665,1,0.009145119826581541,-0.024731051355680746,0.3850056732943183,1,0.06735114312901605,-0.090958732846037,0.3663759948645245,1,0.10549191112178433,-0.013184659075659449,0.36276086614369946,1,0.13737980498993724,0.0824489513957271,0.34290996054941925,1
184.413102,grid_0217_y628_z534,472.94,626.244,533.686,126.3917459765471,0.622,-0.04253250769121561,0.059128947473478945,0.3987068552321932,1,0.010574484556709264,-0.025357420038045288,0.38319082171306496,1,0.06787998832344992,-0.0910739614891328,0.3641310507083634,1,0.10535840238011725,-0.01330226996251609,0.3600502229644911,1,0.13760916312440835,0.08246650866105211,0.3429742915792117,1
185.049919,grid_0218_y630_z534,473.063,628.281,533.098,128.5087480485278,0.624,-0.04081954539206362,0.0601278057023687,0.40128784312494614,1,0.012165282412035803,-0.025600166760815602,0.3862305242098979,1,0.06978790841514201,-0.09319814230482999,0.3712324337634552,1,0.10534166911243545,-0.013541004552685535,0.358754413163771,1,0.1370985698034127,0.08184155823901129,0.34074016912031807,1
185.785457,grid_0219_y632_z534,473.008,630.238,533.039,130.43336222761423,0.725,-0.03761962305565996,0.05941348442974015,0.39234273934600666,1,0.013330085786834834,-0.025840670862163566,0.3854651420253883,1,0.06995246516100839,-0.09257401677580528,0.3685411799754476,1,0.10705707575111276,-0.013915757333613697,0.36335400743847,1,0.14052912575624715,0.08352874617631492,0.34839188320202874,1
186.419529,grid_0220_y634_z534,473.062,632.243,532.742,132.45698286613666,0.622,-0.03563741801371546,0.05934527252664244,0.39057071804623145,1,0.014570648497220312,-0.02580470444206982,0.38457175507452157,1,0.07043305867343415,-0.0926634720843833,0.36732795645541544,1,0.10700009342806102,-0.01393941850240436,0.36173685661054084,1,0.14216328561139577,0.08413109936334813,0.35183437962172254,1
187.052569,grid_0221_y636_z534,473.087,634.302,532.802,134.4598868882464,0.62,-0.03407610473958845,0.06082081847809295,0.3969120348266062,1,0.015993870335017705,-0.02585527473222683,0.3840629102908376,1,0.07296481003324118,-0.09463946660844731,0.37392749795587427,1,0.10827204174306808,-0.014098927279368253,0.3634133134447672,1,0.14224025298585946,0.08368068560521463,0.3509259126249372,1
187.681464,grid_0222_y638_z534,473.188,636.195,533.03,136.26971422146602,0.617,-0.03206618494699476,0.06105831519487308,0.3986834723984457,1,0.01745348029574831,-0.026288935103363286,0.38180144560585383,1,0.0724278959099687,-0.09304749968987769,0.3665022192024484,1,0.10796400656289402,-0.014124132822087554,0.3600839440039554,1,0.1428187308003797,0.08389775036043075,0.35171645296046994,1
188.418884,grid_0223_y640_z534,473.323,638.11,533.165,138.12260969515458,0.726,-0.029112819925772943,0.05981102170478053,0.3919802343583911,1,0.019243047898963424,-0.027297536965733622,0.383733437141761,1,0.07349145542530612,-0.09385493815370036,0.36654843546577576,1,0.10938035789109786,-0.014641421263397259,0.36357658574905327,1,0.14045579028449245,0.0822267655265778,0.3454195221599232,1
189.045691,grid_0224_y642_z534,473.331,640.087,533.348,140.02656953949847,0.618,-0.027456509098459397,0.05996243904671859,0.3913969426690425,1,0.020261047553667096,-0.027429387255031724,0.38250295326790457,1,0.07533630184919649,-0.09565382142552768,0.3723949622834725,1,0.11034855828803114,-0.014706038479620511,0.3652570798125817,1,0.13953984753327914,0.08152477902863925,0.3427685438119349,1
189.682098,grid_0225_y644_z534,473.467,641.826,533.453,141.71622870017399,0.625,-0.025245010852909745,0.059327997487190566,0.38715537159204094,1,0.02142432472897774,-0.02781396716390371,0.38099565553712567,1,0.07598067223852209,-0.09575022097532862,0.3719152504136282,1,0.11018619914180754,-0.014709308599061017,0.36370776430565405,1,0.13966165108371614,0.08154554027981767,0.342849227979279,1
190.532858,grid_0226_y646_z534,473.477,643.811,533.085,143.73481227594104,0.84,-0.023168099698920055,0.06096973109241437,0.3944795661299659,1,0.023231424411053258,-0.0283304034181312,0.3858204254640098,1,0.07604462488418837,-0.09510155575131576,0.3687137994654227,1,0.11180354320492931,-0.014915641125050668,0.36743081008910256,1,0.13983429309963408,0.08157678908701826,0.3429810045242726,1
191.23213,grid_0227_y648_z534,473.488,645.883,532.857,145.8125530021336,0.686,-0.020734167270901986,0.059850887708654085,0.3847134894310861,1,0.024253013369356625,-0.02878570585551863,0.38860260893060566,1,0.0775168502853135,-0.09656602036869807,0.3735906511717466,1,0.11072259739976897,-0.014966109065897962,0.3627236930828478,1,0.13984546154359417,0.08155657902389998,0.3428822933858503,1
191.970888,grid_0228_y650_z534,473.486,647.89,533.241,147.71355998011828,0.727,-0.01859869418893781,0.059088407355438154,0.3802562927071736,1,0.02579495633398936,-0.029475383451039117,0.38961210204298724,1,0.07754661148177137,-0.09587574237505911,0.36932582669261543,1,0.10942789117539646,-0.014939161409147412,0.3567647697037222,1,0.13995709283077867,0.08142974448679847,0.3422744381394846,1
193.157298,grid_0229_y650_z536,473.852,648.034,534.111,147.70660610141985,1.176,-0.01804877737702925,0.057892029496877294,0.3784851641536842,1,0.02568196567397683,-0.030281836884717757,0.3833189071275894,1,0.07844781632211509,-0.09680065058383766,0.37188193498706124,1,0.11015134745605867,-0.015131477335016963,0.3583946529848203,1,0.13992585091976006,0.08137490231670133,0.34201539372800405,1
193.800963,grid_0230_y648_z536,473.852,648.034,534.111,147.70660610141985,0.633,-0.018119638825535918,0.057964101733104345,0.37897469037127374,1,0.025447994639636373,-0.030081069922976832,0.38043119505770767,1,0.07945889663925347,-0.09831840059514771,0.37775744714102855,1,0.10893505354486022,-0.014777432421749143,0.355691865150238,1,0.13992585091976006,0.08137490231670133,0.34201539372800405,1
194.541624,grid_0231_y646_z536,473.048,647.338,534.498,146.93826029662932,0.731,-0.018901148555402644,0.05954107420043357,0.39175146039304043,1,0.024890566439876364,-0.030137845263387558,0.37713868418924157,1,0.07900640273244519,-0.09781845605521858,0.3759781775327833,1,0.10944257336202319,-0.014646801877720486,0.35848634752961667,1,0.13991669513774746,0.08139509099373303,0.3421119548076309,1
195.179104,grid_0232_y644_z536,472.076,645.97,534.424,145.59194261702814,0.626,-0.01985976869515886,0.059389777419074266,0.39249300799896786,1,0.02459459620906171,-0.03044978755066305,0.3847603637590165,1,0.07693101056569165,-0.09554410454732319,0.3685181486329545,1,0.11099320895863607,-0.014928487003666238,0.3637495847830591,1,0.13984344888164668,0.08155660040998658,0.34288444344464575,1
195.80878,grid_0233_y642_z536,471.391,644.378,534.291,144.04404640595186,0.619,-0.021134766991259837,0.05960316594683383,0.3936633511006475,1,0.023100424685562483,-0.029579341864014695,0.3786097159446355,1,0.07592210292142577,-0.09502410417094509,0.36786336551028687,1,0.11082705046445288,-0.01480263433016909,0.3646189078527259,1,0.1398423437474241,0.08157670354267191,0.3429724042890907,1
196.491493,grid_0234_y640_z536,471.359,642.442,534.076,142.1791645987555,0.673,-0.022737096058081375,0.05944528365409128,0.3928808535454454,1,0.022244126235955692,-0.029482279843762636,0.386255564719423,1,0.07588633936901024,-0.09595768865561391,0.373293054796476,1,0.10953156231464448,-0.014671886940465187,0.36320522124992227,1,0.13941401865894715,0.08150406054963402,0.3426921597621817,1
197.298045,grid_0235_y638_z536,471.398,640.539,533.762,140.36792168440766,0.797,-0.02546041151360339,0.05954419549485849,0.3925671241819841,1,0.020321758655237672,-0.028607935586835644,0.38299916602970374,1,0.07493093831268369,-0.0958510171258115,0.37465160459368485,1,0.10847550814293112,-0.014104076936923698,0.36173258275754594,1,0.14049808509145928,0.08241210017910106,0.34605093636391493,1
197.933742,grid_0236_y636_z536,471.493,638.498,533.545,138.4060938578935,0.624,-0.02744745199601955,0.05977370232324677,0.3947826753455906,1,0.01905987157768744,-0.028498522431771207,0.38422107753191226,1,0.07449674368241385,-0.09611413539112693,0.3771233285596358,1,0.10851965846157982,-0.014136405576572652,0.36364705647654794,1,0.14234425990862576,0.0837644310586553,0.35113145336068063,1
198.672596,grid_0237_y634_z536,471.538,636.482,533.808,136.37755083223925,0.729,-0.029447544396644775,0.0598195216138526,0.39597077857653257,1,0.01734518506954734,-0.028048247127504526,0.38233733100812073,1,0.07284732455723295,-0.09488509015070785,0.37272943521731505,1,0.10679017430302733,-0.013976785518355761,0.3599345033711127,1,0.14118429273774943,0.08317475204118012,0.3490018716795976,1
199.410095,grid_0238_y632_z536,471.612,634.508,533.881,134.42760276818157,0.624,-0.03157186886223991,0.05933217044241641,0.3949779722430886,1,0.016153282927241445,-0.027920294728359784,0.3834297156187862,1,0.07255350733271815,-0.09525764593788115,0.37661787658765294,1,0.10729216096405285,-0.01403555159803197,0.3635155555815423,1,0.14154244941087352,0.08370329089471346,0.35053487770173625,1
200.257994,grid_0239_y630_z536,471.495,632.489,533.944,132.43495184051685,0.838,-0.03359706425972801,0.058566091898229186,0.39204617123880037,1,0.014450255355954641,-0.027275383761238576,0.3787564564371948,1,0.07159549836723648,-0.09489958968868428,0.3766933076147768,1,0.10681886149659411,-0.013675388071227357,0.36434077742092497,1,0.13886393762830357,0.08285117333149287,0.34508245640710455,1
200.899281,grid_0240_y628_z536,471.513,630.349,533.985,130.32996383027202,0.631,-0.03538723579184089,0.058029584344036544,0.3892525174453045,1,0.013216533570713762,-0.02757093917439547,0.3847590827098856,1,0.06964715996257398,-0.09317495033138332,0.37184976934386565,1,0.10634504541326684,-0.013430632734792678,0.3646118382342015,1,0.13763884865745935,0.08245401984959488,0.3429343514323972,1
201.540761,grid_0241_y626_z536,471.385,628.366,534.29,128.32540485032573,0.63,-0.03772465492770923,0.05801271231523475,0.39278499859675736,1,0.01204178488928757,-0.02753663467803753,0.3878520230298435,1,0.06856725477530214,-0.09269947453960349,0.3712079142012817,1,0.1048650592524838,-0.013198963873002114,0.36231638895755774,1,0.13781987940400797,0.0827599758836919,0.34465743286442224,1
202.171721,grid_0242_y624_z536,471.427,626.29,534.471,126.25609336978552,0.621,-0.04011211453509351,0.05800150525204099,0.3960922928649203,1,0.010578019855113367,-0.02715449475874358,0.38592749089123546,1,0.068430003718887,-0.09352228936446727,0.374753167268024,1,0.10429165014756799,-0.013124129604919103,0.36155036442967436,1,0.13709822648851114,0.08262516206579634,0.34383611494426713,1
202.908011,grid_0243_y622_z536,471.137,624.504,534.694,124.46072727571541,0.722,-0.0427563206531858,0.058223159005765114,0.4004741811260847,1,0.009159643729821986,-0.02702896987971078,0.38712201193504214,1,0.06676016120800318,-0.09155913230746274,0.3694155810268554,1,0.10369111477289983,-0.013087312291562089,0.3622566947213087,1,0.138544496031582,0.08372549860393512,0.34794159296370647,1
203.53749,grid_0244_y620_z536,471.345,622.494,534.455,122.54497896282821,0.618,-0.044301252390047535,0.05824241897982496,0.4013087804483969,1,0.008059524919803853,-0.027004518260986037,0.3905007530701825,1,0.06639378018009355,-0.09132390322912284,0.37028702827869714,1,0.10330424138213945,-0.012834302096218811,0.36129866314773623,1,0.13874433809840386,0.08408307824231044,0.3490642817185019,1
204.164714,grid_0245_y618_z536,471.328,620.63,534.309,120.75426283986833,0.616,-0.04603546954694624,0.0576586073278433,0.3970089605549519,1,0.006664775267315223,-0.026080133249169062,0.38674063556402,1,0.06528075089978733,-0.09048473657106695,0.36911956393534845,1,0.10270409546418795,-0.012543093183066002,0.3611164802218516,1,0.13741991188403868,0.08348067936931956,0.34659093064087193,1
204.897222,grid_0246_y616_z536,471.168,618.72,534.405,118.86767110530941,0.722,-0.04834706532086952,0.057890498332558715,0.39961011926866324,1,0.0057727101661846315,-0.025932579248877024,0.3959366949290174,1,0.06547830649618225,-0.09124842892740849,0.373154001811663,1,0.10335635938857173,-0.012572921837976059,0.3645167672741695,1,0.13886559583760041,0.08482410711943235,0.3511281640175853,1
205.536168,grid_0247_y614_z536,471.08,616.809,534.105,117.06896381620534,0.627,-0.04975152839825585,0.057505789875395195,0.39628965924891124,1,0.004348946756474624,-0.02467640307858423,0.3869163321531607,1,0.06519430434603539,-0.09155211015408792,0.3764113749132829,1,0.10196477070372105,-0.012396952517522453,0.36111845906405526,1,0.13591085702495898,0.0833805916086507,0.3442303263961855,1
206.17044,grid_0248_y612_z536,471.056,614.822,533.96,115.16556427595883,0.623,-0.05171913406348462,0.05760174840652934,0.39655071637028644,1,0.003012486540099928,-0.024505976677071845,0.3916825224920192,1,0.06363131397860608,-0.09028748608969836,0.37218520339049443,1,0.10242063304257312,-0.012489343418036659,0.36413339230014447,1,0.13582858933956554,0.083426379445396,0.3442998528781499,1
206.801428,grid_0249_y610_z536,471.156,612.612,534.215,112.95625449703967,0.62,-0.054627308177279885,0.05793761648749286,0.40210882547397675,1,0.0017879159673898127,-0.023939841939726,0.3910792795381953,1,0.0625434531187899,-0.08886591898017031,0.3682076745278051,1,0.1018008250537749,-0.012233749199860608,0.363047588678706,1,0.1345104610554991,0.08263036980305749,0.34127173226914764,1
207.586003,grid_0250_y608_z536,471.25,610.513,534.452,110.85976154583778,0.775,-0.05668408531625117,0.05701850215582109,0.39941543428198745,1,0.0005011826819823638,-0.023423684555238914,0.3921088868586399,1,0.06179474943661466,-0.08844949704763042,0.368031510747776,1,0.10090299499109365,-0.012129722733498452,0.36161589758557466,1,0.13656914929460512,0.08413401093324771,0.3471438816033261,1
208.275008,grid_0251_y606_z536,471.016,608.568,534.914,108.85961860579891,0.679,-0.05886252223494907,0.05652134270618904,0.4004695080556127,1,-0.0005585173369877427,-0.023670892399812436,0.3993979844735212,1,0.0625875083126367,-0.08990889219478088,0.3757137206021567,1,0.1017375158942068,-0.01203098649508127,0.36559281504202784,1,0.13576794662464095,0.08362471168010432,0.34522285584008655,1
209.681402,grid_0252_y604_z536,471.066,606.626,534.798,106.99923967486872,1.396,-0.05965671279970921,0.055265694408999776,0.393620704753728,1,-0.001653168012121365,-0.02284338960287913,0.39351439144954986,1,0.06032993034207453,-0.0871692847034889,0.3659886255919681,1,0.10037376104801868,-0.011681705380626196,0.36087293915466057,1,0.13629657618763047,0.08403752357121311,0.3467366372268664,1
210.366531,grid_0253_y602_z536,471.272,604.533,534.818,104.96336001672206,0.674,-0.06296744718055074,0.05611566251764977,0.40056447795255545,1,-0.003122239930086048,-0.02185065846838526,0.388427612779678,1,0.06065722221879581,-0.08835824352768146,0.3720904873548526,1,0.09856284865572587,-0.011493658937183631,0.3553544491624979,1,0.13513417466576977,0.08352528072309412,0.3445372672445398,1
210.993496,grid_0254_y600_z536,471.38,602.457,534.492,103.03162389286118,0.617,-0.06503154323040067,0.05625663109082811,0.4017415358570265,1,-0.004259361758766428,-0.020887831032355322,0.385587714087589,1,0.059724617218599875,-0.08753547088644545,0.3707476163244016,1,0.09855973417615706,-0.011523127328994182,0.356838779897191,1,0.13484820651705337,0.0833941915428136,0.3439756950566016,1
212.418841,grid_0255_y598_z536,471.462,600.421,534.228,101.1292847893231,1.414,-0.06699168352371228,0.05618805365106468,0.3992018877085119,1,-0.006545029127351568,-0.020203266372802717,0.39266971837763887,1,0.05983220392569625,-0.08809157201876412,0.37760587882244756,1,0.09901838989635994,-0.01158012039770367,0.35955711994386774,1,0.1359487988681086,0.08422964124091525,0.3474266489736916,1
213.04926,grid_0256_y596_z536,471.235,598.58,534.25,99.34374849984276,0.621,-0.07015642624043364,0.05735394610433429,0.4083069560584166,1,-0.007324078951623364,-0.01998373714885149,0.39982507808020673,1,0.05776720902099862,-0.08579106940660257,0.3686327392848214,1,0.09884775440254381,-0.01146850503031449,0.35960169038109163,1,0.1361208248051647,0.08458280791507122,0.34825761637914476,1
214.127541,grid_0257_y594_z536,471.542,596.494,534.195,97.34862656452842,1.068,-0.07368526990121654,0.057834852148164875,0.4123691551597431,1,-0.008577571531535471,-0.018655661457379697,0.3922132262537478,1,0.057655937644464306,-0.08596473437379507,0.3724650483611171,1,0.09914719009478874,-0.011200299881493101,0.36096695558211184,1,0.13620683777369275,0.0847593912521492,0.34867310008187136,1
214.751095,grid_0258_y592_z536,471.442,594.453,534.229,95.37316335846262,0.613,-0.07309747204197649,0.05610651562782041,0.4018412931193097,1,-0.009342160435066915,-0.01818202560476213,0.3935937509467523,1,0.05746464418269365,-0.085547999933797,0.3732930278670712,1,0.09935085734163429,-0.011291865439979,0.3618510360480136,1,0.13620683777369275,0.0847593912521492,0.34867310008187136,1
215.484706,grid_0259_y590_z536,471.533,592.37,534.653,93.25442059763175,0.723,-0.07634213701820183,0.05629691473418387,0.40636789668285855,1,-0.010936361077637848,-0.017704507824031532,0.4027470488893018,1,0.05634456381657359,-0.08384094023252861,0.3692991834813498,1,0.09910125881830781,-0.011221978933254852,0.3611180394161334,1,0.13620683777369275,0.0847593912521492,0.34867310008187136,1
216.116335,grid_0260_y588_z536,471.457,590.452,534.821,91.36378403393766,0.62,-0.07882022691717716,0.056174481787951126,0.41023779518599257,1,-0.011629567297790988,-0.017069632212684864,0.39886451386777244,1,0.05665289507983447,-0.08433669261439772,0.3735585224314959,1,0.09879834571942694,-0.011419062861738721,0.36008148433074955,1,0.13620683777369275,0.0847593912521492,0.34867310008187136,1
216.747441,grid_0261_y586_z536,471.351,588.402,535.37,89.24114068074215,0.621,-0.07956427687815336,0.0549202276447186,0.4050819509767084,1,-0.012658411085603158,-0.0165227332659347,0.39817000859320584,1,0.05603229782064052,-0.08328673792599989,0.3713157430521077,1,0.09865476246541618,-0.011478513165559362,0.3592747659809462,1,0.13601363266901012,0.084505149056497,0.34792637044419333,1
217.49355,grid_0262_y584_z536,471.488,586.27,535.092,87.27597352650959,0.735,-0.08100533281944497,0.05419686560355704,0.4014399541918621,1,-0.01366497116590315,-0.015303662287176011,0.393734923908107,1,0.05557003883822252,-0.08250639267749485,0.3726110213838576,1,0.09856103986600451,-0.011532822725021114,0.3585834471594258,1,0.1358989487109727,0.08426970460705968,0.3473723921738912,1
218.129881,grid_0263_y582_z536,471.374,584.441,534.839,85.5993524099336,0.624,-0.08243386971801978,0.05400335817481755,0.399944009437142,1,-0.015097118992706913,-0.014464505765230945,0.39910070966045075,1,0.05458551273410552,-0.0810688180333062,0.3704712755960561,1,0.09874397987814668,-0.011551741794094137,0.3589729162732026,1,0.13576308558530878,0.08413318463612612,0.34690265167136425,1
218.763635,grid_0264_y580_z536,471.292,582.596,534.645,83.89704434603168,0.623,-0.08516102930259362,0.05473337917163275,0.40436633048082565,1,-0.01634789235769702,-0.013459419434524241,0.39873400680273857,1,0.053885812530664455,-0.07986433504431487,0.3694991998874469,1,0.09868450160299302,-0.011502922708404287,0.35917414941169834,1,0.1361208248051647,0.08458280791507122,0.34825761637914476,1
219.393863,grid_0265_y578_z536,471.288,580.687,534.5,82.12589709707899,0.619,-0.0879044704864927,0.05531159659324329,0.4084243597333706,1,-0.017600827748238144,-0.012578934975755343,0.4008570383102595,1,0.05301732238058463,-0.07835170071040172,0.3676911544509748,1,0.09901636914921555,-0.011417117763817597,0.3603314956955994,1,0.13620683777369275,0.0847593912521492,0.34867310008187136,1
220.125536,grid_0266_y576_z536,471.458,578.56,534.499,80.11023538849449,0.72,-0.09242776027306089,0.05640558117504811,0.41804382623127767,1,-0.018803997447717737,-0.01127989669468019,0.3991890496883309,1,0.05296816645386791,-0.07808708261335354,0.373426438214895,1,0.09916297201975074,-0.011178724803514468,0.3610722850174761,1,0.13620683777369275,0.0847593912521492,0.34867310008187136,1
220.75044,grid_0267_y574_z536,471.489,576.706,534.342,78.40833472278318,0.612,-0.09384003365810253,0.05649298748464069,0.4172156539176203,1,-0.01982668630838681,-0.010578692102303685,0.39890428838020686,1,0.05244933994845095,-0.07698027292603334,0.37346472976516154,1,0.0990079881903783,-0.011221705579781947,0.36102191407255385,1,0.13620683777369275,0.0847593912521492,0.34867310008187136,1
221.37773,grid_0268_y572_z536,471.54,574.639,534.527,76.39819673919014,0.616,-0.09406680499036987,0.05489134847735894,0.40846383978660006,1,-0.021088498753720274,-0.009358455951330325,0.3969523719168726,1,0.05177734722093223,-0.07523306497251936,0.371993323589938,1,0.09900364217488063,-0.011316358428177692,0.3608424482818956,1,0.13620683777369275,0.0847593912521492,0.34867310008187136,1
222.116231,grid_0269_y570_z536,471.58,572.547,534.818,74.33181390225862,0.728,-0.09571234984956041,0.0543567303269482,0.4084094913450217,1,-0.022514331232525008,-0.008879232500565737,0.4024229538109174,1,0.05079283415815987,-0.07302166145304109,0.36785772709444836,1,0.0986748663153871,-0.011420658756923574,0.3591496765536835,1,0.13612082480516471,0.08458280791507124,0.34825761637914476,1
222.743302,grid_0270_y568_z536,471.479,570.541,535.055,72.36571514190966,0.616,-0.09819679589712002,0.05394995267726764,0.40951353499032345,1,-0.023806303568053962,-0.008171593043047915,0.4015490561650098,1,0.05021929953851954,-0.0714008581451799,0.36770637574945475,1,0.0989590836392647,-0.011325060694071905,0.36070961407795277,1,0.1361208248051647,0.08458280791507122,0.34825761637914476,1
223.375897,grid_0271_y566_z536,471.392,568.519,535.313,70.38057076352823,0.621,-0.10060793822892773,0.053830497951828725,0.41136134870104096,1,-0.02557176460499102,-0.007726176518876802,0.4040210615976319,1,0.04980048969612329,-0.07126707574585553,0.3722580867049192,1,0.09916477994669749,-0.011195222429571447,0.36267427818903053,1,0.13614751972398356,0.08469619403195175,0.34852025714049367,1
224.005415,grid_0272_y564_z536,471.325,566.552,535.325,68.53899912458603,0.62,-0.10273223607864342,0.053597761101932775,0.412404808650325,1,-0.026918860785747744,-0.007309395825528949,0.40172980988229795,1,0.04846577425756686,-0.06982930333328663,0.36958709570327725,1,0.09822998654130669,-0.011032427821430522,0.36078522326007556,1,0.13524560490973558,0.0840195065493156,0.3464392124389243,1
224.743002,grid_0273_y562_z536,471.417,564.466,535.333,66.59739286939096,0.727,-0.10599277782583083,0.053941907679510334,0.4164856558580182,1,-0.028861246786238283,-0.006711593846737779,0.4054341986272466,1,0.04727188401406155,-0.06861196300575312,0.37006219962241393,1,0.09766506036196425,-0.010641486662512753,0.3622814469779268,1,0.13505229551170844,0.08464642896688598,0.34785592316726716,1
225.367123,grid_0274_y560_z536,471.417,562.586,535.327,64.85933780883062,0.614,-0.10783162220111453,0.05385037982315707,0.41654236870201605,1,-0.03039846444309575,-0.006072687922671514,0.40564124368356486,1,0.04734641842543712,-0.06935566726298678,0.38055006353290166,1,0.09660108719150032,-0.010535501746274472,0.3607634752634076,1,0.13518894704392173,0.08476576976904263,0.348500273961207,1
226.564572,grid_0275_y558_z536,471.329,560.685,535.379,63.086275559744344,1.186,-0.10813229403989581,0.05264868822480713,0.40866233254252926,1,-0.03244936665214736,-0.005034446168134652,0.4090890548840743,1,0.04647541846110066,-0.06829460641237028,0.3835258306515727,1,0.09674453485839561,-0.01035646554032842,0.362831900742915,1,0.13596697598107532,0.08527941402585355,0.3509613399469549,1
227.309681,grid_0276_y556_z536,471.637,558.545,535.132,61.22932742567079,0.734,-0.10957912928316864,0.0526612067931058,0.4087115570625529,1,-0.03274633387438479,-0.00404988527782416,0.4018769875566005,1,0.045434604986308656,-0.06651646862947884,0.3809098343203733,1,0.09649048671758666,-0.010169934926906342,0.36192872346774685,1,0.13449975519169638,0.0843674269931214,0.34687691479250693,1
227.938388,grid_0277_y554_z536,471.55,556.666,535.23,59.477384903843976,0.617,-0.11404696102041587,0.053465544437904855,0.4176912506252239,1,-0.03407203069286329,-0.0030785222952750112,0.4009668438043459,1,0.043719011772716095,-0.06303425571694683,0.3720137619552186,1,0.09660114573187616,-0.010206518981708518,0.36242368779691275,1,0.13476905609102435,0.08449872053599687,0.34748468275385647,1
228.568007,grid_0278_y552_z536,471.737,554.719,535.09,57.7798600638666,0.619,-0.11747295242104394,0.054116815676965954,0.4233637189780519,1,-0.03556550558044215,-0.002127252258419059,0.4022723969134998,1,0.043285200419617774,-0.06115291559070594,0.3726130094366073,1,0.09673393858178717,-0.010353327874037813,0.3627982548986194,1,0.1353680160360498,0.08488906728092521,0.3492230113504057,1
229.650551,grid_0279_y550_z536,471.8,552.598,535.143,55.854734141342014,1.071,-0.11990155322592641,0.054167299669724646,0.4232996113236062,1,-0.03761311569069882,-0.0002477774708251729,0.4088908763926141,1,0.043157475280313634,-0.05824698944809222,0.37481745917568526,1,0.09826054842703588,-0.010815292041411939,0.36569458800457977,1,0.1349910956343243,0.08477320668120061,0.3481670327689594,1
230.946312,grid_0280_y548_z536,471.704,550.638,535.097,54.1295687956223,1.286,-0.11975399154318563,0.05321504044013482,0.41759842892113264,1,-0.03791735921303926,0.0010319890464910101,0.39990207902825253,1,0.042061546922249705,-0.05589658547729853,0.3725675385823658,1,0.09816468286372315,-0.01069368883048511,0.3649478637714671,1,0.1349119550704853,0.08477618144606382,0.34803373629206036,1
232.017431,grid_0281_y546_z536,471.739,548.416,535.273,52.08747493399931,1.062,-0.12420542848736175,0.053791673175004016,0.4245593147519438,1,-0.04021095182601999,0.002366708586011735,0.404135414960331,1,0.041307721459846736,-0.05386029246885184,0.3733012661851619,1,0.09822666533003947,-0.010746850235400424,0.36526660727433125,1,0.13495152535240482,0.08477469406363221,0.3481003845305099,1
232.652421,grid_0282_y544_z536,471.601,546.457,535.259,50.38021933259125,0.623,-0.12444449540456146,0.05345155352016211,0.4207790998036245,1,-0.041118304429904697,0.003063407993983896,0.40417515981708413,1,0.040718622234530745,-0.05262374326410366,0.3742887157349826,1,0.09801409220281747,-0.010826814618618051,0.36488705953028927,1,0.1349515253524048,0.08477469406363222,0.3481003845305099,1
233.290012,grid_0283_y542_z536,471.37,544.511,535.419,48.61315567827294,0.626,-0.1273308117604759,0.05342317274640655,0.42474509526840604,1,-0.042485554834896876,0.003901552291076115,0.4030187762033255,1,0.03963761501033064,-0.050448762921304444,0.3729997534615022,1,0.09783865264328988,-0.010866847240728736,0.3641949092424571,1,0.13495152535240482,0.08477469406363221,0.3481003845305099,1
234.377649,grid_0284_y540_z536,471.519,542.399,535.324,46.86109278495333,1.076,-0.13197202784463036,0.0540061384741314,0.43183767065249273,1,-0.043769397724863116,0.005593055964517431,0.4009675748283662,1,0.03941566249424053,-0.04896183612493516,0.3802085341644378,1,0.09767773499315455,-0.010892185952659842,0.36364792959132686,1,0.1349119550704853,0.08477618144606382,0.34803373629206036,1
235.114511,grid_0285_y538_z536,471.663,540.29,535.409,45.04370310043347,0.727,-0.13355514187566775,0.05395830848097154,0.43142522950829604,1,-0.045536662099011374,0.006387090602919793,0.4052612102914576,1,0.03877904468853462,-0.04734206619291987,0.3805516562898906,1,0.0978990579974413,-0.0108923819979441,0.36448617851224,1,0.1349119550704853,0.08477618144606382,0.34803373629206036,1
235.745171,grid_0286_y536_z536,471.399,538.585,535.335,43.66688383661013,0.621,-0.13485317252131815,0.05381399108165247,0.43027534918445226,1,-0.04677332896277618,0.0073465286529592775,0.4031840935836706,1,0.03804799818851175,-0.04511523627492346,0.3808059510773919,1,0.0977612429648738,-0.010881458116179101,0.3640808516321703,1,0.1349119550704853,0.08477618144606382,0.34803373629206036,1
236.485112,grid_0287_y534_z536,471.82,536.218,535.416,41.70404693791715,0.73,-0.13715306326361337,0.05379282149366245,0.43114762000883255,1,-0.04872078392894107,0.00862852579054173,0.4065245197099757,1,0.03693943752611243,-0.042689988987546765,0.37939390771093195,1,0.09824436831463791,-0.01083793729363193,0.365550114294659,1,0.1349119550704853,0.08477618144606382,0.34803373629206036,1
237.287694,grid_0288_y532_z536,471.517,534.621,535.191,40.56144933307979,0.792,-0.1350408155901023,0.052562119706876284,0.4186736906532772,1,-0.04955589244808088,0.010437196066902438,0.4033081139652993,1,0.03597997500254119,-0.03931665452528338,0.3763402354995842,1,0.09792834456593497,-0.010887135508988385,0.3612350870576906,1,0.13510121643657355,0.08419980894268361,0.346619368675171,1
237.979405,grid_0289_y530_z536,471.726,532.482,535.164,38.92206308766277,0.68,-0.13776359427208193,0.05271570913798892,0.42158034019419055,1,-0.05160716997438095,0.012101806098793761,0.4081502224171968,1,0.03491259442077805,-0.03607711793910388,0.372858599811597,1,0.09876806176665191,-0.011178229222005707,0.36194775995879636,1,0.13614751972398356,0.08469619403195175,0.34852025714049367,1
238.665069,grid_0290_y528_z536,471.716,530.631,534.861,37.726091515024464,0.673,-0.1411234301008504,0.05382496482202764,0.4266618678916469,1,-0.05349208110148125,0.0134004797910035,0.4115900481335072,1,0.0340834644349375,-0.033820649274621466,0.37222438120017565,1,0.09893593079095223,-0.011248428716647722,0.36159636894945735,1,0.13620683777369275,0.0847593912521492,0.34867310008187136,1
239.405048,grid_0291_y526_z536,471.856,528.608,534.909,36.22371292399496,0.729,-0.14313894979295788,0.05343972377794607,0.4264028600873459,1,-0.05400024004592226,0.014614420905907546,0.4027087308329743,1,0.033124832444536345,-0.031545204258015505,0.37505451034334336,1,0.09867078503015571,-0.011227860318446465,0.3605488735778456,1,0.13620683777369275,0.0847593912521492,0.34867310008187136,1
240.038451,grid_0292_y524_z536,471.539,526.914,534.937,35.001461298065834,0.621,-0.14483932278543693,0.05353967081982754,0.4273939976873307,1,-0.05602462874550037,0.015555966096998063,0.4071991450320934,1,0.03222440149323869,-0.029984602143776823,0.37614476282956194,1,0.09862424531083362,-0.011212820040302284,0.3605478179905167,1,0.13620683777369275,0.0847593912521492,0.34867310008187136,1
240.668688,grid_0293_y522_z536,471.463,524.859,535.233,33.38775979307396,0.618,-0.14611754679069544,0.0531143911377675,0.42551317721178983,1,-0.05790560064209317,0.016495814047435952,0.4087896644287037,1,0.031159574155763398,-0.02826053421373534,0.37786374604832307,1,0.09894881203106053,-0.011172335646453075,0.36270852763609923,1,0.13620683777369275,0.0847593912521492,0.34867310008187136,1
241.512205,grid_0294_y520_z536,471.581,522.736,535.313,31.95786477535697,0.833,-0.1483760886474451,0.05310603421665191,0.42672508320941305,1,-0.0592916141561947,0.01741569798733533,0.40883552400064743,1,0.030005228293329734,-0.026258315744649856,0.3771119441157096,1,0.09826245858249186,-0.011036350895426683,0.36113723531426484,1,0.13620683777369275,0.0847593912521492,0.34867310008187136,1
242.156589,grid_0295_y518_z536,471.434,520.886,535.543,30.64122761901031,0.634,-0.14956207566028373,0.05232373618542476,0.42480902845840623,1,-0.0610321096715795,0.018394591633339917,0.40957251367605807,1,0.0283766447374769,-0.024098529222975028,0.3735699104884085,1,0.09793429772972527,-0.010959809504540674,0.3604660012645036,1,0.13620683777369275,0.0847593912521492,0.34867310008187136,1
242.78964,grid_0296_y516_z536,471.38,518.817,535.774,29.2647061492167,0.622,-0.15259866701432365,0.05265128338842403,0.42866992586044583,1,-0.0628404800200871,0.01904712081094924,0.40926100097235746,1,0.02740548504423356,-0.022559835968614467,0.37727370563507806,1,0.09721162510334871,-0.01077226988009801,0.35894251527741466,1,0.13620683777369275,0.0847593912521492,0.34867310008187136,1
243.57966,grid_0297_y514_z536,471.398,516.882,535.787,28.23319942904095,0.779,-0.15603149855222775,0.0529574855362566,0.4333012597125586,1,-0.06435101528308378,0.019935792581397015,0.4085926645364326,1,0.025987692667973607,-0.02058803514856005,0.37252255996349853,1,0.09745701349305853,-0.010727993587490946,0.3613587421046206,1,0.13620683777369275,0.0847593912521492,0.34867310008187136,1
244.213426,grid_0298_y512_z536,471.224,515.002,535.695,27.4137785429152,0.621,-0.15908203116377212,0.05359528350571011,0.4367652777328573,1,-0.06570347910311052,0.02073296122770728,0.40645825368390714,1,0.0249706155827299,-0.018828759113491023,0.3793871109188018,1,0.09676516663057508,-0.010687700840644802,0.36023200546135015,1,0.13434815427280764,0.08369387252027902,0.3442719833353914,1
244.908518,grid_0299_y510_z536,471.472,512.814,535.797,26.41500804467035,0.683,-0.16003092675295666,0.05337404159730922,0.4342448217476968,1,-0.0675208449454725,0.021734445343795095,0.4079192255582059,1,0.023541705339068103,-0.01700026212881324,0.3800670400512136,1,0.09556930165675645,-0.010507217227502502,0.3578631229071589,1,0.13303648930270176,0.08294312574075151,0.34108541038553497,1
245.539147,grid_0300_y508_z536,471.401,510.889,535.576,25.945289842281593,0.619,-0.16154843711420575,0.0534697819234355,0.43313627599937454,1,-0.06996086427325762,0.023368373197480925,0.41178069505138176,1,0.022350350313994915,-0.014632710958381456,0.3814786167001404,1,0.09624324344369191,-0.010434460646400691,0.3611917649731046,1,0.1336923217877547,0.08331849913051528,0.34267869686046315,1
246.327963,grid_0301_y506_z536,471.248,508.996,535.415,25.561774547163246,0.779,-0.162703206703137,0.053674126043925185,0.4306627519123629,1,-0.07116658288114565,0.02489212705027786,0.4063343552823217,1,0.020630574628836,-0.011624197488817423,0.3825911973808499,1,0.09623732780163226,-0.010315441542482899,0.36108460215933313,1,0.13353057523604936,0.08323347935700218,0.34177099804555683,1
246.958677,grid_0302_y504_z536,471.385,506.921,535.138,25.406350721817557,0.621,-0.16488149341292446,0.054321309430258834,0.4323802161943062,1,-0.0730305496759222,0.026259115519023785,0.41051205359980986,1,0.0195233830878457,-0.009601446882074299,0.38050008445529787,1,0.09515034452458945,-0.01015885519461524,0.3568347925883918,1,0.13467754489503939,0.08388744159777947,0.344729041775406,1
247.981079,grid_0303_y502_z536,471.45,504.856,534.927,25.35641153633534,1.011,-0.17157351587577896,0.056192093342215886,0.44349172226776207,1,-0.07640829835859046,0.028279987166173116,0.41583166678806593,1,0.01883171605568688,-0.006979910286852048,0.40360400400270385,1,0.09535904821433222,-0.0099945239731946,0.35774018543402036,1,0.13429522167537605,0.08366945418418703,0.3437430271987896,1
248.839963,grid_0304_y500_z536,471.518,502.87,534.812,25.38086040700749,0.849,-0.16623178015742107,0.05432617234341882,0.42506418407102897,1,-0.07757951038163155,0.02921003982017544,0.4141137251468302,1,0.01613639878891649,-0.004449727424346868,0.3778203837882369,1,0.09527139967403872,-0.00972098223626793,0.36011129200753483,1,0.1327659287967227,0.08279750452981732,0.3397989688923241,1
250.313405,grid_0305_y500_z538,470.954,502.754,536.052,24.12714079620708,1.404,-0.16741293300332666,0.05354743813815308,0.427829057918771,1,-0.07712830833687738,0.028519349824108996,0.41263441390314615,1,0.01582451332843551,-0.004395211783761196,0.36899683736920463,1,0.09405184799711089,-0.009495141961447658,0.3536865929265894,1,0.13467754489503939,0.08388744159777947,0.3447290417754059,1
250.944169,grid_0306_y502_z538,471.045,502.826,536.392,23.78887273495738,0.619,-0.17016514901828964,0.054476991657139054,0.4352413253076903,1,-0.07708528924580405,0.028244056437520405,0.4127109548951231,1,0.01643063631500899,-0.004788267428579902,0.3775900789083934,1,0.09578918930888329,-0.009929212632295976,0.3594049630604109,1,0.1358245145540294,0.08454140383855677,0.34768708550525507,1
251.581342,grid_0307_y504_z538,471.739,503.166,537.552,22.656819150092538,0.625,-0.1703549862558428,0.05333711701212344,0.43516180514338887,1,-0.07699106309901171,0.02744537177132276,0.41220206712264823,1,0.017002799911300864,-0.0054566841823862205,0.38174786626793605,1,0.09501886505828847,-0.010123197049772246,0.35510976126714155,1,0.1354282033148219,0.08438167824648994,0.3465448838663172,1
252.215211,grid_0308_y506_z538,472.341,504.507,537.483,22.830722984610087,0.623,-0.17256462429237232,0.053851771827972114,0.4431340295096057,1,-0.07567782612555382,0.026682385428261363,0.4096048443150063,1,0.017535104229288632,-0.006613211919297648,0.37639624039641695,1,0.09602352067557021,-0.010398578341791302,0.357752740222257,1,0.13723432991996412,0.08520904533391954,0.35013324989328415,1
252.957469,grid_0309_y508_z538,472.151,506.514,537.462,23.08556289112314,0.732,-0.16968455790527526,0.05350550988629517,0.4408077203231298,1,-0.07405791517738161,0.025994495834023988,0.4114419730746331,1,0.01940325936710225,-0.008376008599242635,0.3801669278303364,1,0.09714721812983915,-0.010818978354366095,0.3589344049119541,1,0.13829477438176008,0.08560269146407733,0.3519581292461093,1
253.589131,grid_0310_y510_z538,472.14,508.376,537.947,22.99680251687179,0.622,-0.16519200207069282,0.05198463270401473,0.4334214405777934,1,-0.07198733438821889,0.024624437444908436,0.40829825759891814,1,0.020765184323157403,-0.010362356371737946,0.38094700219936783,1,0.0970457645734071,-0.010913118124439495,0.3573735031369203,1,0.13710583658033862,0.08475738302722327,0.348645586049072,1
254.215796,grid_0311_y512_z538,472.188,510.326,537.974,23.53321998792344,0.617,-0.16263330047826524,0.05154825185461041,0.43234519237032937,1,-0.06923771353556732,0.022990568863771786,0.40299530340570355,1,0.022183333429413542,-0.012745766481494909,0.37982952894749344,1,0.09679900172723079,-0.010945820539409274,0.35598626931795996,1,0.13710583658033862,0.08475738302722327,0.348645586049072,1
255.002165,grid_0312_y514_z538,472.096,512.404,537.905,24.345343250814977,0.777,-0.16185162179592316,0.05126097648290303,0.43367640543393193,1,-0.0689067623966139,0.022077373789306676,0.4094741110254233,1,0.02322719001858874,-0.01479111852941968,0.37678205588329694,1,0.09656592509214698,-0.010952550524737138,0.3550705136645836,1,0.13754062033863873,0.08520078335651417,0.3503246898019626,1
255.742596,grid_0313_y516_z538,472.033,514.438,538.025,25.117241428946812,0.729,-0.15932981054887782,0.05106156191082454,0.4322940459919115,1,-0.06721395755779545,0.02097557920214227,0.41033121086980373,1,0.024854770576881423,-0.017116629613412232,0.37963771487402614,1,0.09665745019187384,-0.010891939513049408,0.3551473787084585,1,0.136650083380568,0.08468795647410411,0.34832681887277683,1
256.372696,grid_0314_y518_z538,472.036,516.36,538.032,26.066493646058344,0.62,-0.15884480812238172,0.05128505423564983,0.4360545352849443,1,-0.06463936390484717,0.01975648968800608,0.40558105175457165,1,0.02585637533984771,-0.01895479247450751,0.3733527722020464,1,0.09811106663787214,-0.011134623297438159,0.35911195547969677,1,0.13761642457847184,0.08516678496893626,0.3504298887099352,1
257.16108,grid_0315_y520_z538,472.345,518.148,537.963,27.121827021791944,0.777,-0.1563963154827251,0.05088841407618033,0.4342462313150059,1,-0.06282211184252126,0.018728846150730127,0.404407438228309,1,0.027244975462302062,-0.021045597728298605,0.3750234052771787,1,0.09835075202991216,-0.011154837542736959,0.3587894773123219,1,0.136558490685685,0.08444455999114861,0.34743899495663505,1
257.95447,grid_0316_y522_z538,472.331,520.193,537.898,28.388027141737055,0.782,-0.14871403996957203,0.04943486814569281,0.4188983858602572,1,-0.06147602249408599,0.017772093978593067,0.4079950861543498,1,0.029168384894237953,-0.023500484530047654,0.37792514074117367,1,0.09936578722678206,-0.01164169442352524,0.3602163692805041,1,0.13710583658033862,0.08475738302722327,0.348645586049072,1
258.687253,grid_0317_y524_z538,472.496,522.086,537.688,29.761555251700177,0.721,-0.14821427287435793,0.049939445551374397,0.4213762777210638,1,-0.059932199821282686,0.016947843488481384,0.4061028816412097,1,0.03018052007006534,-0.024959156377272647,0.3794777179597206,1,0.09922625539840883,-0.011785990575220114,0.3594299936310592,1,0.13692671964215047,0.08456795823109423,0.34818720588661367,1
259.316306,grid_0318_y526_z538,472.564,524.095,537.61,31.169324888421983,0.619,-0.1467654920444315,0.049864529262524236,0.42102988580393585,1,-0.0584325495885082,0.01591214433372922,0.40560724220843447,1,0.030634862902266292,-0.026416971053909187,0.3735476752074284,1,0.09859373463158749,-0.011596982405461798,0.35641336042403327,1,0.13710583658033862,0.08475738302722327,0.348645586049072,1
259.948683,grid_0319_y528_z538,472.713,526.055,537.275,32.78930715949943,0.621,-0.1460347890803165,0.050758510193258145,0.4249059886515618,1,-0.05620976913853508,0.015081827851213241,0.4019341246729101,1,0.032352905735748366,-0.02830454747761062,0.37535272609384285,1,0.09853357345734574,-0.011522721257770005,0.35544465597022795,1,0.13710583658033862,0.08475738302722327,0.348645586049072,1
260.576032,grid_0320_y530_z538,472.968,527.902,537.26,34.15702942294609,0.616,-0.14301933934554617,0.05030254152873882,0.4202439713855717,1,-0.05483505656509492,0.014126085564743037,0.4014157782183614,1,0.033221260197808654,-0.02973007824033485,0.3726700857195769,1,0.09878984455133259,-0.01151109264085968,0.35605936548989536,1,0.13710583658033862,0.08475738302722327,0.348645586049072,1
261.304926,grid_0321_y532_z538,472.469,530.05,537.448,35.62318326595758,0.719,-0.14102903062902478,0.05030819176348724,0.42078721375870937,1,-0.05325979474489988,0.013060400817634868,0.4035999242401408,1,0.03501018675588,-0.03252086160083799,0.3758219489943462,1,0.10020345237705393,-0.011610932048038156,0.36001822676117656,1,0.13677146838420945,0.08436543436886865,0.3474239455041278,1
261.93451,grid_0322_y534_z538,472.653,531.915,537.783,36.88043025779389,0.618,-0.13835951497240048,0.049715975673800435,0.4179482800933668,1,-0.0515416809041338,0.01207988274213238,0.40272452994499963,1,0.03564737761286535,-0.0341819173915241,0.37207665872878404,1,0.10039516266664308,-0.011808091263218187,0.3603883864282365,1,0.1365747632275289,0.08411034038754228,0.34667344655872717,1
262.570496,grid_0323_y536_z538,472.637,533.852,537.893,38.369153144159945,0.623,-0.13861935819861343,0.05043395733298639,0.4246940115044531,1,-0.049593458114796686,0.010900391438709665,0.4011343189809149,1,0.03689644018314871,-0.03632458811449357,0.37407543629334816,1,0.10052546353902629,-0.012028635002865922,0.36062330795364644,1,0.136083153186966,0.08368116098372731,0.34506823750640997,1
263.310586,grid_0324_y538_z538,472.678,535.881,538.18,39.87803127036241,0.729,-0.13672064485339472,0.05006411392973955,0.42365949341675657,1,-0.04883477737167816,0.009543961277701333,0.40700882541175165,1,0.038152758913357475,-0.03902421084513819,0.377333188149447,1,0.10082948111311252,-0.01213141834403263,0.36158925993132607,1,0.13616177410918284,0.08369977635645746,0.34526002176009646,1
264.062011,grid_0325_y540_z538,472.546,537.944,537.927,41.739318322176736,0.738,-0.13426175082050093,0.05019507752871594,0.424101662361673,1,-0.04618002881908641,0.007815884496250954,0.399977907831037,1,0.03926942667607252,-0.041822566387013926,0.3758146528302888,1,0.10021471415279719,-0.011694269577714703,0.36022266140929987,1,0.136938652482274,0.08456140869804596,0.3480347657765999,1
264.707502,grid_0326_y542_z538,472.663,539.872,537.983,43.35703634936319,0.635,-0.13149529767847598,0.049720933442566895,0.4201357338276808,1,-0.04526880005558089,0.006870929871635287,0.40232825350192547,1,0.04016924209390093,-0.04420577807801834,0.37805488965641293,1,0.09889209422718642,-0.011517358644203914,0.35629853367963005,1,0.13686701399608778,0.08450481663238454,0.3480344124991276,1
265.441553,grid_0327_y544_z538,472.611,541.944,537.853,45.20868329204027,0.723,-0.13104131188851217,0.05073468513417766,0.42482574790965766,1,-0.04384069370534789,0.00558351800376135,0.40288986234450536,1,0.04101162808922829,-0.04642059720413863,0.3767765488787849,1,0.0981257292724367,-0.011462467802572218,0.35411455146864906,1,0.13656848576577424,0.08418910863883614,0.3472704455616971,1
266.075847,grid_0328_y546_z538,472.686,543.97,537.596,47.10483103674191,0.622,-0.12929490267734361,0.05097577083484084,0.42480211365885767,1,-0.04230061710393951,0.004748803815256112,0.40151657243618705,1,0.04200315998453298,-0.04848658838774671,0.3781531565690564,1,0.0981257292724367,-0.011462467802572218,0.35411455146864906,1,0.13656848576577424,0.08418910863883614,0.3472704455616971,1
266.703869,grid_0329_y548_z538,472.743,546.035,537.307,49.06143719867977,0.616,-0.12644851400733384,0.05101772163363573,0.4213674630088497,1,-0.040734189423088284,0.0037626841745053837,0.4003990640732292,1,0.04231283210414537,-0.049589474139955646,0.37367838993627467,1,0.09823641515225268,-0.011470571942286794,0.3544386871388568,1,0.13656848576577424,0.08418910863883614,0.3472704455616971,1
267.333292,grid_0330_y550_z538,473.116,547.827,537.235,50.70130476624839,0.619,-0.12400546926504538,0.050935914229056564,0.4182278694554603,1,-0.03955439778733518,0.002701799353696025,0.4012797809463485,1,0.04298049679389322,-0.051324043796315576,0.37328254393367344,1,0.09856284865572587,-0.011493658937183631,0.3553544491624979,1,0.13674760270396238,0.08437853343496518,0.34772882572415537,1
268.06523,grid_0331_y552_z538,472.935,550.082,537.21,52.72191504488433,0.722,-0.12066727904725352,0.05058984716354603,0.4145623889377463,1,-0.03805307902768347,0.0017392334799366453,0.401638131204646,1,0.04359234782932718,-0.05311103761112793,0.3693710023342483,1,0.09922415186663437,-0.011541671063347645,0.35727094069025317,1,0.13692671964215047,0.08456795823109423,0.3481872058866137,1
269.144427,grid_0332_y554_z538,472.78,552.158,537.408,54.50666207905235,1.069,-0.11891981135865273,0.05087811401258674,0.41695975858065826,1,-0.03630129375080421,0.00021116008086746063,0.40520531505711654,1,0.04562776865474119,-0.056960951915802624,0.3775575442227286,1,0.09933764981443774,-0.011550387915185669,0.35762339885395195,1,0.1369267196421505,0.08456795823109423,0.34818720588661367,1
269.829406,grid_0333_y556_z538,472.723,554.206,537.396,56.37494399110305,0.673,-0.11806645617615374,0.051272221253148176,0.41911954290943865,1,-0.03511463352188777,-0.0006355072034208135,0.40062957246335207,1,0.04594723962148599,-0.057997526915313326,0.3749253057471295,1,0.09922415186663439,-0.011541671063347645,0.35727094069025317,1,0.1364994567951991,0.08425429582774921,0.3470939389753859,1
270.792372,grid_0334_y558_z538,472.877,555.992,537.551,57.95686579690103,0.951,-0.11317319263401011,0.05014376990951188,0.40966240018606986,1,-0.03224233612615338,-0.001973998227758399,0.38860758112962457,1,0.047995904323543594,-0.061617199877912754,0.3816095297767882,1,0.09972590253139278,-0.011596930889585072,0.3587482479881933,1,0.13704613093427592,0.08469424142851359,0.34849279266158595,1
271.424375,grid_0335_y560_z538,472.872,557.983,537.574,59.7844810465057,0.622,-0.11422204167583475,0.05137460985766974,0.41931442847090616,1,-0.03232353385492837,-0.003318924994454855,0.40097296764449003,1,0.04711830244177023,-0.06186233553261292,0.3714849751602862,1,0.09865942752216653,-0.011538270331097755,0.35606680664050516,1,0.13552751245407216,0.08371775058560972,0.3450502497520739,1
272.113245,grid_0336_y562_z538,472.729,559.997,537.637,61.62414461880992,0.677,-0.11361591561081215,0.051910449197944276,0.4235451083291209,1,-0.03103876134510673,-0.004562699128642469,0.4019359983036382,1,0.04799862089007889,-0.0644946262882921,0.3736396779372262,1,0.09915993863465668,-0.01159351195378074,0.35970561532545103,1,0.13441590320579888,0.08326998565770527,0.34280945570974863,1
272.840046,grid_0337_y564_z538,472.643,562.048,537.796,63.4772231119163,0.718,-0.10935406176211301,0.050630061998870525,0.41616418289356966,1,-0.02919254024410268,-0.005809086763732413,0.39808018232718057,1,0.04957687024276304,-0.06726598038014894,0.3784494594306679,1,0.09875967455162264,-0.011549584276843458,0.3584992609845087,1,0.1345345033889223,0.08330714240962751,0.3431218193827582,1
273.466467,grid_0338_y566_z538,472.73,564.188,537.345,65.64126136813644,0.616,-0.10739841624569602,0.051242936769507065,0.4148785896310967,1,-0.028184465361829936,-0.006432782345280437,0.3969437856140228,1,0.04955803911270376,-0.06774684728589633,0.3733970494213969,1,0.09854235048073082,-0.011524575668979195,0.3576823757573431,1,0.13476006330669563,0.08339721259060222,0.3435883842102555,1
274.09548,grid_0339_y568_z538,472.81,566.025,537.568,67.29289544966839,0.618,-0.10652829596052693,0.0519899538310621,0.41941967869117314,1,-0.02708980818900576,-0.007487412961421022,0.40250587965513673,1,0.04978504428513236,-0.06849985999978273,0.3687752872057028,1,0.09822888144868572,-0.011480736418945934,0.35539679980881556,1,0.13540190860010545,0.08360613490638438,0.3446687954227407,1
274.833467,grid_0340_y570_z538,472.943,568.091,537.282,69.3393706994807,0.727,-0.10238994275826485,0.05099152584891531,0.40952276811558497,1,-0.025574946347514733,-0.008205136755468778,0.4021897920980784,1,0.05011101011327177,-0.06936036680075923,0.3653231364113516,1,0.09834710103206865,-0.011478676082001373,0.35476282280906446,1,0.13656848576577424,0.08418910863883612,0.34727044556169706,1
275.464421,grid_0341_y572_z538,472.874,570.148,537.436,71.23156223894016,0.619,-0.0996845446410658,0.050869497877715456,0.4068689193688585,1,-0.023739301583431415,-0.008911827414402473,0.3994259026580396,1,0.05129727766118469,-0.07104089577966458,0.36728417479970904,1,0.10069296845666371,-0.011897830893270402,0.36225830726084607,1,0.13589441570499722,0.08361941738935089,0.3452153104306396,1
276.104716,grid_0342_y574_z538,472.973,572.07,537.314,73.0957475780911,0.628,-0.09845937851634791,0.05142555682188862,0.4094431312704991,1,-0.021974899209517368,-0.009275368728871383,0.39417340132664624,1,0.053159682879157025,-0.07302212503591339,0.3720800881898759,1,0.10290396315412828,-0.012425803489121982,0.36741001934485806,1,0.13617442280189276,0.08368011686737101,0.3451765383723694,1
276.793384,grid_0343_y576_z538,472.922,574.096,537.379,75.00035993246968,0.677,-0.09730446427330391,0.051894629816852444,0.413451044119468,1,-0.020432987012452886,-0.01011479628491591,0.3998190274070051,1,0.054366234402500324,-0.07380674440743329,0.3693481070273645,1,0.1037580742980824,-0.012584855688359065,0.36663035752645945,1,0.13604271643364355,0.08321378126631027,0.3435875973003539,1
277.531395,grid_0344_y578_z538,472.759,576.232,537.449,77.0116712518304,0.727,-0.0938529295301779,0.051306279952347635,0.4076921878609613,1,-0.019897316255146315,-0.012032282269185807,0.4006996047896843,1,0.053775750602556203,-0.07625627323915192,0.3684017140201215,1,0.10074244162221382,-0.011878964606356686,0.3601206147154254,1,0.1372645156080607,0.08445727317568211,0.34811330591356116,1
278.162648,grid_0345_y580_z538,472.909,577.882,537.825,78.48532429059584,0.62,-0.09247512243888815,0.051395197182434384,0.40844399448916413,1,-0.019120735856519126,-0.013244758743477325,0.3974228996345822,1,0.0546830146042369,-0.07896503892599745,0.37373339923153714,1,0.09976633299376476,-0.011579740913426742,0.35877832906732776,1,0.13680730835002508,0.08444167503367486,0.3478816191116415,1
283.42457,grid_0346_y582_z538,472.857,580.112,537.331,80.76143964170028,5.25,-0.090099343869449,0.05195189806308524,0.4097477543047125,1,-0.016954330628846825,-0.013888740204343436,0.38544910396655396,1,0.05639164690766348,-0.08184188966495445,0.380123235163855,1,0.10031132618888253,-0.011618423475629285,0.3603140399378933,1,0.1364397511491364,0.08419115422903953,0.3469411455878998,1
284.154378,grid_0347_y584_z538,472.89,582.06,537.704,82.52950606298329,0.717,-0.08818757091492033,0.05151585597835508,0.40712858549644276,1,-0.016153308764752693,-0.015229999018931614,0.3956725546894786,1,0.055544770420156694,-0.08027554415327706,0.36931505568583883,1,0.10105750482327555,-0.012023656500029574,0.36281968370526846,1,0.13556831240284797,0.08342146670381634,0.3442620754698126,1
284.785524,grid_0348_y586_z538,473.0,584.099,537.437,84.56691554621116,0.615,-0.08539585179294043,0.05125899592922549,0.40271702934141584,1,-0.015139770335082455,-0.015993988137103596,0.39891033451955915,1,0.05608344472674616,-0.08100871918466233,0.36806742738878917,1,0.10117468408848929,-0.012119874066710886,0.36295512126562574,1,0.13605363212835006,0.08362204133157825,0.34492855883348145,1
285.413897,grid_0349_y588_z538,473.01,586.17,537.329,86.59131819068237,0.616,-0.08323633779863862,0.05163492018610187,0.4021830587812116,1,-0.013548797712598898,-0.01649037967757578,0.39729750182603824,1,0.05709108086057402,-0.0823469539364145,0.37020710264860035,1,0.10160861135506946,-0.012238654949007777,0.3628901973178354,1,0.13572920618585177,0.0833888362569406,0.34393417005363636,1
286.04409,grid_0350_y590_z538,472.96,588.199,537.144,88.59585302936021,0.619,-0.08174228165837867,0.05232489304179412,0.4050009360965772,1,-0.012487131595352191,-0.01706733138918131,0.3980487312666289,1,0.0574479344291202,-0.0827665278793351,0.36846765789505587,1,0.10277691647892606,-0.012475245783341844,0.3660491543488768,1,0.13572920618585177,0.0833888362569406,0.34393417005363636,1
286.780224,grid_0351_y592_z538,473.034,590.162,537.081,90.51009350343203,0.725,-0.07937403561530129,0.052401438926349034,0.4029703930341554,1,-0.011071521715392775,-0.017697236936227843,0.39619014380826634,1,0.05839947057804259,-0.08375541661117528,0.36971248952068014,1,0.10318180393364218,-0.012586747280846536,0.3672911650041106,1,0.13584999685939442,0.08344691179273336,0.3441821495925243,1
287.408245,grid_0352_y594_z538,472.863,592.201,537.131,92.46559251959623,0.617,-0.07817148627181243,0.05309569414261186,0.4069151776530192,1,-0.009910634799183901,-0.018624577703099145,0.39541163557048453,1,0.05897612580245533,-0.08492310539370813,0.3695987114196229,1,0.10270392123113678,-0.012530130277010523,0.3654358890955832,1,0.13597078753293712,0.0835049873285261,0.34443012913141224,1
288.046237,grid_0353_y596_z538,472.932,594.147,537.065,94.3686514738873,0.627,-0.07577887235268081,0.05306157888509997,0.4052978642480851,1,-0.008707383903993848,-0.01963994550652836,0.3945915606742043,1,0.059878385885385396,-0.08629366685310362,0.3722792231112585,1,0.10318180393364218,-0.012586747280846536,0.3672911650041106,1,0.13572920618585177,0.0833888362569406,0.34393417005363636,1
288.674964,grid_0354_y598_z538,472.925,596.146,537.223,96.2694603547771,0.618,-0.07299727031486801,0.05256424812618591,0.40077264629441406,1,-0.00772949387119308,-0.020530329347639754,0.3925211136662675,1,0.05999650367294115,-0.08647299669907409,0.36991563411026085,1,0.10257447275156799,-0.012419495034589497,0.36542814902126,1,0.13572920618585177,0.0833888362569406,0.34393417005363636,1
291.779012,grid_0355_y600_z538,472.764,598.267,537.448,98.27409610879164,3.093,-0.06913599785064253,0.05171648863150045,0.39395437728791804,1,-0.006639640200786695,-0.02211528558922448,0.3952521422076929,1,0.06092098214821059,-0.08798551114193719,0.3733460394158729,1,0.1006370783698406,-0.01216978282474862,0.36090134375141825,1,0.1359454901475173,0.08354430630669904,0.3445970959068664,1
292.566529,grid_0356_y602_z538,472.748,600.16,537.739,100.05028102909056,0.777,-0.06975551972179564,0.05296092636191887,0.40581663555226316,1,-0.005245361186589434,-0.022763182630895277,0.39227524075091147,1,0.06162342235750713,-0.08879301680014753,0.37368848479378547,1,0.10267285882088187,-0.012503354389626953,0.36601320075357213,1,0.13553266188409635,0.08327695466834903,0.3436000235341292,1
293.193928,grid_0357_y604_z538,472.935,602.169,537.274,102.11597323141959,0.617,-0.06810246003331002,0.05352504461349113,0.4059684180720997,1,-0.004267432185185541,-0.022875494688163554,0.39211976425887973,1,0.06116858002413935,-0.08763438396531661,0.3675344526718972,1,0.10318180393364218,-0.012586747280846536,0.3672911650041106,1,0.13572920618585177,0.0833888362569406,0.34393417005363636,1
310.91352,grid_0358_y606_z538,472.981,604.272,537.285,104.16453592754117,17.709,-0.07454631026752127,0.06167491847438868,0.463174522990126,1,-0.0028530255498156027,-0.023597295210257118,0.39034714413211596,1,0.06340779517435861,-0.09087144324680188,0.3792410648222007,1,0.10318180393364218,-0.012586747280846536,0.3672911650041106,1,0.1354245199032636,0.08319921964346982,0.34326856060751415,1
311.612685,grid_0359_y608_z538,473.215,605.972,537.159,105.8559610083438,0.689,-0.06344295513751348,0.053791920140756545,0.40273359584915713,1,-0.001842192745500195,-0.024351315302796883,0.3935318952915614,1,0.06234187019736387,-0.08845505536082403,0.36702458645544933,1,0.10116039269536563,-0.012257420751615301,0.35910818718886084,1,0.13669553157419326,0.08385344054328259,0.34591800636473985,1
312.528202,grid_0360_y610_z538,473.13,608.049,537.008,107.91391525655993,0.904,-0.06109854533304489,0.053860262820944894,0.4012920404680525,1,-0.00040183280805073524,-0.02460916675440562,0.38694692272682824,1,0.06336711076857644,-0.08948361867075648,0.37054816818949743,1,0.10415022484402006,-0.012589592313992263,0.3673507867401727,1,0.13589761458198404,0.08310775452917066,0.3432588130120696,1
313.158621,grid_0361_y612_z538,473.221,609.933,537.228,109.71009299512968,0.619,-0.05961147904139684,0.05388497573957492,0.40168386531645456,1,0.0007378758267528524,-0.025203969368873907,0.3897278691266474,1,0.06434728946644322,-0.09008874738975081,0.37074194517156694,1,0.1029736418455802,-0.012431695803967859,0.36157732695187733,1,0.13813717999291603,0.08424081274510682,0.34811578832065937,1
313.792357,grid_0362_y614_z538,473.371,611.734,537.464,111.42661297015185,0.621,-0.05736356384618574,0.053560346431027514,0.3996961851062851,1,0.002045481365563471,-0.025894874180484233,0.39101919931731605,1,0.06392127648156232,-0.08884121982217323,0.36372002776155593,1,0.10233025886146296,-0.01261947509762778,0.3579668927410231,1,0.14255115268677904,0.08660367575727565,0.35893165083588163,1
314.522436,grid_0363_y616_z538,473.319,613.842,537.373,113.50754169217127,0.721,-0.05480425442102319,0.05337415779541529,0.39626587821899134,1,0.0035200905002696938,-0.026369198936183263,0.3911139571751613,1,0.06458784551195193,-0.0893566419875768,0.36214718620613384,1,0.10428964135152959,-0.013157629273650578,0.3629284802871249,1,0.13876971692699225,0.08375514806593852,0.34834332981023797,1
315.148273,grid_0364_y618_z538,473.107,616.102,537.398,115.7120876918224,0.615,-0.052570983197633994,0.05338438537021052,0.3958153851082124,1,0.005027035594495084,-0.027033821620377613,0.3894919956807127,1,0.06616542797278392,-0.09055070313640708,0.36523195626418464,1,0.10445936293190525,-0.01311078954176815,0.3621608410992794,1,0.137294678034508,0.08259093539579596,0.34342122817108045,1
315.781639,grid_0365_y620_z538,473.142,618.057,537.529,117.60445689258553,0.622,-0.05034619300480549,0.053314618316083605,0.3941394766633559,1,0.006454123869702201,-0.027329780947273,0.3871346928894744,1,0.06770287680888848,-0.09173050861574743,0.36878345011159464,1,0.10561782791650394,-0.013292077745446853,0.3636029997507066,1,0.13755842171410365,0.08258835687119191,0.3434053309087693,1
316.414682,grid_0366_y622_z538,473.535,619.85,537.281,119.42016836782643,0.622,-0.04852736686119378,0.053818868998043265,0.39494958999784713,1,0.007448271514524436,-0.027650728405093344,0.38637857849455554,1,0.06848478078969525,-0.09196083690249614,0.36871770942660576,1,0.10552621444241508,-0.01320061298727764,0.3623414898035262,1,0.13760916312440835,0.08246650866105211,0.3429742915792117,1
317.162816,grid_0367_y624_z538,473.358,621.987,536.977,121.57114676188588,0.738,-0.04691535397655351,0.054940421261203756,0.3992228938947153,1,0.008994134555781467,-0.028054279042195634,0.3893597102153545,1,0.06913332675662692,-0.09263888843001343,0.3695271591125534,1,0.10487340934255256,-0.013222969598582948,0.3579028028444962,1,0.13766853419051034,0.08244153103813767,0.3428944112855826,1
317.793693,grid_0368_y626_z538,473.264,624.065,536.866,123.62992479978307,0.62,-0.04439397678623432,0.05475714338506686,0.39486071156641345,1,0.01022378470956941,-0.028279404444937616,0.38854185497502874,1,0.07021758228444895,-0.09354887783944744,0.37151632418347424,1,0.10667753621330803,-0.013703593059982805,0.36278430856396854,1,0.13873934734107402,0.08260449525215965,0.3442257366598621,1
318.478495,grid_0369_y628_z538,473.228,626.2,536.995,125.70219192201867,0.674,-0.04192817684384942,0.054649345449857924,0.39238339846551495,1,0.011585965626563504,-0.02844052155012674,0.3854381740499468,1,0.07093026410997466,-0.09313672501470441,0.3684805071669438,1,0.10761493999761566,-0.0139419329581156,0.3635267291978449,1,0.14084090138096372,0.08321176414051543,0.3484897163853377,1
319.223154,grid_0370_y630_z538,473.292,628.125,537.052,127.58522861993077,0.734,-0.04017220603978797,0.05557803888338031,0.39877577424052546,1,0.013580161884176645,-0.02932689671105588,0.39052040828696066,1,0.07298105779389137,-0.09443264104242131,0.37207379093189835,1,0.10866153133725498,-0.01411839531384508,0.36490192016525447,1,0.14185221561558845,0.08341461233970997,0.34991012412155864,1
319.853158,grid_0371_y632_z538,473.452,630.008,537.267,129.40222080783627,0.616,-0.03808387852141934,0.0547087468029963,0.3933768916859561,1,0.014558230606551223,-0.029679340485605075,0.38531858978443284,1,0.07251438622884623,-0.09344774237920159,0.36646794522289505,1,0.10818192384257803,-0.014119958004807786,0.36123687007059435,1,0.14167214006494347,0.08318777498092447,0.3488312734574201,1
320.480858,grid_0372_y634_z538,473.486,631.983,537.155,131.3663340167487,0.618,-0.03586217771158014,0.054377446767281026,0.3909949391828124,1,0.0160158536714053,-0.029922129548940513,0.3846181644216947,1,0.07270393426578037,-0.09309680771470177,0.36328490817356957,1,0.10882034807824345,-0.014371533871932744,0.362423482922426,1,0.13954017026877316,0.08169676907739976,0.3433881298575859,1
321.322399,grid_0373_y636_z538,473.478,633.914,537.299,133.24245472821343,0.831,-0.03419389472264493,0.05529484997248705,0.39712654697261435,1,0.017376855983206478,-0.030559613744583748,0.38501369070111824,1,0.07474983447317787,-0.09500545313949946,0.36965677219118254,1,0.10911459241841263,-0.01457722847814707,0.36193406846660114,1,0.13947693309611314,0.08151441978913662,0.3427303517870583,1
322.050299,grid_0374_y638_z538,473.354,635.974,537.035,135.31421352540912,0.615,-0.03177734186904489,0.055368459260776645,0.3937364732996866,1,0.018450416855290076,-0.03043213724857537,0.38012181375942633,1,0.07705743692993423,-0.09736637586479396,0.377505440322227,1,0.10982455116587417,-0.01456761700198205,0.3630423799198389,1,0.13965963842176862,0.08154556166590426,0.34285137803807453,1
322.681068,grid_0375_y640_z538,473.204,638.128,536.926,137.45205629236693,0.62,-0.02947137882538086,0.05558345506879113,0.391889150094315,1,0.01981248158455099,-0.030783948394002798,0.3827654693329935,1,0.07666340775446154,-0.09632927976854794,0.3717879920881718,1,0.11092347701599428,-0.01488395960005609,0.3648147874212678,1,0.14024269756258617,0.08180832146026326,0.34384206227156855,1
323.409768,grid_0376_y642_z538,473.349,640.096,537.18,139.35235017035058,0.718,-0.02709322605335372,0.05562857416183563,0.3922087734615659,1,0.0215600764621956,-0.031248856050664315,0.3815133634502508,1,0.07672312061672866,-0.0955602830246431,0.3671166227457389,1,0.10945655446656677,-0.014614571724437461,0.3587204605914853,1,0.14034114774386305,0.08170171837236663,0.34333506822242066,1
324.03781,grid_0377_y644_z538,473.225,642.283,537.025,141.53236578253052,0.617,-0.025161077526161636,0.05582357362766048,0.39156063265192625,1,0.022202772742642464,-0.031107679521161398,0.37564890882212215,1,0.07739323983952881,-0.09558998238042335,0.3676205354007257,1,0.10921692546875157,-0.01490075848758648,0.35597876753539115,1,0.14017361829497912,0.08144722639687008,0.3423450049891382,1
324.67302,grid_0378_y646_z538,473.141,644.276,537.353,143.44451540926894,0.624,-0.02244609810791786,0.054917285687806947,0.3848833267654582,1,0.024024066579896013,-0.032129703933517065,0.38083808003142716,1,0.07811321887854153,-0.09554559227785073,0.3661831461906459,1,0.11175536655020832,-0.01526408571392233,0.3632483622683903,1,0.1390898899098591,0.08051078643918039,0.33908648676615416,1
326.031196,grid_0379_y648_z538,473.312,646.138,537.273,145.29844564206465,1.348,-0.01993595396041672,0.05492740656940017,0.384132680424302,1,0.02618216361208181,-0.0337859288503654,0.39226076199175497,1,0.07832597446406651,-0.09601926221512253,0.36524460021810967,1,0.11286399572566871,-0.01549208822869082,0.3659572115528153,1,0.13867571722696842,0.08012109531920872,0.33774399584693565,1
327.735504,grid_0380_y650_z538,473.083,648.287,537.156,147.43485694027726,1.694,-0.01788562777579978,0.056340054854157086,0.392613932618775,1,0.02668093831333539,-0.03325531611422443,0.3835144549823525,1,0.08096037381875108,-0.09884149965807967,0.3765087538170345,1,0.11244624443425073,-0.015505026269296382,0.3647346122837504,1,0.13912005523162896,0.08034222725572551,0.3386729919082884,1
328.376923,grid_0381_y650_z540,473.27,648.508,538.135,147.50686537920876,0.629,-0.01742961378297702,0.054095752374116624,0.3833262576916516,1,0.026992694445688636,-0.03452662354475289,0.38465439227354425,1,0.08001433601211402,-0.09728539316181656,0.370532116358851,1,0.11329217487794652,-0.015639029502253207,0.3668446365728064,1,0.13905005566093634,0.08026028362996065,0.33824272749352563,1
329.007938,grid_0382_y648_z540,473.298,648.489,538.133,147.48888245898405,0.62,-0.017384585660732824,0.053701364433522955,0.382836303659859,1,0.027023643742900567,-0.03491813348139137,0.38439715393341006,1,0.08014331303076463,-0.09803833473125408,0.37293110651288436,1,0.112563790293884,-0.015516311596283272,0.36504560445136036,1,0.13909400298165242,0.08033993776745083,0.33866086516496624,1
329.968582,grid_0383_y646_z540,472.733,647.476,537.795,146.52959568974455,0.95,-0.018988698256892714,0.05602306170759884,0.39617771227621984,1,0.026151275717665463,-0.03404410774235221,0.3835997330517758,1,0.07912092689593578,-0.09710541413580678,0.3702482555558672,1,0.11134516963238199,-0.015245057421186342,0.36153746925614866,1,0.14042138567019818,0.08151955047703882,0.34267461625027257,1
330.71297,grid_0384_y644_z540,472.006,646.071,537.954,145.10829422882765,0.733,-0.01970915203428191,0.05555512563912927,0.39371598422838305,1,0.025350115833293208,-0.03405743720551827,0.38407112660196113,1,0.07866284413404383,-0.09688973369112903,0.37092368214103466,1,0.10850582178491772,-0.01463930859758307,0.3544412936511428,1,0.14002495786984767,0.08140383194876884,0.3421472382324577,1
331.34665,grid_0385_y642_z540,471.493,644.448,537.676,143.54408101346428,0.623,-0.02096831616218715,0.05574585703950743,0.39452523992908456,1,0.024245770055034234,-0.033751110835766054,0.38525775550565305,1,0.07796909804656459,-0.09675704565123425,0.37117260167855465,1,0.11041661221770342,-0.014903564318448062,0.36196508531628935,1,0.1398617604456719,0.08151622305592318,0.34269132128539204,1
331.981296,grid_0386_y640_z540,471.24,642.586,538.18,141.6249830891429,0.625,-0.02273304119787028,0.0550586466472749,0.3928565897848298,1,0.022561867338799568,-0.03330401400126685,0.3797651172913162,1,0.07842911266977463,-0.09805060518003277,0.37724066166113895,1,0.11074296461472466,-0.01477142540292394,0.36487101679296774,1,0.1398363057615816,0.08157676770093167,0.34297885446547716,1
332.721793,grid_0387_y638_z540,471.349,640.533,538.127,139.606151970463,0.729,-0.02471672814171736,0.05452638839184454,0.392322415763737,1,0.021315211776142238,-0.0333014043913863,0.3811299957241714,1,0.07691102877469805,-0.09667839162347655,0.3735531848263138,1,0.10971932974077798,-0.01464745670848484,0.3632894993069079,1,0.13947089511027064,0.0815144839473964,0.34273680196344475,1
333.355531,grid_0388_y636_z540,471.369,638.398,538.505,137.43838494758302,0.623,-0.02680177315259863,0.05391148802861682,0.3911074714688935,1,0.020177998111990853,-0.03341738359720212,0.3840804599438169,1,0.07628358301553914,-0.0967947478586931,0.3754176463507159,1,0.10790501096177249,-0.014222854822417957,0.35868086248678105,1,0.13997861444012913,0.0819507810563556,0.34434816879095653,1
334.770591,grid_0389_y634_z540,471.154,636.497,538.375,135.58138599748858,1.405,-0.030441098852880648,0.055460627085561966,0.4034497125055319,1,0.018426540894606363,-0.033511745001688284,0.3914334822667209,1,0.07490407498644595,-0.09634764048019698,0.3750823981749757,1,0.10851165105353136,-0.014094321656829148,0.36349721693447934,1,0.14078539559923448,0.0826883763435747,0.3469282362639991,1
335.452841,grid_0390_y632_z540,471.138,634.526,538.364,133.63816072888758,0.671,-0.031657122228200635,0.05488156572644111,0.4001199183446097,1,0.01710686678564675,-0.03279215516444908,0.3853500245405162,1,0.07398213900431044,-0.09563233497837062,0.37399685807337274,1,0.10804702798376535,-0.014014302514538904,0.36344204556263815,1,0.14126434216369135,0.08315720607906948,0.34891425244026353,1
336.15496,grid_0391_y630_z540,471.336,632.515,538.116,131.69676648270453,0.691,-0.03419631572019576,0.054914231859612764,0.4002437467792461,1,0.015253591371148864,-0.03227879695956999,0.3871580396163258,1,0.07109414263832758,-0.09323745834725491,0.36591222974194315,1,0.10748538148854017,-0.014031484612861935,0.3644098250554751,1,0.14249381763040125,0.08440504132232059,0.3527784283779523,1
336.895747,grid_0392_y628_z540,471.52,630.411,537.953,129.6519637992421,0.73,-0.035945927486343746,0.05429053861894785,0.3963970473399877,1,0.013783206750121518,-0.03195915563724461,0.38568902770230173,1,0.0704997834837607,-0.09350020532740184,0.3692760507973878,1,0.10631963532174873,-0.013387714857883976,0.36320495697859073,1,0.13820257447837975,0.08254479858736355,0.34349040279049436,1
337.524602,grid_0393_y626_z540,471.655,628.371,537.888,127.65501876933784,0.618,-0.03779301624329757,0.05443206579854294,0.3974765872874814,1,0.01274166897127178,-0.03164189674751628,0.3876592610557782,1,0.0689601307286066,-0.09227513653173165,0.3659527763638127,1,0.10546236552033243,-0.013221362285764999,0.36170698785375616,1,0.1376849630390211,0.08244165929249292,0.3428782975020911,1
338.165035,grid_0394_y624_z540,471.623,626.396,538.128,125.66830925098019,0.628,-0.04034907844198289,0.054388839989796225,0.40000454040616723,1,0.011108730087561965,-0.031389591187475425,0.388251556094018,1,0.06891501088562765,-0.09305715946442031,0.3701193916213848,1,0.1048650592524838,-0.013198963873002114,0.36231638895755774,1,0.13764467775072023,0.08262034034678559,0.3438086753699995,1
338.793873,grid_0395_y622_z540,471.607,624.432,538.228,123.71741089272767,0.617,-0.04220000217206445,0.053988076118456206,0.3990362547190621,1,0.009603834505739236,-0.030926449855124227,0.3848109208691507,1,0.06742222224816644,-0.09210445474873377,0.36735350597759603,1,0.10424477012930658,-0.013140980021900502,0.36218047081994953,1,0.13720081200231207,0.08261892538068163,0.34381365637646505,1
339.587637,grid_0396_y620_z540,471.507,622.371,538.349,121.66720034586149,0.783,-0.04488513734028898,0.05408699986975836,0.4025888036471561,1,0.008292722853395329,-0.031020596932732993,0.3892281904461655,1,0.06697761281888971,-0.09219036435548304,0.36934128192044846,1,0.10380677980877077,-0.013043781158117962,0.3626193232774531,1,0.13854356374625548,0.0837394180350965,0.34811282238410785,1
340.228255,grid_0397_y618_z540,471.382,620.387,538.34,119.7167744553786,0.631,-0.04690231226331566,0.05413693785494994,0.40403200795139343,1,0.007180619768946066,-0.030659114551307286,0.39252779088046613,1,0.06759474437334449,-0.09349525754640839,0.3757007466110848,1,0.10280812194058346,-0.012647273740146453,0.3592417573781529,1,0.13935045896098708,0.08466001713331898,0.3507297827104693,1
340.857901,grid_0398_y616_z540,471.203,618.417,538.653,117.72179116884014,0.62,-0.04805878415422352,0.052701025865288686,0.39663396698973047,1,0.005928580413217191,-0.030082057669465662,0.38956452417102205,1,0.06572528639681906,-0.09131000579668197,0.36811275538560256,1,0.10266884509319943,-0.012482010818009138,0.36054059922731935,1,0.13993618162040616,0.08511626067095913,0.35234166027440394,1
341.600199,grid_0399_y614_z540,471.332,616.338,538.724,115.66599473916263,0.732,-0.04971503006183923,0.052323104840264104,0.3959176301584596,1,0.004881688052829673,-0.029709056733165623,0.39231450278531954,1,0.0658936759202862,-0.09197217710460338,0.37175553564680497,1,0.10376703979197863,-0.012536985289337948,0.365592210087212,1,0.13575615150662315,0.0826323814800563,0.34228401053927754,1
342.232145,grid_0400_y612_z540,471.36,614.46,538.565,113.85139588955424,0.62,-0.05186576567677183,0.05233656274359859,0.3962292748501738,1,0.003770817348227154,-0.02900388171428281,0.3904955512082678,1,0.06531364490308042,-0.09141156065898785,0.3713048256189442,1,0.10360637195942204,-0.012572894003417285,0.3656249162626226,1,0.13659798825783528,0.08356297835537574,0.3451053664988021,1
342.866605,grid_0401_y610_z540,471.416,612.534,538.526,111.96896014074616,0.623,-0.05451135337213031,0.052555558068311824,0.3994331811793583,1,0.0024353241224342216,-0.028289120578582554,0.38865670137156616,1,0.06533813416630904,-0.09194982871511773,0.3747258977691108,1,0.1020451868645893,-0.012402919179905877,0.361309415720534,1,0.13666803341921743,0.08382631057132037,0.3458052065132481,1
343.500605,grid_0402_y608_z540,471.489,610.658,538.424,110.1496465813668,0.624,-0.056639058076718984,0.05271543937979092,0.4019480112530169,1,0.001373011198469518,-0.02771916431271971,0.38950251411126324,1,0.06375432270649481,-0.09045978823331094,0.37027312564032067,1,0.10242063304257312,-0.012489343418036659,0.36413339230014447,1,0.13597078753293712,0.0835049873285261,0.34443012913141224,1
344.233169,grid_0403_y606_z540,471.652,608.437,538.411,107.97736991147733,0.722,-0.05923105190324651,0.052898074683107664,0.40323559245127394,1,-0.00017702365416810941,-0.026955995984052884,0.3892522677617785,1,0.06433326005466339,-0.09170045317682488,0.3774336622393776,1,0.10154635249739474,-0.012192052754250818,0.36240860655343676,1,0.13553266188409635,0.08327695466834903,0.3436000235341292,1
344.921867,grid_0404_y604_z540,471.534,606.619,538.0,106.28134653832727,0.678,-0.061362877807339435,0.05320981540760289,0.40547565423008985,1,-0.001349173997243411,-0.025886838484795067,0.38790050499401935,1,0.06325380273109835,-0.09080491318183417,0.3755784107907686,1,0.10142915664486943,-0.012161570512320679,0.36359410339089504,1,0.1362549788325794,0.0839295107146649,0.3460382065324854,1
345.557698,grid_0405_y602_z540,471.419,604.492,538.147,104.1700816213561,0.625,-0.06268022344358246,0.0524440447950531,0.4009563857814884,1,-0.0023271670704168865,-0.025665784569392835,0.39385231000498405,1,0.06290824143799072,-0.09066081044275769,0.3769939210532083,1,0.10040905184316995,-0.011783831280365085,0.3604902310819508,1,0.13622825360568575,0.0839425029053857,0.34633616210919244,1
346.693727,grid_0406_y600_z540,471.352,602.506,538.605,102.13171559314961,1.124,-0.06496146343671656,0.05149129033681425,0.39863662399526933,1,-0.004093527520762029,-0.025053929896255205,0.3952277182669405,1,0.06011931504756601,-0.08718552974630392,0.36421079387334876,1,0.10020345237705393,-0.011610932048038156,0.36001822676117656,1,0.13650878011971154,0.08412596704012644,0.347117652174211,1
348.715713,grid_0407_y598_z540,471.511,600.271,538.557,99.95993897557159,2.012,-0.06730787926917144,0.05133941250575612,0.4004364919731155,1,-0.005290213896212863,-0.024806508859965583,0.3965779900383094,1,0.06107124998316267,-0.08914610327515379,0.37409172673906205,1,0.0981257292724367,-0.011462467802572218,0.35411455146864906,1,0.13613836337217627,0.08387533936011538,0.3461702540071488,1
349.457755,grid_0408_y596_z540,471.315,598.326,539.089,97.94449471511916,0.731,-0.06868587300207063,0.050641814133929174,0.39863254035295403,1,-0.006371353595670456,-0.02503822201520813,0.4011114775927479,1,0.06003712054615975,-0.08822684819767086,0.37137494288579104,1,0.09846308306407545,-0.011481081777982719,0.355491830672778,1,0.13577987517983775,0.08383010479502236,0.3458409688610098,1
350.093188,grid_0409_y594_z540,471.406,596.417,539.026,96.09572166334988,0.625,-0.07091543983988921,0.05101559459526652,0.4024359698271631,1,-0.007310420821750434,-0.023934448414949717,0.39307417606900585,1,0.06039553057586887,-0.08901233694908058,0.37691423641881483,1,0.09861995325620929,-0.011533636758721091,0.35755585554034525,1,0.1349681173055039,0.08345210317336284,0.34422307153277887,1
350.721212,grid_0410_y592_z540,471.218,594.603,538.948,94.34329575544834,0.617,-0.07232572011849007,0.05034701165055759,0.39911148036651656,1,-0.008694888713307421,-0.02310203210757426,0.3920529801030905,1,0.05886800362097146,-0.08706906230285176,0.3712661069109003,1,0.09860308352190739,-0.011464535969549883,0.35891687014117857,1,0.13568456443866356,0.08411438688991121,0.3467099003039883,1
351.351797,grid_0411_y590_z540,471.399,592.55,538.552,92.43728874215208,0.619,-0.07482990495139613,0.05101734293632656,0.4023365772782104,1,-0.010048873519837968,-0.022331348577187528,0.39401471499987334,1,0.057742767609909706,-0.08588734207019166,0.36897380013505826,1,0.09876108238345258,-0.011309809734447576,0.36018161509280244,1,0.13614949579467406,0.08464166902743056,0.3483961109467203,1
352.148504,grid_0412_y588_z540,471.338,590.491,538.381,90.47733155326809,0.785,-0.07774394925722924,0.051398093053439585,0.40579890508259436,1,-0.01161687601097105,-0.021208985558116133,0.398262571658592,1,0.057414043091845356,-0.0855806007578153,0.37242300393565253,1,0.09867078503015571,-0.011227860318446465,0.3605488735778456,1,0.13620683777369275,0.0847593912521492,0.34867310008187136,1
352.78059,grid_0413_y586_z540,471.337,588.581,538.357,88.63073290907623,0.62,-0.08068268723377081,0.052012515282396456,0.411459895008307,1,-0.012452134956323519,-0.02022097543775171,0.39704628527619745,1,0.057254829699741216,-0.08538833337392557,0.3737470143004935,1,0.09867078503015571,-0.011227860318446465,0.3605488735778456,1,0.13620683777369275,0.0847593912521492,0.34867310008187136,1
353.413193,grid_0414_y584_z540,471.317,586.735,538.168,86.8903215151147,0.622,-0.08204391720699805,0.05188514330752801,0.40968266730553804,1,-0.013520504249567671,-0.019248591654007274,0.39722924146394983,1,0.05588834157686774,-0.08302588085397092,0.36713241730401,1,0.09885732628601474,-0.011228407025392276,0.3607411242650046,1,0.13620683777369275,0.0847593912521492,0.34867310008187136,1
354.157709,grid_0415_y582_z540,471.352,584.589,538.321,84.77682891568905,0.734,-0.08496837796193533,0.05211465187262097,0.41275694169748345,1,-0.015029480972977604,-0.018383514828636267,0.4007482754669997,1,0.05607705341002175,-0.08341411473768026,0.37210532930627327,1,0.09881844956939785,-0.011361208453102933,0.35995639490348685,1,0.13606348282614603,0.08446508569035258,0.3479806272439937,1
354.788396,grid_0416_y580_z540,471.389,582.585,538.558,82.78037135094291,0.619,-0.08655362501020239,0.05148835735504419,0.4115170375295102,1,-0.01571030608233399,-0.017662240097622465,0.40118010838931617,1,0.055422761253590115,-0.08239212716237997,0.37073414821740325,1,0.09860308352190739,-0.011464535969549883,0.3589168701411786,1,0.13565589344915419,0.08405552577755189,0.34657140573641276,1
355.423735,grid_0417_y578_z540,471.135,580.716,538.952,80.87153940664172,0.624,-0.08739464102717623,0.050362444845544876,0.4071275673384993,1,-0.016734900832183867,-0.017222433445098644,0.4017520877699816,1,0.05523278413522346,-0.08184330471902525,0.3725694455735414,1,0.09853130072842767,-0.01150841318217619,0.3586840637286737,1,0.13573441459579944,0.08407432352376679,0.3467641571037887,1
356.162096,grid_0418_y576_z540,471.32,578.419,539.236,78.58263908777818,0.727,-0.09025742457776925,0.05002489594623908,0.4097301092305366,1,-0.01794666337216533,-0.016398618157203552,0.40132261580580275,1,0.05391814251076911,-0.08008249085321023,0.3684768689156792,1,0.09865476246541618,-0.011478513165559362,0.3592747659809462,1,0.13584160673195403,0.08415198238234103,0.3470954030387402,1
356.791003,grid_0419_y574_z540,471.123,576.629,539.215,76.8631541897677,0.619,-0.09187495291675572,0.049767149982836975,0.40949812450853196,1,-0.01908367697764853,-0.01535220878658899,0.39766126715305633,1,0.053077721617008786,-0.0788067206796386,0.36687191270831987,1,0.0987265452588959,-0.011434635952933054,0.3595075723934511,1,0.13574190641768222,0.08423210911462986,0.34698688943913936,1
357.422872,grid_0420_y572_z540,471.272,574.506,539.107,74.8543498134878,0.621,-0.09349710378839422,0.04938964410421714,0.407458271279271,1,-0.02037556767753964,-0.014393744009597139,0.3984314259986129,1,0.05301232068112888,-0.07848635475349261,0.37165552824369363,1,0.0989992849157691,-0.011296029515970895,0.3603906560949355,1,0.1361208248051647,0.08458280791507122,0.34825761637914476,1
358.324698,grid_0421_y570_z540,471.296,572.533,538.991,72.99710627826288,0.891,-0.09664355887411498,0.049752161431694884,0.41193377332058595,1,-0.021796473657357294,-0.013340215669311173,0.4001937683463826,1,0.05222803802252503,-0.07691474626834993,0.3706219260388498,1,0.09911131074329327,-0.011193051728936958,0.3610554947025021,1,0.13620683777369275,0.0847593912521492,0.34867310008187136,1
358.954865,grid_0422_y568_z540,471.399,570.536,538.827,71.13858368705408,0.619,-0.10030912877829659,0.05067916791913777,0.4193179856254162,1,-0.023397795426775465,-0.012381480334174928,0.40463480077743935,1,0.0514340272234276,-0.0747093601823127,0.36863118704303166,1,0.09880837997736107,-0.011361831535988853,0.3596778340923247,1,0.13609215381565537,0.0845239468027119,0.34811912181156923,1
362.495821,grid_0423_y566_z540,471.561,568.482,538.701,69.2230928014633,3.532,-0.10264547734245721,0.05084221872254393,0.41766183653502775,1,-0.02484308912389089,-0.010431916408402648,0.3994357065757668,1,0.05010411291392295,-0.07171410108632337,0.36423620466042994,1,0.09846956985993341,-0.011523363190484604,0.35838871260253746,1,0.13559855147013547,0.08393780355283323,0.3462944166012617,1
363.354133,grid_0424_y564_z540,471.441,566.629,538.723,67.4556211149227,0.846,-0.10411627769695786,0.050713259091353304,0.41824177344736835,1,-0.025767027685962902,-0.010020725317806518,0.39801972727947393,1,0.04967938708221749,-0.07122213050162132,0.36746483208145975,1,0.09869227286460551,-0.011272010884545677,0.36041219250892026,1,0.1361781667841834,0.08470053013978987,0.3485346055142958,1
364.034362,grid_0425_y562_z540,471.638,564.577,538.555,65.57148548721467,0.669,-0.10543394943380675,0.0504035180758825,0.415418692907619,1,-0.027484156099237524,-0.009092608853285559,0.4019509498836496,1,0.04973761228254436,-0.07196664455165169,0.3768134324392776,1,0.09857451674816867,-0.011229718461138762,0.36207960839190795,1,0.13620683777369275,0.0847593912521492,0.34867310008187136,1
364.66684,grid_0426_y560_z540,471.33,562.867,538.771,63.88306624607181,0.622,-0.10702840355941926,0.04974162342870011,0.41481786222511996,1,-0.029186569606483487,-0.008780314977269213,0.402820718447234,1,0.04871000160433141,-0.07103470687081369,0.37723362211186107,1,0.09757662275849646,-0.010863328782391065,0.3602735862452227,1,0.134569830213294,0.08376452548093108,0.34502712558054693,1
365.412649,grid_0427_y558_z540,471.676,560.54,538.989,61.62520953311232,0.736,-0.10822117007800176,0.049036585506740185,0.41248792200780676,1,-0.031001167912682603,-0.008528940063914742,0.40626795880626,1,0.04723666879967017,-0.06934169067835481,0.3738270194321808,1,0.0976550925368681,-0.010655367186466275,0.36223722362013633,1,0.13457241118438823,0.08433459848003584,0.346605372663021,1
366.044264,grid_0428_y556_z540,471.436,558.707,539.192,59.83239027483359,0.621,-0.11090997824537292,0.04876117655689828,0.41440678615786447,1,-0.03196018859683492,-0.00789823592080464,0.40097780179018,1,0.04520042070318201,-0.06693347423809652,0.36737822435163,1,0.09674946030914847,-0.010316310517080974,0.3615413422154849,1,0.1349515253524048,0.08477469406363222,0.3481003845305099,1
366.729366,grid_0429_y554_z540,471.322,556.66,539.443,57.82815022115094,0.675,-0.11314776517606726,0.04850741245480433,0.4162529048826579,1,-0.03336753606395913,-0.00712799353245389,0.40006972747831,1,0.04548162843656667,-0.06721884699430065,0.3767466605958664,1,0.09665099099718746,-0.010285173027431909,0.36239768522183713,1,0.1359977217658022,0.0853687398580677,0.3512048970151224,1
367.367492,grid_0430_y552_z540,471.33,554.729,539.474,56.01859721556767,0.627,-0.11305394668725947,0.047485548715861116,0.4098297855179429,1,-0.03489357476096917,-0.006518159075370439,0.4033289439167313,1,0.045478456707326656,-0.06663199417790354,0.38199118932393616,1,0.09649048671758667,-0.010169934926906342,0.36192872346774685,1,0.13531669905273488,0.08492338662904308,0.34932850634550316,1
368.329758,grid_0431_y550_z540,471.427,552.699,539.322,54.1973167693752,0.952,-0.11704914177920481,0.047999436443102034,0.41581804757719054,1,-0.03652061232035003,-0.004850789375898012,0.40226706506062937,1,0.04379090530127283,-0.06255891921658244,0.37535409379227486,1,0.09674453485839561,-0.01035646554032842,0.362831900742915,1,0.1356537621684924,0.08516397110776926,0.3503462110005676,1
369.576545,grid_0432_y548_z540,471.435,550.596,539.445,52.21392041400455,1.237,-0.11977465294325225,0.04819055505837373,0.41789432451223724,1,-0.03804728189732635,-0.0035637828355097254,0.4018950245325099,1,0.04291125776019582,-0.05931648575547851,0.3703470936819679,1,0.09716705344525256,-0.010708712992388021,0.3615133019927509,1,0.1349119550704853,0.08477618144606382,0.34803373629206036,1
371.16702,grid_0433_y546_z540,471.658,548.519,539.353,50.356682863349974,1.579,-0.12276373123550369,0.04850227153529671,0.42079987801233276,1,-0.03942031205382935,-0.0018706806068791895,0.4051589165724986,1,0.04342527739672616,-0.057884030370085306,0.3810941657755509,1,0.09719858383774072,-0.010438403449532122,0.3612719854642719,1,0.1349119550704853,0.08477618144606382,0.34803373629206036,1
371.801503,grid_0434_y544_z540,471.544,546.719,539.287,48.749902081952996,0.623,-0.12348736934906428,0.04842120231536194,0.4194794214502692,1,-0.04003598359417289,-0.0011276374758522252,0.40239679559405683,1,0.0424494097959092,-0.05610592847300429,0.3776231305134936,1,0.09734605229241666,-0.01045179553022754,0.3617820352927441,1,0.1349119550704853,0.08477618144606382,0.34803373629206036,1
372.483313,grid_0435_y542_z540,471.676,544.641,539.368,46.84791677332085,0.672,-0.1251095324698021,0.04802072171652935,0.4181758810719277,1,-0.04141263158168168,-4.3657537184681116e-05,0.40167573856133376,1,0.041361926290761256,-0.054153844087468796,0.3755301637097545,1,0.09759376171098463,-0.010484293509287795,0.3627767754028916,1,0.1349119550704853,0.08477618144606382,0.34803373629206036,1
373.221553,grid_0436_y540_z540,471.811,542.658,539.163,45.17872978515446,0.727,-0.1294156938688395,0.04884821795609182,0.42581949821124077,1,-0.043273597428903486,0.0011910576755839834,0.4020367974284955,1,0.04061774409366346,-0.05237898306965716,0.3781216324810929,1,0.0977752909728034,-0.010678332304433099,0.3638770450209289,1,0.1349119550704853,0.08477618144606382,0.34803373629206036,1
374.041567,grid_0437_y538_z540,471.742,540.653,539.106,43.4404422859621,0.808,-0.13282694100894443,0.04922626025369897,0.42910626222617426,1,-0.04541226252090896,0.0025605619346798117,0.4056107273902511,1,0.039811959137080265,-0.05010252826196386,0.38234363800812743,1,0.09808948872256723,-0.010812133898930515,0.36517923243892975,1,0.1349119550704853,0.08477618144606382,0.34803373629206036,1
374.775709,grid_0438_y536_z540,471.918,538.468,539.166,41.51869722185412,0.723,-0.13439236781904623,0.04920993389365211,0.42892932546419643,1,-0.046174239345905164,0.003534073881410288,0.4023861536940694,1,0.03905698577252492,-0.048242271637384426,0.381425490650255,1,0.09808948872256722,-0.010812133898930515,0.3651792324389298,1,0.1349119550704853,0.08477618144606382,0.34803373629206036,1
375.409779,grid_0439_y534_z540,471.5,536.669,539.363,39.86407682362654,0.622,-0.1341165419849031,0.0483359384007901,0.4233772638588073,1,-0.04795021361488463,0.0045765091542421185,0.40715717959432585,1,0.03802684003985911,-0.04597949745559525,0.37896297974257787,1,0.09830335778068965,-0.010844132804141888,0.3658639866608214,1,0.1349119550704853,0.08477618144606382,0.34803373629206036,1
376.039929,grid_0440_y532_z540,471.589,534.586,539.229,38.17913609551689,0.62,-0.1376289409994374,0.04862167255134287,0.42806595848869355,1,-0.049938967812931244,0.006019069230089177,0.41087506407720176,1,0.036629331102681656,-0.042974090547406876,0.374001991665021,1,0.09768898834289888,-0.010588106721921689,0.3632492425596825,1,0.13489577660853652,0.0847521086476182,0.34793803699991516,1
376.777323,grid_0441_y530_z540,471.565,532.493,539.454,36.31875340647042,0.726,-0.13933221485600772,0.0485903427392565,0.42822864363869434,1,-0.050925242880179765,0.007489318413377568,0.40737837348702766,1,0.03652723528506015,-0.04108112806525231,0.3806456277425435,1,0.09783486590290427,-0.010810631038900401,0.36100321241333233,1,0.13527135443195132,0.08444965635798092,0.3472667471483044,1
377.524685,grid_0442_y528_z540,471.658,530.36,539.425,34.609346049875086,0.737,-0.14112700751177243,0.04845310555261066,0.4270048942416472,1,-0.05265480729331364,0.00913871170122611,0.4095727912266077,1,0.03546630632386481,-0.037645945388929444,0.37836494059709175,1,0.09882328542823024,-0.011196888082684361,0.3616641990264742,1,0.13620683777369275,0.0847593912521492,0.34867310008187136,1
378.153061,grid_0443_y526_z540,471.356,528.706,539.305,33.36843169823845,0.618,-0.14087488563868997,0.048006681649291214,0.42134781003519867,1,-0.05349644992316118,0.010270220736025426,0.40501336652991615,1,0.03419516352362763,-0.035178996663524864,0.37468600983686073,1,0.09893593079095223,-0.011248428716647722,0.36159636894945735,1,0.13620683777369275,0.0847593912521492,0.34867310008187136,1
378.892291,grid_0444_y524_z540,471.629,526.476,539.36,31.63108689248602,0.729,-0.14630958152840645,0.048985036146908176,0.43133621736637895,1,-0.05621074036245207,0.011361209960864038,0.4110113924283211,1,0.03297583065334169,-0.033024402738702704,0.37505820744127494,1,0.09893593079095223,-0.011248428716647722,0.36159636894945735,1,0.13620683777369275,0.0847593912521492,0.34867310008187136,1
379.523226,grid_0445_y522_z540,471.545,524.616,539.294,30.2995235936145,0.62,-0.14713107125398323,0.048718594123656374,0.42801682064876373,1,-0.05723347159652873,0.01245093480987802,0.4073387502293088,1,0.0316150184679907,-0.03072988259721867,0.37375514557104045,1,0.09848326534688298,-0.011152668107943917,0.36036252101286376,1,0.13620683777369275,0.0847593912521492,0.34867310008187136,1
380.318389,grid_0446_y520_z540,471.63,522.544,539.399,28.761817988437393,0.784,-0.14868204030577853,0.04850273835860014,0.42741724305066386,1,-0.05862252598162184,0.013546220790010208,0.40576306844623555,1,0.030558019807605113,-0.02879178665258835,0.37638711083490467,1,0.09850470732618125,-0.011042604541893094,0.3615341587120423,1,0.136166846701455,0.08476076358534353,0.348606216343084,1
381.055656,grid_0447_y518_z540,471.853,520.421,539.14,27.54508872739392,0.726,-0.15291639348613634,0.04944573923503301,0.43302246739482175,1,-0.06062968910766198,0.014849957196106614,0.40470691402338,1,0.02901518156590477,-0.026304122086961035,0.37480641249418134,1,0.09803071093517443,-0.010975713365422668,0.3606420419878793,1,0.1359335398505829,0.08462072128719497,0.3480236198715607,1
381.683696,grid_0448_y516_z540,471.633,518.659,539.152,26.425956425454107,0.617,-0.15427777137010373,0.04935721825796441,0.4324885500274105,1,-0.062314178980086676,0.01600730482033224,0.40709587630217375,1,0.02811155782537021,-0.02483598959228419,0.3778785054712449,1,0.09731977337782152,-0.010850584851594356,0.35917199447708165,1,0.13620683777369275,0.0847593912521492,0.34867310008187136,1
382.31898,grid_0449_y514_z540,471.764,516.672,538.908,25.482927049301097,0.624,-0.15718202935205525,0.04972167536092754,0.435133370149775,1,-0.06392782349548069,0.017178202814199038,0.4070615727238124,1,0.026655378948189277,-0.022448986668740352,0.37568323660483344,1,0.09693099662178999,-0.010638512731199418,0.35948361971243925,1,0.13538848716489987,0.08435028785646341,0.34676461128622205,1
383.057523,grid_0450_y512_z540,471.842,514.552,539.089,24.229461116582833,0.727,-0.15711410009665575,0.049101730549512335,0.43049779345229783,1,-0.06666642230142719,0.018251228297949743,0.41363680987956153,1,0.02550397545391611,-0.020888160778156722,0.38047690934428335,1,0.09772519893003255,-0.010649656362384841,0.36307420884238056,1,0.13527946186834636,0.0842709704078252,0.34642807691991634,1
383.747463,grid_0451_y510_z540,471.894,512.48,539.014,23.3551488755692,0.679,-0.16231183916403152,0.05026258646166611,0.43842027772449227,1,-0.06893354686625085,0.019414212841745788,0.4146068853957104,1,0.023958397970863597,-0.018698000409175675,0.3795615976778801,1,0.09635262763560498,-0.010672667156917498,0.35984919277951527,1,0.13353057523604936,0.08323347935700218,0.34177099804555683,1
384.388122,grid_0452_y508_z540,471.702,510.509,539.308,22.31408671669091,0.63,-0.161877928008253,0.04949923653917131,0.4327648789296772,1,-0.06994308627963103,0.020150868764620078,0.4113623886857594,1,0.022404860069524385,-0.016360969982372454,0.37642922008602164,1,0.09580425616774034,-0.010499738873859384,0.35846323013627635,1,0.13238360557705936,0.08257951711622488,0.33881295431570774,1
385.23465,grid_0453_y506_z540,471.663,508.645,539.379,21.660345888281654,0.835,-0.1614587596320364,0.04918912741290386,0.4279603362220872,1,-0.07156853471434556,0.0214169730171833,0.412949711245706,1,0.02142933428238013,-0.01421691480459895,0.3777669228711501,1,0.09502928142520026,-0.010521797604745609,0.35596371163186585,1,0.13238360557705936,0.08257951711622488,0.33881295431570774,1
386.030219,grid_0454_y504_z540,471.646,506.693,539.631,20.9581555724735,0.785,-0.1629516285029905,0.0489504242527465,0.425338817976774,1,-0.07395578316964761,0.02282726243080327,0.4135166129948572,1,0.0196971190029282,-0.011692957375274208,0.3770043993613456,1,0.0950273095445137,-0.010482124570106345,0.35592799069394204,1,0.13412181389170552,0.08369392496359614,0.3435708167821739,1
386.759726,grid_0455_y502_z540,471.451,504.872,539.698,20.611793274725077,0.719,-0.16571659321596446,0.049609820216294516,0.4295014020354865,1,-0.0749903700484711,0.023917953555493233,0.4124336012175907,1,0.018950009163878546,-0.009692282732734227,0.3811683879287285,1,0.09469981911775605,-0.010424551216846982,0.3540668923194815,1,0.1354713363379723,0.08450400195427503,0.3469594397471198,1
387.397311,grid_0456_y500_z540,471.622,502.777,539.878,20.322917556295874,0.626,-0.17249515059725723,0.05132255516935762,0.44228668810493554,1,-0.07643122735502847,0.025167262958208335,0.41199521758905605,1,0.017608829512754248,-0.007553435927667393,0.3824246044242425,1,0.09497166230243702,-0.01015603303534883,0.355021070126097,1,0.13559773601317382,0.08453473770611986,0.3470456614504456,1
388.02813,grid_0457_y500_z542,471.095,502.628,540.905,19.27741966654256,0.62,-0.17080280069548817,0.05034869806558551,0.43698048173028026,1,-0.07637886609443051,0.025131623909371216,0.41099551960678643,1,0.01728657350818662,-0.007041067993045077,0.3805392724580382,1,0.09554919719381083,-0.010336604181677724,0.356250706603335,1,0.1371226482059205,0.08542175451022742,0.35067476717070567,1
388.877702,grid_0458_y502_z542,471.112,502.737,541.109,19.073898421665128,0.838,-0.17056589358740223,0.05024080129083923,0.4369815266475946,1,-0.0761984600241089,0.02510782783195048,0.41182971386208367,1,0.01753088252873819,-0.0072082102157024625,0.38257684410501297,1,0.09643032804048172,-0.010458926838576285,0.3592543646979437,1,0.14218238373940842,0.08840485947502921,0.3629487348895216,1
389.565951,grid_0459_y504_z542,471.686,503.107,542.378,17.83473862998836,0.677,-0.1725646647974935,0.04945136830075484,0.44218108818678115,1,-0.07620390708498437,0.02408537726094484,0.4122487816479611,1,0.017620599126597813,-0.007776367603142936,0.3725201388854954,1,0.09483117407097279,-0.010301181162345638,0.3511352473984829,1,0.13642266887843946,0.08452882002700852,0.34713827293275246,1
390.756007,grid_0460_y506_z542,472.086,504.286,542.247,18.059594402976007,1.179,-0.16889182838312142,0.04814082811304047,0.43451432921310673,1,-0.07403674193667224,0.02287714047844778,0.4042847683236034,1,0.01891759565388561,-0.008817820381091763,0.3794804058729945,1,0.09680531378674254,-0.010579935081031314,0.35666958017915407,1,0.13646643901905198,0.08462964214423041,0.3473903123985674,1
391.492738,grid_0461_y508_z542,472.193,506.458,542.04,18.590997875315953,0.727,-0.16718310723396992,0.048156176663971664,0.43468766773062795,1,-0.07300652132249566,0.022129103401761413,0.4068196883240726,1,0.02062188823243568,-0.010601789652012045,0.38377683814428465,1,0.09697201469056269,-0.01068698178655489,0.35497893663597924,1,0.13543830145486027,0.0836909652401383,0.34424923294994586,1
392.12472,grid_0462_y510_z542,472.372,508.095,542.345,18.715981967292024,0.62,-0.16245092771278533,0.04683655809070715,0.42611387895596853,1,-0.0712620433067314,0.021041915248955885,0.40645155437354485,1,0.021362056227761578,-0.012636239587744513,0.37850973863182225,1,0.09692251443018282,-0.010721740368779582,0.3541765240037059,1,0.13630924309168196,0.08434840952610119,0.34664669699709005,1
392.756504,grid_0463_y512_z542,472.354,510.299,541.731,20.030556881924195,0.621,-0.1626692468668307,0.04745932549363274,0.43114835967029286,1,-0.07002505498663555,0.020233507123346615,0.4084861011727451,1,0.02266395387895336,-0.014529382017465103,0.3758441802748974,1,0.09796519103134231,-0.01079073986686127,0.35740971893352613,1,0.13682652376209287,0.08462913329393007,0.3479914470837304,1
393.496939,grid_0464_y514_z542,472.253,512.196,541.999,20.580900198970905,0.728,-0.16075599880564642,0.04676368355939599,0.430992759086542,1,-0.06907489612385262,0.019033427841744565,0.4129667607478048,1,0.02410514385187859,-0.01682169351377019,0.37647233539507774,1,0.09867931825652651,-0.010969120415692299,0.3595473701465078,1,0.13710583658033862,0.08475738302722327,0.348645586049072,1
394.125116,grid_0465_y516_z542,472.441,514.193,541.566,21.95758331419921,0.617,-0.15931992010471502,0.047057454164062165,0.43242063027623906,1,-0.06664911896340807,0.018035625664534892,0.4089592498932375,1,0.02563831455825464,-0.019041916971241517,0.3808965120473369,1,0.09824699273769096,-0.010928275031035745,0.3577096299003647,1,0.13710583658033862,0.08475738302722327,0.348645586049072,1
394.74808,grid_0466_y518_z542,472.449,516.216,541.444,23.181681949332386,0.613,-0.1569090250428534,0.04706420306508309,0.4308757998852202,1,-0.06424153310440864,0.01692856068199546,0.4042020418394216,1,0.026499456548526933,-0.020641181989298436,0.3729682626796242,1,0.09863728312658213,-0.011158889019730991,0.3587744902123391,1,0.13710583658033862,0.08475738302722327,0.348645586049072,1
395.387581,grid_0467_y520_z542,472.359,518.211,541.615,24.262734141065,0.629,-0.15229231294315052,0.045903381961663506,0.423132323321294,1,-0.06324463440173675,0.015999588278682617,0.40798401708028875,1,0.028229494881696893,-0.02299170571213257,0.37702988318441377,1,0.09920007811825429,-0.01163113885579661,0.3598041146009024,1,0.13707631552172267,0.08469826337507422,0.3485059073761435,1
396.183628,grid_0468_y522_z542,472.446,520.032,541.765,25.36369393444108,0.784,-0.1512947750758892,0.04598618168499465,0.425606772601235,1,-0.061486595517976625,0.014551091730730267,0.4089674446413637,1,0.02933444926455627,-0.02527622907316505,0.37373315701069776,1,0.09882585407291541,-0.011613422660016828,0.35761331488891346,1,0.13703588302522984,0.08469950919195861,0.34843873577771545,1
396.869374,grid_0469_y524_z542,472.306,522.173,541.857,26.80172921660098,0.675,-0.147261138885578,0.04519744035783778,0.41882421204562076,1,-0.05930018533819013,0.013607946993754259,0.40595352366731674,1,0.030674193241817378,-0.027174346090081448,0.3757714977267007,1,0.09843054769169039,-0.011499104071907467,0.3554283458843278,1,0.13693865248227402,0.08456140869804596,0.3480347657765999,1
397.614867,grid_0470_y526_z542,472.193,524.118,542.306,27.952214831744588,0.734,-0.14813963184335485,0.045636697775999116,0.4273883080784763,1,-0.05710015500978234,0.01209849611203202,0.4016630645798154,1,0.03156741237615472,-0.028740135416315548,0.36892258546812434,1,0.09890053043114858,-0.011519196780574257,0.3563835011601031,1,0.13611267424558188,0.08374028063587635,0.34520791617933855,1
398.246526,grid_0471_y528_z542,472.376,526.1,541.932,29.737851485942993,0.621,-0.14617531214832355,0.04560392142664242,0.4265198289218298,1,-0.05576147706261671,0.011476640042172786,0.4047590035725988,1,0.033203258794533695,-0.031008951043578536,0.37168744125913145,1,0.09997381557686985,-0.011620209175708999,0.3593247557540289,1,0.13572920618585177,0.0833888362569406,0.34393417005363636,1
398.87719,grid_0472_y530_z542,472.396,528.035,542.062,31.20991134239249,0.619,-0.1434847306665144,0.04540889636574651,0.4242698979279934,1,-0.05342787217627891,0.009997130714696028,0.4001843757503206,1,0.03412365440831522,-0.03295855568429188,0.3690312615710206,1,0.10038200747909283,-0.011772909285363694,0.36004275396785335,1,0.13572920618585177,0.0833888362569406,0.34393417005363636,1
399.518834,grid_0473_y532_z542,472.64,529.854,541.926,32.79431247945293,0.631,-0.1419922032394239,0.045469380033202944,0.42485812687082253,1,-0.052167846705003726,0.009014224028378448,0.3999765813826849,1,0.03507164888845444,-0.03492245828000687,0.3679656101964287,1,0.1004943562988837,-0.011854615146538804,0.36007700195895637,1,0.13572920618585177,0.0833888362569406,0.34393417005363636,1
400.257099,grid_0474_y534_z542,472.486,532.008,541.895,34.6079250750461,0.727,-0.14132641834922838,0.046301855363661826,0.4293259811705277,1,-0.050431859460571694,0.007817598891222513,0.4014792812861948,1,0.03684789274173615,-0.03741189051454239,0.37277165838731563,1,0.10077184521756362,-0.011898879967521345,0.3607472499223919,1,0.13572920618585177,0.0833888362569406,0.34393417005363636,1
400.899613,grid_0475_y536_z542,472.75,533.86,541.6,36.35495634710626,0.632,-0.1374885129326758,0.04574836829544877,0.4219669618594069,1,-0.049311959932288235,0.006909086377975134,0.4016169644893398,1,0.03777249187952382,-0.03921943277703446,0.37375018346810157,1,0.10086550799578557,-0.011901189910931417,0.3608246121858566,1,0.13572920618585177,0.0833888362569406,0.34393417005363636,1
401.595164,grid_0476_y538_z542,472.647,536.167,541.369,38.458771379231585,0.685,-0.13466676975029496,0.045909663853178684,0.4190162150343409,1,-0.04787407996277682,0.0059786224902272835,0.4033329751968083,1,0.03876237192229847,-0.04189622499087007,0.3740073686563619,1,0.10039280937153057,-0.011697100865521165,0.36022236572840244,1,0.13626991609001562,0.08377751138133668,0.3455914846867115,1
402.337737,grid_0477_y540_z542,472.918,537.928,541.575,39.91954586415031,0.732,-0.13427281659517792,0.04609107738867042,0.4232015172648419,1,-0.04629529294387883,0.0044040350189550595,0.40123564233546116,1,0.039933902637518365,-0.04490682228110211,0.37656279192533304,1,0.09856847279170063,-0.011494884361430526,0.3554110941494799,1,0.13704679446310677,0.08463914372292518,0.3483662287032149,1
402.969533,grid_0478_y542_z542,472.847,540.156,541.177,42.074244627800475,0.621,-0.13198105036602542,0.04636950768315082,0.42252274284030245,1,-0.044713297890289196,0.0034586067607512475,0.40115114978685673,1,0.04066005647939993,-0.046944737185120024,0.3752321216903821,1,0.09823641515225268,-0.011470571942286794,0.3544386871388568,1,0.13710583658033862,0.08475738302722327,0.348645586049072,1
403.601334,grid_0479_y544_z542,472.959,541.907,541.639,43.4477806567839,0.618,-0.1307579771021366,0.04651256499608434,0.42387414103431087,1,-0.043217489043224096,0.001995043373756152,0.39915946897970367,1,0.04166670444590411,-0.04925737887945566,0.37604637529121143,1,0.0981257292724367,-0.011462467802572218,0.35411455146864906,1,0.13710583658033862,0.08475738302722327,0.348645586049072,1
404.234824,grid_0480_y546_z542,472.772,544.025,541.544,45.39885665961204,0.622,-0.1297614940248319,0.046780697118886785,0.42712657970063794,1,-0.04184872518321079,0.0007916491127000795,0.40055549157928383,1,0.04273133134535334,-0.05128500965335159,0.3761394857370996,1,0.09845497484389726,-0.011486167509592502,0.3550586359857812,1,0.13707631552172267,0.08469826337507422,0.3485059073761435,1
405.077291,grid_0481_y548_z542,472.947,545.836,541.633,47.027136814822164,0.832,-0.12769204611873541,0.046629778128029806,0.4262482477414581,1,-0.04047904206029377,-0.0003376405326155522,0.40207552433255245,1,0.04356626884910821,-0.0531099233664595,0.37456879847457564,1,0.09922696393462176,-0.011542283775471092,0.3572992631837442,1,0.13696817354088994,0.084620528350195,0.3481744444495284,1
405.701875,grid_0482_y550_z542,472.61,548.097,541.756,49.04919222576455,0.616,-0.12404438482726513,0.04592950312591487,0.4208379669804039,1,-0.03869101100971174,-0.0014462414940368637,0.4014828228988616,1,0.04438798049726204,-0.055082455983633115,0.3736104889083372,1,0.09965564711394878,-0.011571636773712165,0.35845419339712004,1,0.13680098944282532,0.08442455402101769,0.34756362417705633,1
406.330493,grid_0483_y552_z542,472.85,549.843,541.663,50.71392433050314,0.619,-0.12178529236568872,0.04591071717531562,0.4189210808369014,1,-0.03757340638775666,-0.002558049891798511,0.40481574425177846,1,0.04532115673387142,-0.05688899532969838,0.3728625249675158,1,0.100538335588283,-0.011716743860488092,0.36111010093945,1,0.13682056824781036,0.08432493008944975,0.3474760510848857,1
407.065514,grid_0484_y554_z542,472.589,552.064,541.963,52.670914070291204,0.725,-0.11835150733763974,0.045509711142424504,0.4147942833639295,1,-0.035841176416495646,-0.004193861348281633,0.4029657236651468,1,0.046893692306131524,-0.059624271898476744,0.3754980964759319,1,0.10092720395089232,-0.011803112760381842,0.36258476217985847,1,0.13624055588632483,0.08386160412192245,0.34586815843967644,1
407.696002,grid_0485_y556_z542,472.997,553.781,541.69,54.39236991527392,0.62,-0.11914256878533838,0.046582335262730874,0.4231114663577749,1,-0.0344948262522367,-0.004917206913820161,0.40224033403596493,1,0.04630694657965153,-0.05960939185354016,0.3656846315488601,1,0.100538335588283,-0.011716743860488092,0.36111010093945,1,0.13677146838420942,0.08436543436886863,0.34742394550412775,1
408.831169,grid_0486_y558_z542,472.886,555.998,541.514,56.53361905096832,1.123,-0.11502827713668431,0.04653523859280798,0.41723001328327874,1,-0.033494225235250405,-0.006699936236564498,0.40746322461362416,1,0.04821948201336458,-0.06447825004085868,0.3757240948975886,1,0.09831220169771379,-0.011506512978340851,0.35479638462981256,1,0.13638603497635984,0.08406709614466953,0.34686379548302504,1
409.465287,grid_0487_y560_z542,473.015,557.924,541.422,58.38814049102779,0.623,-0.11385293336368141,0.046796435935522504,0.4182328449423422,1,-0.03220266776646895,-0.007539647690262438,0.40286678072049825,1,0.047815811451035486,-0.06464599213156988,0.3692046602585474,1,0.09806358868979614,-0.01147104668415016,0.35466570440083456,1,0.13561494675168362,0.08373962091528761,0.3451556769101503,1
410.203754,grid_0488_y562_z542,472.885,560.161,541.195,60.574765868305214,0.728,-0.11016466531696775,0.04650905118251227,0.41152526016170066,1,-0.030352002983632886,-0.007911505117577355,0.3986324102099517,1,0.048311786082631855,-0.06586970107106081,0.3669122853705963,1,0.09807859069154247,-0.011470633599753036,0.354582921265613,1,0.1358321003663915,0.08385575649720237,0.345717957691719,1
410.837605,grid_0489_y564_z542,472.805,562.133,541.38,62.3903070115864,0.623,-0.10753530598773937,0.04632844416423976,0.4092866874356993,1,-0.02874684420188431,-0.0091352815143323,0.39812526559943184,1,0.04964751040976175,-0.0684431460872575,0.3699925643392049,1,0.0981257292724367,-0.011462467802572218,0.35411455146864906,1,0.13662819141183696,0.08425225023754582,0.3474232389491832,1
411.475829,grid_0490_y566_z542,473.041,563.956,541.497,64.10404062927708,0.625,-0.10615959321074457,0.04635784577432171,0.4109431330355437,1,-0.02735540188731911,-0.010227879986808793,0.39719123873523543,1,0.050426161900284504,-0.06983523902072919,0.36836279302768765,1,0.09892564354606437,-0.011502662333224976,0.3564408905662191,1,0.1368670139960878,0.08450481663238454,0.34803441249912764,1
412.108618,grid_0491_y568_z542,472.76,566.081,541.579,66.10548967370264,0.622,-0.10471361152961482,0.04671378641789024,0.4126745671884412,1,-0.025689266201101423,-0.011055312860574765,0.39594747368025696,1,0.05144245861743753,-0.07143524372061963,0.36900858842431117,1,0.10023894965786277,-0.011701190123552788,0.3606661852577327,1,0.13689918917002722,0.08434354546217993,0.3476678353385723,1
412.841598,grid_0492_y570_z542,472.513,568.314,541.552,68.25016994850634,0.721,-0.10371051743518096,0.047631722593008165,0.4189404887516563,1,-0.02377869625868944,-0.01167299194406311,0.3975473482869772,1,0.053426165457603904,-0.07367053343564474,0.37279422372005744,1,0.1024052646573322,-0.012337331771050739,0.3652747346632502,1,0.13594549014751728,0.08354430630669904,0.3445970959068664,1
413.473816,grid_0493_y572_z542,472.615,570.22,541.551,70.08809508753968,0.622,-0.1007874877259423,0.04710058666969737,0.41360532768126224,1,-0.022673183717748336,-0.012509474182982589,0.3999975971307445,1,0.05449139648512976,-0.07477011795211613,0.37260528461261744,1,0.1025887750001601,-0.012362338692744203,0.36359636794679107,1,0.1366344467253434,0.08365487783754419,0.3452057892131461,1
414.10532,grid_0494_y574_z542,472.689,572.059,541.875,71.78066865110688,0.621,-0.099248526785198,0.047043707534315235,0.4152534920173174,1,-0.021174357814927755,-0.013632543547703463,0.39841575106933014,1,0.05536624117858234,-0.07611494575715182,0.3722415549216722,1,0.102135629868507,-0.01233182647671476,0.3608456183332098,1,0.1383932819437033,0.08456064839015395,0.34934460976965004,1
414.734001,grid_0495_y576_z542,472.772,574.035,541.67,73.74580344670468,0.619,-0.09643309174712208,0.04671940735253902,0.41119426974119405,1,-0.020592478810368763,-0.01554341655394366,0.39652140157792737,1,0.05450280000115497,-0.07818173081487748,0.37080197760590083,1,0.10060192005048145,-0.011860240331941952,0.3610244875796097,1,0.13646662124669612,0.08403260536266306,0.3463419836321121,1
415.466007,grid_0496_y578_z542,473.018,575.928,541.525,75.62188996580291,0.722,-0.09517460379088077,0.04740276719688663,0.4130249126152834,1,-0.019343969544083257,-0.016219052852876475,0.39375856400214254,1,0.05521053008985928,-0.0797185745331866,0.37113168819163106,1,0.10073378689685783,-0.012047559469959694,0.3614624832275649,1,0.13676152613057851,0.08420669078515167,0.34719669373902873,1
416.10183,grid_0497_y580_z542,472.932,578.021,541.305,77.70145857704345,0.625,-0.09221895873683167,0.047184228376293526,0.4079766709473387,1,-0.01832935662847762,-0.017135210087507475,0.40257897909025975,1,0.0551514525965537,-0.07973196895612744,0.36688117254727537,1,0.10040850299644696,-0.012104687041519806,0.35990220862731626,1,0.13605363212835006,0.08362204133157825,0.34492855883348145,1
416.787385,grid_0498_y582_z542,473.106,580.08,540.996,79.77839423678576,0.675,-0.09012901517388117,0.047564939141723245,0.4079144389819346,1,-0.0172774752217797,-0.017859595551511835,0.40444076758555497,1,0.05593692820329077,-0.08065810972009954,0.3663671264496223,1,0.10120372390035334,-0.012127153451503087,0.3616481866626017,1,0.13572920618585177,0.0833888362569406,0.34393417005363636,1
417.522717,grid_0499_y584_z542,473.079,582.069,541.188,81.66382619618064,0.725,-0.08864249759475204,0.04762567624773788,0.4086840664346802,1,-0.01557018170287433,-0.018256688884231837,0.39253232435841634,1,0.056985543336258625,-0.08217200350919092,0.36907879271680527,1,0.10257447275156802,-0.012419495034589497,0.36542814902126,1,0.13572920618585177,0.0833888362569406,0.34393417005363636,1
418.213411,grid_0500_y586_z542,473.094,583.995,541.047,83.56997490127662,0.68,-0.08632921037828345,0.04801702293869198,0.4068580626020385,1,-0.014270632795538854,-0.019347792486187974,0.39959809664783164,1,0.05772442274396193,-0.08293360182678844,0.36910565011650626,1,0.1029779708246493,-0.012539605563348887,0.36655714777716625,1,0.13547842106210378,0.08319608336532966,0.34323610073197247,1
418.86663,grid_0501_y588_z542,473.217,585.943,541.206,85.43474270459296,0.643,-0.0828920977283514,0.047255841977496604,0.4006545528043687,1,-0.013113743805544314,-0.02020602848807962,0.3976602474894058,1,0.059323047822155604,-0.08553912179418313,0.37497566751777817,1,0.10270392123113678,-0.012530130277010523,0.3654358890955832,1,0.13609157820647982,0.08356306286431885,0.3446781086703002,1
419.653201,grid_0502_y590_z542,473.142,587.957,541.436,87.34687320104825,0.776,-0.08085264574120715,0.046896280752065964,0.3993851465658242,1,-0.011893025471318455,-0.020906286554721393,0.38983113052937807,1,0.06004274099554637,-0.08670552305586485,0.3755964781090824,1,0.10318180393364218,-0.012586747280846536,0.3672911650041106,1,0.13572920618585177,0.0833888362569406,0.34393417005363636,1
420.284737,grid_0503_y592_z542,473.066,590.039,541.393,89.38757992584877,0.621,-0.0799604564489571,0.047674015444590004,0.40513323564185083,1,-0.010634765180488791,-0.022189599410923917,0.39226860638797983,1,0.059717760627782425,-0.08595591291694446,0.36918640305338307,1,0.1029779708246493,-0.012539605563348887,0.36655714777716625,1,0.13597078753293712,0.0835049873285261,0.34443012913141224,1
421.088181,grid_0504_y594_z542,473.03,591.895,541.612,91.15648272064912,0.793,-0.07838491532873024,0.04798405752270648,0.4071435910259839,1,-0.009647774987006374,-0.02365400707803419,0.39664984261543357,1,0.05965848938739186,-0.08576979335819548,0.36539147269721794,1,0.10237202902420994,-0.012363744285837152,0.3648071436936431,1,0.13572920618585177,0.0833888362569406,0.34393417005363636,1
421.824347,grid_0505_y596_z542,473.189,593.937,541.424,93.19777276845197,0.725,-0.07533633972783174,0.04790028367873279,0.4036007791949866,1,-0.008604008346961449,-0.024622868930606785,0.3999748331029168,1,0.06024745436443366,-0.08647670465450306,0.36577043978519125,1,0.10277552709729125,-0.012483854814596544,0.36593614244954936,1,0.13572920618585177,0.0833888362569406,0.34393417005363636,1
422.455294,grid_0506_y598_z542,473.093,596.028,541.224,95.28321427197976,0.619,-0.07401686639102154,0.048474805223113024,0.4056103283268994,1,-0.007338668884020826,-0.024780358059706638,0.3922492756134789,1,0.060599285297928254,-0.08697312853131173,0.36550811697099667,1,0.10294286258238947,-0.01255843877892853,0.3663635270498469,1,0.13584999685939442,0.08344691179273336,0.3441821495925243,1
423.08501,grid_0507_y600_z542,473.19,598.013,541.231,97.22982331054608,0.618,-0.07202120565588069,0.04864325410505638,0.40511804842119126,1,-0.006080465898589646,-0.025268861642863544,0.3885584372564824,1,0.06125239863034686,-0.08745802723110747,0.3655233473228939,1,0.10161255153273396,-0.012352887757589637,0.3611731863207513,1,0.13657474090065055,0.08379536500748984,0.3456700268258519,1
423.930019,grid_0508_y602_z542,473.123,600.144,540.932,99.3758859985661,0.834,-0.06988865807994571,0.049687046277320915,0.40745725986080583,1,-0.004678095252335002,-0.025952363903540304,0.39027082687717296,1,0.061390485858754826,-0.0873493101968079,0.36264549413089464,1,0.10158881264648101,-0.01225743291479153,0.35974696108556536,1,0.13731028299554612,0.0840933738701902,0.3469546841921006,1
424.559799,grid_0509_y604_z542,473.221,601.977,541.265,101.11387521008183,0.619,-0.06741320218731799,0.04885202414986252,0.40190668697939336,1,-0.003519422541945197,-0.026753822038574182,0.3930050543364506,1,0.06278817648106498,-0.08864041525443338,0.3664706179764702,1,0.10264764140300849,-0.012359907825039432,0.36255245361361366,1,0.13614705608714517,0.0831925467670408,0.34351896893074163,1
426.425878,grid_0510_y606_z542,473.196,604.049,541.429,103.1188001918176,1.855,-0.0652114529880792,0.04892024596653312,0.40474079150334064,1,-0.00167324033098316,-0.027495824095618654,0.3876748048058718,1,0.06252022129967219,-0.08753542817685896,0.35877538426669403,1,0.10194363294542279,-0.012457911806821815,0.3589954840803033,1,0.13711804245241657,0.08364869724104511,0.3452918296855973,1
427.229058,grid_0511_y608_z542,473.074,606.101,541.479,105.12483575730333,0.791,-0.06244269988302831,0.04855015380762376,0.40013852458448396,1,-9.418083641573925e-05,-0.02847100407233183,0.388342656423101,1,0.06417487870484688,-0.0892662743404935,0.364433765735576,1,0.10187853040993033,-0.012543806427054322,0.3559609533067416,1,0.14345336236727202,0.087009638621352,0.3611324901054861,1
427.961173,grid_0512_y610_z542,472.944,608.138,541.404,107.13966672992785,0.722,-0.05943153636064136,0.047787687157960744,0.3917431883321342,1,0.0006630419427698637,-0.028408869581884523,0.3848191082016378,1,0.06525631173870153,-0.09005635217818425,0.3660149410514816,1,0.10424046086037472,-0.012893541695553404,0.36428104887289253,1,0.13854917921556348,0.0836825645213305,0.3479540385393514,1
428.590974,grid_0513_y612_z542,473.115,610.043,541.441,109.0126479634359,0.619,-0.05750203107553233,0.04782155692897675,0.39102958643014507,1,0.0019679528086325943,-0.02871640963191785,0.38180669279679946,1,0.06649479650081452,-0.09110519555491077,0.3683819066533408,1,0.10410243562416636,-0.01298897396287855,0.36156696658929033,1,0.13765723550131936,0.08314856253259385,0.3453222827021841,1
429.219611,grid_0514_y614_z542,473.196,612.034,541.262,111.00623342407401,0.618,-0.056624615504150565,0.04898634726704788,0.3984903221200297,1,0.0033926927414859353,-0.02908026704988384,0.3809224371007881,1,0.06800528985272739,-0.09272345668894846,0.37298065834690464,1,0.10451644312607475,-0.013093811365452956,0.3615708328731918,1,0.13780446147970074,0.08280373755400869,0.3441274172946952,1
429.846588,grid_0515_y616_z542,472.989,614.224,541.13,113.18189856156334,0.616,-0.05484626199378286,0.049683332615311895,0.4007191876070658,1,0.004813295162196426,-0.030208595867842976,0.3894966048911043,1,0.06904789962414923,-0.09352623344654074,0.3746645369248014,1,0.10482330833006952,-0.013097894498515745,0.3607414985972248,1,0.1372204652336288,0.08225450253420064,0.3420011395454763,1
430.582983,grid_0516_y618_z542,472.973,616.369,540.972,115.32229443173601,0.725,-0.05223444814481992,0.05004173356912219,0.39962337154655847,1,0.006311126223062178,-0.030397161100858057,0.38916980772714677,1,0.06898182533001909,-0.0927031022968232,0.36908778862044544,1,0.10557118579321052,-0.013135106157872783,0.361569091337478,1,0.13776311669835156,0.08246182871775762,0.34295492088749147,1
431.213325,grid_0517_y620_z542,472.976,618.4,540.798,117.3536741095054,0.621,-0.05081417577356393,0.050895050297106184,0.4032182968089872,1,0.007628278592489679,-0.03106618382624296,0.39124343734903966,1,0.07037577504323375,-0.09385515852208756,0.3728827645084702,1,0.10582579248223078,-0.013419097440016814,0.3606746305475742,1,0.1391281852098174,0.08285776595903646,0.3451922549349488,1
431.902463,grid_0518_y622_z542,473.042,620.283,541.086,119.16568921463933,0.679,-0.04831900544818311,0.050262202213671094,0.3998247616672269,1,0.008963264551640737,-0.030999860150333708,0.3829842172961874,1,0.07071211298837159,-0.09326215245578497,0.3682182585690127,1,0.10662721445251622,-0.013885424561330137,0.361267411670868,1,0.13902570462749525,0.08221107758654596,0.3434653692796381,1
432.638263,grid_0519_y624_z542,473.147,622.248,541.074,121.10933958204883,0.725,-0.04585646043832801,0.05029191720734746,0.3984740086752111,1,0.010807114938924386,-0.032224761320530634,0.3899778444212174,1,0.07200456470496261,-0.09401935382758583,0.3694459596689924,1,0.1082543440845715,-0.014054752978639482,0.36469951041069104,1,0.13975116989371464,0.08235288788121717,0.3445918285212683,1
433.27836,grid_0520_y626_z542,473.127,624.275,541.13,123.10186530268336,0.631,-0.04343484150069049,0.04984517751549708,0.39294504057575314,1,0.011765190642154134,-0.03210083534649928,0.3837350414859882,1,0.07277770450264212,-0.0943862057090038,0.3697892235406016,1,0.10826282536301639,-0.014042541733475938,0.3631271226287242,1,0.1413014276327837,0.08311988661096345,0.34824927105647524,1
433.909282,grid_0521_y628_z542,473.202,626.025,541.313,124.80445325788659,0.619,-0.04155689301809172,0.049543994275946045,0.3917740295006448,1,0.012927041847159548,-0.032548954885197705,0.383802155225738,1,0.07439003116067255,-0.09579334474644811,0.3741259282557672,1,0.1081962861577213,-0.014091777320703769,0.3616087187905295,1,0.14262527618447368,0.08368139204160788,0.35089995256991224,1
434.530719,grid_0522_y630_z542,473.278,627.975,541.14,126.7594082267664,0.612,-0.040114126810906175,0.05035675611438876,0.3970127516218337,1,0.013920771384812259,-0.032791747073552244,0.3798092425720724,1,0.0737272525511548,-0.09474673881925003,0.36793955993769567,1,0.10786074399979102,-0.014133513477760179,0.3594376840115097,1,0.14078521684053977,0.08245684904412301,0.3462766561840097,1
435.279593,grid_0523_y632_z542,473.137,630.038,541.086,128.80412161883643,0.738,-0.0378656122137631,0.05063825316229548,0.3965744997464133,1,0.015584498840273723,-0.03344575730671024,0.3818663557837228,1,0.07473934548619646,-0.09491236603835472,0.36724977400965636,1,0.10856229808719833,-0.014392987155140305,0.3599652873763713,1,0.13988475802301645,0.08168307308423109,0.3433266625381218,1
435.908165,grid_0524_y634_z542,473.289,632.116,541.088,130.8618395484337,0.617,-0.03572742525056236,0.05045020986435674,0.39394408228178246,1,0.01662775242694569,-0.03349733540770157,0.3804841986237737,1,0.07555350874597508,-0.09542868673648988,0.36892751070187446,1,0.10968714010906741,-0.014469903526390698,0.3627374302399772,1,0.14018380844931516,0.08179791944858746,0.343799570129101,1
436.533687,grid_0525_y636_z542,473.345,634.046,541.276,132.7453300195529,0.616,-0.03309847623452496,0.049987854812645574,0.3889275590964232,1,0.018131945549343775,-0.03447034194126719,0.3834564702312172,1,0.07663384540018583,-0.09640648326621128,0.3712731805775736,1,0.11145916964038916,-0.014806544598602514,0.36690772281336254,1,0.14185015080907695,0.08273472897236891,0.34731424402509364,1
437.167384,grid_0526_y638_z542,473.419,636.086,541.082,134.7932874218891,0.622,-0.03129892585911893,0.0504172181277613,0.3910586171487293,1,0.019336087307613818,-0.03472152943358586,0.38264746571687897,1,0.07698748168808664,-0.09604486254218685,0.3688230182630307,1,0.11130903596033899,-0.014946481117989676,0.36496441797080414,1,0.1426691700034263,0.08315758745348825,0.3488604378307957,1
437.909902,grid_0527_y640_z542,473.336,638.003,541.269,136.6631595310163,0.732,-0.028987110126001442,0.050563751510413577,0.3902079646159014,1,0.020835266195020304,-0.03496666426017022,0.37896277654752253,1,0.07794832909237595,-0.09646680207006701,0.36901386162169453,1,0.10970575680268838,-0.01470345100880463,0.35880719167306113,1,0.14081137926004164,0.08190740236584175,0.3440753762390762,1
438.59781,grid_0528_y642_z542,473.572,639.737,541.239,138.3892544275024,0.677,-0.027058379080451538,0.05062771262811296,0.389192978500981,1,0.021666507239128097,-0.03537129632923068,0.37913187768638745,1,0.07882190671230578,-0.09711467754534919,0.3705893152189927,1,0.10959622308989014,-0.014868786722040011,0.3567311931614524,1,0.1405061996506926,0.08155045083327282,0.3428835341432045,1
439.231696,grid_0529_y644_z542,473.472,641.747,540.982,140.4130155719191,0.623,-0.02532801323230609,0.05120377241053677,0.3908351178472763,1,0.023052731184229503,-0.0363339051418324,0.38485672388200565,1,0.07888545879063305,-0.09689514716149854,0.36934490126250114,1,0.11040154269046834,-0.015022507395132454,0.35843276499659493,1,0.1391629446099702,0.0805374265829732,0.33920620452728567,1
439.963825,grid_0530_y646_z542,473.366,643.818,541.274,142.4233190281704,0.722,-0.022777281738770284,0.05104415162982405,0.3910195657902854,1,0.024094974767634697,-0.03578018219955121,0.3739858287859549,1,0.07966911695388783,-0.09686315556636037,0.3679630930300887,1,0.11302767982757174,-0.015571845230247938,0.3660422644490803,1,0.13905005566093634,0.08026028362996065,0.33824272749352563,1
440.594833,grid_0531_y648_z542,473.531,645.82,541.277,144.41030233677935,0.62,-0.02130636605880456,0.0518120599203563,0.39562944269804307,1,0.025781226976598026,-0.03679315879802737,0.38050612869719985,1,0.08076013543389364,-0.09769591757600035,0.37007250975991346,1,0.11352443736121882,-0.015640265081406233,0.3662562916332629,1,0.1399410066598598,0.08078294067906959,0.3400369596240761,1
441.234573,grid_0532_y650_z542,473.51,647.93,541.204,146.51101627864026,0.63,-0.01854979188458238,0.05096470002913374,0.3867159398106789,1,0.02676169424355842,-0.03706792988549383,0.3775414966994827,1,0.08202324946618038,-0.09854934133220154,0.3722451815168594,1,0.1138947289191659,-0.0156712934056298,0.3660073419596861,1,0.1407513805225657,0.08120376047085474,0.34151808845450327,1
441.968566,grid_0533_y650_z544,473.566,648.122,542.271,146.56829446370725,0.725,-0.01771445541156718,0.05016851535177591,0.38787365690387815,1,0.027583783945214678,-0.03814697190852438,0.37869656547853686,1,0.08112022662639962,-0.09715408384450483,0.36602455976324677,1,0.11394569069310696,-0.015683893880686584,0.36583903950181984,1,0.140319814415153,0.08082743184434751,0.3402450244277605,1
442.608385,grid_0534_y648_z544,473.566,648.122,542.271,146.56829446370725,0.628,-0.01794809000816349,0.050389641745557254,0.3930797383616276,1,0.02970832868456586,-0.04129819931085508,0.40669727865723526,1,0.08239765921600753,-0.09849816482139837,0.37178959656085053,1,0.11473778236230232,-0.015718129956909764,0.368441018453926,1,0.14123855804820856,0.08154805344335321,0.34281093911231336,1
443.354002,grid_0535_y646_z544,472.929,647.367,542.362,145.79659723395466,0.735,-0.018584317866054585,0.04995532739580029,0.3898141034358398,1,0.027266423936051075,-0.03900898851267025,0.3839141071394523,1,0.08144980502019375,-0.09817456790406805,0.3703636584507154,1,0.11367391696564791,-0.015616789919542629,0.3656469461053963,1,0.1410939663510249,0.08146449009311259,0.34240899200832453,1
444.095344,grid_0536_y644_z544,472.199,645.843,542.453,144.26339031091703,0.731,-0.019386630685315535,0.04960881190698231,0.3897285683137613,1,0.026130705534590376,-0.03847704898513257,0.3792811877849936,1,0.08009666420419591,-0.09687295287161378,0.3665019870579106,1,0.11292232159065163,-0.01552549540887867,0.3651947050507478,1,0.13964367496636534,0.08065255132641223,0.3395943712991508,1
444.885728,grid_0537_y642_z544,471.488,644.47,542.306,142.91329739041083,0.677,-0.020600035141051024,0.049645380180064244,0.38828382239228737,1,0.025233800590267974,-0.0382896976729921,0.3822157600299155,1,0.07927221034875527,-0.09694042994348373,0.36790753534436743,1,0.11112709626897677,-0.015171106032124043,0.3604216773271623,1,0.13906132406558153,0.08040399163435927,0.3387470973682541,1
445.525014,grid_0538_y640_z544,471.324,642.576,541.76,141.1037327748632,0.627,-0.02245422046354461,0.050488122615428524,0.3922892044503611,1,0.024165400789452132,-0.0379010105446915,0.38740494943270465,1,0.07784383947246784,-0.0962103209131268,0.3665714918415175,1,0.10995759942461873,-0.01472766764584894,0.3589234424221194,1,0.14032160085213058,0.08150095694156168,0.3426548363243087,1
446.260798,grid_0539_y638_z544,471.495,640.493,541.624,139.0578673394642,0.727,-0.025022332878994052,0.05087062926391579,0.3941029451105439,1,0.022403859064339518,-0.0372798601666509,0.38729384063426175,1,0.0774984752000504,-0.09672427557902283,0.37138794450890905,1,0.11126971214137202,-0.014701475370881137,0.3665831208411506,1,0.14105054831297542,0.08225139000450088,0.34548696721569294,1
446.892888,grid_0540_y636_z544,471.44,638.536,541.701,137.10792100385734,0.622,-0.02641181693643105,0.049987529739054556,0.38912387388027864,1,0.020763170953093955,-0.03654028218096533,0.38240198588139623,1,0.07703222496421001,-0.0969775621238371,0.3730768978792436,1,0.10938270693153776,-0.0145532712745706,0.36213907757176655,1,0.1397854672961006,0.0815662801449095,0.34292776208782766,1
447.525177,grid_0541_y634_z544,471.598,636.5,541.563,135.11077531418434,0.621,-0.02875172979494887,0.05018821451456109,0.3909105716268671,1,0.01899987924359402,-0.036154963820781594,0.3797744745369114,1,0.07636956371650017,-0.09707500752274056,0.3746783839531798,1,0.10802863305173124,-0.014218923410951313,0.3591846647342547,1,0.14064453359599044,0.08225784324508567,0.345534098234553,1
448.311877,grid_0542_y632_z544,471.579,634.425,541.953,133.00178779249546,0.777,-0.031021895230107278,0.050140333604457764,0.3943495073067358,1,0.017623874188155347,-0.03602546702436978,0.3793024217735262,1,0.07430651271179771,-0.09523532732242165,0.368480938801255,1,0.10774791562145647,-0.014035236577958613,0.35979467205091736,1,0.14166215768555843,0.08317689001812792,0.34889011736453013,1
448.936345,grid_0543_y630_z544,471.45,632.435,542.302,130.98194769509269,0.614,-0.03291631368632837,0.049611080528869846,0.39453394645073286,1,0.016589697832293242,-0.0361630936956039,0.3827027011956238,1,0.07328474432134541,-0.09507280469077409,0.36849190792136,1,0.10855793354378918,-0.014070854018140297,0.3645925657993085,1,0.1427265577016658,0.08400684180784665,0.35207243036823,1
449.561644,grid_0544_y628_z544,471.393,630.534,542.492,129.07251581184897,0.615,-0.03512498243142377,0.04899921723149301,0.394691132393847,1,0.015273699975100205,-0.036433491935926605,0.3851795230863061,1,0.07265488337714203,-0.09463783329464596,0.3690445143808582,1,0.10759801989035825,-0.014068910283368388,0.36370558199746983,1,0.14077052658715966,0.08317038232769733,0.3477401863308353,1
450.192383,grid_0545_y626_z544,471.326,628.365,542.639,126.90357963824349,0.619,-0.037275245739431195,0.04885012000294943,0.3958033886096942,1,0.013660456173159585,-0.03609450638602435,0.38370547757917417,1,0.07148938093726345,-0.09398212089748807,0.3681223244680941,1,0.10654746537505307,-0.01373702530076445,0.3618268240635212,1,0.14016906693498105,0.08316547231658433,0.3469370114169029,1
450.984982,grid_0546_y624_z544,471.465,626.304,542.49,124.88456699688716,0.782,-0.03990538454795739,0.04883029998297837,0.3972103842614384,1,0.011906054833788848,-0.03613087096573191,0.3881470313992458,1,0.0704938309900097,-0.09399169384339978,0.370772130487245,1,0.10481479030547396,-0.013176979189932467,0.35921265060039564,1,0.13804316943452521,0.08257829646047621,0.34360799539513665,1
451.674416,grid_0547_y622_z544,471.33,624.509,542.311,123.13297795879059,0.679,-0.0417592739574222,0.04869566891832876,0.39490390650203355,1,0.010459894994924624,-0.03566023005709521,0.38889852322200646,1,0.06979660891457626,-0.09415983599024591,0.3728995781845602,1,0.10423203398284578,-0.01304765514931222,0.35998479918056897,1,0.13762513102177357,0.08270290869234395,0.3437977740587837,1
452.429128,grid_0548_y620_z544,471.624,622.372,542.151,121.04477868127975,0.744,-0.04379359131965141,0.048898647899645056,0.3960850147019279,1,0.009210663525830085,-0.03500972271772959,0.3892025305673549,1,0.07017013752160355,-0.0952939190591872,0.3792901587124361,1,0.1047950922984349,-0.013144117761536383,0.36418786921885743,1,0.1371984712399256,0.0826596797015243,0.3438001369149866,1
453.287019,grid_0549_y618_z544,471.661,620.366,542.153,119.06159834724208,0.847,-0.04727350020789164,0.049191245508733,0.4013033584228026,1,0.007295604208138755,-0.034458795220162194,0.39154082150313396,1,0.06652077762818728,-0.09142926668772165,0.36511856971421974,1,0.10163726092400756,-0.012546100478588309,0.35510995446319704,1,0.13813326479541477,0.0835104365749248,0.3471828223015009,1
454.017691,grid_0550_y616_z544,471.736,618.347,542.308,117.04325585867817,0.719,-0.04825747964478784,0.04840056625201161,0.3967456445397034,1,0.006448793936544538,-0.03433634415784946,0.3921689145066667,1,0.06671590205780645,-0.09212874366001958,0.3686287100054831,1,0.10253561244253229,-0.012542167692949208,0.35827862215484474,1,0.1407810828308969,0.08551708634592092,0.3542622605814899,1
454.645683,grid_0551_y614_z544,471.679,616.431,542.24,115.16021844803879,0.617,-0.05035551428008991,0.04856453379403641,0.39807805686810455,1,0.0051072130520453275,-0.03350149155612152,0.3875888549168849,1,0.06686063167729943,-0.09289007434230995,0.3730318795310833,1,0.10349796091963628,-0.012559763659082204,0.3639504996878548,1,0.13766415304771581,0.08393524830942875,0.3468036987321742,1
455.279702,grid_0552_y612_z544,471.406,614.485,542.509,113.19398334275549,0.621,-0.05247735458885662,0.04839508533912175,0.40070301713628753,1,0.0039085567013049894,-0.03366624810160022,0.3928842425566928,1,0.06634813326122399,-0.09254503389212079,0.3733558616837824,1,0.10394054995423041,-0.012563245611262226,0.36644671660017114,1,0.1352961730931907,0.08259109593364806,0.34122902570399677,1
455.915251,grid_0553_y610_z544,471.373,612.408,542.462,111.15022077350999,0.625,-0.0540687226285826,0.04782635095387905,0.39755909221372854,1,0.00279649384209834,-0.032607678073625405,0.38993570766375296,1,0.0650730390078242,-0.09144374401681368,0.3697586511258696,1,0.10261532955796644,-0.012458009306897022,0.36257632015106694,1,0.1365608469469362,0.0835684023819789,0.3449691271784637,1
456.654912,grid_0554_y608_z544,471.302,610.321,542.708,109.05032087068801,0.729,-0.05713452352205482,0.04821413348361173,0.4045400685633587,1,0.0017272217734627129,-0.0329352485185545,0.39901183777439575,1,0.06612568453732415,-0.09360106090025204,0.3787912305802227,1,0.10116201498810846,-0.012327564486663913,0.35829881022130416,1,0.13665390983102685,0.08374727923457276,0.3455924194739463,1
457.285156,grid_0555_y606_z544,471.349,608.334,542.746,107.08360021030295,0.62,-0.05874793041452146,0.04767648737117152,0.40170212086315393,1,0.0007568381786572234,-0.03188503761234494,0.39466891986230673,1,0.06572008340733915,-0.09279841242270181,0.37742681348074764,1,0.1013663592553489,-0.012272468046128068,0.36026968543810345,1,0.1367421778334767,0.08386891332519786,0.34598559620843794,1
457.908254,grid_0556_y604_z544,471.389,606.321,542.646,105.11491361838249,0.614,-0.0610970161139132,0.047814013344159134,0.4043523251161235,1,-0.0005634341730985697,-0.03071480187158631,0.38910476086857265,1,0.06427231051427676,-0.09169231524101869,0.37354945742843737,1,0.10250008812214388,-0.012482988559512877,0.3647018718686389,1,0.13609157820647982,0.08356306286431885,0.3446781086703002,1
458.600398,grid_0557_y602_z544,471.262,604.55,542.564,103.382283641831,0.682,-0.0632197012350037,0.047855991427907495,0.40449621021413484,1,-0.0019123978306006962,-0.02997983948586035,0.39104386603615476,1,0.06411968285792129,-0.09166952902813556,0.374949721547798,1,0.10183556288377923,-0.012279615391395802,0.36303803774729204,1,0.13572920618585177,0.0833888362569406,0.34393417005363636,1
459.573344,grid_0558_y600_z544,471.451,602.503,542.614,101.35850607127165,0.962,-0.06562844730123872,0.04791797058344745,0.4054323413266957,1,-0.003484208399918938,-0.030469657285694507,0.40532622213628755,1,0.061666113847570446,-0.08867320281318661,0.364384054911844,1,0.10017992762305335,-0.012039591258290992,0.35890307350321426,1,0.13572920618585177,0.0833888362569406,0.34393417005363636,1
460.935798,grid_0559_y598_z544,471.431,600.554,542.534,99.453625765982,1.353,-0.06863245794916112,0.048170490655271424,0.41158139069287164,1,-0.004502485515146169,-0.02920999787803135,0.40180533824382725,1,0.06295321296981789,-0.09070181642981667,0.37428539540240746,1,0.10112265525946718,-0.012133928369853442,0.36293714446797337,1,0.13681062599417945,0.08416618650573278,0.3472487993197867,1
462.471321,grid_0560_y596_z544,471.492,598.538,542.399,97.49536365386821,1.525,-0.07068767654402217,0.04808508249429537,0.4105990399928359,1,-0.0056847460065537325,-0.02759672314227855,0.39015450272652913,1,0.062110821413298725,-0.09027042509345692,0.37560313435241416,1,0.10031132618888253,-0.011618423475629285,0.3603140399378933,1,0.1367382793794499,0.08450686222258794,0.3477051125253303,1
463.115734,grid_0561_y594_z544,471.494,596.545,542.228,95.56853407895298,0.634,-0.07226381132020099,0.04806659648541466,0.4101481375342469,1,-0.0066938781180014215,-0.0271200362423017,0.39211355950161464,1,0.06227266178225893,-0.09062751107540831,0.3791796290314152,1,0.09878140834737044,-0.01150925450448934,0.3559743980094223,1,0.13662819141183696,0.08425225023754582,0.3474232389491832,1
463.743695,grid_0562_y592_z544,471.441,594.433,542.353,93.47066106538459,0.618,-0.07372456705164292,0.04760779919736957,0.407330117635075,1,-0.007871809025157491,-0.026249761414904354,0.39071034200686994,1,0.060706902364957196,-0.08910267398508986,0.37441462284271815,1,0.0981257292724367,-0.011462467802572218,0.35411455146864906,1,0.13534566968510453,0.08363861556947397,0.3446363985036147,1
464.477971,grid_0563_y590_z544,471.331,592.54,542.542,91.57570205027093,0.723,-0.0754800632653633,0.047178046757336146,0.40791341646082513,1,-0.009117152162812387,-0.02596034896184382,0.3926304722921838,1,0.059952229043551755,-0.08826386768845618,0.3718646005879803,1,0.09864618964901857,-0.011516503589313323,0.3579929322781506,1,0.134653913435829,0.0833375561826789,0.3434189321726942,1
465.109411,grid_0564_y588_z544,471.426,590.362,542.872,89.37581893890538,0.62,-0.07799792148691341,0.047054655868498926,0.40932804740996465,1,-0.01045778844636503,-0.025328792319885118,0.39302705761023843,1,0.05952942777101315,-0.08826731655551104,0.37462457334641863,1,0.09890254269983292,-0.011529281731915137,0.3597652663013417,1,0.13505077781050207,0.08359338285604948,0.3446646946299831,1
465.741718,grid_0565_y586_z544,471.475,588.272,542.96,87.30944923660904,0.621,-0.08015880715688231,0.04643501246131846,0.40850843926220975,1,-0.011654095750090434,-0.02481675697141416,0.39346557375080965,1,0.058448497037308464,-0.08675415101932916,0.37101506156456415,1,0.09878602353404956,-0.011483455038622905,0.35930633925495536,1,0.13542740327689104,0.08396637715070052,0.34603599837785476,1
467.379272,grid_0566_y584_z544,471.495,586.37,542.947,85.4485279978538,1.627,-0.083619604716464,0.04674331311640146,0.41354790061295316,1,-0.013546946989842028,-0.02474388159587914,0.4088445277370175,1,0.05727920335184696,-0.08505451467588501,0.3669050681872643,1,0.09865476246541618,-0.011478513165559362,0.3592747659809462,1,0.13570574360629004,0.08401546241140746,0.3466256625362132,1
468.285897,grid_0567_y582_z544,471.494,584.445,543.033,83.54637060339611,0.895,-0.08303420643208585,0.04500798539756119,0.40086300828833066,1,-0.014557616520203553,-0.023143135596888322,0.39594523395002623,1,0.06122068457886072,-0.09096567565808564,0.3954391937799099,1,0.09879832805237562,-0.011390758740306747,0.35974037880595605,1,0.13589894871097272,0.0842697046070597,0.34737239217389126,1
469.032377,grid_0568_y580_z544,471.679,582.417,542.679,81.63998495835241,0.734,-0.08615184676513923,0.046196561408982505,0.4081306752780245,1,-0.01573226375076548,-0.02240365069888544,0.40030761423519545,1,0.05686917926005215,-0.08480073637649477,0.37281867356050263,1,0.09855142224544991,-0.011478862894972375,0.35890007982620453,1,0.13565589344915419,0.08405552577755189,0.34657140573641276,1
469.773233,grid_0569_y578_z544,471.71,580.329,542.505,79.64078257400537,0.731,-0.0879707862292713,0.04631007884749085,0.408398031559331,1,-0.016282496364504503,-0.02060077129622165,0.39771019909264715,1,0.05635741249122987,-0.08389968741462575,0.37286018647633634,1,0.09910985990243101,-0.011589579932240182,0.3597518545007561,1,0.13527697506167174,0.08370482697711054,0.34530067879640736,1
470.796064,grid_0570_y576_z544,471.355,578.692,542.505,78.04153702356204,1.011,-0.08924411671830322,0.04584034756888923,0.4051434337602515,1,-0.017358311604535947,-0.019196939476990183,0.39641940323873337,1,0.05567349115934794,-0.08293037007701984,0.3725876683820874,1,0.09884081183133867,-0.011544231740223551,0.3594699151752055,1,0.1347292014020383,0.08336040628032679,0.34367095682512877,1
471.433254,grid_0571_y574_z544,471.643,576.502,542.272,75.9679739758801,0.623,-0.09108412471127883,0.045834063071592726,0.40529130675865765,1,-0.018506797417135228,-0.01845398031333398,0.39551127732225605,1,0.05454976364156353,-0.0809368042899166,0.36922922030416583,1,0.09958329577414919,-0.011585968839701444,0.36163232032054154,1,0.13460790336592976,0.08334891651204965,0.34346679540152225,1
472.124381,grid_0572_y572_z544,471.612,574.439,542.555,73.8964700713099,0.68,-0.09299308916158437,0.04550949813931808,0.4051614251947834,1,-0.01986052887089243,-0.017774003874572637,0.39606137407203496,1,0.05377967768758276,-0.07955736963608476,0.36811360940949667,1,0.09967476578022028,-0.011595428374237954,0.36182705487742994,1,0.13466969884453078,0.08334351364908338,0.34351858770939236,1
472.874844,grid_0573_y570_z544,471.609,572.408,542.775,71.87225582239648,0.741,-0.09686419552026201,0.045887080697538336,0.4137411687355437,1,-0.02127650947102909,-0.016839376615211697,0.39878507114576855,1,0.05289718863050134,-0.0784020925930216,0.3663627403278559,1,0.0992013299085021,-0.011599039466776692,0.3599465890576445,1,0.1347292014020383,0.08336040628032679,0.34367095682512877,1
473.500792,grid_0574_y568_z544,471.642,570.358,543.104,69.80448165411727,0.615,-0.09862612890750608,0.04524733071431916,0.4124417187024741,1,-0.02261403347183973,-0.016349751835205706,0.3999831182483623,1,0.05247979978778754,-0.07724133607171718,0.36692779803713915,1,0.0992013299085021,-0.011599039466776692,0.3599465890576445,1,0.13506259078936256,0.08354950925996206,0.34463818692650444,1
474.140042,grid_0575_y566_z544,471.437,568.542,543.627,67.91323462330452,0.629,-0.09964715736627322,0.04415422773298201,0.4092436072508014,1,-0.023989744407368903,-0.01612362359768668,0.4024201482454597,1,0.051528603697457556,-0.07533111080592655,0.36313865523539113,1,0.0992013299085021,-0.011599039466776692,0.3599465890576445,1,0.13498898233190104,0.08359878571901577,0.344612902322113,1
474.981393,grid_0576_y564_z544,471.568,566.384,543.501,65.85605905305908,0.832,-0.1013524502762357,0.043822161653170634,0.40858238968697363,1,-0.024538857911539074,-0.01476015480311722,0.40046332201500273,1,0.05160572144539568,-0.07466856588627814,0.3683246595314742,1,0.09883544988421775,-0.011561201328630649,0.359167650830091,1,0.13461019628702325,0.08332662101783997,0.343366218593656,1
475.674668,grid_0577_y562_z544,471.55,564.51,543.5,64.04509232564195,0.681,-0.10437826508499434,0.04399338372472479,0.41191803742254407,1,-0.026351838550128338,-0.013751378786950227,0.40170525634843895,1,0.05081629214446668,-0.07291252223401017,0.368052655395363,1,0.0986525098720756,-0.011542282259557623,0.35877818171631415,1,0.13504848488940857,0.08361567835025915,0.34476527143784935,1
477.315584,grid_0578_y560_z544,471.683,562.424,543.425,62.05595311491075,1.632,-0.10812801241456833,0.04432866935860976,0.41704218140382243,1,-0.028276910711034366,-0.012850582526039855,0.39839501135560196,1,0.048995099638833646,-0.07025687041116262,0.3621352347405034,1,0.09871239438162774,-0.011242460597341863,0.36062820860645106,1,0.13620683777369275,0.0847593912521492,0.34867310008187136,1
477.965192,grid_0579_y558_z544,471.497,560.556,543.21,60.31689191263096,0.639,-0.11062921225127438,0.04493603098585701,0.4214198901283678,1,-0.029410369817344528,-0.01214314540466071,0.39912693460890647,1,0.049232167008396666,-0.07115601017881124,0.37225156566144557,1,0.09835351388585026,-0.011101809950534409,0.3609320684510353,1,0.13620683777369275,0.0847593912521492,0.34867310008187136,1
478.700001,grid_0580_y556_z544,471.744,558.438,542.956,58.36627878321523,0.725,-0.11270307746701196,0.04525019084955415,0.4222430224122018,1,-0.03149887839246588,-0.011241229741156634,0.4054652561589459,1,0.04792294693988495,-0.06986921681459193,0.37250713069817454,1,0.09720810614999592,-0.010728676836615133,0.3596991496095004,1,0.1340187636505759,0.08350030344277859,0.34381492489537674,1
479.328185,grid_0581_y554_z544,471.465,556.751,542.763,56.81101365052378,0.618,-0.11425314252673772,0.04526974157606669,0.42090409211853996,1,-0.03296397539348008,-0.010404617904290423,0.4044297971152031,1,0.04631284221361593,-0.06815356851438281,0.3705723936833536,1,0.09697591611502365,-0.010620073930067525,0.3606503494037541,1,0.13447989208527872,0.08429898645937546,0.3464037297340682,1
479.95988,grid_0582_y552_z544,471.581,554.707,542.672,54.900030063744055,0.622,-0.1162448006587388,0.04520406018211072,0.4210637027483763,1,-0.03427442131858231,-0.009562674742626853,0.40183244499573323,1,0.04662692932955044,-0.06869942783014141,0.3816394957754873,1,0.09697212782503903,-0.010472473658335483,0.3628349439443051,1,0.1346642100264329,0.08468706916836097,0.3476390685162113,1
480.587296,grid_0583_y550_z544,471.471,552.822,542.832,53.06277231732246,0.616,-0.11746820748359199,0.04495801159613981,0.419446028294755,1,-0.03579334912210455,-0.008911188702378883,0.4022812457413315,1,0.044856777349234725,-0.0660051951794787,0.37432988723171934,1,0.09674453485839561,-0.01035646554032842,0.362831900742915,1,0.13421004970240535,0.08440843887396646,0.3464958839200926,1
481.328569,grid_0584_y548_z544,471.537,550.747,542.91,51.081233941634565,0.73,-0.1210591664172492,0.04499117563392359,0.424630121566978,1,-0.037482639059810044,-0.007842497384515045,0.40533318128669665,1,0.043805861810191894,-0.06359556474751042,0.37293242373748164,1,0.09669243383623868,-0.010324592016296383,0.3626321662280102,1,0.13423594818901635,0.08443625689677951,0.3466496968521814,1
482.341087,grid_0585_y546_z544,471.454,548.652,543.186,49.0172203516275,1.002,-0.12284862273764588,0.04458926695602382,0.4229261597102158,1,-0.039216073962976175,-0.006374988192402016,0.40890187218289575,1,0.0439779919186131,-0.061602641910441694,0.378799688583879,1,0.09744605109851198,-0.010692498000771503,0.3633001281761737,1,0.1349119550704853,0.08477618144606382,0.34803373629206036,1
482.973273,grid_0586_y544_z544,471.464,546.576,543.439,46.98519977609976,0.621,-0.12392550939692701,0.04400117487449553,0.4216304503347466,1,-0.03946898936492717,-0.005226935286557405,0.4022868136882069,1,0.04330256665974715,-0.0597139419919433,0.37713241862621993,1,0.09771235914599427,-0.010397725143106691,0.36297431439555117,1,0.1349119550704853,0.08477618144606382,0.34803373629206036,1
483.60865,grid_0587_y542_z544,471.276,544.723,543.494,45.23555546248988,0.625,-0.12550416354036165,0.04359053621926827,0.42056357610394146,1,-0.04100845862605548,-0.004248653614981872,0.40342370156230556,1,0.042635622739235005,-0.05762535400756887,0.3773005673707005,1,0.09730324293876288,-0.010422954767497593,0.3616126366365025,1,0.1348619423940503,0.08468865833667313,0.3477858078409162,1
484.344164,grid_0588_y540_z544,471.452,542.612,543.442,43.30361078478328,0.725,-0.12652864915894507,0.043346341293609314,0.4184562180131161,1,-0.04237844421928884,-0.00300787810532653,0.4030304654360929,1,0.04121925271704399,-0.05497522782391669,0.37252960278456204,1,0.0972509133882518,-0.010430679108514857,0.3614423110503872,1,0.13489577660853655,0.08475210864761822,0.3479380369999151,1
484.978721,grid_0589_y538_z544,471.21,540.833,543.511,41.63717594890413,0.622,-0.12848856981291196,0.04321795836292541,0.41873737222271784,1,-0.043872872080629934,-0.0019122747506432947,0.40307304107071473,1,0.04042663908817087,-0.05298626395482978,0.3734804947978504,1,0.0975458502976037,-0.010457463269905695,0.36246241070733165,1,0.1349119550704853,0.08477618144606382,0.34803373629206036,1
485.624996,grid_0590_y536_z544,471.413,538.642,543.425,39.678949192235514,0.635,-0.12963377699028691,0.04292620991197056,0.4165733586144299,1,-0.04588729638312121,-0.0005352787012288893,0.4087776677365242,1,0.03950905589860686,-0.05088044626039083,0.37427104709082093,1,0.09748896989101453,-0.010402291341642535,0.3622886332437859,1,0.1349119550704853,0.08477618144606382,0.34803373629206036,1
486.254871,grid_0591_y534_z544,471.441,536.745,543.331,38.01031191663653,0.619,-0.13400575477453852,0.043577096324017475,0.42365894699045636,1,-0.047670831075750486,0.0007120144872931665,0.4097597311538988,1,0.038836486989434094,-0.04913617903403015,0.37732298489687166,1,0.09766526437415826,-0.0105008898104559,0.3630964458356295,1,0.1349119550704853,0.08477618144606382,0.34803373629206036,1
487.00486,grid_0592_y532_z544,471.565,534.657,543.388,36.12739781661562,0.74,-0.13556064638077764,0.043494261781501786,0.42283458654613104,1,-0.048990223424409826,0.0018154555962838902,0.4069221816072604,1,0.03762767071780087,-0.046585889006456535,0.37589611016727936,1,0.09776413134261974,-0.01053558891855087,0.3633739601278355,1,0.1349119550704853,0.08477618144606382,0.34803373629206036,1
487.637282,grid_0593_y530_z544,471.598,532.78,543.382,34.4809755517445,0.621,-0.13800392880723222,0.0438306487120463,0.425299525293035,1,-0.049715439950568,0.0028821746280028523,0.40244897500510646,1,0.03742892072847763,-0.04507532580445113,0.3816673754298758,1,0.09745071139343883,-0.010436346848193011,0.3621226864649747,1,0.1346976353188565,0.08438245982215156,0.34684818484929686,1
488.265955,grid_0594_y528_z544,471.666,530.899,543.252,32.920537267790806,0.618,-0.14039252090689983,0.043949964100497625,0.4261552392049829,1,-0.051719503853531246,0.004608807481990894,0.4075619556555049,1,0.035693975659969686,-0.04156298101254361,0.37392706213632937,1,0.09781919919249402,-0.010787634656541034,0.3612990690460536,1,0.13491944883776869,0.08404516551226371,0.34579974287536,1
488.894549,grid_0595_y526_z544,471.627,528.888,543.198,31.242046763936642,0.618,-0.14121294817548052,0.04376728910493426,0.42411249999569944,1,-0.05289587140073719,0.006293929423575843,0.4047017261783973,1,0.03532976335195302,-0.03876299715110285,0.3759150480405232,1,0.09850181698607272,-0.011150549367501424,0.36065061869337084,1,0.13620683777369275,0.0847593912521492,0.34867310008187136,1
489.627835,grid_0596_y524_z544,471.788,526.681,543.216,29.41073154479506,0.723,-0.1425906946526612,0.04361778351720668,0.42050039705511794,1,-0.05491669145297726,0.007993324481284102,0.40485241522527904,1,0.033606715034534364,-0.03539892163700664,0.3727355460617715,1,0.09893593079095223,-0.011248428716647722,0.36159636894945735,1,0.13600688241250408,0.08476625291812082,0.3483386813879343,1
490.258004,grid_0597_y522_z544,471.404,524.944,543.261,27.9709562582333,0.62,-0.1444673240264354,0.04371268011955522,0.422426329351124,1,-0.05658979363933949,0.009070921321345616,0.4086013015360309,1,0.033197229010586526,-0.03401652361963038,0.37565353404453783,1,0.09867078503015571,-0.011227860318446465,0.3605488735778456,1,0.13553158305949867,0.08450676336857488,0.3471618482895652,1
490.886223,grid_0598_y520_z544,471.599,522.638,543.415,26.07995891484501,0.618,-0.14810582098580954,0.04383394236433591,0.4268954395824176,1,-0.05772023769289965,0.009980488124096461,0.40442498576214314,1,0.031691951995008176,-0.03167011368686556,0.3770863356478067,1,0.09920107655174874,-0.011268997114848977,0.36264386432106904,1,0.1355715741317364,0.08450539103538054,0.3472287320283526,1
491.513995,grid_0599_y518_z544,471.443,520.729,543.43,24.634031683831303,0.618,-0.14811863535039668,0.0434397835562431,0.42214179436159815,1,-0.0596036807762801,0.011050660810099967,0.4057209011190954,1,0.03052245820628426,-0.029308043712599256,0.37650542211463456,1,0.09876424195325648,-0.011173205090753344,0.36112090025611804,1,0.13533392445523368,0.08437564626060759,0.34664031547916807,1
492.257054,grid_0600_y516_z544,471.406,518.645,543.424,23.153780036961596,0.733,-0.1502823357655776,0.0434413282189478,0.4222687259620468,1,-0.061571230109286154,0.012141946379650784,0.4057737713776867,1,0.028987211493605124,-0.027311252418387603,0.3778841786613782,1,0.09816388089790677,-0.010995927465611344,0.36085410892442127,1,0.1358069270513154,0.0847731145840924,0.3480042626939973,1
493.45221,grid_0601_y514_z544,471.426,516.579,543.4,21.79996233941702,1.184,-0.1523172146506016,0.043640113817503746,0.42248939756191506,1,-0.06391279283153493,0.013598428160483839,0.4079537360831604,1,0.028292179895704078,-0.02527013319393979,0.385898100300197,1,0.09810755821654579,-0.010970157148629662,0.3608880239629297,1,0.1358069270513154,0.0847731145840924,0.3480042626939973,1
494.540428,grid_0602_y512_z544,471.532,514.569,543.436,20.551873539898956,1.078,-0.15534463945451218,0.04386919265302547,0.425302836171259,1,-0.06498086375544146,0.01456823120863413,0.4047045350981809,1,0.025607757424255733,-0.02208022519402687,0.36888507090641687,1,0.09711600499862665,-0.010939472900224444,0.35774968402658364,1,0.1356282240519866,0.0847111213729649,0.34772823290912785,1
495.975029,grid_0603_y510_z544,471.532,512.68,543.332,19.609383136651704,1.423,-0.1565443438462925,0.04424097790970154,0.42410781884055543,1,-0.06667374770953345,0.015645815959473685,0.4049931341938294,1,0.025817334709956154,-0.02117937990406486,0.39290020030686845,1,0.09564303512453307,-0.010552231426592165,0.3546321001038115,1,0.13533038571977196,0.08460779935441905,0.3472681832676788,1
496.615849,grid_0604_y508_z544,471.488,510.684,543.47,18.544251589104384,0.629,-0.16090095913281485,0.044946742749625276,0.43222829648018307,1,-0.06796292641324544,0.01646618513492186,0.404967544522085,1,0.02403190643370687,-0.019268610208782625,0.3822515539399746,1,0.0970269607841642,-0.010615086703387986,0.3604315096913485,1,0.1350078997690604,0.08440395869286285,0.34633907906151534,1
497.349135,grid_0605_y506_z544,471.468,508.728,543.412,17.841394648401224,0.724,-0.16315757765883712,0.045373807359993926,0.4322671310230309,1,-0.07104169959319961,0.018284193498440383,0.41281157461091356,1,0.022200141566893684,-0.01642496438969686,0.37702980150938786,1,0.09742040613806327,-0.01064553678902873,0.3620885238438607,1,0.13512400913979516,0.08446703040680498,0.3466210025070563,1
497.982731,grid_0606_y504_z544,471.629,506.673,543.307,17.364017622658654,0.622,-0.16774697797418087,0.04656640254906119,0.4400130051670386,1,-0.07269615947340255,0.019350001034361373,0.4119986615872301,1,0.021147819958156417,-0.014400025281019718,0.3819436949771486,1,0.09669163011513951,-0.010553650807994561,0.35963917720421623,1,0.13545921426186786,0.0845972217407921,0.34725534928079427,1
498.831809,grid_0607_y502_z544,471.552,504.791,543.26,17.072401998547278,0.84,-0.1648777563292312,0.04563071342785956,0.42690549584629567,1,-0.0743185139126788,0.02125699732721511,0.41139186599422184,1,0.019457973336589655,-0.01127340102133589,0.3810248244089073,1,0.0957798241353838,-0.010503162194500062,0.35539127429435213,1,0.13869694066871235,0.08621076528881094,0.35404908863654,1
499.465809,grid_0608_y500_z544,471.676,502.775,543.125,17.08364027366535,0.622,-0.1692469102598148,0.04703887860955012,0.43418246778632924,1,-0.0758988809270493,0.022439097794183287,0.4115818396565203,1,0.01808893207903647,-0.009249606242777353,0.37628201708287595,1,0.09531894906859895,-0.01033568252207787,0.3542858917489348,1,0.13621257067551246,0.08432149907359313,0.346515640400688,1
500.109369,grid_0609_y500_z546,470.98,502.788,543.988,16.19290248843606,0.634,-0.17165628243957926,0.047903331252916806,0.44003980798371484,1,-0.07627900111535785,0.02269156340581756,0.4128104520997649,1,0.01794271582844262,-0.008414414967353952,0.37704165406892265,1,0.09474975400809889,-0.010314880087285146,0.35101972551481514,1,0.13672039020929483,0.08453906480412496,0.34765822940922064,1
500.746472,grid_0610_y502_z546,471.103,502.779,544.249,15.935000219642292,0.627,-0.1704782502019393,0.04867321965988294,0.43819277166417525,1,-0.07670900058559513,0.020784398201504913,0.414055445562245,1,0.01805161741803705,-0.00874400609738396,0.3756078550236447,1,0.09591173807611202,-0.010445721418950636,0.3561620502879314,1,0.13826834613661468,0.08569955091004029,0.3522707822700792,1
501.59712,grid_0611_y504_z546,471.781,503.105,545.53,14.697414228360083,0.839,-0.1742808827665312,0.04862729089023628,0.4478113480428985,1,-0.07853561142714116,0.01840252363784735,0.42352235110603587,1,0.018369292197421404,-0.01031220756108513,0.37975307317540635,1,0.09605767028226639,-0.010483975343941064,0.3563665085249507,1,0.13613771523595314,0.08426220500033246,0.3465616444461928,1
502.956785,grid_0612_y506_z546,472.324,504.379,545.282,15.08564609156663,1.351,-0.16986414077045234,0.04815855511891446,0.4375324489308233,1,-0.07758780338997225,0.017282458842855536,0.42441970136899,1,0.019480301079117017,-0.01135626202365109,0.3819735197319029,1,0.09443138557859555,-0.010261744743287978,0.3491054680736177,1,0.13628481773835824,0.0842881484731113,0.3468356994104166,1
503.589224,grid_0613_y508_z546,472.341,506.316,545.68,15.04214858323112,0.623,-0.1670945498727557,0.04752140380344656,0.4338687630896129,1,-0.07470968960074678,0.016099960365761768,0.4140698747567331,1,0.020353210661929393,-0.012866411123578525,0.37589392144724465,1,0.09473004091795202,-0.010371747897154494,0.3502264874656979,1,0.13921003923585476,0.08629158838289405,0.3546673768969283,1
504.240987,grid_0614_y510_z546,472.374,508.277,545.728,15.591411289553042,0.641,-0.16508126756970534,0.047500557356349095,0.43387042707521034,1,-0.07295693407302914,0.014751113748940956,0.41507648580579987,1,0.0221314642607534,-0.015105808165636465,0.3787068187349832,1,0.0970995594452562,-0.010821695799455916,0.35762607370576066,1,0.13881569203126826,0.08601237394611495,0.35347737336251617,1
504.87157,grid_0615_y512_z546,472.569,509.989,545.762,16.27624873857616,0.618,-0.16352201978258912,0.047640626801043265,0.4340286379512436,1,-0.07087877527602171,0.013519468253875844,0.4117420149630083,1,0.023719019932056978,-0.017102839551313496,0.38247864511206464,1,0.09669949797035175,-0.010949389315392853,0.3555028529370795,1,0.1363319407444154,0.08439797965546364,0.34728537991649816,1
505.670784,grid_0616_y514_z546,472.332,512.078,545.999,17.093237668739054,0.789,-0.16144158640876075,0.0476873930584784,0.43429090548940463,1,-0.06894179942399038,0.012302031827187629,0.41129251156354113,1,0.024465827308759826,-0.018533449406384073,0.3682284410601895,1,0.09839087535364005,-0.011036810364708027,0.3593761795647136,1,0.13710583658033862,0.08475738302722327,0.348645586049072,1
506.305237,grid_0617_y516_z546,472.518,513.951,545.974,18.22803439759756,0.623,-0.15849267087458815,0.04746349528350233,0.43121673425420964,1,-0.06737212238310944,0.011497586277193769,0.4112079019591245,1,0.026180838503577653,-0.020402080370734696,0.37292209233429474,1,0.09901857769651162,-0.011066225139529469,0.3602883534199671,1,0.13710583658033862,0.08475738302722327,0.348645586049072,1
506.934173,grid_0618_y518_z546,472.443,515.88,546.321,19.2210702355514,0.618,-0.15706980523631753,0.04775969852813282,0.4327960007246975,1,-0.06640867682465376,0.010710076194477664,0.4162229155124494,1,0.02781683976510116,-0.02240991734508105,0.3749654352140852,1,0.09908845805487612,-0.011584814547086653,0.3591099897224905,1,0.13707631552172267,0.08469826337507422,0.3485059073761435,1
508.226646,grid_0619_y520_z546,472.496,517.954,545.898,20.99036433699994,1.282,-0.15248833106573292,0.04793607330835298,0.4263019921585878,1,-0.061478220959951514,0.009370358141382384,0.3998073826480127,1,0.02938716117249312,-0.02457861189365566,0.3721095289479962,1,0.0981257292724367,-0.011462467802572218,0.35411455146864906,1,0.1366042842861448,0.08416946003969132,0.34681312523165564,1
508.868884,grid_0620_y522_z546,472.39,519.955,546.168,22.3092392967578,0.631,-0.1512422354916207,0.04807759052308239,0.4277879153640488,1,-0.06046049618724142,0.008753026846380227,0.40215235515919,1,0.030587701942944766,-0.0256960199361271,0.3722072284199297,1,0.09993320082659903,-0.011743500317899029,0.35819349500156555,1,0.13576504299985437,0.08359508491342997,0.34426726155941456,1
509.501487,grid_0621_y524_z546,472.778,521.82,545.525,24.198123770243093,0.622,-0.15023435996521842,0.04890727798855081,0.4286830951008215,1,-0.059097326508836125,0.008241212550920553,0.401470275148576,1,0.032088253963744366,-0.026859472799188287,0.37332338899256406,1,0.1010154810326288,-0.01198418513564723,0.36051169652560244,1,0.13624270261813357,0.08361895928130166,0.344758440874695,1
510.238158,grid_0622_y526_z546,472.466,524.1,545.839,25.839551660197216,0.725,-0.14675445355147063,0.04884657948604511,0.42556045645639057,1,-0.057228394669971795,0.00757234316862308,0.4034944989105642,1,0.033595780200925164,-0.02858580827683459,0.3714598589458573,1,0.10111350292682977,-0.01209610353460506,0.3583357981489619,1,0.13580487849783845,0.08300290424040865,0.3424786524307186,1
510.869734,grid_0623_y528_z546,472.798,525.922,545.517,27.562879566547487,0.62,-0.14707002815931705,0.05002806413521786,0.4314874769822713,1,-0.05636089186556379,0.0072310038755638685,0.4074640124429997,1,0.03532281528156111,-0.030145473969715546,0.37643341847396516,1,0.10117873406088448,-0.012284346112910436,0.3567540271441113,1,0.13825022513004254,0.08421628106852479,0.34774736100945497,1
511.504159,grid_0624_y530_z546,472.703,528.15,545.525,29.45509988100534,0.623,-0.14294593039040956,0.04979583712540547,0.42600255709425705,1,-0.05481369624377741,0.006657248419326164,0.41072501984892584,1,0.036530718787977826,-0.031083020801594214,0.3710723278638176,1,0.10267192148006117,-0.012669829836056795,0.3583994484966574,1,0.1413319538388652,0.08544562992170933,0.3539058349608843,1
512.363732,grid_0625_y532_z546,472.677,530.068,545.819,30.98943737791962,0.848,-0.1417850443837211,0.0499890579614163,0.42936424573006515,1,-0.051180994090679874,0.005617091065827657,0.39817194966575614,1,0.03841286984171037,-0.03298158064326912,0.370020730159276,1,0.10346755527000089,-0.01314121981864009,0.35725857330270056,1,0.13846754910154024,0.08304069983516267,0.34526926990602813,1
512.998164,grid_0626_y534_z546,472.749,531.903,545.729,32.6667055578,0.622,-0.13795805804662886,0.04966409046153503,0.42282896484076493,1,-0.050276024740142124,0.005209395101151185,0.4032600550345033,1,0.039861396272619774,-0.03383707113881238,0.370745201136709,1,0.10439736792751346,-0.013297301002685658,0.35762045752138755,1,0.13848534948709043,0.08257752857627014,0.3435947812452465,1
513.625641,grid_0627_y536_z546,472.607,533.809,546.185,34.18469838977669,0.617,-0.13590451886831018,0.04956127854660064,0.42236582936191625,1,-0.04848783788867101,0.004479088295323057,0.40368527635244933,1,0.041222357302371795,-0.034965856474577076,0.36943409967308155,1,0.10647303987680626,-0.013775330537318015,0.36146401663648237,1,0.13853566846371282,0.08215662708817069,0.3419208635149736,1
514.363128,grid_0628_y538_z546,472.422,536.187,545.893,36.4671996868419,0.727,-0.13343585121940033,0.04981972971643923,0.4225362717635518,1,-0.04631979772822835,0.004056792525748722,0.40471278224896806,1,0.04309410178220839,-0.03614125688352331,0.36922763727082375,1,0.10817191896823215,-0.014016043873413006,0.36268834213563933,1,0.14191639997840536,0.08327802202081026,0.34876738998416046,1
514.991579,grid_0629_y540_z546,472.311,538.22,545.969,38.31026866259231,0.617,-0.13266604979705693,0.05061957337330343,0.42720374821385454,1,-0.04394636474469149,0.0034695251432968256,0.40055850460268677,1,0.04498442189235981,-0.03716868606998795,0.36983368379149184,1,0.10843577559190146,-0.0144142309831125,0.3605734685858578,1,0.14332321179160218,0.08367824367187851,0.35086303730464474,1
515.623509,grid_0630_y542_z546,472.538,539.957,545.982,39.932403008083575,0.62,-0.13156424113125104,0.05095952726786753,0.42895925161935,1,-0.04251726948963376,0.003098739888316125,0.4028316535979707,1,0.04624940669657419,-0.03805089227817169,0.36850182729239944,1,0.1098127298365359,-0.014722373306658607,0.3619456870081158,1,0.14189190439524496,0.08263382835938363,0.3468357387445503,1
516.255361,grid_0631_y544_z546,472.519,542.088,545.739,42.01064599598533,0.622,-0.12736235278728175,0.05059273437112901,0.42197084670534074,1,-0.0410780645832962,0.0029401198535507363,0.4061165719361076,1,0.04739641235339602,-0.03896797333347136,0.36535151785732156,1,0.11088506979916288,-0.014937436854180383,0.3623642892416452,1,0.1412934761260177,0.08195773233842885,0.3443103090130174,1
517.10688,grid_0632_y546_z546,472.475,544.141,545.667,43.96402229095966,0.841,-0.1261094232151679,0.051389888209422176,0.42486996352136613,1,-0.03891672061950134,0.0021280633239206203,0.40432823768845577,1,0.04873165186486001,-0.039790788127834306,0.36216620769905744,1,0.11091662777850139,-0.015085675194674315,0.3590564513255928,1,0.14205863759161583,0.0822382253557174,0.3453991751529836,1
517.789353,grid_0633_y548_z546,472.653,546.137,545.539,45.89927149748673,0.671,-0.12454393748968062,0.05189033933226822,0.42499899124567087,1,-0.037453696491376025,0.0018081989116780343,0.40465559891388353,1,0.050435160719038086,-0.04152311168674451,0.3666627162620356,1,0.11143951738630924,-0.015236282638260107,0.3595647883192561,1,0.14119825172204678,0.08144821510513671,0.3425669701763228,1
519.426023,grid_0634_y550_z546,472.712,548.13,545.57,47.783523216690504,1.626,-0.12036268254631888,0.051935758001251164,0.42125416690323225,1,-0.03479433067127958,-0.00028050310366804337,0.3927298295130198,1,0.05218953738479457,-0.04704646894036911,0.37564473968528417,1,0.11041063509476154,-0.014801074936628545,0.36164429295693945,1,0.14111692729560865,0.08196889464659747,0.3443774065948309,1
520.160628,grid_0635_y552_z546,473.008,549.963,545.385,49.59832131231862,0.724,-0.11909067060638076,0.05144372842017543,0.4199037234068449,1,-0.034572265281524954,-0.00022052404568886826,0.40139103055408054,1,0.0500022912348964,-0.051048625345708906,0.3696916947624763,1,0.10748689568020153,-0.013938763670509089,0.3618012182218159,1,0.13980883337457672,0.08244306327320912,0.34475821116784655,1
521.297963,grid_0636_y554_z546,472.88,551.971,545.479,51.483477203856395,1.127,-0.11580079920134538,0.05093867880645221,0.4163106225895983,1,-0.032895112232497095,-0.001897349362432425,0.39824956940265055,1,0.04955621008308678,-0.05665432507254392,0.3712797031839391,1,0.10430571083889228,-0.013142664526250281,0.3607620207416954,1,0.13760916312440835,0.08246650866105211,0.3429742915792117,1
523.266095,grid_0637_y556_z546,472.889,553.993,545.553,53.40258630441046,1.959,-0.11341430100992082,0.05090907038099579,0.4154829250106179,1,-0.031565918547202386,-0.004086441748006396,0.39538404087444773,1,0.04890989829313894,-0.0597383741473856,0.36828362591294683,1,0.10275371346673903,-0.012429739252871271,0.35971494303050505,1,0.14256260252181363,0.0865121211962083,0.35884241359748736,1
523.897978,grid_0638_y558_z546,472.923,555.899,545.555,55.23735992967082,0.622,-0.11156073228086683,0.05069091375451823,0.41377713746564054,1,-0.030825323337499766,-0.005175910207614551,0.39589639681180033,1,0.04931049682694412,-0.06196834038090021,0.3697416064549255,1,0.10247895573394325,-0.012408610434258203,0.3621504987351873,1,0.1382771442687206,0.08448906371787772,0.3490943501846076,1
524.527745,grid_0639_y560_z546,473.098,557.747,545.772,56.97196880923106,0.619,-0.1099982756084316,0.0503589167353499,0.41515657344204443,1,-0.02979052120516863,-0.007038403767094864,0.3966680595090663,1,0.05011313795507509,-0.06622972419098937,0.3749868979014298,1,0.10055724035248632,-0.011968409383588325,0.36048132490111534,1,0.13635847926586336,0.08395487033778384,0.346010520705497,1
525.261976,grid_0640_y562_z546,472.841,559.957,545.715,59.11454660233809,0.723,-0.10936769815759746,0.05092036453644846,0.4202025922568671,1,-0.028669193926435015,-0.008433501046376612,0.39866323855060537,1,0.051208375818427534,-0.06888995949380902,0.37821650704131726,1,0.100538335588283,-0.011716743860488092,0.36111010093945,1,0.13660444514106992,0.08431267243242613,0.3472294776575492,1
525.88952,grid_0641_y564_z546,472.947,561.901,545.78,60.98852060019162,0.618,-0.10600693731040944,0.050219436025678535,0.4156424918679954,1,-0.027154253842512,-0.009570685987243624,0.39890409245597613,1,0.0515713769510158,-0.07024626621839429,0.37483993349409983,1,0.10063606124257043,-0.011882151665223894,0.3612862920835075,1,0.1363146844786421,0.08399265231337458,0.34619099991997143,1
526.576353,grid_0642_y566_z546,472.857,563.94,545.865,62.94766938497413,0.676,-0.10476303220974696,0.046738867483736554,0.41373465677511645,1,-0.025876598530244554,-0.01193644653291949,0.3977852852204104,1,0.05254069236678442,-0.07193287002256514,0.3717930104823718,1,0.10097580894198617,-0.011980509218575925,0.3610579121267543,1,0.13614219530419783,0.0837994002880254,0.345347594852267,1
527.214158,grid_0643_y568_z546,472.966,566.076,545.529,65.10680113475094,0.626,-0.10439716659510259,0.04232505762598957,0.41252783748033306,1,-0.024946986867490462,-0.014530895812792174,0.39977596700218443,1,0.05335975614557984,-0.07347339809531934,0.36797403097831766,1,0.10113135672831633,-0.012139598347949634,0.3590278044755426,1,0.13680797219706775,0.08387272891706617,0.34600797604434247,1
527.955106,grid_0644_y570_z546,473.002,568.065,545.45,67.06359896396859,0.731,-0.10283187676462635,0.043022126838602556,0.4148908230824361,1,-0.02280023494466267,-0.014708178828205793,0.395612688720397,1,0.05392624578693748,-0.07375258110794018,0.3642500601801822,1,0.1027837385239834,-0.012483881593460772,0.36258337197306584,1,0.13552621685701785,0.08276150490189481,0.34181490466392506,1
528.589845,grid_0645_y572_z546,472.899,570.231,545.253,69.21579906350861,0.623,-0.09955811621768193,0.0425567057432815,0.4091945280582716,1,-0.021787989836803162,-0.015879886222526732,0.3982901008783061,1,0.05502379760246923,-0.07590287164277704,0.36769167653423673,1,0.10273512984049424,-0.012511965691252791,0.36242930397815015,1,0.13656935729912734,0.0833022446124065,0.3445888388843035,1
529.224216,grid_0646_y574_z546,473.321,571.915,545.096,70.90814986304464,0.623,-0.09784156017404293,0.042645813461483016,0.4082836591614706,1,-0.02126630578513826,-0.017947010750575736,0.3991948473856213,1,0.055023996586690715,-0.07869715754726421,0.36964343700189495,1,0.10057481951216589,-0.012123180629991659,0.36041975298701956,1,0.13572920618585177,0.0833888362569406,0.34393417005363636,1
529.967563,grid_0647_y576_z546,472.752,574.261,545.135,73.17386476741541,0.731,-0.09650920383534498,0.04322569069754835,0.41232480530822074,1,-0.019935467757723247,-0.018805229519262667,0.3987245088017982,1,0.056092992370227815,-0.08051554590053638,0.37122718056182585,1,0.10075680318221872,-0.012057618382944973,0.3601135303811439,1,0.13572920618585177,0.0833888362569406,0.34393417005363636,1
530.608432,grid_0648_y578_z546,473.116,575.947,545.209,74.82027402382327,0.628,-0.09476582660665255,0.043355735258391245,0.41282477641470505,1,-0.018986793115398644,-0.01984073115218849,0.4031970428729509,1,0.056113887665282955,-0.08087811031402219,0.367012607785928,1,0.10232562168665973,-0.012368984121628889,0.3646277027910786,1,0.13572920618585177,0.0833888362569406,0.34393417005363636,1
531.253799,grid_0649_y580_z546,473.061,577.914,545.526,76.68449967235884,0.634,-0.09249540461449444,0.043102628244816324,0.4104801679874025,1,-0.01738404821168034,-0.02085693194578197,0.40008156660440547,1,0.057419569011736574,-0.08265139235653148,0.3698059965190267,1,0.10237926610785555,-0.012423139500115967,0.3642746738579201,1,0.13597078753293712,0.0835049873285261,0.34443012913141224,1
531.882215,grid_0650_y582_z546,472.942,580.062,545.513,78.79179308785912,0.618,-0.09067718380186236,0.043138475640293286,0.4110645313377739,1,-0.015961732424380176,-0.021900522734593843,0.40067724249508163,1,0.058114197970493206,-0.08360858220371903,0.36974692065732184,1,0.10200742314053483,-0.012422212103324911,0.36272164301305315,1,0.13597078753293712,0.0835049873285261,0.34443012913141224,1
532.617527,grid_0651_y584_z546,472.958,582.042,545.542,80.73239767899878,0.726,-0.08683414346369862,0.04260176558315961,0.40442770129019207,1,-0.014430915797930951,-0.023013499657637704,0.39533610927918617,1,0.058339031391075505,-0.08407965098266897,0.36647125760226923,1,0.10122435048742755,-0.01213471718695569,0.3598303309285947,1,0.13625901513930594,0.08363661118202687,0.3449936780528862,1
533.251489,grid_0652_y586_z546,472.856,584.084,545.474,82.7498208034313,0.622,-0.0856960503773901,0.04298379955715668,0.4066643865857441,1,-0.013354401930418851,-0.023545677091990614,0.39148541468767534,1,0.05929965968443931,-0.08539270641448238,0.3689230898427945,1,0.10229859645993886,-0.012371823548019927,0.3639679676990314,1,0.13597078753293712,0.0835049873285261,0.34443012913141224,1
534.044713,grid_0653_y588_z546,472.874,586.259,545.375,84.90799477669937,0.782,-0.08345663057407085,0.0431843119659031,0.4068848078692039,1,-0.012129888083456882,-0.024654253715362236,0.3929668676730634,1,0.05990724559594081,-0.08642523336182115,0.3690099498169029,1,0.10282204056810114,-0.012498589719531621,0.36593632903912815,1,0.13584999685939442,0.08344691179273336,0.3441821495925243,1
534.68427,grid_0654_y590_z546,473.039,588.088,545.137,86.75429472366194,0.628,-0.08095214764243057,0.042974531598224244,0.4027285814485163,1,-0.0109947434077854,-0.025457986269306655,0.39341626139630326,1,0.06004943981498907,-0.08647341512091739,0.3670674140861635,1,0.10216680653358226,-0.012325211599594207,0.3639601145673713,1,0.13572920618585177,0.0833888362569406,0.34393417005363636,1
535.316379,grid_0655_y592_z546,472.91,590.206,545.215,88.82361977537285,0.621,-0.07923463163729308,0.043312025390887375,0.4037087687244658,1,-0.010119560842124242,-0.02667995272946682,0.39635728006092313,1,0.06076784075267042,-0.087442610196697,0.36800155932821654,1,0.10277413771565642,-0.012492463845851242,0.3658231305502219,1,0.13584999685939442,0.08344691179273336,0.3441821495925243,1
542.270652,grid_0656_y594_z546,473.084,592.157,545.013,90.78474387803278,6.945,-0.07787526959059435,0.04481622934084247,0.41064085693553765,1,-0.008623493849848318,-0.02783197258527246,0.3952325243845931,1,0.06052923318007778,-0.08720234339028511,0.3651395081872982,1,0.10115736666006156,-0.012029239793323076,0.36108111172794183,1,0.13572920618585177,0.0833888362569406,0.34393417005363636,1
543.469864,grid_0657_y596_z546,473.106,594.059,545.366,92.60335215314832,1.189,-0.07501622095110891,0.04346562928099939,0.40415659385915337,1,-0.007257753024493235,-0.029039086205880686,0.3973408953362928,1,0.06387919531661142,-0.09095270709512618,0.37701389905160543,1,0.10236647149767067,-0.012398180410855952,0.36435509609633326,1,0.13572920618585177,0.0833888362569406,0.34393417005363636,1
544.37615,grid_0658_y598_z546,472.919,596.191,545.289,94.71516208084115,0.894,-0.07107063785749675,0.04287308936816785,0.3956082677835425,1,-0.006052127368647243,-0.02888595880189219,0.39019200931187276,1,0.06214507405345078,-0.08821034229505553,0.3644951341766191,1,0.10149691310124584,-0.012068929192171127,0.3593066017829313,1,0.1367379275876879,0.08376779786154129,0.3456992083079543,1
545.004532,grid_0659_y600_z546,472.997,597.951,545.865,96.36782128905897,0.618,-0.07072285272013798,0.04310579971979491,0.39993317369165576,1,-0.005212453645065317,-0.030243346801942895,0.39754369113281823,1,0.06359615376078391,-0.08970235911239581,0.36867354991570117,1,0.10244357077618263,-0.01234465066417239,0.36174616611036253,1,0.13552917475513165,0.08281639113198772,0.3420550875305738,1
545.629425,grid_0660_y602_z546,473.093,599.985,545.26,98.47130347974483,0.615,-0.07040839336628188,0.04452115438781383,0.4094202082516148,1,-0.003764007275951235,-0.029827026396430766,0.38613285519799423,1,0.0648202032223412,-0.09078950274635265,0.3708339119025109,1,0.10292797921971378,-0.012422335361298234,0.3613349394105721,1,0.13800835645940382,0.08412461489774783,0.34765236233306795,1
546.256989,grid_0661_y604_z546,473.037,601.904,545.725,100.29857849939849,0.617,-0.06718927092269832,0.04367426148648855,0.40143608939212616,1,-0.002193250220976855,-0.03065047315092136,0.38586886658543873,1,0.066288071090659,-0.09193901600483827,0.37343032900332723,1,0.10293541919272783,-0.012516156473591968,0.36019596123607034,1,0.13679103250686983,0.08278041914819108,0.34363493192294303,1
548.327082,grid_0662_y606_z546,473.31,603.838,545.235,102.28942063576271,2.06,-0.07454338775928085,0.050944559678119374,0.46322255310041366,1,-0.0006958512479037704,-0.030984634313916563,0.38321840783659533,1,0.06532820018605782,-0.09038732002896566,0.36496211140651025,1,0.10469327893480884,-0.012993752689536817,0.3654644733204641,1,0.13686700145859637,0.0825471456432868,0.3434210133667755,1
549.910878,grid_0663_y608_z546,473.195,605.914,545.312,104.32901528338127,1.572,-0.0630646205575964,0.04471047084255115,0.4043957307078666,1,0.0005493756029836749,-0.032323511346385184,0.39224342993863026,1,0.06654468502556396,-0.09081436159399021,0.36717076131334314,1,0.1039490034967911,-0.013046940430969916,0.35997389464443597,1,0.13776701506758632,0.08318609810280783,0.34558927448863186,1
550.666168,grid_0664_y610_z546,473.155,608.07,545.066,106.49649683440303,0.744,-0.05957748332548294,0.043748062186905926,0.3920396054631501,1,0.0017893069114940162,-0.03262259253664464,0.39295512681386785,1,0.06812545192045769,-0.09242493695113055,0.3719660220647071,1,0.10424107963806137,-0.013076130512470216,0.3609309807645146,1,0.1376894914529683,0.08266052509892297,0.34379465430274514,1
551.738647,grid_0665_y612_z546,473.18,610.181,544.98,108.59855123343043,1.062,-0.05650107918570778,0.043653180958813466,0.3893551449773088,1,0.003389583179719838,-0.03276636913301424,0.38912689184746474,1,0.06922893083402049,-0.09303058260975199,0.3712760669992229,1,0.10489243845030667,-0.01304932282544426,0.3600102430982126,1,0.13760916312440835,0.08246650866105211,0.3429742915792117,1
552.36525,grid_0666_y614_z546,473.233,612.096,545.16,110.47113187616033,0.616,-0.05592909249407918,0.04438334261604083,0.3954277191812535,1,0.004530897294056474,-0.033227134272824796,0.38702299613712393,1,0.06919674245367405,-0.09258794736268447,0.3682324239444006,1,0.10503403809836684,-0.013232204141028953,0.3589589223659616,1,0.13862332410395636,0.08266920345260012,0.3441479329697422,1
552.997467,grid_0667_y616_z546,473.313,614.034,545.049,112.40768024027541,0.62,-0.05488742977539325,0.04527262965038091,0.40114277463772385,1,0.005875365277039049,-0.03384282384423356,0.3890121055691881,1,0.06948987651216498,-0.09253263414579345,0.3653902664918632,1,0.10664909125674642,-0.013655457566728932,0.3627830920585672,1,0.13944522234262835,0.08290513960855031,0.345471394531898,1
553.628366,grid_0668_y618_z546,473.242,616.102,545.197,114.43552264048083,0.62,-0.052842362783980704,0.04525634297911643,0.4009892695514979,1,0.007251747389763495,-0.03446412058779759,0.3884466924730318,1,0.07024691460086936,-0.09272288865790776,0.36411314638823206,1,0.10718490469489347,-0.01400167316792584,0.36316703160343405,1,0.13914448741524932,0.08243074889961004,0.344159722988569,1
554.365913,grid_0669_y620_z546,473.23,618.048,545.173,116.3673821394982,0.727,-0.049839253582839964,0.04514678200582765,0.39693250950523734,1,0.008699405863068643,-0.0349381048252127,0.3869126116982507,1,0.0720785144121508,-0.09428159516107543,0.36966890235769145,1,0.10780674492923574,-0.013945981829555035,0.363495545730218,1,0.13969399655637457,0.08251195908049744,0.3450089331830905,1
554.99462,grid_0670_y622_z546,473.115,620.111,545.275,118.3976147563793,0.618,-0.047947058761116226,0.04522466412071562,0.39649913956952415,1,0.009926128781259452,-0.0352700293979762,0.384077192614107,1,0.07288548110749156,-0.09468392952876498,0.37006220433877907,1,0.10871442161743208,-0.014087145561363723,0.3651168218859878,1,0.14083966985542506,0.082981174998602,0.34722138729092017,1
555.631244,grid_0671_y624_z546,473.316,621.999,545.262,120.27634004242068,0.626,-0.04601741974331707,0.045215881917141015,0.39618390168140777,1,0.011354182191589011,-0.036115212641061045,0.38712152507933345,1,0.07399491086340673,-0.09576001036582932,0.37262014859912984,1,0.10810138869804911,-0.014039347363962378,0.3618486139829261,1,0.14154817053422059,0.08315354560437757,0.34857514314341953,1
556.264109,grid_0672_y626_z546,473.332,624.052,545.267,122.31299694635892,0.623,-0.04395545844059652,0.04523094933894875,0.39562181572109517,1,0.0124697567506323,-0.03641446099074161,0.38392036942670094,1,0.07456440719744531,-0.09562984384706046,0.3707136368875967,1,0.10764815792388178,-0.014080070697376379,0.35872422266566534,1,0.14258097425131128,0.08360400394216708,0.3505808642524749,1
556.991545,grid_0673_y628_z546,473.3,626.073,545.289,124.31535902293007,0.718,-0.04182018634460966,0.04537462337245064,0.39640626920170857,1,0.013775200507697937,-0.03658584826553825,0.3797641427889592,1,0.07494829224424619,-0.09518551844589143,0.3681482353360909,1,0.10932219078351031,-0.014547791976520058,0.3637399900052217,1,0.14013995218628156,0.08199034604371949,0.34452982103380875,1
557.620144,grid_0674_y630_z546,473.35,628.167,545.058,126.42254165298218,0.618,-0.03935943264118434,0.04518619285503187,0.3912887723615784,1,0.015255936738863173,-0.0378563289745306,0.388181016778016,1,0.07692020943553343,-0.09739755292812144,0.375674775879035,1,0.10885363044210442,-0.014311662638464737,0.3610835682311818,1,0.13960276197044513,0.08153513826814188,0.3428067358368114,1
558.252605,grid_0675_y632_z546,473.194,630.228,545.286,128.43868926067407,0.621,-0.03688407103197447,0.04502227505479526,0.3890374717228351,1,0.016500272123208974,-0.03814940705150155,0.3860911640342408,1,0.0766370549091196,-0.09656399098194864,0.37134382910996877,1,0.10957745563951496,-0.014540670824689577,0.36235356976280003,1,0.1397185275350396,0.08155596367758007,0.34289387018054207,1
558.879678,grid_0676_y634_z546,473.058,632.223,545.097,130.43917376693244,0.617,-0.03503925455345862,0.04572783940129653,0.39412383252584393,1,0.017745413777538965,-0.038729466621942286,0.3850919833041596,1,0.07700338575960203,-0.09635807211302654,0.3700248558532758,1,0.11094722590867907,-0.014666365954580046,0.36569169375909816,1,0.14185216347102445,0.08273470758628233,0.34731209396629814,1
559.627951,grid_0677_y636_z546,473.091,634.141,545.035,132.35185780335686,0.737,-0.03279764311337864,0.046179905591361904,0.3930537310551955,1,0.019043867992844264,-0.038767940015562594,0.3842919352975951,1,0.07884764515409066,-0.09801532855047544,0.37507933456785547,1,0.1116765140719302,-0.014943696884176863,0.36622817942851016,1,0.14147122635411016,0.08244260918194225,0.34616135298012163,1
560.258028,grid_0678_y638_z546,472.848,636.324,545.177,134.5002687655307,0.618,-0.03075212064548751,0.04617209522182482,0.39174876936436515,1,0.020422537528646378,-0.03905768229299911,0.3822859046252164,1,0.0796339905010745,-0.09841649074254508,0.3751669992767766,1,0.11059319067773862,-0.014836357685993045,0.3617962507420337,1,0.1416473541252794,0.08242543759894841,0.3460694364979216,1
560.893915,grid_0679_y640_z546,472.951,638.32,545.521,136.4480588245946,0.625,-0.028379041142716988,0.04613181110462018,0.392603731069114,1,0.02193719609202984,-0.04006524977353115,0.38482247400426145,1,0.07933810715007852,-0.09732099523745039,0.36991078304982233,1,0.11019298169593181,-0.01489208909352486,0.3585981907157282,1,0.13904033643481528,0.08049632162314664,0.3390205645139273,1
561.628546,grid_0680_y642_z546,473.138,640.279,545.352,138.41685315741,0.724,-0.02663113875756095,0.04624902867418003,0.3923006894509394,1,0.022875315056687384,-0.04020676876286354,0.3823150410453859,1,0.07960536070254627,-0.0971857927155938,0.36845788052225437,1,0.1112490366431866,-0.015073180615629215,0.36081835261695294,1,0.13941486740908873,0.08064512198219723,0.33966404843822956,1
562.319389,grid_0681_y644_z546,473.141,642.282,545.221,140.422117691623,0.681,-0.024376790673647133,0.046243166241024466,0.3892941700041747,1,0.02413622766725195,-0.04080342560913379,0.38409791654951275,1,0.08064459391169218,-0.09818934998054317,0.3711237469497018,1,0.1118150057506468,-0.015222801155436413,0.36241318278912205,1,0.1388059784768511,0.08013254276058204,0.33780462956354657,1
563.007067,grid_0682_y646_z546,473.058,644.402,545.136,142.53741758219144,0.677,-0.021766899229069422,0.04607956527540599,0.3858310668652636,1,0.025666508833908513,-0.041371943383448774,0.3841163426306942,1,0.08103643099712239,-0.0980649037079168,0.37083982012826333,1,0.11263695913616087,-0.015442975344096823,0.36406696618706313,1,0.1400276203346296,0.0808988751120708,0.3404220601858201,1
563.747291,grid_0683_y648_z546,473.094,646.414,544.828,144.57103547737356,0.728,-0.02000167580190183,0.04741959643691112,0.3926638829439747,1,0.02663785965697682,-0.04121339605671886,0.38173495244780314,1,0.08163964914049215,-0.09851222496256291,0.3715902292837903,1,0.1138069305265588,-0.015663935731607365,0.3668793642530959,1,0.14050910871854053,0.08115912994640354,0.3413127274596037,1
564.432449,grid_0684_y650_z546,473.036,648.347,544.815,146.49338082316208,0.673,-0.017847826358368603,0.04730832737439427,0.38982440736237867,1,0.027759639360597173,-0.04154202820005108,0.3811030696463968,1,0.08157950644222596,-0.0977124535361373,0.3688489904510659,1,0.11397953624210828,-0.015651431089580704,0.3665768605117553,1,0.14109913796345078,0.08149887077472731,0.3425828330773873,1
565.468401,grid_0685_y650_z548,473.202,648.645,545.544,146.71800402813557,1.024,-0.01680547984355122,0.04553544692052828,0.38312345343881243,1,0.029835503776757734,-0.04481581110592342,0.40067056711660876,1,0.08267542973471079,-0.09935314750786277,0.37300693189770306,1,0.11459195907219881,-0.015717977935653937,0.36788414461972724,1,0.14123855804820856,0.08154805344335321,0.3428109391123133,1
566.517458,grid_0686_y648_z548,473.202,648.645,545.544,146.71800402813557,1.038,-0.016714411417148807,0.04528759084250735,0.38104113873611034,1,0.028219748999568202,-0.04299028248787003,0.3841676066889451,1,0.08265783857156665,-0.099364170804537,0.37304897323627906,1,0.11355570969935296,-0.015605529915390725,0.36533649362222625,1,0.14121602982139397,0.08155786423902925,0.3428642876890883,1
567.916268,grid_0687_y646_z548,472.548,647.737,545.747,145.7844459638956,1.286,-0.018152151389504077,0.04671417244323771,0.3951387235903594,1,0.029648647342886848,-0.04539510420301514,0.40593402175696436,1,0.0805816888595992,-0.09674095716358737,0.3648065686377878,1,0.11355570969935296,-0.015605529915390725,0.36533649362222625,1,0.140803862068102,0.08137103015369883,0.3419794542268599,1
568.60446,grid_0688_y644_z548,471.812,646.168,546.049,144.18561229886984,0.677,-0.018900805795255948,0.04571291239306122,0.38781627903178423,1,0.027283271082445153,-0.043289495125129106,0.38711538288698416,1,0.08066116352417536,-0.09769005364953279,0.3686577936036453,1,0.1124315117445565,-0.015409054936982358,0.3635921976748272,1,0.1396436749663653,0.08065255132641223,0.33959437129915077,1
569.338231,grid_0689_y642_z548,471.333,644.519,546.066,142.53988013535022,0.723,-0.020533480614934076,0.04627740155176433,0.39510528813118195,1,0.025443052224146855,-0.04210432127622642,0.37921795124088964,1,0.08057977219343196,-0.09846815636946145,0.3718526237905236,1,0.11145095920866332,-0.015114885957794125,0.3615068534015064,1,0.13889374216107708,0.08024654670031266,0.33816996703359253,1
569.969512,grid_0690_y640_z548,471.051,642.61,546.237,140.62224838552402,0.62,-0.02227078744799148,0.04596681123797586,0.39586170242217217,1,0.024623141185562983,-0.04253585230181474,0.38593869890169963,1,0.0802928365846884,-0.09824914893594454,0.3730697441206363,1,0.11007176992378476,-0.014808221076502212,0.35908448985381325,1,0.14011298895559565,0.08129866562473635,0.34191946513989524,1
570.60272,grid_0691_y638_z548,471.184,640.55,546.493,138.54749317833216,0.623,-0.024397751694730796,0.045304201065383375,0.39395548900042615,1,0.023184971759737338,-0.04236511554258024,0.38407796224241164,1,0.07948209167559986,-0.09825566722677337,0.37461067558476585,1,0.1111254049916032,-0.014932766460939629,0.36455102631131253,1,0.14228511509034192,0.0828856135679201,0.34779980774785957,1
571.2338,grid_0692_y636_z548,471.15,638.662,546.364,136.6817120576122,0.62,-0.02608067053888589,0.04509722428466497,0.3923851916811067,1,0.021519240513244376,-0.04204096702146763,0.3832567628808694,1,0.0784361653515605,-0.0981988657791745,0.37495786358401617,1,0.11072352479694417,-0.014738505604114438,0.3649211374869827,1,0.14025789133044128,0.0817880686249718,0.3437390510155553,1
571.96924,grid_0693_y634_z548,471.175,636.748,546.213,134.79331934854937,0.726,-0.028282850474918436,0.04480009125273426,0.39045241094780575,1,0.019652949267874645,-0.04123878116635384,0.38096092253183206,1,0.07671114494429673,-0.0969792718504685,0.37306622250277355,1,0.10800550506598705,-0.014191960957369201,0.35893646157433434,1,0.13934909155983366,0.08149372269621798,0.3426561177961006,1
572.599126,grid_0694_y632_z548,471.131,634.759,545.739,132.86569921541079,0.619,-0.030271934365843283,0.045307211937334516,0.3924385302536102,1,0.01842352711060798,-0.04082467503634815,0.3835769041531038,1,0.07494867934454588,-0.09611420044969476,0.3704840074141432,1,0.10841952007339954,-0.014131751679542046,0.3628328733800637,1,0.14131670114343026,0.0829229892516351,0.34803453825424274,1
573.293945,grid_0695_y630_z548,471.136,632.769,545.819,130.87889414645898,0.684,-0.03267380903839161,0.0453935920112357,0.3931521104418764,1,0.01670520666218901,-0.04005050599533425,0.37998339738188586,1,0.07400103265328019,-0.09587759056220237,0.37188856267669673,1,0.10801899167087473,-0.014018285036007175,0.36413270720534713,1,0.140659177767432,0.08287196447538508,0.34717414712390315,1
574.391495,grid_0696_y628_z548,471.287,630.59,545.866,128.70871888881504,1.087,-0.036285669737057505,0.046124542889328046,0.40289602513053363,1,0.014869831475106673,-0.04112184317573482,0.3916272287448036,1,0.07184013249616737,-0.09464585617552754,0.3698979004240236,1,0.10704111593293572,-0.013787595219578386,0.36342363551571044,1,0.13977919467499272,0.08302544765817263,0.3461428106588361,1
575.134786,grid_0697_y626_z548,471.301,628.745,545.686,126.8958501173305,0.733,-0.038028304453608205,0.046194687420141455,0.4038908033345218,1,0.013379827176153544,-0.0400561332902719,0.38551187612244836,1,0.07092953034972499,-0.09413735944862864,0.36891831794842683,1,0.10564618010743831,-0.013217327598142528,0.3615854540542466,1,0.13809708903071596,0.08258213676737995,0.3436263370144295,1
575.762748,grid_0698_y624_z548,471.519,626.434,546.012,124.56413255026504,0.617,-0.03980150397599553,0.0454770723299049,0.40106432922736285,1,0.01189823887941705,-0.03983549440063301,0.3848656824618013,1,0.07072910057050395,-0.09481633118663849,0.3729651740169714,1,0.10588203444576412,-0.013261216940010334,0.36441806945657035,1,0.13762400589093385,0.08246026425532349,0.3429543215058045,1
576.405474,grid_0699_y622_z548,471.446,624.516,546.294,122.62606957331705,0.631,-0.041412713704598,0.04436064430903761,0.3958852044650939,1,0.01051462776750527,-0.039644888282746996,0.3829901322806246,1,0.06902405994354109,-0.0932711085583843,0.3684678724261425,1,0.10440251002927972,-0.013083896419969713,0.36123288901397604,1,0.1373784360129104,0.08268283838977904,0.3439083346635533,1
577.035507,grid_0700_y620_z548,471.544,622.393,546.655,120.47664851331155,0.621,-0.043142202558901846,0.04332462975297498,0.39193029261087353,1,0.00929184754278085,-0.03980667501971846,0.38529319871328427,1,0.06854375551835683,-0.09317793170501394,0.36981332266590883,1,0.10429367701481045,-0.012984748824082154,0.3636197047563122,1,0.1368604828105222,0.08259439254590403,0.34344944182364306,1
577.762382,grid_0701_y618_z548,471.249,620.56,546.668,118.65210232440045,0.717,-0.045877026323340085,0.043483259605866374,0.39633114291190646,1,0.007955250408774183,-0.03986443959785515,0.3876384879486274,1,0.06803714429582623,-0.09382694534620417,0.3727720045627823,1,0.10389258441156246,-0.012649504325656771,0.36313558223919046,1,0.14167184267635527,0.08601460377106461,0.35655233708948864,1
578.390649,grid_0702_y616_z548,471.271,618.497,546.564,116.61499271105751,0.618,-0.04755393780506044,0.04343990036777042,0.39680304907713826,1,0.00684582914031677,-0.039474615050251446,0.3908900904748532,1,0.067222521140728,-0.093054262907939,0.3721398377435505,1,0.10399604116292897,-0.012581127560725417,0.36578919871635646,1,0.13852504143627775,0.0844514139623973,0.34894579099321776,1
579.026679,grid_0703_y614_z548,471.335,616.457,546.417,114.60714380875217,0.625,-0.05008719879837527,0.043883820497520855,0.3997090278639575,1,0.005307786805471075,-0.0385521115174952,0.39038506115164295,1,0.06676464559346942,-0.09300968708804014,0.37251131122890796,1,0.10395175848015796,-0.012585424694988209,0.3666422818736719,1,0.13643611962717872,0.08339115339023662,0.34420890945769744,1
579.662148,grid_0704_y612_z548,471.427,614.523,546.111,112.7257872715911,0.626,-0.052004999513729847,0.04372274002296206,0.39766377333436287,1,0.004066699229447314,-0.037686725088136905,0.390456773054511,1,0.06636971003039346,-0.0928556386511712,0.373329222821834,1,0.10311928405474742,-0.012425300001562025,0.36447884965537086,1,0.13653420760684504,0.08356697825874185,0.3449652705507145,1
580.399052,grid_0705_y610_z548,471.572,612.449,546.108,110.6698574409491,0.727,-0.054650919792622474,0.044023707400362246,0.40070796252708707,1,0.0029551924108771515,-0.0361253075152828,0.38344687708410524,1,0.06649838759254809,-0.09314666753557005,0.37529740666557687,1,0.10140787584855733,-0.012151004361577938,0.3588896367345531,1,0.13712369795841237,0.08403148274252915,0.3466843248173082,1
581.034546,grid_0706_y608_z548,471.441,610.689,546.176,108.91462741523745,0.625,-0.055670990912391395,0.04338156436923819,0.3969430088579775,1,0.0022857793052688197,-0.03623537549369275,0.38861880127342346,1,0.06625913203405172,-0.09329206361966277,0.37574239254800296,1,0.10128930702479506,-0.012136024876071247,0.3591745812892214,1,0.13698375918056205,0.08398506439678335,0.3464815552862138,1
581.66421,grid_0707_y606_z548,471.399,608.69,546.162,106.93410527048897,0.62,-0.05871744132279905,0.04387334933936069,0.4040672111420303,1,0.0009508734179799127,-0.03563319555667208,0.3888780520639658,1,0.06537884780924116,-0.09231869215122454,0.3731805194026988,1,0.10157382581087253,-0.012165470399169081,0.36110688516253375,1,0.13645395022710788,0.08373728947169709,0.34542204728696396,1
582.400886,grid_0708_y604_z548,471.554,606.479,546.454,104.70520093099489,0.725,-0.06044664487800461,0.043539065168801676,0.40288856055957095,1,-0.00010208520339007297,-0.034904363808457295,0.38859187691255315,1,0.0655771824775889,-0.09274439818279935,0.37611145272122365,1,0.10233585749241844,-0.01236376872968602,0.364208146585029,1,0.13559921173564646,0.0832541589011224,0.3434840802708604,1
583.037437,grid_0709_y602_z548,471.42,604.477,546.428,102.72325665592967,0.624,-0.06266384640579943,0.04334849362030077,0.40270119868992815,1,-0.0012156587503742542,-0.034693098226488236,0.3938759924193181,1,0.06483506706272243,-0.0917606009773178,0.3730350392396096,1,0.10257169398829835,-0.012436713097098897,0.36520212522260503,1,0.1353576303885611,0.0831380078295369,0.34298812119308447,1
584.061909,grid_0710_y600_z548,471.391,602.299,546.753,100.52120273852675,1.015,-0.06583397827464248,0.04301683754739617,0.40546218234559406,1,-0.0026624281970604345,-0.03367990959909458,0.3909492274477861,1,0.06327483850180375,-0.09007655247900259,0.3663445551134546,1,0.10318180393364218,-0.012586747280846536,0.3672911650041106,1,0.13572920618585177,0.0833888362569406,0.34393417005363636,1
586.713645,grid_0711_y598_z548,471.344,600.297,546.866,98.52187770236624,2.642,-0.06541345016015387,0.041324869046301387,0.3918339680930648,1,-0.0036858580438799858,-0.03262596835992716,0.3903476890281815,1,0.06389795762659536,-0.09156827470398081,0.3734869496365542,1,0.1029779708246493,-0.012539605563348887,0.36655714777716625,1,0.1353576303885611,0.08313800782953688,0.3429881211930845,1
587.360604,grid_0712_y596_z548,471.414,598.378,546.743,96.6384276258674,0.636,-0.06878807881204049,0.042218756795521825,0.40179929648645274,1,-0.004661474281264404,-0.03199175580590865,0.3889313005572985,1,0.06261734779718878,-0.08967937813103984,0.36771156380816494,1,0.10117192066558744,-0.01222977637834918,0.36181915500312395,1,0.13583734816668452,0.08346657128181982,0.34426563298025137,1
588.096269,grid_0713_y594_z548,471.686,596.178,546.737,94.4638271191677,0.726,-0.07161883163796913,0.04247081386130719,0.40566971933403184,1,-0.006024885188604154,-0.031237463744588356,0.39094747849191025,1,0.06258878743453015,-0.09008640976546564,0.3707299592702809,1,0.10151339807332323,-0.011996335785289369,0.36443262403877746,1,0.1367124262669776,0.08424719506457054,0.34714458815827076,1
588.783929,grid_0714_y592_z548,471.416,594.574,546.527,92.90450244202373,0.676,-0.07364729702328901,0.04243770359373718,0.40526971957187063,1,-0.007564034837310558,-0.031382483848408714,0.4028690474221824,1,0.060907482405545096,-0.08828374663113149,0.3653127858969728,1,0.10032258796462581,-0.011701761005305834,0.3605184745860166,1,0.13680797187885593,0.08438657732808644,0.34775505515327054,1
589.487671,grid_0715_y590_z548,471.611,592.484,546.49,90.84521824510088,0.691,-0.0756956241427173,0.04239670712285571,0.40540212043416696,1,-0.008659369876631873,-0.030353504945207256,0.3977549588423229,1,0.061471865702882766,-0.08924604940014494,0.3719451946070972,1,0.0987042717864324,-0.011486454053795822,0.35579261922580363,1,0.13656848576577424,0.08418910863883614,0.3472704455616971,1
590.728171,grid_0716_y588_z548,471.6,590.572,546.606,88.93772879380272,1.228,-0.07648387728571508,0.04164758485160201,0.4001675203845333,1,-0.009794949048874605,-0.02895235826700872,0.3945598703351976,1,0.06127920966345866,-0.08945264874475041,0.37538951476534593,1,0.09854999866455633,-0.01144085315240879,0.3554290616585663,1,0.13563032722849377,0.08374894987112749,0.34526295788838524,1
591.469891,grid_0717_y586_z548,471.711,588.427,546.317,86.86553410875919,0.73,-0.07808097728615968,0.041689415664215204,0.40003577203904583,1,-0.011054363553692109,-0.028588448343860325,0.39726429135835506,1,0.06021997042095738,-0.08843465133297575,0.3722322681413606,1,0.09901743162042383,-0.01153737213905227,0.35907413485081857,1,0.13498936325280564,0.08351236840454701,0.344004067497466,1
592.263134,grid_0718_y584_z548,471.666,586.347,546.357,84.80591123854516,0.784,-0.0816309957551522,0.042109767651891485,0.4063711482604674,1,-0.01272358114582641,-0.027804442308564613,0.3992815764578122,1,0.06024809383208039,-0.08947432247473,0.37950807340809406,1,0.09856103986600451,-0.011532822725021114,0.3585834471594258,1,0.13526286916171776,0.08377099606740764,0.3454277633077523,1
593.286565,grid_0719_y582_z548,471.617,584.395,546.49,82.85809761876023,1.013,-0.08544807601755391,0.04240532083212785,0.41222056192219814,1,-0.013832939304940303,-0.02699783287467967,0.4014952738719133,1,0.05743132296157564,-0.08537912348900338,0.36561852872413503,1,0.09871649333391044,-0.01146356315725095,0.3595701171070825,1,0.13598496167950075,0.08444628794413767,0.3477878758766178,1
593.9165,grid_0720_y580_z548,471.455,582.491,546.789,80.9292112898674,0.62,-0.08609413447957255,0.04172649889371957,0.4099418891276653,1,-0.014759716733747869,-0.026592455630034845,0.4010880229359107,1,0.05746978746521867,-0.08556887478300526,0.3676327897089811,1,0.09906103345131465,-0.011309383629094458,0.36102711274586535,1,0.1361208248051647,0.08458280791507122,0.34825761637914476,1
594.879709,grid_0721_y578_z548,471.366,580.37,546.88,78.82205627234045,0.954,-0.08863581277478765,0.041393594219975904,0.41005435455235884,1,-0.015956718740610873,-0.0252509257873987,0.39583690531813676,1,0.060868225096780706,-0.09044754998763357,0.3933454409236409,1,0.09904386754187376,-0.01122895373233809,0.36093337495216365,1,0.13614949579467406,0.08464166902743056,0.3483961109467203,1
595.56983,grid_0722_y576_z548,471.395,578.371,547.128,76.81029238975724,0.68,-0.08984725252305159,0.04087081794389664,0.4076414658297297,1,-0.017239086286501542,-0.024442897369915718,0.4004295847099824,1,0.05721694878941734,-0.08516768564223144,0.3728985774749454,1,0.09888018043789211,-0.011346258444794522,0.3602517460296231,1,0.13609215381565537,0.0845239468027119,0.34811912181156923,1
596.212228,grid_0723_y574_z548,471.446,576.433,547.021,74.92053033047753,0.632,-0.09224980308404732,0.04107121034836668,0.41149343726207543,1,-0.018148396522899086,-0.023337952082545226,0.39902819947164014,1,0.05617502786714017,-0.08356955328072906,0.36977733343403985,1,0.09880571074664095,-0.011536791785785722,0.3592682673993388,1,0.13524614349367356,0.08374679545822646,0.34528680424824654,1
596.954484,grid_0724_y572_z548,471.574,574.35,547.193,72.84161108871774,0.731,-0.09480064468368876,0.04084468701390506,0.4134419940089316,1,-0.01965294155335952,-0.022709066383660055,0.40389523180158715,1,0.05580131047293505,-0.08311231971557664,0.3723734921301088,1,0.099206691855623,-0.011582069878369596,0.36024885340275903,1,0.13472690848094482,0.08338270177453647,0.34377153363299506,1
597.58219,grid_0725_y570_z548,471.548,572.535,546.928,71.10513319022753,0.617,-0.09614663363188755,0.04091647352869791,0.4125409533040096,1,-0.020550116993676835,-0.02158268081366451,0.40024555673828566,1,0.05512402993379405,-0.08166870056651171,0.3710329363338668,1,0.09884081183133868,-0.011544231740223551,0.3594699151752055,1,0.13461019628702325,0.08332662101783997,0.343366218593656,1
598.213895,grid_0726_y568_z548,471.663,570.408,546.881,69.02734696480813,0.621,-0.09830721197061625,0.04085633331256017,0.41138023018066894,1,-0.021666724577060047,-0.020314789842168706,0.3963566627242078,1,0.053841392301019905,-0.07956717002455635,0.36773038833194693,1,0.09921205380274392,-0.011565100289962497,0.3605511177478736,1,0.13447937819314776,0.08333670935144057,0.3430879880656619,1
598.954547,grid_0727_y566_z548,471.741,568.375,546.731,67.06494279427966,0.73,-0.09880692486068347,0.04029877428620529,0.4060720531551335,1,-0.023529275871725992,-0.01960334667972452,0.40480027100981975,1,0.05342328150965361,-0.07872825335147278,0.36950094856891125,1,0.09958329577414919,-0.011585968839701444,0.36163232032054154,1,0.1343126834994856,0.08324215786162292,0.34260437301497404,1
599.585022,grid_0728_y564_z548,471.601,566.666,546.608,65.41497982878242,0.618,-0.10136737678406785,0.04053807220053755,0.40926307505183923,1,-0.024774853632608375,-0.018239891829947827,0.4011033839473498,1,0.05342152806677399,-0.07801808356535274,0.37271681229712267,1,0.09920669185562302,-0.011582069878369594,0.360248853402759,1,0.13442939569340717,0.08329823861831942,0.3430096880543131,1
600.213863,grid_0729_y562_z548,471.699,564.453,546.726,63.228385627026725,0.617,-0.10481388066875157,0.04088336404978479,0.4143085517291092,1,-0.025749273897183483,-0.016994837674110495,0.3990847860694201,1,0.052856692843889316,-0.07676636527670216,0.3745188327186312,1,0.09949182576807811,-0.01157650930516493,0.36143758576365315,1,0.13455069372951572,0.08330972838659656,0.3432138494779196,1
601.062765,grid_0730_y560_z548,471.643,562.482,546.957,61.25301629307735,0.837,-0.10561722541458116,0.04023857382647904,0.410166366211093,1,-0.027138913498529572,-0.01610182517884847,0.4004808378738544,1,0.05152633798686187,-0.0741736859488197,0.3699486942561384,1,0.09859368912100343,-0.01154163897490124,0.35815903773000013,1,0.13436989313589964,0.08328134598707601,0.3428573189385767,1
601.762241,grid_0731_y558_z548,471.591,560.544,547.083,59.333650696716795,0.688,-0.10974815646641531,0.040598247425191476,0.41846715954209435,1,-0.028894492415731804,-0.015352359663906148,0.4034174628991424,1,0.05097334891045161,-0.07354703520899417,0.3735342934751363,1,0.09911087643886242,-0.011275938763303591,0.3608014067493547,1,0.1357782759136009,0.08435310878751434,0.34723737708714253,1
602.564888,grid_0732_y556_z548,471.588,558.418,547.678,57.129107983584014,0.793,-0.11227573367070587,0.04006955410492323,0.42081348228043874,1,-0.030258278183233282,-0.015046220299832855,0.4024332025298783,1,0.04986121800260358,-0.07242786206693133,0.3727435267713227,1,0.0990191494938963,-0.011277629274438521,0.3617550390066682,1,0.136166846701455,0.08476076358534353,0.348606216343084,1
603.191696,grid_0733_y554_z548,471.439,556.643,547.701,55.391198073340185,0.615,-0.11345618466276264,0.039568099167747686,0.41866816154755726,1,-0.031572255425880276,-0.014614408570355208,0.39978056800614137,1,0.04784247774509136,-0.06997564248863161,0.36544774160647886,1,0.0985416720214253,-0.01106803649777596,0.3618337742190162,1,0.13620683777369275,0.0847593912521492,0.34867310008187136,1
603.823602,grid_0734_y552_z548,471.425,554.609,547.798,53.38887038512809,0.62,-0.11646502783811241,0.03964298426301399,0.4236806532683091,1,-0.033432648914161166,-0.014235113618556935,0.4033371216139236,1,0.047352030472976335,-0.06992165903623221,0.37149305682233114,1,0.09747127615138224,-0.010597929559261383,0.36115679701386927,1,0.13429227291596552,0.08365768941894992,0.3444221967936886,1
604.456555,grid_0735_y550_z548,471.499,552.62,547.527,51.523415890253254,0.622,-0.11671177154200943,0.03900922523261,0.4172902883000832,1,-0.035222336916980374,-0.013384449802133292,0.4033929126548596,1,0.046812717004920165,-0.0693170929855323,0.3760432804082602,1,0.09706265578368442,-0.010657049501590824,0.3620659493229468,1,0.13447989208527872,0.08429898645937546,0.3464037297340682,1
605.183004,grid_0736_y548_z548,471.64,550.516,547.616,49.46679640930873,0.715,-0.12063204736387119,0.03927285390249888,0.42342338679974184,1,-0.0367365917895317,-0.012239468407092778,0.40336864736673644,1,0.04547866869498546,-0.06744581850331732,0.3747683850713612,1,0.09675816804198867,-0.010461033130383834,0.362554073396265,1,0.13428512516737165,0.084462772679721,0.3466190810898223,1
605.92769,grid_0737_y546_z548,471.775,548.425,547.189,47.565614008440996,0.734,-0.12030936415613251,0.03900347455547999,0.4145960815943527,1,-0.038673035892624455,-0.010808612743113963,0.4051902197842326,1,0.04453370129152207,-0.0653690365937998,0.3763652828505078,1,0.09669243383623868,-0.010324592016296383,0.3626321662280102,1,0.13417492444065393,0.08438891113562492,0.34633458250825855,1
606.853506,grid_0738_y544_z548,471.732,546.416,547.086,45.66524703754493,0.914,-0.12238858916069931,0.038985791177296544,0.41603064444756316,1,-0.03985017247473363,-0.009414345819135994,0.4064863709183529,1,0.04355468505750127,-0.062466620362163626,0.3734540388650792,1,0.0969634258928,-0.010454776014741504,0.3621775185696957,1,0.13446648893024293,0.08455062200877125,0.3470097350950937,1
607.478957,grid_0739_y542_z548,471.671,544.575,546.811,43.98656717680984,0.614,-0.12500756750218917,0.039493863389113704,0.419215746930386,1,-0.04057283135045657,-0.007547873710327291,0.40254198811281017,1,0.04327502270437839,-0.06014799470794828,0.3760121636573636,1,0.09755537049446102,-0.010420898166158484,0.36246333763720523,1,0.13494072695876538,0.08472634923044767,0.3479364464439368,1
608.108575,grid_0740_y540_z548,471.664,542.671,546.662,42.224422482729175,0.619,-0.12585662154489005,0.039494381623732824,0.4156274550171718,1,-0.04231110580259094,-0.006028840416012022,0.4045546669679643,1,0.04308753771208572,-0.0585219308276516,0.3810834571549585,1,0.09732614411572207,-0.010460858096065246,0.36169977153297417,1,0.1353676711645906,0.08459445285156025,0.34803188296403503,1
608.841099,grid_0741_y538_z548,471.925,540.435,546.81,40.07106014320059,0.723,-0.13007517884822378,0.03998528439615647,0.4228816505225894,1,-0.04379081124537837,-0.005098865786528283,0.40471021036006694,1,0.04181587292042775,-0.05576328770662799,0.3777343869841966,1,0.09697065267010141,-0.01050298942948095,0.3601398001810093,1,0.1352903638904642,0.08457206667183957,0.347842074935723,1
609.470183,grid_0742_y536_z548,471.704,538.64,547.044,38.29693641794342,0.618,-0.13206293979220018,0.039744809299269476,0.4233073402984184,1,-0.04517514156288893,-0.003838184551735583,0.4035993011243921,1,0.04056610345458501,-0.053184414463461595,0.3744247947661289,1,0.09707996501252233,-0.01047911859347648,0.36059317208794023,1,0.13404424406445464,0.08372381366017975,0.3444850347436619,1
610.099719,grid_0743_y534_z548,471.695,536.655,547.152,36.40047001070177,0.619,-0.13477824370966518,0.039651782694839606,0.4256333254749719,1,-0.046172773170576234,-0.0028469441931199212,0.39993423069277834,1,0.03939932554932958,-0.051011648467318926,0.3727515622491914,1,0.09701821765047458,-0.010452089614990586,0.36053118842922116,1,0.13467080962193673,0.08410673906257769,0.3462435477951772,1
610.730803,grid_0744_y532_z548,471.476,534.71,547.406,34.49133959416487,0.619,-0.1363613486206474,0.03938829207073352,0.425395261360043,1,-0.048417906756813164,-0.002014807876593223,0.4054264887528255,1,0.038430716755576244,-0.04922895553223117,0.373715403126383,1,0.09731289585456812,-0.010483840513430171,0.36176105455325136,1,0.13464351502424535,0.08417187599224771,0.34630166821800934,1
611.466638,grid_0745_y530_z548,471.752,532.35,547.545,32.26532668360889,0.725,-0.1372399523377067,0.038773506680145356,0.4216986216964974,1,-0.049689483726355635,-0.000716753341792785,0.40361987308236047,1,0.03744711836058307,-0.0472015695145674,0.3750946121955794,1,0.0972368423353164,-0.010404347942981642,0.36143793224308307,1,0.13462733656229658,0.08414780319380212,0.3462059689258641,1
612.164679,grid_0746_y528_z548,471.759,530.379,547.545,30.463035830330558,0.688,-0.13954253727850416,0.0387686037867647,0.4227687783993438,1,-0.05185437611254502,0.0006389539585830651,0.40797573044199825,1,0.0376046773521064,-0.045846283710955185,0.38703363409908675,1,0.09728126848077553,-0.010637916263409288,0.3609034881925308,1,0.13458567768646904,0.08390022017795536,0.34544015978543374,1
612.812984,grid_0747_y526_z548,471.427,528.735,547.528,28.972847857951447,0.637,-0.1430469274294152,0.039350151344547626,0.4287369372378337,1,-0.052437235257565294,0.00218476379685142,0.4039253360983273,1,0.036339828917668425,-0.04233264239072005,0.3804886712585277,1,0.09821171306804774,-0.011061103608559686,0.3603957568027289,1,0.13612685562921728,0.08476213591853785,0.3485393326042966,1
613.602528,grid_0748_y524_z548,471.64,526.435,547.51,26.938882790494468,0.779,-0.14409124025338518,0.03907705517292977,0.4260751667455236,1,-0.05419746847082955,0.0037621549305990624,0.4049506005522172,1,0.036199630974784,-0.040042319252800954,0.38673313638558976,1,0.09886878628596783,-0.011243111278070794,0.361076872562996,1,0.13478782231378722,0.08379835284115315,0.3447543330545714,1
614.234534,grid_0749_y522_z548,471.523,524.604,547.423,25.37834448895363,0.622,-0.14572938852616532,0.039144135389216184,0.42597369846728234,1,-0.0565342566476856,0.0051649006241067065,0.40976879351407314,1,0.03469504934157239,-0.03710134488070112,0.38284223276741924,1,0.0991858855962195,-0.011294810948042067,0.361675002484967,1,0.13423942341541706,0.08335903819563761,0.34305546474643495,1
617.166845,grid_0750_y520_z548,471.705,522.523,547.428,23.608770848987508,2.924,-0.14512226846292803,0.03858644121622921,0.4165295750447936,1,-0.057498598360308996,0.007052351491915181,0.4031901391196892,1,0.03254307618447598,-0.03347866290359915,0.3770412414152969,1,0.0991572420197742,-0.011171372677175207,0.36090441086848046,1,0.13623595680021441,0.08451403753154434,0.3475016569278784,1
619.196226,grid_0751_y518_z548,471.619,520.672,547.564,21.993643036113934,2.019,-0.14770370419993567,0.03904580039114743,0.42055324217539186,1,-0.060748670537653315,0.007916953758485942,0.41388251905860407,1,0.03193632884093722,-0.03221017592391669,0.38626522262594604,1,0.09909191680741188,-0.011043983480987693,0.36058641156060034,1,0.1360242424875809,0.08437379748824937,0.3470193261950068,1
619.946407,grid_0752_y516_z548,471.741,518.706,547.389,20.531526221886217,0.74,-0.14970280544600137,0.03908437276722586,0.4208272450894162,1,-0.06076197357351211,0.008887090355256061,0.4044785164516801,1,0.029744351514764168,-0.029211845342046953,0.37277149697095324,1,0.09882914740858736,-0.011165930925099335,0.3607496362096493,1,0.14128876373725885,0.08785448870948045,0.36075761921512084,1
620.931901,grid_0753_y514_z548,471.639,516.814,547.216,19.202218986356755,0.976,-0.1557448183347702,0.040406354303791504,0.43227431594463894,1,-0.06267394250322784,0.010129357329558265,0.40501026355788394,1,0.029853511899102975,-0.028263426190441664,0.39303926845309334,1,0.09872558463550869,-0.010943639439507396,0.3601950029118156,1,0.1362406208202802,0.0848681840063257,0.34849971416506975,1
621.797712,grid_0754_y512_z548,471.749,514.742,547.288,17.68676640881537,0.855,-0.15760516359496765,0.04060212294800803,0.43269358749048326,1,-0.06426162516472374,0.011282067456975695,0.4054455521738694,1,0.027040373847555275,-0.025032794591371126,0.3732501268918925,1,0.09814735153069391,-0.010932269641039534,0.36044516153169315,1,0.1354996361475895,0.08442291266866743,0.34668302230712567,1
622.481389,grid_0755_y510_z548,471.657,512.735,547.266,16.39539853129536,0.674,-0.159310050557341,0.040989910164647494,0.4334331877523021,1,-0.06539569962186384,0.012085821319926634,0.40398034220234313,1,0.026074973666033684,-0.02360969971722604,0.37646448772520336,1,0.09802092797313552,-0.010964983326585168,0.36067701261371665,1,0.13564067886053913,0.08453121183491089,0.34704138345481733,1
623.122063,grid_0756_y508_z548,471.57,510.819,547.224,15.325478589590599,0.629,-0.16035052938924874,0.04078209162453853,0.4302516784373284,1,-0.06751098042910197,0.013326086596851871,0.40608761803357174,1,0.02491597587857527,-0.021575308422106438,0.3813789192893421,1,0.09601871935590026,-0.01055256118277707,0.3548146599775053,1,0.13563012864617363,0.08454049082559652,0.34707354157708464,1
625.149153,grid_0757_y506_z548,471.243,508.962,547.428,14.224990896306423,2.017,-0.16491542389137215,0.041742986835766674,0.4383427591012598,1,-0.07059956448129812,0.01520400520792102,0.4145908668149542,1,0.025456288326693853,-0.020268007482738486,0.4096497508852524,1,0.09443138557859555,-0.010261744743287978,0.3491054680736177,1,0.13564067886053913,0.08453121183491089,0.34704138345481733,1
626.245065,grid_0758_y504_z548,471.326,506.873,547.599,13.27584923837264,1.085,-0.16341728742401543,0.041248534089294166,0.4284616351156566,1,-0.07189002454959585,0.016617429383591224,0.41156929860527197,1,0.021782423692893883,-0.015734311074447536,0.3740543686961927,1,0.09499335961936509,-0.010393079580267327,0.3510399565530539,1,0.13777401943568027,0.08550422418283472,0.35125640427752514,1
626.989513,grid_0759_y502_z548,471.11,505.002,547.399,12.99554869945862,0.734,-0.16590122894070022,0.04242771244912131,0.4324154508857454,1,-0.07353541020973611,0.017883210283372974,0.4141807474146041,1,0.021137387703679598,-0.014176575391298107,0.3827943712467737,1,0.09654926684288091,-0.01080067228480799,0.35546350223390544,1,0.13676751321535197,0.08464889598647733,0.34810790991530227,1
627.620071,grid_0760_y500_z548,471.263,502.842,547.513,12.680287891053563,0.62,-0.17123097374603344,0.044553340183783055,0.4407788548376746,1,-0.07603831101698692,0.018403357669526305,0.415460311507163,1,0.019187601603347152,-0.01124328502508383,0.37769330636769116,1,0.09664900552456673,-0.010867518377419089,0.35576987636678686,1,0.13552947025278184,0.08407146105951728,0.34481058028942374,1
628.309701,grid_0761_y500_z550,470.535,502.916,548.43,11.749828509386921,0.619,-0.1704075328856139,0.04452838499238887,0.4391540374960784,1,-0.07504055499072432,0.019014443175180768,0.41123753277759045,1,0.01933170466769022,-0.010783069862958416,0.37966521047051877,1,0.09593883990983917,-0.010690718948404884,0.35191009460964395,1,0.13543830145486024,0.0836909652401383,0.34424923294994586,1
629.056946,grid_0762_y502_z550,470.651,502.921,548.781,11.398531308901232,0.737,-0.17151575770826863,0.04454747814273637,0.44216886514392095,1,-0.07474403532902252,0.01928499428243558,0.4115222828663848,1,0.019665015329238457,-0.01114286003460702,0.3820606908175493,1,0.09682193458009063,-0.010637601986836234,0.35420523615396016,1,0.13512683314526414,0.0833120984504551,0.3428257658379047,1
629.685338,grid_0763_y504_z550,471.22,503.382,550.038,10.17968383595484,0.619,-0.16887616181506432,0.04260903960882638,0.43536507037300176,1,-0.07439070003049553,0.01861315374408979,0.4103964316282476,1,0.019868174113219228,-0.0114060529343192,0.3782960589079611,1,0.0970317093704292,-0.010839908760652639,0.3529339764995229,1,0.13610923121221796,0.08379160930163944,0.34484401384308405,1
630.593152,grid_0764_y506_z550,471.666,504.675,550.259,10.16825378322159,0.897,-0.1668753931448665,0.04188706774810892,0.4324650272216422,1,-0.07354243516044437,0.014678279250104124,0.4095250300571503,1,0.02091948199123026,-0.013813588283763245,0.3779371045171399,1,0.09861240553465414,-0.010900056678916732,0.35819070656274893,1,0.14169505957101441,0.08739160799341361,0.35906847391631685,1
631.281586,grid_0765_y508_z550,471.874,506.673,550.037,10.967039390829227,0.679,-0.16569958267348442,0.04228591648542944,0.4335062602752102,1,-0.07256918009481672,0.01305424703102443,0.4108132898282057,1,0.022015975199549405,-0.01571297455824848,0.3797205114134865,1,0.09814630867318871,-0.010879200299836045,0.3570185286210318,1,0.13692304202655162,0.08443218538154192,0.3472284395145671,1
631.914021,grid_0766_y510_z550,472.114,508.388,549.908,11.840267691230629,0.622,-0.16361101745722,0.04257781563720399,0.43195258248724533,1,-0.0714270577682533,0.011714152667958002,0.41201212011942034,1,0.023245712219080034,-0.01730609807397738,0.3760218898340001,1,0.09795287598530661,-0.010932749393640109,0.35638969436917867,1,0.1351304830236148,0.08322018451302268,0.34241119082036403,1
632.989487,grid_0767_y512_z550,472.239,510.38,549.829,12.996511416530264,1.065,-0.1617921982631718,0.04300932410142925,0.43215865035023737,1,-0.06828624020357857,0.01009203865009268,0.4033060360666253,1,0.024641275995108035,-0.020223125529277425,0.37632207479866553,1,0.09871459405558446,-0.010859327745199359,0.3589560667884063,1,0.13658392878313586,0.08463660819523634,0.34758841749316244,1
633.719653,grid_0768_y514_z550,472.263,512.156,549.861,14.100580307207212,0.72,-0.16085929868951596,0.04321188594603649,0.43390685132734436,1,-0.06799171709986455,0.009326492769589337,0.40972527860286856,1,0.02547925951074409,-0.02099925995874611,0.3697065873230987,1,0.09880383204451575,-0.011254359537392799,0.3589700691899484,1,0.13563766174970796,0.08379872812284214,0.3446653849640463,1
634.34953,grid_0769_y516_z550,472.55,514.237,549.425,15.89940002012658,0.619,-0.15851165967305275,0.04371755862554827,0.4319920364288513,1,-0.06739468474615776,0.008828639061543065,0.41649083088071526,1,0.027327364213800644,-0.02269764123812535,0.3762491382326478,1,0.09829330228095919,-0.01140725588066777,0.35552620983708855,1,0.13528576094361905,0.08342110715004333,0.3431747462535772,1
634.977337,grid_0770_y518_z550,472.406,516.201,549.772,17.151374580481892,0.617,-0.15635785812021735,0.04393822202956871,0.4313061920152081,1,-0.06345695889885213,0.0075838996049596916,0.4023908520602526,1,0.029196277827011324,-0.024837424531807907,0.3783961307734927,1,0.09930424732540924,-0.011597682456644979,0.35736306455954137,1,0.1353375145002294,0.08328272047515334,0.3428372256803218,1
635.609808,grid_0771_y520_z550,472.782,517.945,549.526,18.735457773964406,0.62,-0.1557176582917467,0.04437981382362064,0.43432535536641065,1,-0.06289147298808903,0.0067761641266444,0.40880858308643087,1,0.030062405301569627,-0.02623282772970712,0.37287911109425115,1,0.10014264677505773,-0.011770655345996198,0.3592352133860518,1,0.13556482374927922,0.08337313396725314,0.34330509298623507,1
636.353008,grid_0772_y522_z550,472.437,520.041,550.083,20.161449650260852,0.732,-0.15093296531202802,0.04358793158950551,0.4272357009575415,1,-0.060989157014923,0.005404472230145789,0.40795818458654187,1,0.03163403278176211,-0.028217428407237122,0.3718969748297226,1,0.10078843101391166,-0.011843103082898583,0.35986508163333175,1,0.1372191290933043,0.08419960205074611,0.3467772017826024,1
637.041938,grid_0773_y524_z550,472.604,521.992,549.82,22.000807689718997,0.679,-0.1506544367425227,0.044271925811487846,0.43155347567454505,1,-0.05967158043034008,0.004626035845410137,0.41039183770909604,1,0.03326249148509224,-0.029985501470550163,0.37445806100137996,1,0.10087918047462677,-0.012025552496889549,0.3585432092460333,1,0.13681554834204981,0.08363640417746333,0.34487781484851265,1
637.673344,grid_0774_y526_z550,472.536,523.869,550.181,23.50409294144323,0.621,-0.14866449031722603,0.04403611159992593,0.4310278096581083,1,-0.057346065546019544,0.0036950470454041825,0.4075141917659478,1,0.034432443700259115,-0.03124200663712995,0.37023685284246693,1,0.10179321443819585,-0.012478942829096933,0.3594935455493123,1,0.13706678345958737,0.08355212497276712,0.3450061758544053,1
638.410624,grid_0775_y528_z550,472.537,525.917,550.109,25.394313064148864,0.724,-0.14692275971197288,0.044626557428976546,0.432343515094761,1,-0.055969186842785235,0.0031448024092783832,0.4104893161109951,1,0.03589792221396934,-0.032618309170557594,0.3692769031222284,1,0.10257593183123659,-0.012519658907611548,0.35912673386632443,1,0.13740622530876828,0.08348007908952579,0.34461828999248395,1
639.037758,grid_0776_y530_z550,472.693,527.863,549.89,27.279409762676394,0.616,-0.1435466349647034,0.04451940556006346,0.42762560837966335,1,-0.053790182211140125,0.0024281710660827693,0.40581956822227117,1,0.037709960274573386,-0.034440646462034985,0.3741614002477876,1,0.10290622128310471,-0.01259118406186297,0.358535649618591,1,0.1402405000376695,0.0848667582640243,0.3508744303246471,1
639.669737,grid_0777_y532_z550,472.675,529.832,549.893,29.10454625999176,0.621,-0.14058404034777577,0.04461046185954341,0.42515856927506146,1,-0.0521375940970812,0.0018923146951648373,0.4073841807653282,1,0.03913583494031829,-0.03562816813953153,0.37212134691481524,1,0.10354983464957812,-0.012928433541393539,0.35803192133739226,1,0.1393050277957232,0.08372500531595015,0.3475274755178083,1
640.469735,grid_0778_y534_z550,472.705,531.903,549.859,31.058758893426532,0.79,-0.13955274746140717,0.04513529949609959,0.427934840458002,1,-0.049977057748184714,0.001377522494017028,0.4045967762287585,1,0.04004554894102767,-0.036452409070998316,0.3664688019929774,1,0.10413722021294791,-0.013218283961255151,0.3569818540055144,1,0.1383556632585297,0.08257508194113823,0.3433284674338964,1
641.094752,grid_0779_y536_z550,472.736,534.006,549.669,33.10683787376861,0.615,-0.13636404905954227,0.04523642636552931,0.423699457321901,1,-0.04802047401934348,0.0009684918840025657,0.4029748699894934,1,0.041662723506887114,-0.03767068890594518,0.36728831608427814,1,0.10606975499054802,-0.013684824719325903,0.36011779961564033,1,0.13869078118577477,0.08235900200256874,0.3424735534621375,1
641.7437,grid_0780_y538_z550,472.973,535.818,549.571,34.8709940925119,0.638,-0.1357647848955009,0.04630993512013474,0.4287693236364145,1,-0.04592070068518382,0.00048142582972396017,0.40172210797913993,1,0.044102931695813266,-0.03907652912240389,0.37227856459227576,1,0.1081614842050413,-0.014081536360438823,0.36327131617826175,1,0.1416431366827645,0.08329380834365292,0.3482554247668436,1
642.383957,grid_0781_y540_z550,472.814,538.115,549.309,37.12685967059432,0.63,-0.13377078007790227,0.04677369536276144,0.42862601830285163,1,-0.04410600208301111,0.00018305950551530237,0.40281103342782626,1,0.04644215425975219,-0.04024417816629734,0.3755226866780341,1,0.10744396849971068,-0.014060048813156215,0.356839528435115,1,0.14371642248669916,0.08393002888041498,0.351827106307954,1
643.121633,grid_0782_y542_z550,472.932,540.061,549.291,39.0002317557217,0.727,-0.12949807254230025,0.046322433724901836,0.4216475028415066,1,-0.04170734999158519,-0.00020936513241615585,0.39997136346053913,1,0.04742303730190607,-0.041088690722472725,0.3709757459558961,1,0.10859686533653234,-0.014460030721136215,0.3575798156424167,1,0.14240472266564086,0.08294398763591065,0.34788846551300157,1
643.773452,grid_0783_y544_z550,472.898,541.98,549.571,40.76754451766752,0.641,-0.1270673930163605,0.04605885851162657,0.419987875407797,1,-0.039748718663112824,-0.0008999773779418069,0.3989246143525941,1,0.04842738860670179,-0.04177728567457773,0.36629818847889856,1,0.11088024920314991,-0.014912585679396748,0.36203435916283366,1,0.14132529728341134,0.08194699408497262,0.3442663739357201,1
644.855002,grid_0784_y546_z550,472.677,544.033,549.674,42.713536601410134,1.07,-0.12401507771040507,0.046100776582808776,0.41902725885367237,1,-0.03819885162784048,-0.00243156048764293,0.40122750675887087,1,0.04953982744499004,-0.04497430431525984,0.36547453860909535,1,0.11019929071532761,-0.014725127144614172,0.36116368172915697,1,0.14123335396096023,0.08201003462420127,0.3445654394924549,1
645.82927,grid_0785_y548_z550,472.781,545.892,549.802,44.49056918044549,0.964,-0.12232445249709674,0.046383721517291976,0.42014544851051083,1,-0.03735134360084915,-0.0037212679781959135,0.4051282126803222,1,0.04998365146744638,-0.0470201266275744,0.3621743307582842,1,0.10949055389321398,-0.014569519936032666,0.3599068198559388,1,0.14197361495513375,0.08265408446817395,0.34692852253887746,1
647.181726,grid_0786_y550_z550,472.674,547.926,549.753,46.47475540548874,1.341,-0.12395632293200654,0.04814124640551062,0.4336546882567087,1,-0.03475797275612909,-0.004741773533934856,0.3985191075127343,1,0.05136007371395925,-0.04920651716806834,0.36474896730330664,1,0.10982969212182761,-0.0146019679364691,0.3607747581678341,1,0.14198296730263635,0.08264663012945377,0.3469133689287752,1
647.969963,grid_0787_y552_z550,472.624,550.029,549.904,48.490204392227525,0.776,-0.11882951401579137,0.046520222607033965,0.42245179672874694,1,-0.03309417516355089,-0.00415204288113661,0.39670393860088976,1,0.051043138369404474,-0.05433155550611805,0.3670793873865974,1,0.10805353650279412,-0.014085878240644167,0.36353496097196897,1,0.14008432567583187,0.08256644456655109,0.3448473702913617,1
648.656852,grid_0788_y554_z550,472.66,552.022,550.141,50.39178442960725,0.676,-0.11596605659095516,0.0458593622360672,0.4177735782397029,1,-0.031594083329567244,-0.005110035979962936,0.3950493899904279,1,0.051568535458910714,-0.05740640515087485,0.3692969943694141,1,0.10605173300471274,-0.013660570551750281,0.35916972960789123,1,0.13962728049231218,0.0824882449311162,0.34460843874434666,1
649.394413,grid_0789_y556_z550,472.623,554.13,549.962,52.4907053677125,0.728,-0.11520148907616427,0.04658248779618529,0.4229279127561941,1,-0.03003291287221571,-0.006063674831097742,0.39569028535063455,1,0.05258827935878344,-0.05901498363845986,0.3680676709158505,1,0.10668742370717084,-0.013856021803977747,0.3607090208579436,1,0.13918904576506827,0.08223960445096809,0.3432481027722415,1
650.077155,grid_0790_y558_z550,472.669,556.085,549.72,54.45593492907826,0.673,-0.11226647488601497,0.0465316214473724,0.4184976794568415,1,-0.028592095861277856,-0.006822631611903255,0.3966699959204478,1,0.05312021486373294,-0.06035967261356727,0.3652908798271169,1,0.10726637063673801,-0.01397588805364225,0.36228708869648757,1,0.14037529705200266,0.08274133383167558,0.34584573277748,1
650.708806,grid_0791_y560_z550,472.87,558.005,549.447,56.39899216298109,0.621,-0.10994768401832375,0.04682206992839353,0.4171698202010622,1,-0.027459568858700677,-0.007954066458828839,0.39816428724488734,1,0.05393346448148449,-0.06363652078888138,0.36933691358353765,1,0.1060995433318225,-0.013686884335696176,0.36081408740285587,1,0.1395201279414983,0.08270244016258972,0.3452403392781568,1
651.338123,grid_0792_y562_z550,472.845,560.14,549.262,58.52804047633922,0.619,-0.10702258208341833,0.04626609255953922,0.41290838659323803,1,-0.027677109552913543,-0.011304326512445617,0.39949206153663114,1,0.051980846887207346,-0.06931491357030359,0.3695693841499081,1,0.10195925652730246,-0.012247065790264671,0.36156436578048545,1,0.13691074881947154,0.08384269007231951,0.3460757891350662,1
652.067282,grid_0793_y564_z550,472.793,562.253,549.152,60.62181878663825,0.719,-0.103380209768917,0.04581923324251539,0.4080299131429431,1,-0.025806319969353935,-0.012736423130518783,0.396027249366734,1,0.052520531898415004,-0.07141792999363611,0.36788345855119486,1,0.1019451382303184,-0.012128659396560675,0.36239879323528534,1,0.13688211661132701,0.08391533167094364,0.3461883657395323,1
652.694357,grid_0794_y566_z550,473.073,563.931,549.253,62.26404178978431,0.617,-0.10336122803844154,0.045988651442525036,0.4128815567601154,1,-0.024983145143196744,-0.01362240211033118,0.3992558284446302,1,0.05318742807014187,-0.07256556711450463,0.36723525195404816,1,0.10220395571976729,-0.01221149814879208,0.36222135284337464,1,0.1372915365382615,0.08403843584952639,0.3466988022979662,1
653.32346,grid_0795_y568_z550,472.963,565.946,549.192,64.25357681872664,0.62,-0.10182621056556007,0.04342086941019753,0.4116388008247971,1,-0.02343657713738057,-0.015318027740958024,0.4003064513754359,1,0.054698444160560966,-0.07423043994346676,0.3676132329282586,1,0.10232282010967968,-0.012240812151564081,0.35982443207387815,1,0.1381720310763805,0.08426174641003728,0.34841444686013057,1
653.952065,grid_0796_y570_z550,473.12,567.831,549.651,66.04138563809822,0.619,-0.10183439687020295,0.038065744020111474,0.410439665237865,1,-0.022481005216570465,-0.01869579425603658,0.39678135532275605,1,0.055917432010893144,-0.07686191339257686,0.3672594528329744,1,0.10266474027406136,-0.012416404233326258,0.36015564790810745,1,0.1376183058699137,0.08368940126926723,0.3463205979157934,1
654.693515,grid_0797_y572_z550,472.966,569.983,549.302,68.21459121038545,0.73,-0.10050380795563105,0.03843266881339208,0.4138537906817783,1,-0.021710457500457286,-0.020750481091471297,0.3978330495914473,1,0.05583694963461603,-0.0797342422200082,0.36870765934527944,1,0.10191216343904896,-0.012115398189155437,0.36263265353026414,1,0.13625901513930594,0.08363661118202687,0.3449936780528862,1
655.324853,grid_0798_y574_z550,473.141,571.75,549.561,69.92478971723834,0.621,-0.0989177150202866,0.03819395928109152,0.41302521586845814,1,-0.020532416465241426,-0.021762779574757495,0.39786293258202265,1,0.05621202229446929,-0.0804550909939344,0.3671014764415732,1,0.10173231664731033,-0.012188007472562167,0.36157143357631083,1,0.1365938890049582,0.08378370781744289,0.34562481681805834,1
655.954348,grid_0799_y576_z550,473.158,573.644,549.636,71.78576000154908,0.619,-0.09563031014718312,0.03771980355421038,0.40742711298814216,1,-0.019233058108950797,-0.02293221584277172,0.3978064512295684,1,0.05703314265878292,-0.0817875102753661,0.36728396092523835,1,0.10094509146205899,-0.012027618729005565,0.35797392685151475,1,0.1370220553891773,0.08396175001668944,0.34639113527062665,1
656.589698,grid_0800_y578_z550,473.01,575.942,549.44,74.08150545851511,0.625,-0.09337273656048099,0.03787127150884749,0.40584733607763956,1,-0.017977840606669192,-0.023645098152121364,0.3974659432349964,1,0.05779817732562607,-0.08300943580618925,0.36716343069524776,1,0.10107288730141477,-0.012031995198303159,0.3580936183357288,1,0.13740357551411303,0.08412431943402074,0.34708986387949686,1
657.331096,grid_0801_y580_z550,473.069,578.0,549.379,76.12781192836165,0.731,-0.09347915474031156,0.039148223094590415,0.4168131253481137,1,-0.01652827060531486,-0.024815212839576776,0.39715691097253564,1,0.05767325115459417,-0.08282742146762108,0.360717779642029,1,0.10208709341989694,-0.012208132286900738,0.3612519566340877,1,0.13746305170432963,0.08413176355283841,0.3471137388748775,1
657.966225,grid_0802_y582_z550,473.183,579.809,549.355,77.92500132820017,0.625,-0.09114578732075773,0.03890028881654987,0.4132634289696628,1,-0.015222553659690658,-0.02552624008991581,0.39045801627395943,1,0.05898362887334692,-0.08450630761428621,0.36497005297519036,1,0.10114634737985169,-0.012036176734586596,0.358248048708003,1,0.13738666734993787,0.08411256871151432,0.34703421153348907,1
658.59886,grid_0803_y584_z550,473.46,581.648,549.068,79.79438408183879,0.621,-0.08809110561948896,0.03862424121357681,0.40734034212195774,1,-0.014332296849941408,-0.02646505831331044,0.39448843541789314,1,0.05992323498052217,-0.08607470022896724,0.36890780950576957,1,0.10119386664082738,-0.012187093191030642,0.35895253868460586,1,0.13686296850701934,0.0839269888609906,0.3462335757473259,1
659.334162,grid_0804_y586_z550,472.973,584.037,549.423,82.09680551641463,0.723,-0.0849252108273316,0.03840199520873329,0.4043254283752097,1,-0.012960664338729161,-0.028017114645015762,0.39581726570213605,1,0.061542099383057505,-0.08815986917426441,0.3734887302127259,1,0.10177532895389152,-0.012091801338108447,0.36138932741258156,1,0.13654724274567473,0.08376823503552763,0.3455572269743602,1
659.961862,grid_0805_y588_z550,473.323,585.769,549.517,83.81195897961103,0.619,-0.08359640608434808,0.038330144296579806,0.40582032738169627,1,-0.012202344678869778,-0.029291971459019277,0.4004462422322324,1,0.060841418515000835,-0.08714961669907036,0.36640253298036674,1,0.10165415356748245,-0.012104246260624623,0.3611060234479656,1,0.13650059648639132,0.08375276225361235,0.34548963713066205,1
660.59489,grid_0806_y590_z550,473.16,587.887,549.522,85.90655866696089,0.622,-0.08169295360901611,0.0383377693888836,0.4057530947061694,1,-0.010791947945309802,-0.029995369450564253,0.39592855265356025,1,0.06100129044697015,-0.08698566484371817,0.36344510648302997,1,0.10135901538461145,-0.012051794343838695,0.35944384189510237,1,0.13680797219706775,0.08387272891706617,0.34600797604434247,1
661.223977,grid_0807_y592_z550,473.013,589.855,549.7,87.83336603478206,0.619,-0.07948430482036681,0.038229602991646114,0.40462706819438293,1,-0.009433324185657016,-0.030866914911649373,0.39392659328642154,1,0.061915494704074835,-0.0879166224929233,0.3645943720162532,1,0.10286651170716148,-0.012383999654430187,0.3638520687437265,1,0.137293374831371,0.08408162314768379,0.34689903184609283,1
661.962111,grid_0808_y594_z550,472.939,592.039,549.574,90.01420208500436,0.728,-0.0775546547877322,0.038841828147347136,0.40727626100467,1,-0.007986219508948723,-0.03196276085584526,0.3967042365007013,1,0.06300677816770921,-0.0889621840156379,0.3664567339294986,1,0.10407676476558311,-0.012585410777708824,0.36719635636789844,1,0.13734397732724618,0.08392440857622274,0.34620235824152734,1
662.595515,grid_0809_y596_z550,473.027,594.07,549.331,92.06127325319812,0.622,-0.07599127278635995,0.03923840816524046,0.40768543881436103,1,-0.006905942142289454,-0.03187823017113341,0.39126697230337026,1,0.0636442991929387,-0.08940606104757443,0.36608002573001014,1,0.10337981029760117,-0.0124712100124332,0.36403341673319883,1,0.13571168155902344,0.08285850287404475,0.34222607971104096,1
663.22513,grid_0810_y598_z550,473.186,595.998,549.025,94.01545946279268,0.619,-0.07226202220128078,0.038791437572187816,0.3977047545542577,1,-0.005561766922581366,-0.03248920991783784,0.3912609928861629,1,0.06445670054048536,-0.09031237235624281,0.3680803878136819,1,0.10461989992626367,-0.012576063040943613,0.36657700545444066,1,0.13654326411248072,0.08316166779561746,0.34445336782213254,1
664.065976,grid_0811_y600_z550,472.933,598.19,549.277,96.15629123983523,0.831,-0.06901082017565152,0.03836288092500041,0.39221928964934955,1,-0.003670569385825938,-0.033079749352174385,0.3875365636038593,1,0.06558308039333871,-0.09082285055444148,0.3681501336190346,1,0.10412609138155901,-0.012716804141316217,0.36378420990439503,1,0.1363895752485711,0.08248803730621325,0.34282959218452913,1
664.701497,grid_0812_y602_z550,472.96,600.339,548.98,98.32515209243266,0.624,-0.0687604364599881,0.03966648267310692,0.4026415105428011,1,-0.0024917054950790813,-0.033637533865289185,0.3888969283280591,1,0.06676230239791617,-0.09151176412312781,0.36948470817547446,1,0.10369187680199132,-0.012920744076068903,0.360729390860961,1,0.13768222436290184,0.08326371089664063,0.34571974662052385,1
665.566658,grid_0813_y604_z550,473.15,602.167,549.069,100.1356427102758,0.856,-0.0671199241510992,0.04012462422707454,0.40574843017549034,1,-0.000981009261558864,-0.03432513197558307,0.3889022240457548,1,0.06680120087600812,-0.09113533106087471,0.36559295068285036,1,0.10431065316761598,-0.01308579198481318,0.3612444965664537,1,0.13769023047353773,0.08281531832332947,0.3441821492972782,1
666.252656,grid_0814_y606_z550,472.847,604.31,549.303,102.23289075928545,0.676,-0.06459004874316183,0.04002235177279966,0.40446922036009736,1,0.0005837687810184385,-0.03546124487508562,0.394778791062347,1,0.06779724577735169,-0.0915203652026249,0.3648777902076318,1,0.10490382177057433,-0.01308039407333218,0.3609656056499309,1,0.13753300912029964,0.08247422917393263,0.34301077958093373,1
667.280521,grid_0815_y608_z550,472.976,606.293,549.004,104.23883488412562,1.018,-0.07093168042524202,0.046152185754699544,0.4630767568344359,1,0.0020298381936021967,-0.03521168437010432,0.3855783887217158,1,0.06922529637106056,-0.09298443036470654,0.3693657853522356,1,0.10512091574696092,-0.013068034075524449,0.3606483322463646,1,0.1376003330610628,0.08245980594389908,0.34295404224052667,1
668.196629,grid_0816_y610_z550,472.886,608.223,549.479,106.10655490119352,0.904,-0.05937853518240831,0.039911198495503675,0.39926925756995096,1,0.0034954581259941317,-0.036440978780268904,0.3868799427744757,1,0.07109430865288055,-0.09470227008492446,0.37421293605397965,1,0.10558930982085883,-0.013363098456444403,0.35990751047821856,1,0.13961611111612504,0.08297339406536432,0.3458443003701666,1
669.405073,grid_0817_y612_z550,472.7,610.376,549.345,108.2579545807143,1.198,-0.057872314549018714,0.040521603547212584,0.4041996834681269,1,0.004875714094438874,-0.037534411144371005,0.3891709647841597,1,0.07058346861322687,-0.09381360501131933,0.36951006399853537,1,0.10548942448858896,-0.013485865856475321,0.35869850462761554,1,0.13977919467499272,0.08302544765817263,0.3461428106588361,1
670.038603,grid_0818_y614_z550,472.782,612.296,549.391,110.1651936956497,0.621,-0.056624726047043016,0.040531061268951334,0.4042425257207154,1,0.005478559260393143,-0.03753623716776562,0.38632827192081637,1,0.07077453680460505,-0.09370178279077104,0.367905391325866,1,0.10688900926008371,-0.013828363961345796,0.36301654578810927,1,0.13977919467499272,0.08302544765817263,0.3461428106588361,1
670.774267,grid_0819_y616_z550,472.824,614.368,549.361,112.23073248446708,0.727,-0.05429374402665691,0.040605776427452896,0.40448911872846044,1,0.007050889013539262,-0.0383780210419154,0.3868374799167544,1,0.07277067228095323,-0.09526523965139744,0.37301666871360195,1,0.10732624921422758,-0.013871296052202631,0.3632588035108792,1,0.13902570462749525,0.08221107758654597,0.3434653692796381,1
671.403403,grid_0820_y618_z550,473.007,616.302,549.179,114.17655451536454,0.618,-0.052147945830815355,0.04064124985236729,0.4010863223676271,1,0.008058029363696251,-0.03903584768530556,0.38968017198438243,1,0.0733083242861056,-0.09562801827492254,0.3729391181362277,1,0.10737624307652038,-0.013882522349950669,0.36250880332421026,1,0.13860003640015978,0.08183397824166919,0.3421772666398405,1
672.043606,grid_0821_y620_z550,473.079,618.204,549.245,116.0647060781183,0.628,-0.04959107163577937,0.040339514846181763,0.3965641398611396,1,0.009387055891032909,-0.039232642911292824,0.38647166494165586,1,0.07300830262144709,-0.09474892661326555,0.36865987306287695,1,0.10841524447248674,-0.014059641126591832,0.3647881550807582,1,0.1400270675734046,0.08254672150669749,0.3452079749712608,1
672.678332,grid_0822_y622_z550,473.232,620.301,549.035,118.17496285169722,0.622,-0.04802898138769751,0.04101523033031164,0.39969493261881844,1,0.010440202724280399,-0.03984691208071254,0.38641546076709,1,0.07357886286011053,-0.095526122701444,0.37030853790391594,1,0.10877871909174833,-0.014109818869529982,0.3652426997832924,1,0.14169750566435815,0.08356192383513868,0.3492331656089034,1
673.411488,grid_0823_y624_z550,473.36,622.006,549.197,119.85995572333572,0.722,-0.0454399814730619,0.04054687520006786,0.3938927220531155,1,0.011501607265422976,-0.04014354745936284,0.3833816563989294,1,0.07441749510896825,-0.09595637480129378,0.3715069781269202,1,0.10855750447850157,-0.014099639583971382,0.3637085243474726,1,0.14283360794235647,0.08410405472916244,0.3517603976807415,1
674.041967,grid_0824_y626_z550,473.456,623.927,549.179,121.77632259597927,0.618,-0.04379396310825932,0.04069404935636149,0.39487597785097467,1,0.012427128205433326,-0.04096061453852764,0.3856165995772083,1,0.07451651515283308,-0.09593866129119674,0.37122349483503303,1,0.10855750447850157,-0.014099639583971382,0.3637085243474726,1,0.14253016390127748,0.08386149589482009,0.3509552575644233,1
674.669962,grid_0825_y628_z550,473.266,626.02,549.097,123.86349722981343,0.617,-0.04167182000498077,0.04081219913303639,0.3935104817788904,1,0.013361722601596168,-0.041341000004678,0.38336745941110917,1,0.07449082014876791,-0.09595105161259126,0.37098148506396617,1,0.10849717021164333,-0.014111346766964447,0.36348561042044636,1,0.1428166919185901,0.08410726057962958,0.35177649599931254,1
675.299662,grid_0826_y630_z550,473.243,627.963,549.567,125.7573935321498,0.619,-0.03957575512836645,0.04052786303316218,0.3928060966154137,1,0.014497631405647613,-0.04215458512122279,0.3817798721640349,1,0.07415142517496638,-0.09508518788517821,0.36689067226367617,1,0.10820346731529293,-0.01407768697865176,0.3617946431504971,1,0.14090455034799967,0.08271922101576218,0.3467814631672697,1
676.040235,grid_0827_y632_z550,473.287,630.087,549.432,127.8856722897448,0.729,-0.037405563639107034,0.0412457358061938,0.3978488599646107,1,0.016491205308034447,-0.043578496262514664,0.3885210813589313,1,0.07562040808927706,-0.09591621941552717,0.3687287177500944,1,0.10800405639935043,-0.014223701549516046,0.35928368853276055,1,0.13958597299948755,0.08172219732569859,0.3435144053756597,1
676.673522,grid_0828_y634_z550,473.328,632.039,549.451,129.82973160643903,0.623,-0.03519417437079994,0.04081138378240197,0.39309905015820334,1,0.0176610808828919,-0.043706878680835407,0.38553856589479113,1,0.07592200535743429,-0.09596119967514813,0.3668023142099905,1,0.10935348542180985,-0.01439102872930562,0.3617485326546279,1,0.1396556130978736,0.08154560443807744,0.3428556781556654,1
677.302956,grid_0829_y636_z550,473.423,634.12,549.13,131.93174922663616,0.619,-0.032845145613760965,0.04064494165863347,0.3875829363007828,1,0.018931419736870753,-0.04354274283396331,0.38256007538038106,1,0.0769574093335679,-0.09622154047195093,0.3669694510284961,1,0.11067885020272505,-0.014641192423437402,0.3643849530790425,1,0.14319138140080448,0.08355730698894877,0.35036587268029595,1
678.4966,grid_0830_y638_z550,473.42,636.091,549.207,133.8891027716595,1.183,-0.029996095265833335,0.04079173288457603,0.3871041792827368,1,0.02095889129249023,-0.04428684172239225,0.3874609787008662,1,0.07728084860236917,-0.09531061945884046,0.362572475179224,1,0.11077477191766125,-0.014615888266188284,0.3626518465695244,1,0.141105483005051,0.08213025794231071,0.3449076007379318,1
679.125259,grid_0831_y640_z550,473.377,638.096,548.869,135.9138653155005,0.618,-0.02847055492642255,0.04126208433800686,0.38594127217299495,1,0.021770560746591,-0.04421822601262633,0.38448555820342273,1,0.07881899006774397,-0.09711666046230172,0.3683917306222652,1,0.11088089928186169,-0.014936385779086125,0.3612520290525945,1,0.1418597944773353,0.08246486735858757,0.3462504970191249,1
679.766217,grid_0832_y642_z550,473.403,640.018,548.928,137.82459945162188,0.63,-0.026375650018940777,0.04185584868203915,0.38709734244992766,1,0.02304212056143629,-0.04382463266496927,0.37960629149364455,1,0.0802769825432304,-0.09813691092849205,0.37139110787308016,1,0.11136211602200632,-0.015093641286132272,0.36135198634238846,1,0.1417981056768228,0.08229274112776028,0.3456723578069215,1
680.400821,grid_0833_y644_z550,473.485,642.02,549.247,139.7959590152734,0.625,-0.024259336967186223,0.041849189533189515,0.38924787105782865,1,0.024844330922604765,-0.0447741467582896,0.38241319332034923,1,0.08006167685630351,-0.09684562878654507,0.36458086843995846,1,0.11289602900864078,-0.015451305221916869,0.3640353331146821,1,0.14094884211773187,0.0815218474291817,0.342693313394882,1
681.140221,grid_0834_y646_z550,473.451,644.055,549.183,141.82867133270335,0.728,-0.022116177668115026,0.042116307185367886,0.39163987404039025,1,0.02616065616669757,-0.044825289433588725,0.37930171431650705,1,0.08144573961675747,-0.09758234198733515,0.36605999360578606,1,0.11511662191046006,-0.015741509730887077,0.3690056715523221,1,0.13970151327339092,0.08040274859080283,0.3387480198944902,1
681.775427,grid_0835_y648_z550,473.36,646.163,549.287,143.92035778513062,0.624,-0.02024926368963644,0.042170455441845604,0.3910116186993158,1,0.027499037537871657,-0.045239486594427086,0.37978530093889734,1,0.08278326147527686,-0.09836130334047681,0.3682450870794421,1,0.11550225026491515,-0.015740809396300116,0.36848906846738744,1,0.13947779889445583,0.08011676835859154,0.3377065896869734,1
682.410134,grid_0836_y650_z550,473.524,648.031,549.356,145.78075397664807,0.624,-0.01829152290395631,0.04242292040471964,0.3933779946750181,1,0.029192361497832213,-0.046064211876829304,0.3835552940432045,1,0.08401531284724409,-0.09900036368708438,0.36895352064093057,1,0.11395486589993911,-0.015606364043375481,0.361583877023519,1,0.1409070972899652,0.08109125519618883,0.3411181978812257,1
683.040928,grid_0837_y650_z552,473.667,648.325,550.068,146.02576242910024,0.619,-0.017570681708261808,0.04175450428277525,0.39256723662793663,1,0.030041667155031947,-0.04689438289638902,0.3840520930085324,1,0.08569700993860652,-0.09995713501883817,0.3721086102987977,1,0.1145802232021786,-0.01567549519079236,0.361711612439671,1,0.14335703662472568,0.08207121154799371,0.3463539730004193,1
683.796899,grid_0838_y648_z552,473.594,648.402,550.062,146.10148279535022,0.746,-0.01752355794555163,0.041565117069431556,0.3926851633280098,1,0.03065469822747648,-0.04793963725371643,0.3902473224091515,1,0.08442422292663274,-0.09838671949212793,0.36601282913303246,1,0.1151574005028297,-0.01571876017739383,0.36285367190749424,1,0.14361227929194362,0.08201602791018206,0.34657873486391344,1
684.42511,grid_0839_y646_z552,473.016,647.388,550.145,145.07376571248165,0.616,-0.017929837563868685,0.04121619901623197,0.38941832553106476,1,0.029586174685418493,-0.04683494784304406,0.3815262847521709,1,0.08464998482049377,-0.09923534250413471,0.3689726078223316,1,0.11372665136715934,-0.015594383974649097,0.3596155119703697,1,0.14270133372533117,0.08194921762969579,0.3450931648177904,1
685.059752,grid_0840_y644_z552,472.414,645.931,549.867,143.63148028548622,0.624,-0.01919698913793126,0.04148036152414859,0.39109056338142,1,0.028357130450516972,-0.046311989667932006,0.3817937471787701,1,0.08475465389244424,-0.10014100417570485,0.37414188022307726,1,0.11472356194204396,-0.015654235297317565,0.365019915470951,1,0.14010169893129393,0.08053442241099878,0.339165751069309,1
685.801719,grid_0841_y642_z552,471.939,644.322,549.874,142.0211586137784,0.731,-0.02081732782412013,0.041543750571296556,0.39385102514970294,1,0.027552761126385345,-0.04661165719924401,0.38696265456454115,1,0.08308855250847995,-0.0989019685995945,0.3705189006347577,1,0.11497431621112741,-0.01571102535521185,0.367521971434375,1,0.13983934524430222,0.08034707719374076,0.33858415579903933,1
686.433261,grid_0842_y640_z552,471.593,642.547,549.96,140.24190297125895,0.621,-0.02217296181821941,0.04137146005984862,0.39275441563147534,1,0.026226144941725475,-0.04589040712892577,0.383199122118995,1,0.08182435729542863,-0.09824602238471088,0.36844371991221325,1,0.11424191896188225,-0.015666217258948307,0.3668966660017363,1,0.14064578221224497,0.08111274738282495,0.3412589519703154,1
687.059818,grid_0843_y638_z552,471.662,640.406,549.736,138.1239752794568,0.616,-0.024250408494009466,0.0412426312369505,0.3921701644672921,1,0.024447020915242132,-0.045282954628102993,0.3820977022660673,1,0.08074902398862634,-0.09808893527521917,0.369743136126757,1,0.11125279044018607,-0.01508582532198594,0.35983262632902974,1,0.1408622969474378,0.08157347132582438,0.34294679496465336,1
687.797728,grid_0844_y636_z552,471.58,638.399,549.861,136.11273673319485,0.727,-0.026154141791401936,0.041107532823221646,0.3914982985316671,1,0.022916135309235103,-0.04503346347360988,0.3821252096653402,1,0.08008238183174161,-0.09811570257301985,0.3718955730661354,1,0.11103476147289544,-0.014990207614683814,0.36163041558386855,1,0.14130255512551923,0.08201512300450198,0.3445707377752618,1
689.878911,grid_0845_y634_z552,471.303,636.525,550.019,134.2305462404143,2.07,-0.029486493799845564,0.04168279882624556,0.40135549338048754,1,0.021983363512573705,-0.04651332885646246,0.3973850627760018,1,0.07921512642372144,-0.09829111384290237,0.3740235308459591,1,0.11083886735243934,-0.014715463706521756,0.3629348610966801,1,0.14110548300505102,0.08213025794231071,0.3449076007379318,1
691.0573,grid_0846_y632_z552,471.242,634.573,550.258,132.26582108012636,1.064,-0.03076346121767625,0.04004521480686559,0.3900808950568237,1,0.0198285824306939,-0.045002229373210634,0.38479925275821797,1,0.07714929289680282,-0.09663381363516756,0.36863365353213556,1,0.10984713475952501,-0.014444930653895422,0.36246381478797324,1,0.1438579578707298,0.08389275440206592,0.3516560837610966,1
691.800224,grid_0847_y630_z552,471.388,632.362,550.557,130.03947158459232,0.733,-0.03303218497174941,0.040068166413111214,0.3939642707598724,1,0.018373370028199238,-0.04467545391705148,0.38386499892723,1,0.07722933681114151,-0.09742938262673217,0.3731859135199864,1,0.10933780829901063,-0.014444563693014112,0.36236002796222666,1,0.1413869366569944,0.08251261630923802,0.34649949904747873,1
692.533255,grid_0848_y628_z552,471.224,630.636,550.572,128.31631984669758,0.723,-0.03410559121701328,0.03885054082714207,0.38660175283657366,1,0.017105683049871034,-0.04436592689057797,0.3813722904615523,1,0.0759930352433957,-0.09661457419867704,0.3714417648555912,1,0.10781221212490395,-0.014189350456122773,0.3585093915197749,1,0.14013309866654625,0.08198450591729319,0.3445191648333813,1
693.161774,grid_0849_y626_z552,471.457,628.425,550.604,126.11051391933978,0.618,-0.036383960642347245,0.03934059274005149,0.39154382418129247,1,0.01613714623683033,-0.045249253986293946,0.3919356176392779,1,0.07549891391072124,-0.09681978599475143,0.37376268482458497,1,0.10842726531758717,-0.014135503156805892,0.362878737004998,1,0.14127805524260165,0.08293031191389233,0.3478235020398949,1
693.793839,grid_0850_y624_z552,471.607,626.381,550.279,124.09912795825761,0.621,-0.039023684639503904,0.03971450399463271,0.3942223905576322,1,0.013975318430009823,-0.04403176442721675,0.3859955315677937,1,0.07418783125453637,-0.09633335343850505,0.3743238512392595,1,0.10739926814904943,-0.013936861057538236,0.3630331509766646,1,0.14020563000399602,0.08282167467208663,0.3462727387839476,1
694.533001,grid_0851_y622_z552,471.628,624.42,550.031,122.16505067325923,0.73,-0.04130311282558326,0.04021486494530836,0.3965578904915782,1,0.012132335009387108,-0.04354271099466396,0.386486715789261,1,0.07247543604549248,-0.09568662288376814,0.3735850647103046,1,0.10542276388848362,-0.013407735300137946,0.35927770617284543,1,0.13915780086864615,0.08264759101438414,0.3445849293695873,1
695.165984,grid_0852_y620_z552,471.723,622.293,549.981,120.05065465877313,0.62,-0.04373843625772902,0.04035873600953675,0.39824592650459445,1,0.01056789237143632,-0.04340505156803143,0.3899837530788847,1,0.07041489231931913,-0.09410994188953531,0.3693823287134713,1,0.10538782506749007,-0.013201836763503106,0.3620322752096358,1,0.13808928381608698,0.08256593590337424,0.34355194146483053,1
695.801176,grid_0853_y618_z552,471.684,620.482,549.872,118.25547122649336,0.625,-0.04561074300586302,0.04017835150437378,0.39624675781928725,1,0.008948396791710691,-0.04275686773846856,0.38822712445422936,1,0.06919202565932206,-0.09344864022167271,0.36868641192579554,1,0.10473108816421695,-0.013155397909207067,0.36252969375745164,1,0.13792199597497867,0.08314654476967931,0.3453089631003807,1
696.428996,grid_0854_y616_z552,471.767,618.237,550.119,115.99836367811399,0.617,-0.04787108784621883,0.03989436181712829,0.39769066998854025,1,0.007473333521203168,-0.042317354916307906,0.3883325925042733,1,0.06801210141215872,-0.0928781319286797,0.36756639300796934,1,0.10341462472476333,-0.012708399699710613,0.3604807888573136,1,0.13679487663362816,0.0826801405343291,0.3437355318975758,1
697.453164,grid_0855_y614_z552,471.63,616.287,550.529,114.01923197864478,1.014,-0.05073011128080275,0.03948563948931147,0.4006567770314812,1,0.005719549120992278,-0.04298164448590691,0.3955900588774582,1,0.06852746245613575,-0.09445320564290324,0.3753455306079153,1,0.10491602486216292,-0.012587992628433926,0.36669216312975117,1,0.1420293709718037,0.08632493929132731,0.35814064772521553,1
698.358022,grid_0856_y612_z552,471.559,614.392,550.673,112.11831367354763,0.893,-0.053521350383782015,0.039742509718223296,0.4062069238439524,1,0.004642547938182686,-0.04286454826072136,0.39473335085697203,1,0.0674700272914965,-0.09385125172795951,0.37507006599877346,1,0.10414462058105627,-0.012578502772129269,0.3672530041034223,1,0.13507801239796297,0.08243548967199639,0.3405657302925419,1
698.989335,grid_0857_y610_z552,471.585,612.2,551.051,109.90262222986317,0.62,-0.05427137778289991,0.03883970954947391,0.40093909940485595,1,0.003853320909533404,-0.04271348605468718,0.39450679288807944,1,0.06672534434824197,-0.09286251162587054,0.37139588388365363,1,0.10415022484402006,-0.012589592313992263,0.3673507867401727,1,0.13700781111391896,0.08373108270724305,0.34552501444252026,1
699.724417,grid_0858_y608_z552,471.452,610.331,550.871,108.05453186701615,0.724,-0.05621791818065077,0.03827187053914345,0.39904663370238735,1,0.0023517271775692467,-0.04190941667867572,0.39520495766807645,1,0.06597178643478754,-0.09267403610648868,0.37186154843368235,1,0.10211919211841365,-0.012221537504674676,0.36244435554755894,1,0.13672750960943406,0.08383375469013804,0.3458290815086288,1
700.35552,grid_0859_y606_z552,471.519,608.296,550.523,106.05894033507978,0.618,-0.05809147633075975,0.0384609202349383,0.39973300068285866,1,0.0014571228733570485,-0.04084689105786175,0.3940303692032184,1,0.06615948041461175,-0.09306402917261106,0.37427611879744604,1,0.10166872785078866,-0.012140334583986999,0.36165834435998534,1,0.13633315955356518,0.08367921393590436,0.345174067748076,1
700.989521,grid_0860_y604_z552,471.434,606.403,550.383,104.18639339664277,0.624,-0.060052858944884345,0.03868901881667524,0.3999631148912187,1,0.00027094124024759777,-0.0400478966227946,0.3946141731119437,1,0.06585995727208818,-0.09274859466853763,0.3736058611341407,1,0.10219790418390066,-0.012109773298870474,0.36377401271105114,1,0.13609157820647982,0.08356306286431885,0.3446781086703002,1
701.617581,grid_0861_y602_z552,471.609,604.42,550.333,102.2187139471046,0.617,-0.06274407863997056,0.03871281336288991,0.40326198765701804,1,-0.0006947982318454549,-0.03889024957672428,0.3917604078463961,1,0.06507374195691247,-0.09188968074144914,0.37058967052789676,1,0.10264517288115386,-0.012131978621536556,0.3654823391082742,1,0.13584999685939442,0.08344691179273336,0.3441821495925243,1
702.349567,grid_0862_y600_z552,471.486,602.489,550.26,100.30302975483846,0.722,-0.06542052393816863,0.039017008173938314,0.40641930088390044,1,-0.002032904607532881,-0.0377169493582856,0.3919183895658058,1,0.06592571433311548,-0.0935220810009976,0.3778641847553938,1,0.10279211466368683,-0.012279484258852965,0.3660098154142822,1,0.13572920618585177,0.0833888362569406,0.34393417005363636,1
702.982981,grid_0863_y598_z552,471.483,600.55,550.332,98.36652962263126,0.622,-0.06626482929897877,0.038456058395267265,0.40138895686524584,1,-0.0028803110961301186,-0.03710594130727633,0.3926360808216553,1,0.06574604053831758,-0.09334532577809526,0.37848543932320144,1,0.10176535002634206,-0.012141656433609174,0.36235939874685785,1,0.13572920618585177,0.0833888362569406,0.34393417005363636,1
708.147106,grid_0864_y596_z552,471.536,598.59,550.251,96.42542601409657,5.154,-0.07934605527631813,0.04381091536912947,0.463310170822279,1,-0.004028850108268147,-0.036553369937893654,0.400137915166753,1,0.06557499738417015,-0.09300241183767077,0.3779433480043489,1,0.10145647917875142,-0.012202003526472374,0.3604693391912784,1,0.13681632224773593,0.08391151607907535,0.3461659859036278,1
709.054333,grid_0865_y594_z552,471.509,596.513,550.496,94.33408402587058,0.896,-0.07235846059723558,0.03853262542423273,0.4098679650278208,1,-0.005132976712855927,-0.034579790775973465,0.3867747144607653,1,0.06265193193539481,-0.08906402381020936,0.3625989414139232,1,0.10135180018971388,-0.01210922692661815,0.36073168117762666,1,0.13572920618585177,0.0833888362569406,0.34393417005363636,1
709.680573,grid_0866_y592_z552,471.314,594.596,550.501,92.42534895795636,0.617,-0.07321684274692387,0.038261613297315915,0.40752945003699936,1,-0.0061268495687473975,-0.03500898288792922,0.3963893734165264,1,0.06347109645458471,-0.09042934791019622,0.3700175157275021,1,0.10107416079977698,-0.011954107099953043,0.36069938843610777,1,0.13572920618585177,0.0833888362569406,0.34393417005363636,1
710.308334,grid_0867_y590_z552,471.285,592.392,550.908,90.19086770843272,0.617,-0.07491985374484673,0.0376835142704335,0.4066471015169726,1,-0.007389319085695842,-0.034252011447528846,0.39480518129887904,1,0.06317955391484216,-0.09090505327707764,0.37230899300470316,1,0.10106579293539095,-0.012019288360829897,0.36133995730679486,1,0.13572920618585177,0.0833888362569406,0.34393417005363636,1
711.038297,grid_0868_y588_z552,471.065,590.586,550.895,88.39470756216124,0.718,-0.07728351155937493,0.037529371884520366,0.40722117709619765,1,-0.008818536876975312,-0.033184288411383454,0.39173431641085055,1,0.06381972116246819,-0.09226070867961136,0.38020906081950634,1,0.10037444518704139,-0.011647146414790288,0.3603820862603019,1,0.13696817354088994,0.084620528350195,0.3481744444495284,1
711.677684,grid_0869_y586_z552,471.109,588.651,550.847,86.47605925341415,0.629,-0.07865879682363869,0.03724739359585066,0.4054868223130832,1,-0.009766783990277368,-0.03297595072879832,0.39488668884373584,1,0.06177651549394349,-0.08974699046757563,0.37214140330932677,1,0.09976914506175213,-0.01158035362555019,0.35880665156081876,1,0.1369864252882132,0.08463109982980391,0.3483399992740998,1
712.307455,grid_0870_y584_z552,471.059,586.634,550.795,84.47664089557543,0.619,-0.08063652393337901,0.0370074690390371,0.404931078147187,1,-0.01113742674691138,-0.03201106380690709,0.3931288602363893,1,0.06141332572561368,-0.08956634953449766,0.3735485719057362,1,0.09892283147807698,-0.011502049621101528,0.35641256807272803,1,0.13644634864286936,0.08417311522141005,0.34700938770072404,1
713.272994,grid_0871_y582_z552,471.314,584.621,550.676,82.49173007035311,0.955,-0.08336834644149352,0.03694616970001717,0.40621041595716834,1,-0.012802051227482514,-0.030875506088367578,0.3949558294404252,1,0.059557437657023274,-0.08788963640905198,0.3691672992930948,1,0.0987647151263074,-0.011383278442875821,0.35746350619771244,1,0.13435599571639972,0.0832564645158973,0.342664712035549,1
715.003169,grid_0872_y580_z552,471.262,582.728,550.864,80.58932819548748,1.718,-0.08617324788567107,0.03755845301931602,0.4134437825106175,1,-0.013417574123266265,-0.030577606728104455,0.3981709511584296,1,0.05971133086267064,-0.08799347035160301,0.37069042549206294,1,0.0992440140116547,-0.011510629642755208,0.36018362747991056,1,0.1343559957163997,0.0832564645158973,0.342664712035549,1
715.803313,grid_0873_y578_z552,471.389,580.767,550.586,78.67636354712901,0.79,-0.08812277678939202,0.03717449430053647,0.4112983611293951,1,-0.015201333661251194,-0.02951964439564242,0.4005417926938618,1,0.05896568568206288,-0.08785714963727072,0.37359325089274015,1,0.09876030450564614,-0.011556149919034198,0.35876071155848976,1,0.13425088802088458,0.08324756072458919,0.34255258070710387,1
716.437859,grid_0874_y576_z552,471.341,578.88,550.579,76.80429157931218,0.624,-0.08926140099734006,0.03693279604286306,0.4097754633070583,1,-0.016276087842059115,-0.02866489774149044,0.40002037042250455,1,0.058142612307082654,-0.08663477423764063,0.37105743665051916,1,0.09899090335212371,-0.011491941760860483,0.36015432077774767,1,0.13423713049432356,0.08338133368984729,0.3431560415543012,1
717.362154,grid_0875_y574_z552,471.555,576.614,550.352,74.58856822596884,0.913,-0.09109182909216638,0.036814365940750264,0.40670752927176057,1,-0.01812049419053601,-0.027519198221589918,0.40203316534868466,1,0.061138680648512245,-0.09087102787903412,0.39443369172114534,1,0.09859303159692193,-0.011493463173867777,0.35897941485480994,1,0.1347304803347685,0.08368063061643449,0.34447734391942036,1
718.108369,grid_0876_y572_z552,471.562,574.517,550.602,72.47716717698071,0.735,-0.09497287875925416,0.036948466520007515,0.41379032907581986,1,-0.019175557186165933,-0.026642184817817403,0.40324187906068654,1,0.056862906169630856,-0.08442751072022903,0.37096344401414827,1,0.0989886507587831,-0.011555710854858747,0.3596577365131156,1,0.13424171633651055,0.08333674270142792,0.34295488793856876,1
718.83952,grid_0877_y570_z552,471.466,572.604,550.646,70.57440410658818,0.721,-0.09607083844431223,0.03663636491850891,0.4113745436191312,1,-0.0201663774873038,-0.025519738160024685,0.3990977721347782,1,0.05663480197319241,-0.08419178026140094,0.3738529652460303,1,0.10005136969874646,-0.011599327335569804,0.36321052179521246,1,0.13425318094197808,0.08322526523037951,0.34245200389923763,1
719.469578,grid_0878_y568_z552,471.464,570.501,550.95,68.44974257073578,0.619,-0.097876181893556,0.036285527078890226,0.41129001317256336,1,-0.02131717063161382,-0.024546852478779954,0.40055080093750906,1,0.05584634829535019,-0.08308736136408293,0.37205010932182847,1,0.0988312781731581,-0.01138179592433107,0.3576523056830712,1,0.1343559957163997,0.0832564645158973,0.342664712035549,1
720.101482,grid_0879_y566_z552,471.323,568.528,551.169,66.46379914660315,0.619,-0.09995384138968931,0.0359130619380076,0.41215828028177015,1,-0.022405079507139256,-0.023482908860039408,0.3992454423844495,1,0.05531543522657885,-0.08161339838924754,0.3716329425971046,1,0.09846222318616088,-0.011432900679634041,0.3560212910874938,1,0.13450252763962706,0.08329859896625404,0.34293013375089854,1
720.731605,grid_0880_y564_z552,471.517,566.448,551.188,64.40341439706438,0.62,-0.10111370750036153,0.035344531421951285,0.4083388844945067,1,-0.023831724051453566,-0.022664329856673188,0.40047086339414656,1,0.054796281408965364,-0.08063716700505945,0.37329998681047194,1,0.09902694034302774,-0.01139558517682466,0.3579508030362445,1,0.13493371710624363,0.08345106771826431,0.34382211485101866,1
721.460576,grid_0881_y562_z552,471.752,564.284,551.227,62.25966936950438,0.718,-0.10468551599663733,0.03548008656315893,0.41361419118647935,1,-0.025396138886563568,-0.021559810650093207,0.40125647846400864,1,0.05427087740942318,-0.0795471641871465,0.3747004825914857,1,0.09864375309170936,-0.011403929348461166,0.35704219066525217,1,0.1343997128652054,0.08326739968073624,0.3427174256145872,1
722.089724,grid_0882_y560_z552,471.534,562.509,551.302,60.489277215056916,0.619,-0.10669626960622965,0.03543015242027242,0.4148970778062508,1,-0.026558893642639147,-0.020570531991482965,0.4000638857377356,1,0.053246761589111936,-0.07751678280029133,0.3715749468509072,1,0.0987377039856346,-0.011441042730765877,0.35679868921015223,1,0.1353411197929846,0.08362027291537474,0.3447025309269751,1
722.717824,grid_0883_y558_z552,471.555,560.611,551.059,58.650304517538544,0.617,-0.1085130646853589,0.035558977823842736,0.41548391255513917,1,-0.02747592391965824,-0.018960200724701733,0.396860335003,1,0.05253366536589116,-0.07588245276142444,0.3720894304106263,1,0.09842354796155074,-0.011423544176772202,0.3554848050809837,1,0.13522292454175283,0.08357974467401706,0.34438254181242883,1
723.567906,grid_0884_y556_z552,471.692,558.474,551.103,56.53583753691112,0.84,-0.10980295672729264,0.03521374883193784,0.4128382555040261,1,-0.029487737657158553,-0.0183249741514876,0.40224802883310024,1,0.050717662282933396,-0.07302479248236599,0.3660371216211191,1,0.09887447640028897,-0.011562889910524742,0.3582953484454888,1,0.13470200785643127,0.08342770108653859,0.3434857103620985,1
728.115445,grid_0885_y554_z552,471.819,556.512,550.914,54.63485530318531,4.535,-0.11549860466614573,0.03615539809435934,0.4245139175993445,1,-0.030949462276815796,-0.01711291660631667,0.3962545223936805,1,0.05123777491416216,-0.0734317081255464,0.38027842823378977,1,0.09906678754177996,-0.011258362237695125,0.36160487154814636,1,0.13545389767194688,0.08437152926102462,0.3468409666955303,1
728.807254,grid_0886_y552_z552,471.942,554.451,550.852,52.61920871696956,0.681,-0.11603420547929486,0.035880860963249425,0.4208065783107468,1,-0.03227653958082523,-0.0163750917584641,0.39739283469377773,1,0.049660615381699025,-0.07201188574771906,0.3760500806887178,1,0.10019898741122465,-0.011273780065583449,0.3668238927694234,1,0.13577152949292506,0.08449852936940894,0.34756315072228966,1
729.73204,grid_0887_y550_z552,471.838,552.488,550.939,50.67060984436647,0.915,-0.11767841143804422,0.03523208011183653,0.41777701043077675,1,-0.03457149648346759,-0.015792911775475947,0.3989685200395776,1,0.046554105880323736,-0.06873392049676046,0.3654918462374392,1,0.0972470338343368,-0.010869604643032521,0.35911464845567515,1,0.13620683777369275,0.0847593912521492,0.34867310008187136,1
731.306897,grid_0888_y548_z552,471.845,550.406,551.124,48.59096675309102,1.563,-0.12119014342054028,0.03545819420945572,0.42304545726320786,1,-0.0357354814933562,-0.014858371755790125,0.39850935707408053,1,0.04569293547887775,-0.06692524383819838,0.3668570829150891,1,0.0977218793428516,-0.01036116003935948,0.36297524132542486,1,0.13366071646509442,0.08331883706882819,0.3431421260621054,1
731.950674,grid_0889_y546_z552,471.57,548.58,551.45,46.73052290527044,0.633,-0.12259755453061105,0.03513258609970793,0.4237258695176573,1,-0.03706892411250742,-0.01441746975180756,0.40034702619876034,1,0.045258964106678325,-0.0664934543681276,0.3692074986047429,1,0.09753536350467526,-0.01043266475731505,0.36261036164479765,1,0.13447989208527872,0.08429898645937546,0.3464037297340682,1
732.693461,grid_0890_y544_z552,471.812,546.349,551.685,44.501455358224035,0.732,-0.12488445085916866,0.034397615267525945,0.42327753909864957,1,-0.03899479270845217,-0.013443596372170708,0.4004814852547597,1,0.044889110985615176,-0.06560774109106007,0.3745859054896166,1,0.09770249771483572,-0.010406298233489835,0.3633775303292282,1,0.1349119550704853,0.08477618144606382,0.34803373629206036,1
733.712122,grid_0891_y542_z552,471.75,544.351,551.896,42.4993381360228,1.008,-0.12575262816388874,0.03390551577220077,0.4202820911969278,1,-0.04021928959027765,-0.01192032241242764,0.4006293871001603,1,0.044655187564968044,-0.06270791170535978,0.37535045906281367,1,0.09692220426713209,-0.010615139020198679,0.359357938861499,1,0.13363644043091255,0.08328231602918615,0.3428289103187604,1
734.616471,grid_0892_y540_z552,471.795,542.354,551.641,40.59731445551547,0.893,-0.12976716624168882,0.03466335365529111,0.42721039183302645,1,-0.0426394110501951,-0.010550721728704032,0.4106583612323099,1,0.04508439804618577,-0.06168047180969956,0.38533572188350707,1,0.09810755821654579,-0.010970157148629662,0.3608880239629297,1,0.13544219133436608,0.08432341642496435,0.34670107092863867,1
735.242834,grid_0893_y538_z552,471.714,540.431,551.527,38.74321010190049,0.616,-0.13051758362793886,0.03450754840045574,0.4253273539149987,1,-0.04275762074991932,-0.009182190506264079,0.40137253706893083,1,0.04342220554799846,-0.05872485522065966,0.37743566919359245,1,0.09810755821654579,-0.010970157148629662,0.3608880239629297,1,0.1358245145540294,0.08454140383855677,0.34768708550525507,1
735.983012,grid_0894_y536_z552,471.887,538.278,551.621,36.632008694582986,0.73,-0.1321850362277175,0.034356166693672495,0.4234751473073441,1,-0.04472241614438981,-0.007814213278751892,0.4044644973212107,1,0.04178220540038959,-0.055890835939153984,0.3735270911896237,1,0.09810755821654579,-0.010970157148629662,0.3608880239629297,1,0.13544219133436605,0.08432341642496433,0.34670107092863867,1
736.610698,grid_0895_y534_z552,471.605,536.494,551.341,34.96173852942676,0.617,-0.1322418780751639,0.03420279811522469,0.4185247249831541,1,-0.04611964949638606,-0.006658095158640449,0.405388073342748,1,0.04104079490563815,-0.05421357978030881,0.3758408575420981,1,0.09810755821654579,-0.010970157148629662,0.3608880239629297,1,0.1358245145540294,0.08454140383855677,0.347687085505255,1
737.24301,grid_0896_y532_z552,471.642,534.584,551.259,33.141124513208624,0.62,-0.1346367631269149,0.034528060905111464,0.4200975772054133,1,-0.0477809048645715,-0.005367183628950096,0.40545748648484786,1,0.03969749078759805,-0.051514836818049844,0.37391235570167103,1,0.09810755821654579,-0.010970157148629662,0.3608880239629297,1,0.13467754489503939,0.08388744159777947,0.3447290417754059,1
737.874924,grid_0897_y530_z552,471.497,532.766,551.021,31.459057471577243,0.62,-0.13714039716109627,0.03486466577615743,0.42318340470480037,1,-0.04864296085685648,-0.003969404670560188,0.4018991244116272,1,0.03883769810152605,-0.04942065522650167,0.3750935718675399,1,0.09810755821654579,-0.010970157148629662,0.3608880239629297,1,0.13544219133436605,0.08432341642496433,0.34670107092863867,1
738.608108,grid_0898_y528_z552,471.731,530.701,550.814,29.563055812956875,0.722,-0.13705966867955896,0.03456531411746735,0.41623204043651124,1,-0.05118302580747821,-0.0023325849437403076,0.4078549590746666,1,0.03797159393163594,-0.04732984111006354,0.37942034049595363,1,0.09802092797313552,-0.010964983326585168,0.36067701261371665,1,0.1339128984557127,0.08345146677059462,0.3427570126221732,1
739.24152,grid_0899_y526_z552,471.625,528.83,550.649,27.848182005294408,0.623,-0.14092677372760065,0.035388851426208234,0.4233495825896784,1,-0.05226669505901207,-0.0008796018614195284,0.40609390676302404,1,0.03711401975403017,-0.044700047243970455,0.37826713406358736,1,0.09907196354301832,-0.011109173294178471,0.36392876496223964,1,0.13516309171252927,0.08428757695032328,0.34624951611690935,1
740.204856,grid_0900_y524_z552,471.659,526.726,550.95,25.77471392663748,0.954,-0.14248677971909984,0.03508178570897873,0.42073335352132374,1,-0.054142224471300196,0.0010137763264163881,0.4062433453324724,1,0.03754905629272924,-0.042631949103094126,0.39450995444047027,1,0.09928651647331566,-0.011226046927554167,0.3616697239540424,1,0.13543220002292483,0.08422217857028191,0.3463409695110228,1
741.463104,grid_0901_y522_z552,471.42,524.918,551.077,24.039571751593275,1.247,-0.1486946347372493,0.03616157358679066,0.43488549781973074,1,-0.05520422083242664,0.0019476967961075443,0.40678845982948547,1,0.03678250118476247,-0.04075988588885169,0.396613827165942,1,0.09878827612739016,-0.011419685944624641,0.35980292351958737,1,0.1351329154065249,0.08380113122849091,0.34472763371273973,1
742.948629,grid_0902_y520_z552,471.647,522.648,551.097,21.95767576498028,1.474,-0.15048407711259298,0.035991145435364545,0.43286335150659205,1,-0.0587220978305503,0.0035665174632145474,0.41462041082688,1,0.033460748925073024,-0.0358955297497414,0.3739387178593577,1,0.09884081183133867,-0.011544231740223548,0.35946991517520543,1,0.13637906375047254,0.08450781083781603,0.34773506042257984,1
744.081896,grid_0903_y518_z552,471.531,520.667,551.475,20.00032749731868,1.122,-0.1472003291565775,0.0345985452990285,0.41937889448833066,1,-0.05945285918950669,0.0046204954409679415,0.4091862920197243,1,0.032475127743228964,-0.03370946972022907,0.3780703299539324,1,0.09881107269376184,-0.011519822197378626,0.35957053174445336,1,0.1346427800543975,0.08334967936488728,0.3432159261331055,1
745.938423,grid_0904_y516_z552,471.54,518.641,551.474,18.20087937435988,1.846,-0.14963332849700337,0.03475917424913809,0.42091561242415904,1,-0.062191752015001725,0.005569991638719206,0.41642036652601744,1,0.030981051399489184,-0.032139050428618386,0.37835992609367697,1,0.09892420572352692,-0.011134784785759813,0.3601048248738392,1,0.13610539080314574,0.08435139931977868,0.3471317648763613,1
746.6263,grid_0905_y514_z552,471.642,516.53,551.493,16.377077211761538,0.677,-0.15119842267408007,0.034782894153907,0.42111911756808434,1,-0.06267008578858038,0.006325693113562615,0.40977131427203106,1,0.02977843260412815,-0.030296664801260486,0.3783783115075222,1,0.09905547805793402,-0.01097154291317055,0.3607861206565882,1,0.14131424189137087,0.08782579373856485,0.36068916774478443,1
747.368798,grid_0906_y512_z552,471.633,514.63,551.563,14.76359241512718,0.732,-0.15520368877079757,0.03550598281931884,0.42775097031009235,1,-0.06435186422590702,0.007505498467982807,0.4099355300695776,1,0.02840216929624507,-0.028052427103091682,0.3769208372938176,1,0.09897510882451085,-0.01096784328390675,0.36075142334062027,1,0.14144139906671774,0.08795958813737095,0.36113204303157753,1
748.005787,grid_0907_y510_z552,471.559,512.65,551.495,13.251445543788806,0.625,-0.1574023910070858,0.03591626188133283,0.42816452486508166,1,-0.06620819356827838,0.008632108070919397,0.4099412290017094,1,0.026916869441696016,-0.025780006447635256,0.3768559593266997,1,0.09770708468469504,-0.010797702350454148,0.35733821440635094,1,0.1408275715693739,0.08764811119851877,0.3597582264604264,1
749.249774,grid_0908_y508_z552,471.349,510.807,551.588,11.8450015196285,1.233,-0.16394172717989314,0.037493093963297947,0.440829091153371,1,-0.06709560550500916,0.010228913526208652,0.4048682817721777,1,0.0253799241739269,-0.023183427105826878,0.37537041142009886,1,0.09547520939041762,-0.010397294192251588,0.34971674939061603,1,0.14230954091475526,0.0885386538738353,0.3633916101763147,1
749.992192,grid_0909_y506_z552,471.618,508.698,551.54,10.571498805751288,0.732,-0.16448710049850526,0.03730794059525594,0.4372781773997055,1,-0.06887715398668545,0.011138769794481071,0.4056478897483774,1,0.024153412459758244,-0.02117324499515021,0.37609693510936193,1,0.09758860498974926,-0.01087153227402764,0.3586696904718723,1,0.1400865868966832,0.0872028398608605,0.35794153460248224,1
750.683411,grid_0910_y504_z552,471.511,506.805,551.716,9.452660842323732,0.679,-0.16234507630250533,0.036951879574996606,0.4278378056628501,1,-0.07100455566944966,0.012731446699621252,0.41036469450003155,1,0.023182479632681417,-0.019147719102493375,0.3807552385135206,1,0.09673620850473216,-0.01076590878510506,0.3554786565012829,1,0.13730219102293675,0.0851839733013636,0.34997946494276044,1
751.312718,grid_0911_y502_z552,471.718,504.727,551.523,8.95755329317107,0.619,-0.1665000804670896,0.03894835629399314,0.43313165764332834,1,-0.07279703211252878,0.012781362480559274,0.40873636962147597,1,0.021550230483665132,-0.01608632883460684,0.37734854429683734,1,0.09584421280763782,-0.010595437716127176,0.35141383381230007,1,0.134732153798367,0.08362690576791254,0.34263591442589386,1
752.054203,grid_0912_y500_z552,471.537,502.94,551.451,8.775703561538522,0.73,-0.17200282643349366,0.04121552910879076,0.44259679507020583,1,-0.07446759953297778,0.016273892574138894,0.410087241348516,1,0.020272564317208454,-0.0129738183551452,0.38373381582907684,1,0.09775953369033083,-0.01080439158681061,0.3563636506197721,1,0.1426051763712086,0.08816999913814179,0.36186676248627603,1
752.703117,grid_0913_y500_z554,471.265,502.628,552.2,8.001544475912107,0.637,-0.16865800362004008,0.039853140352687035,0.4326411586788426,1,-0.0758790851381779,0.017155364824307823,0.4164215090550143,1,0.02011838451925469,-0.012415535375610607,0.38601846705367715,1,0.09836840518453929,-0.010880489676171955,0.3578374567713933,1,0.14410240273417546,0.08905040401203772,0.36546099674752786,1
753.339385,grid_0914_y502_z554,471.29,502.746,552.542,7.662809602228145,0.626,-0.17091471223465632,0.03987170170910385,0.43876002894189375,1,-0.07549663567132753,0.016660791166600873,0.4143457607110002,1,0.019590637589897812,-0.012601462669042166,0.3728425652987409,1,0.09854149962006188,-0.010869908710685657,0.3583967617798998,1,0.14410240273417546,0.08905040401203772,0.36546099674752786,1
754.135651,grid_0915_y504_z554,471.901,503.07,553.883,6.430657586903517,0.786,-0.1689281789719129,0.037926126652129646,0.4339476110116296,1,-0.07413215131620418,0.015427250881879451,0.4084449970417129,1,0.020857758845660723,-0.014169157689322549,0.3864818577429217,1,0.09691434477470888,-0.010792921456072566,0.35171944955330775,1,0.13703360858912306,0.0843707655311127,0.34719160857913495,1
754.77457,grid_0916_y506_z554,472.326,504.293,553.789,6.800317124958255,0.628,-0.1704055860280042,0.0383650375653487,0.4390646111040778,1,-0.07383714220931427,0.01524263054012806,0.40995776417966096,1,0.021842170403658427,-0.014459113166540163,0.38929145739524823,1,0.09868392194953504,-0.01113304491619631,0.35620732011240774,1,0.13683043450277835,0.08409277442323074,0.3459272527122833,1
755.404758,grid_0917_y508_z554,472.235,506.31,553.876,7.4439961042440554,0.62,-0.17008636003023464,0.03903793191983594,0.4437242702631504,1,-0.07201347115317294,0.0124245352180118,0.4090633505642388,1,0.022808915771720634,-0.01649057057506232,0.38069961959840337,1,0.09937140335573728,-0.011447506532600852,0.35848719192130474,1,0.13591268745710117,0.08345799536755476,0.34352319324944997,1
757.257479,grid_0918_y510_z554,472.216,508.267,554.09,8.41044529142185,1.842,-0.16358842745371122,0.037507891898265845,0.43244797676793006,1,-0.07135445839200047,0.008436709758864725,0.414640525877701,1,0.024564971602317402,-0.020305357602755612,0.3842538501726307,1,0.09638641425546518,-0.011138917221950217,0.34966013479288094,1,0.14410240273417546,0.08905040401203772,0.36546099674752786,1
757.94462,grid_0919_y512_z554,472.083,510.486,553.757,10.208515514020688,0.677,-0.16225950190050104,0.03817622003749971,0.4326365976224216,1,-0.06961498652054947,0.007402267874976729,0.41193208974027573,1,0.02560822022375342,-0.022012269277221018,0.38310035721534247,1,0.09872647937983686,-0.011335417242868448,0.3577450914832095,1,0.14230801879206334,0.08788436011223473,0.360851035562095,1
761.201583,grid_0920_y514_z554,472.316,512.064,554.248,11.224943429701513,3.246,-0.163013949058388,0.03872418338596427,0.4412662359545273,1,-0.06848265970260169,0.0058014510666601436,0.4172333090723395,1,0.02729089073719167,-0.02416103554382692,0.3751641221225205,1,0.09985028469418775,-0.011386339268970237,0.3606859301198038,1,0.13692486696572695,0.0843862284128257,0.3470211520057968,1
761.827915,grid_0921_y516_z554,472.267,514.09,553.99,13.080065978426912,0.616,-0.15947730722072784,0.03866510645782649,0.435670803320462,1,-0.06611651728408073,0.005230147923939111,0.41130549745798833,1,0.028158858967651423,-0.024775800460719852,0.37101382030975344,1,0.09975004014734416,-0.011732997927728098,0.35847143400458165,1,0.13719986195696413,0.0844391000738857,0.34755372222409087,1
762.556366,grid_0922_y518_z554,472.311,516.1,554.031,14.853678904567778,0.718,-0.15676111658190242,0.0386744087796224,0.4332398415264286,1,-0.0640100788800475,0.0038742242599426754,0.40924481974622895,1,0.029794650343101813,-0.027163276270395397,0.37316862367645515,1,0.10061427229942325,-0.011801638411193202,0.35970632776735256,1,0.13663553526121477,0.08397807209934627,0.345620981479819,1
763.187821,grid_0923_y520_z554,472.458,517.928,554.186,16.48225042280332,0.621,-0.15369485580464642,0.03856229877274956,0.42961802242769853,1,-0.062004571591000424,0.0028917548497775355,0.4070314526708378,1,0.03114427056088106,-0.029006238115127085,0.3737358941381112,1,0.10040750995566079,-0.011673707551893554,0.3582014996187869,1,0.137122444543682,0.08417020892279181,0.3465379769436917,1
763.814319,grid_0924_y522_z554,472.634,519.966,553.647,18.58451436007948,0.617,-0.15186643760903223,0.03915009497340456,0.42994065872126497,1,-0.06067183786964547,0.0023092500253778453,0.40892946392973845,1,0.03259522413006749,-0.030265483091877855,0.37269228423341405,1,0.10069620916430896,-0.011796868263699379,0.3579859427178792,1,0.13763464777215512,0.08430280789630844,0.34725017472804576,1
764.447654,grid_0925_y524_z554,472.42,522.034,554.015,20.38807725117797,0.623,-0.14961642943853665,0.03937455549586589,0.428980860541735,1,-0.058724499974995514,0.0011025750973545838,0.40892750726251537,1,0.03430128703651505,-0.032109791109669765,0.3741338818689455,1,0.10161130344647254,-0.012324988725060668,0.35953908645892513,1,0.13582247839947276,0.08284215296238763,0.34195480499384,1
765.176814,grid_0926_y526_z554,472.508,524.153,553.574,22.54178524429692,0.719,-0.14698116877322137,0.040004480398491624,0.42730874026417853,1,-0.05650731729560225,0.000451661308722203,0.4053395705135796,1,0.035732584066735316,-0.03372138298581828,0.37253518886893666,1,0.10176150054947582,-0.012387839568413142,0.35776852013203986,1,0.13782681023760518,0.08388551460214584,0.3460215030608359,1
765.801536,grid_0927_y528_z554,472.76,525.944,553.526,24.28771563980441,0.615,-0.1458040957328672,0.040260520658858164,0.42861309518362106,1,-0.05522141597355782,-0.00027953948986725655,0.406843477931006,1,0.036799435298686636,-0.03505399922375092,0.3707013732902982,1,0.10265068481888391,-0.012464550339077157,0.3592537409239854,1,0.138002173118741,0.0837670628428582,0.34550877544030717,1
766.443557,grid_0928_y530_z554,472.696,528.071,553.325,26.37849557878542,0.631,-0.1416754968421023,0.04005815975315815,0.4225723604088435,1,-0.05334957803234971,-0.0008927061610065404,0.4073121787580717,1,0.038180671767704955,-0.03680010592794471,0.370406316558373,1,0.10274901998344617,-0.012539840533652116,0.35740065390491277,1,0.13848129453416555,0.08352715730905691,0.34581598447613004,1
768.533602,grid_0929_y532_z554,472.622,529.976,553.637,28.13739479767098,2.079,-0.1423471420791948,0.041336332022466185,0.4330393394096366,1,-0.049801105460857656,-0.0017002135419200014,0.3978234567226654,1,0.03980063133600793,-0.03883573394586689,0.3662556363634488,1,0.10406249142264783,-0.013056314617866526,0.3602932822901871,1,0.13760916312440835,0.08246650866105211,0.3429742915792117,1
769.175784,grid_0930_y534_z554,472.723,531.907,553.715,30.00418710780219,0.631,-0.1392559985332964,0.04090050987098652,0.4278739579452629,1,-0.049435601657111826,-0.0022618516371026498,0.40467859040389664,1,0.04106045518527534,-0.039678859334271975,0.3681435728921406,1,0.10445913851936764,-0.013191971048169803,0.3584466496097848,1,0.1382282151979996,0.08246543362316361,0.3429557917693655,1
769.921218,grid_0931_y536_z554,472.497,533.854,554.099,31.814191000243955,0.735,-0.136048711613009,0.04040003987679204,0.4248517391562242,1,-0.04786928947809218,-0.0032733689333903472,0.40915416466041277,1,0.042905886943322216,-0.04050381096458251,0.3673244173629453,1,0.10679139092235265,-0.013890966770892502,0.36174687560914254,1,0.1390309252255944,0.08243299103570041,0.34286690515417184,1
770.611284,grid_0932_y538_z554,472.481,536.035,553.809,34.006269127912276,0.68,-0.13310493131660497,0.04034378754153014,0.4212308789275476,1,-0.04583729917003929,-0.0034902699211663154,0.40788473785174817,1,0.044682346875827526,-0.04174818006582444,0.3693968344268015,1,0.10831784825605402,-0.01407031364133575,0.3632420382379929,1,0.13973751303779833,0.08224224644270785,0.34310519690218805,1
771.296107,grid_0933_y540_z554,472.592,537.757,554.219,35.631866931161454,0.675,-0.13325872259156957,0.040949018195712124,0.4279822639603279,1,-0.04338328107175042,-0.004321374195941948,0.4014003854772656,1,0.04638313510546889,-0.043215691019796276,0.3691607322379197,1,0.10770347991716431,-0.014046077625964071,0.35810551592206286,1,0.1410910310374654,0.0826626278272617,0.34537642905638655,1
772.043953,grid_0934_y542_z554,472.822,539.828,553.946,37.72905685277594,0.736,-0.12946151207928422,0.040920366767964525,0.42227488506675603,1,-0.041728443955944286,-0.005184311847082783,0.4014686646172366,1,0.04764345432434948,-0.04554541727678778,0.36940973765159235,1,0.10823560066471716,-0.014056221025749067,0.35992769825038123,1,0.14136064894524503,0.08289517416318333,0.34615295154079356,1
772.677915,grid_0935_y544_z554,472.557,541.857,554.385,39.64816888583884,0.623,-0.12673582547868117,0.04042438723947618,0.4187258610515281,1,-0.04012273333155533,-0.006383993241123343,0.3997076315866788,1,0.04857746934383839,-0.04752679414773199,0.3680445657131823,1,0.10825187583936977,-0.014062245823058653,0.36030194549193206,1,0.14170281753997077,0.08307270346715522,0.34710392538874885,1
773.310591,grid_0936_y546_z554,472.852,543.831,553.88,41.68768679118575,0.622,-0.1254550830013515,0.04129263935203274,0.4215859735239749,1,-0.03884291535172426,-0.007445854597584875,0.4026508914080916,1,0.04983312179915802,-0.049851815113360134,0.3699335602041084,1,0.10772867994038189,-0.014050583704107574,0.35791162662415255,1,0.14103159187974482,0.0826407084852043,0.3452874018000639,1
774.047271,grid_0937_y548_z554,472.824,545.93,553.664,43.79110250952809,0.726,-0.12295263105763998,0.04167962957713718,0.4199043553674692,1,-0.03712710353023786,-0.00788248210821639,0.4018867220014604,1,0.051109415898749046,-0.05121700070454319,0.3701543872217589,1,0.10842411325114135,-0.01406674644067582,0.35911660616390984,1,0.14306092565108178,0.08361721901987777,0.349928230856493,1
774.673625,grid_0938_y550_z554,473.059,547.816,553.434,45.69992339162074,0.617,-0.12000281121157663,0.04195777591005249,0.4166237526562814,1,-0.03551746671412065,-0.008315627587529826,0.40222111295744034,1,0.05233335703139554,-0.052263560131110345,0.3682486778697041,1,0.10877433898719627,-0.014323843361067018,0.3582557759349896,1,0.14295933698373825,0.08331903717594777,0.3493642923601564,1
775.419234,grid_0939_y552_z554,473.06,549.887,553.464,47.74224927671502,0.736,-0.12149924366244998,0.04289065690279861,0.42814872476066645,1,-0.03393176142469577,-0.007726638862583277,0.4072352148606949,1,0.052118193720174,-0.05540140140963077,0.36600410317715876,1,0.10909248656222885,-0.014282064929200727,0.36354078318604,1,0.14202021737341783,0.0832769807271689,0.3484488292918339,1
776.157113,grid_0940_y554_z554,473.068,552.0,553.211,49.86761720796375,0.728,-0.11766718749731586,0.0426779357975428,0.4225030280781194,1,-0.03140835995510753,-0.007942448200240631,0.3991391589881484,1,0.05350564960990708,-0.05931548098872118,0.3719892398326932,1,0.10826504105032417,-0.014095154980482088,0.36302346477781355,1,0.14113206660206287,0.08309926238460828,0.34705591660804014,1
776.789459,grid_0941_y556_z554,473.07,553.862,553.276,51.701243727786654,0.623,-0.11492212563071325,0.04248413601414064,0.41908283669135404,1,-0.02986466270500974,-0.008840822337113658,0.39850072528289104,1,0.053973413623064695,-0.06066313207877165,0.36835431796173373,1,0.1083707831822814,-0.014082079479284118,0.36323750464696414,1,0.14122704689177995,0.08303940636044259,0.34729056724387003,1
777.424404,grid_0942_y558_z554,473.082,555.832,553.338,53.64475000407777,0.622,-0.11223500647046772,0.04241521679951572,0.41716875374975393,1,-0.027928310072366725,-0.009759694224586613,0.3965825880928405,1,0.05504412999512304,-0.062206314523666206,0.3673049094570741,1,0.10841878950152714,-0.014081030165769826,0.3623638404328219,1,0.1427727972840864,0.08371056023514482,0.3506607816986177,1
778.175165,grid_0943_y560_z554,472.85,558.011,553.431,55.7834840880345,0.74,-0.10971887777767589,0.042338956450502105,0.4158585393881439,1,-0.026377904694250064,-0.01095036254743274,0.3967564480887449,1,0.055736164041653324,-0.06439375670636191,0.3667305186977415,1,0.10838455952345163,-0.014101039430344395,0.3630175061348574,1,0.14225410256105384,0.08359706129846217,0.3498190249676291,1
778.806086,grid_0944_y562_z554,472.969,559.963,553.655,57.69907791290948,0.619,-0.10773852655058833,0.041997135005059874,0.416183740321631,1,-0.02671347122030853,-0.014710870915108512,0.40012994291591264,1,0.05402989501477148,-0.07090670024471142,0.3682000833239397,1,0.10326995444101712,-0.012654447905150013,0.3602777743997766,1,0.1378920531901142,0.08352095654888042,0.34587903530927344,1
779.4367,grid_0945_y564_z554,472.971,561.823,553.828,59.52742951782817,0.619,-0.10464151410926066,0.040987414482741305,0.4119604858707545,1,-0.025110015116316647,-0.0164084695826686,0.39640769024418465,1,0.054684316901595885,-0.07317438588209377,0.36795276720540987,1,0.10350243688290699,-0.012520324213404668,0.3624043139323584,1,0.1361277429423859,0.08267929281179202,0.34223287641346867,1
780.124509,grid_0946_y566_z554,472.948,563.813,553.788,61.50823517221089,0.677,-0.10182830810426813,0.040154804629350484,0.4067246484936022,1,-0.0238769907409739,-0.01726772400295526,0.40021026883672145,1,0.055596650690932406,-0.07436762975891802,0.3657067394031908,1,0.10350539891788886,-0.012552988814216293,0.3608826520660696,1,0.13765924097299087,0.08335577483950789,0.3452875168437236,1
780.922697,grid_0947_y568_z554,472.987,565.918,553.764,63.60462604245074,0.787,-0.09961979908789413,0.04053212667642911,0.4081437872541243,1,-0.02193773581047443,-0.018196903486934445,0.40404222590890493,1,0.05722165548978335,-0.07598653045476042,0.3669665764434587,1,0.10463776298387129,-0.013047564718689671,0.3617020246133422,1,0.1376742625761725,0.08257891829203763,0.3433586668177062,1
781.57457,grid_0948_y570_z554,472.894,568.029,553.485,65.72838030105413,0.64,-0.09805039343413309,0.040861558871118656,0.4098616843589681,1,-0.019795346956688182,-0.018085496365567756,0.39681092055924994,1,0.058640647201801545,-0.07707448705689816,0.36806688048299946,1,0.10545147852319778,-0.013200346803242132,0.3619077453965696,1,0.13812554328558668,0.08255637077597192,0.3435297844067533,1
782.205377,grid_0949_y572_z554,473.014,570.109,553.359,67.81335736416541,0.619,-0.1000340081114128,0.036495887187830776,0.41584125780802583,1,-0.020822023840199943,-0.02336600586137626,0.39966562729057953,1,0.05737032025011603,-0.08045480929755976,0.36594885886235917,1,0.10417936561505384,-0.012690087339130688,0.3655048233694459,1,0.13711769946233587,0.08346060467173758,0.34495450198799127,1
782.930211,grid_0950_y574_z554,472.723,572.327,553.249,70.02069139904292,0.714,-0.0992731056573988,0.034593936937794466,0.4184408008157649,1,-0.019756965351384694,-0.025988176870370465,0.4007869798579627,1,0.058321055510953304,-0.08350926010844986,0.36910803804838777,1,0.1040033046871462,-0.012581229241425388,0.36704192599562424,1,0.13753239992736557,0.0840762927784656,0.346853716155292,1
783.562886,grid_0951_y576_z554,472.905,574.247,553.115,71.94921748010881,0.623,-0.09596131781705802,0.03421600575449446,0.41255194793373545,1,-0.01860921220149517,-0.026880986902828724,0.4010606761866251,1,0.059227550639282714,-0.08454793951424486,0.37015848659780415,1,0.10415022484402006,-0.012589592313992263,0.3673507867401727,1,0.13690030993396785,0.08368610097328592,0.3453559770989318,1
784.194112,grid_0952_y578_z554,473.019,576.093,553.571,73.74697189715654,0.62,-0.09363059971406215,0.033678430204966324,0.40934348705381707,1,-0.01716100840770749,-0.02802524557913197,0.39968650828363733,1,0.059683873974353666,-0.08531618257909288,0.3683990173536047,1,0.1038376296827243,-0.012557371550558851,0.36627658123000184,1,0.1373170830104587,0.08406481344680534,0.3466108486238356,1
784.828805,grid_0953_y580_z554,472.759,578.288,553.436,75.93645668583703,0.624,-0.0906135275540939,0.03324290858329023,0.405004253683396,1,-0.015882771661019923,-0.02920256043306676,0.4004529660206697,1,0.06060745998031257,-0.08665540818487535,0.3700241511042174,1,0.10179200326057139,-0.012138530739535932,0.36027927920850955,1,0.13755353060031264,0.08425423526418765,0.34740736888580803,1
785.565227,grid_0954_y582_z554,472.547,580.416,553.434,78.05018327973363,0.727,-0.0881051123520173,0.033455339528183914,0.4047610289638205,1,-0.01404448669113798,-0.029649352150223008,0.39068112625872453,1,0.0604986173870257,-0.08680957768958228,0.36617659712392425,1,0.10099136840607392,-0.011986328497907445,0.35805303995964266,1,0.13689826187843482,0.08390260450565495,0.34613628539469227,1
786.806059,grid_0955_y584_z554,472.772,582.141,553.724,79.75007191219326,1.229,-0.08699975259303117,0.03386261912011112,0.408161451609098,1,-0.013093360165160476,-0.03138002677949052,0.3882375324609482,1,0.06165925634589177,-0.08792823249342122,0.3691263700817039,1,0.10150672347798395,-0.01214410610615745,0.36058265073752144,1,0.13563818655683962,0.08336427090005626,0.3435935163454535,1
787.436025,grid_0956_y586_z554,472.661,584.132,553.749,81.72921745006491,0.62,-0.08540367169531034,0.03378938736479804,0.40758285133396593,1,-0.012293281784308852,-0.032222853125750045,0.39230491626149105,1,0.06255857400365167,-0.08910717138832511,0.37090071707146605,1,0.10081205613692487,-0.01194920968705904,0.3575806894202726,1,0.13679474614012752,0.08387133652458963,0.34592326796471334,1
788.783212,grid_0957_y588_z554,472.832,586.13,553.323,83.7586616297085,1.338,-0.08070008792988649,0.0332631917364671,0.39758773404208086,1,-0.010748155291730097,-0.033703029277712,0.4000575415002595,1,0.06196682565375109,-0.08800222906635674,0.36355792641335516,1,0.1007598126257209,-0.011921363024874643,0.3570523861872264,1,0.13740357551411303,0.08412431943402074,0.34708986387949686,1
789.427371,grid_0958_y590_z554,473.031,587.89,553.603,85.49563297034534,0.633,-0.07960460102732433,0.033282136232864565,0.3977880993445037,1,-0.00983009327709324,-0.034206523459818595,0.39796888724314766,1,0.06341374091271895,-0.0896051821682676,0.36865122209443035,1,0.10333966429005818,-0.012437844610412339,0.36494214077219356,1,0.13739358148464342,0.0839947675882309,0.3465101309518742,1
790.620514,grid_0959_y592_z554,472.916,590.161,553.219,87.78576074170567,1.184,-0.07971202867369741,0.035069249979016816,0.41055341657544914,1,-0.008183849566612405,-0.0351005662994771,0.3986958075504585,1,0.0642786452815264,-0.09034310374984689,0.3686945510693554,1,0.10261500001414607,-0.012363917252737128,0.36081382936297546,1,0.13507801239796297,0.08243548967199636,0.3405657302925419,1
791.360632,grid_0960_y594_z554,473.196,591.953,553.424,89.5635027117631,0.73,-0.07783462824072133,0.03455416810514295,0.4080416576796095,1,-0.007080416618404237,-0.035404545592434576,0.39174717796949965,1,0.06528630889903059,-0.09117466842358818,0.37105383039612,1,0.10468020729269203,-0.012552703666652145,0.36637956240168623,1,0.13699359233203617,0.0834260198177117,0.3447478229643047,1
791.992829,grid_0961_y596_z554,473.28,594.052,552.967,91.69300988625037,0.622,-0.07542956184812392,0.03479822736366348,0.4051545969596947,1,-0.005717811028214355,-0.035755280081840146,0.3915042155003376,1,0.06542300721883376,-0.09079210842544805,0.367741095239799,1,0.10370041151231071,-0.012561593602537552,0.36239292069601853,1,0.13710760766117397,0.08336182608153342,0.34447838404416875,1
792.626725,grid_0962_y598_z554,473.175,596.015,553.144,93.63289913807007,0.623,-0.07308060409250677,0.03495635794759324,0.40335337179331904,1,-0.004273971977091092,-0.03594354538207965,0.38859308812962007,1,0.06700488601559007,-0.09215139973727882,0.3709247542251806,1,0.10384391554227572,-0.01292952969570999,0.36102233295023217,1,0.13846346865088688,0.08390955586242539,0.3474226029067841,1
793.258673,grid_0963_y600_z554,473.391,597.878,553.306,95.48424974832243,0.621,-0.07144654354554467,0.03504501538251832,0.40497918474421846,1,-0.0030669495466419854,-0.036556721265021484,0.38665450720542927,1,0.06729812447831421,-0.0920022443659023,0.3686547418138577,1,0.10404065326147702,-0.0130684124136396,0.36063696185806854,1,0.14007617286483168,0.08441718977829384,0.35006049157939073,1
794.053495,grid_0964_y602_z554,473.192,600.097,553.132,97.70371887497426,0.784,-0.06779226343248171,0.03453229419299901,0.3964491972957531,1,-0.0015500146530876941,-0.03794053815068492,0.3941400219832449,1,0.06795957221639662,-0.09218881564749579,0.3667347946289141,1,0.1050372019778882,-0.01310142589118737,0.3616073604782466,1,0.13840601681722545,0.08310409659618653,0.34521601811061275,1
794.681514,grid_0965_y604_z554,473.103,602.041,553.305,99.62778441780192,0.618,-0.06529277273566766,0.03437925300381519,0.39318359589064544,1,-9.627861800012952e-05,-0.03854101938238415,0.3922659136616518,1,0.06874972903338536,-0.09249541475119409,0.3666166359438495,1,0.10547046514490262,-0.013158190420725042,0.3620613184804229,1,0.13795423831115888,0.08268008047650274,0.3437158274694891,1
795.318089,grid_0966_y606_z554,473.192,603.941,553.444,101.51565637870844,0.626,-0.06361947877118067,0.03449794712957623,0.394607735587231,1,0.0011390861746939395,-0.039897113851929025,0.396962687326951,1,0.07015204999793492,-0.09396450844282112,0.37108304596020325,1,0.10549823876121847,-0.01327567866033517,0.36023787317971945,1,0.13863112931858534,0.08268540431660584,0.3442223285193412,1
796.111727,grid_0967_y608_z554,473.2,606.049,553.426,103.61982390450197,0.784,-0.06134840028402576,0.034747939867390505,0.39633381943984547,1,0.0026356240352552324,-0.040164557460167616,0.39281312775283855,1,0.07031943966652937,-0.09366450202843121,0.3677023846915005,1,0.10633243686401965,-0.013489514307447562,0.36176415215461194,1,0.13944522234262835,0.08290513960855031,0.34547139453189807,1
796.92891,grid_0968_y610_z554,473.377,607.915,553.472,105.48287764846006,0.806,-0.0603615576372896,0.03517099191574519,0.4015734567802808,1,0.003964361500013381,-0.04121642570990294,0.3918276030477891,1,0.07137317637869547,-0.09453193769315682,0.3710769950477725,1,0.10609336395187993,-0.013559981905368107,0.36057857039013763,1,0.1394797387569507,0.08290114572480534,0.34545041008262717,1
798.113073,grid_0969_y612_z554,473.287,610.001,553.234,107.57689791493338,1.174,-0.057815229351532105,0.03609697129429324,0.4020037816669609,1,0.004979521587932216,-0.0414418103525182,0.3883666119806682,1,0.07197374605921417,-0.0951651818217171,0.3732384875302296,1,0.105863593623113,-0.013445063603396321,0.36006213213543975,1,0.13977919467499272,0.08302544765817263,0.3461428106588361,1
798.74029,grid_0970_y614_z554,473.313,612.035,553.157,109.61166589373595,0.616,-0.056304260931752094,0.03583486784613167,0.399327965799798,1,0.0057875395355436714,-0.04223295520753043,0.39051475702526667,1,0.07142357272404413,-0.09457470346385324,0.3700265044723146,1,0.10655319278732847,-0.013467497427550296,0.3622665035779753,1,0.13926652835450268,0.08282068428773058,0.34502409314403054,1
799.390892,grid_0971_y616_z554,473.213,614.136,553.023,111.71397372307547,0.639,-0.054402243192140806,0.03621545820605012,0.4015944140974549,1,0.006836343480886427,-0.04276766327288332,0.3887818100997743,1,0.07172972591838628,-0.09476150431777268,0.3709864378363528,1,0.10671142011386739,-0.013600765548218152,0.3629859111826329,1,0.13910344479563502,0.08276863069492227,0.344725582855361,1
800.022589,grid_0972_y618_z554,473.308,615.917,553.276,113.4774355808238,0.622,-0.05184086102614168,0.035566033180917236,0.39617057909157327,1,0.007588700673470441,-0.043871897934796296,0.38891560355833016,1,0.07110309976808886,-0.09441257526303412,0.3695168796289381,1,0.10639431122247903,-0.013307243655304538,0.36317596822570575,1,0.1385622232642987,0.08269719187945465,0.34410720411863444,1
800.755604,grid_0973_y620_z554,473.268,618.014,553.057,115.58242261693604,0.722,-0.04971175136907434,0.03605574324923523,0.3965565366651435,1,0.008709131461209734,-0.0436833284132757,0.38294884671248136,1,0.07207166744749775,-0.09541290265162665,0.3717782994681165,1,0.1062634216590294,-0.013379411781477316,0.3615472768610778,1,0.13945302755725733,0.08292134047255602,0.34554579008149705,1
801.386087,grid_0974_y622_z554,473.232,619.989,553.342,117.53551535599787,0.62,-0.047933039970051924,0.036175407485745485,0.39648165249799106,1,0.010116625863309978,-0.044600531609315264,0.3861252449092702,1,0.07279935367742528,-0.09516326768307486,0.36998209875271515,1,0.10692726802483477,-0.013827672841781288,0.3619376491986001,1,0.13960801984141394,0.08268689008421441,0.3449610733442425,1
802.011547,grid_0975_y624_z554,473.278,621.99,553.514,119.52400101653227,0.615,-0.04585827836766053,0.03615072311960215,0.39760394169968205,1,0.011901875425022832,-0.045369953234363616,0.3857561636321014,1,0.07439460810978324,-0.09612222825534592,0.37185346455869867,1,0.10821965506142912,-0.0140623574080284,0.36358960564819565,1,0.1398967257188465,0.08278060058722762,0.34488694616393256,1
802.74962,grid_0976_y626_z554,473.207,624.06,553.522,121.58838358165632,0.727,-0.043754053364163194,0.03616700663135934,0.39646660079776347,1,0.013402857256315931,-0.046088307463130584,0.38799380083437407,1,0.0760363151555011,-0.09729246091276633,0.3743925977721928,1,0.10798783277194712,-0.014130203986800021,0.3602662551427056,1,0.14122339457888322,0.08300507089742129,0.34734305598966697,1
803.378879,grid_0977_y628_z554,473.156,626.211,553.387,123.74203095553268,0.616,-0.041506571445984436,0.03604702651123789,0.39595951010104447,1,0.01459796788313209,-0.04594319694806106,0.3842581398856556,1,0.07645903204416883,-0.09707681315674989,0.3722321338761962,1,0.10834190890981454,-0.01407082396385409,0.3591315890311935,1,0.1414433824738538,0.08277150274773573,0.347333801137658,1
804.005865,grid_0978_y630_z554,473.232,628.209,553.322,125.74173169636241,0.617,-0.03930973371905083,0.03650216816798503,0.3967862405094013,1,0.016360269602888923,-0.04627659688870824,0.3842051378693025,1,0.07706696099692516,-0.09686387848306842,0.36996401198605283,1,0.10942542825308406,-0.014273352256724516,0.36124681610851767,1,0.14374188108662328,0.0839147486409025,0.3517744544579651,1
804.63909,grid_0979_y632_z554,473.291,630.138,553.095,127.68110303799858,0.623,-0.03716521777614068,0.03685606776635391,0.3976408974684114,1,0.017705915299990604,-0.04658163648736224,0.38388273004327556,1,0.07861087195508999,-0.09784021130638229,0.37247976357154206,1,0.1106117900292207,-0.014630094242576833,0.36285377066671987,1,0.14267832578543888,0.08313739877645655,0.3487638767511688,1
805.378845,grid_0980_y634_z554,473.198,632.286,552.702,129.84556172237845,0.73,-0.034375054923891826,0.03698324622608225,0.39065757094195475,1,0.019272060387548785,-0.04644965362660382,0.3829609271717878,1,0.07894608792045932,-0.09777359928586928,0.3702448258854181,1,0.10994920834948996,-0.0145811816634711,0.3602446215776882,1,0.1427142641588695,0.08314349822006646,0.34879480781338407,1
806.003678,grid_0981_y636_z554,473.121,634.279,552.82,131.82681613768878,0.615,-0.03216534531197091,0.03685289558886507,0.38770769627149015,1,0.020939154245790046,-0.04692499886412142,0.38558784311513083,1,0.07969411024350799,-0.09763141616086156,0.3689798176924863,1,0.11010138165242249,-0.014684563029526648,0.35793744036220854,1,0.14126842313518595,0.08201920992749609,0.34460426020991414,1
806.643363,grid_0982_y638_z554,473.321,636.178,553.216,133.70522401910856,0.629,-0.030576953251671934,0.037285157319728375,0.3938503983256817,1,0.02269341962295325,-0.04751834476370363,0.38467135265407204,1,0.08138942388518369,-0.09840078315705539,0.3699806864822911,1,0.11347146997935535,-0.015446362243985956,0.3656185472703023,1,0.14179153384202342,0.08204846086670099,0.3447408452605938,1
807.274302,grid_0983_y640_z554,473.171,638.362,553.259,135.88080580052502,0.62,-0.02811412785205104,0.037006193286988565,0.3898024003655015,1,0.024077427016178335,-0.0474082922278671,0.38021147130185523,1,0.08277333504459175,-0.09894320807939805,0.3704554538526508,1,0.11471956995486858,-0.01569257766329068,0.36753148468697505,1,0.14070968050570287,0.08102386367310706,0.3410444022057195,1
808.001482,grid_0984_y642_z554,473.109,640.319,553.374,137.82812077729275,0.717,-0.02544658679485102,0.03681135571284015,0.38743640730560197,1,0.02570566277883174,-0.04755466974975046,0.37834670323637387,1,0.08319290536657861,-0.09834944911093409,0.36680025520394005,1,0.11310225819568061,-0.015594854528607885,0.3592436530856203,1,0.14184422221019513,0.08167708189314984,0.3432822001279092,1
808.628877,grid_0985_y644_z554,473.004,642.327,553.48,139.8264599208605,0.615,-0.023560463764716214,0.036672498207412335,0.38711323979806045,1,0.02692085208767788,-0.04832376733581073,0.37920272293707746,1,0.08453681536079274,-0.09897867525054142,0.36802924099370593,1,0.11382704823553698,-0.015639842988770535,0.35939525447954157,1,0.1422848502283709,0.08148185138659145,0.3435964509191237,1
809.278874,grid_0986_y646_z554,473.099,644.191,553.217,141.7023763526922,0.638,-0.02191719013619315,0.03766624028960185,0.39329395768785447,1,0.02900845669617279,-0.049231146404277296,0.38495737438073563,1,0.08570083023118942,-0.0996971615563745,0.36918793729578303,1,0.1149478543871768,-0.015666389153521216,0.36076415882923396,1,0.1424916468995745,0.08129017274849545,0.3431848997990365,1
809.905156,grid_0987_y648_z554,473.238,646.198,552.862,143.726764810873,0.617,-0.01987735966717175,0.037881446616004774,0.39053632624341134,1,0.029925332097158523,-0.04871354195734896,0.37992471121200005,1,0.0858608339581491,-0.09941655825184058,0.3665956604544133,1,0.11610126772330628,-0.015962571329973637,0.3633239050911863,1,0.14365200822460797,0.08190653353183287,0.3460769732927822,1
810.638692,grid_0988_y650_z554,473.191,648.216,552.993,145.7345140349396,0.724,-0.017256769693515372,0.038003144202501664,0.3900923357865579,1,0.031162765156830013,-0.048640410427997646,0.377567467932164,1,0.08709442987640267,-0.09970745508384202,0.36737622519726953,1,0.1154107264378619,-0.01602903563660051,0.3604738145037509,1,0.14273552852077395,0.08134490121876622,0.34343933681464706,1
811.374767,grid_0989_y650_z556,473.218,648.597,554.05,146.06731363997903,0.623,-0.016344353032942387,0.03672152228755517,0.38712049619816885,1,0.031871622595370463,-0.049090840465805835,0.37373493592064994,1,0.08830552235155481,-0.10012457412651836,0.36787658461496464,1,0.11606888687802816,-0.016275165344629517,0.36003660125223125,1,0.14438331741352234,0.0821025334413168,0.34697653273114126,1
812.003566,grid_0990_y648_z556,473.218,648.597,554.05,146.06731363997903,0.619,-0.016330278477867118,0.03697849140684429,0.3919059637811584,1,0.031921267189247864,-0.04921396729381054,0.37325671440080443,1,0.08852001965963577,-0.1000780996969645,0.36745152935308933,1,0.11517758235692363,-0.01622733578512308,0.3567039412917149,1,0.14436317804856288,0.08211740154168434,0.3470480516694313,1
812.734079,grid_0991_y646_z556,472.95,647.466,554.004,144.93492896814075,0.72,-0.01726531080052861,0.03687816693684477,0.3904371306618536,1,0.03181449733235673,-0.05000823619874184,0.3812908539159243,1,0.08841595848517371,-0.10061060031821119,0.3699095885606382,1,0.11490425807439046,-0.016001992082837247,0.3580923333346008,1,0.14318926449942238,0.0815490635776203,0.3443824559956111,1
813.364416,grid_0992_y644_z556,472.224,645.8,554.14,143.25501533628758,0.619,-0.01850398103302959,0.036599570727749456,0.3901738422330948,1,0.03089133159956147,-0.049940245951132375,0.38185266127920997,1,0.08711038887354243,-0.09996174949613612,0.368888139768598,1,0.11574988451079475,-0.016095264280039566,0.3620921438285197,1,0.14272355179962076,0.08133354595566802,0.34338675801480156,1
814.004232,grid_0993_y642_z556,471.668,644.281,554.036,141.73682164490634,0.629,-0.02014825157132556,0.036643757000505546,0.3900223987118635,1,0.029532418001032873,-0.04956057617360517,0.3813698037162937,1,0.08589708259805133,-0.09935730225625712,0.36749391306627494,1,0.11506023804171575,-0.01581360835731515,0.36084966352831865,1,0.1414848652192941,0.08071516109690183,0.34048889766721724,1
814.636854,grid_0994_y640_z556,471.39,642.508,553.973,139.96656938712192,0.622,-0.022064534646925902,0.03735194216518132,0.3980803367565313,1,0.028179452821261053,-0.048881547724925666,0.3792309430418887,1,0.08508716257419127,-0.09923250855711922,0.3682027326424056,1,0.1154768996843751,-0.015722296254126585,0.363867751108695,1,0.14210827409423957,0.081205229390897,0.34262153856301436,1
815.372533,grid_0995_y638_z556,471.308,640.691,553.605,138.1679998154421,0.725,-0.024017235272809166,0.03733776180624151,0.39634144446102565,1,0.026585707489579412,-0.04854802635737297,0.3817916996375025,1,0.08337808182011577,-0.09847805053923304,0.36700128475630456,1,0.11457506223525867,-0.0156303976311847,0.3638854169387446,1,0.14166143126861755,0.08136059163730126,0.34262020115205183,1
815.997102,grid_0996_y636_z556,471.484,638.663,553.814,136.1334005378548,0.615,-0.02595701171656716,0.03705871733899609,0.39654875375770693,1,0.025269329441046012,-0.0483623960568564,0.3819025049780444,1,0.08339898938355761,-0.09916026094617635,0.3713884651588598,1,0.11536337113050284,-0.015727062526652163,0.36847005127306975,1,0.13990034934162607,0.08039521421470128,0.3386776393663299,1
816.627734,grid_0997_y634_z556,471.381,636.703,554.039,134.16452261309618,0.62,-0.027804083543136755,0.036295975780849234,0.39233551144448875,1,0.023637111629217177,-0.048134260802960585,0.38007583370494147,1,0.08328518073554766,-0.09985053658109658,0.37542632860569675,1,0.11412371169558733,-0.0156549572547964,0.36658621351856635,1,0.14132155996234605,0.08157419309471184,0.3430182497228458,1
817.261206,grid_0998_y632_z556,471.473,634.674,553.824,132.14841989974755,0.624,-0.02979338678779006,0.03631762725037091,0.3919016781879456,1,0.022093457579569736,-0.0477063189317647,0.3797357393431499,1,0.08118310428039524,-0.09836431037582062,0.37097521270066286,1,0.1110491701345104,-0.015041935506134519,0.35894703935479383,1,0.14125594297034313,0.08181220815864534,0.3438500684052214,1
817.995265,grid_0999_y630_z556,471.575,632.538,553.895,130.0122160760288,0.724,-0.03266877678321377,0.036474752374450393,0.39568833968173733,1,0.01999845063872784,-0.04710226583156242,0.3786568413534794,1,0.07896218142142841,-0.09701941314067912,0.36744916399580135,1,0.11073768679233784,-0.014802661099270652,0.36100375935308426,1,0.14188589108537358,0.08247027761870819,0.34627662674859894,1
818.626656,grid_1000_y628_z556,471.551,630.475,553.941,127.94929555101119,0.62,-0.034663938892224445,0.036287662387119404,0.39664378721875676,1,0.01892911393237124,-0.04739854813684248,0.383036344902811,1,0.07842833153174078,-0.09693347060528498,0.3688682534740869,1,0.11113323572616889,-0.014797722002810607,0.3638617564243299,1,0.14201333461714993,0.08266049206263719,0.34696352312120765,1
819.26453,grid_1001_y626_z556,471.384,628.496,554.154,125.96127501339448,0.627,-0.036921012781262766,0.036156959965100814,0.39828142167394587,1,0.017765523367955283,-0.04766199199794365,0.3864258768777113,1,0.07743954269738507,-0.09681646306165874,0.36937886414258675,1,0.10962088131659609,-0.01430738192738953,0.36093380204302145,1,0.14346474717563282,0.08364096919352947,0.35069201475778733,1
819.889456,grid_1002_y624_z556,471.405,626.333,554.556,123.7820521763959,0.615,-0.03877936623638015,0.03534054071716301,0.3966593335838739,1,0.016330518788623884,-0.04765744897861038,0.3865471978891383,1,0.07595570494655143,-0.09605714304024801,0.3672181793892478,1,0.1080822280570998,-0.014051461973065255,0.35733311660774986,1,0.14321182118458062,0.0837261967232129,0.35093136480782955,1
820.630354,grid_1003_y622_z556,471.4,624.466,554.576,121.9160920756567,0.731,-0.040869852268176174,0.034717812273451464,0.39294099551328193,1,0.0143391918631844,-0.04700359788069203,0.3841614260004064,1,0.07536347798772161,-0.09590336281428194,0.3688875619331735,1,0.10809254873920253,-0.014012650672914304,0.3604312807623252,1,0.14341163185721842,0.08400172242371695,0.35217350706729916,1
821.313498,grid_1004_y620_z556,471.454,622.438,554.65,119.88722929069635,0.673,-0.043510799477671544,0.034780361652145264,0.3974753811130688,1,0.01294873072768713,-0.04762878317595735,0.39167748556393983,1,0.07448670798241426,-0.09601627690819006,0.3704700938033465,1,0.1087765030248132,-0.014136653321027193,0.3649120368424982,1,0.1399578619939283,0.08272570641489026,0.3446469880752925,1
821.937134,grid_1005_y618_z556,471.552,620.444,554.498,117.90337200860709,0.614,-0.04549766310957128,0.03485809308491472,0.3977097221096858,1,0.01121414057501624,-0.04631185013930998,0.3836566357376005,1,0.07298038348595068,-0.09508094101289065,0.3691258762760672,1,0.10780852716978842,-0.01385786319878633,0.3644802309691393,1,0.13912250574934254,0.08252239115358848,0.3438828629040456,1
822.564172,grid_1006_y616_z556,471.697,618.332,554.505,115.7948207865965,0.617,-0.047343775764843075,0.03478346014775583,0.39652466602385383,1,0.009611060050231995,-0.04604850799701739,0.386015946665241,1,0.07217747702470578,-0.09534115382480549,0.372116131867653,1,0.106118765727679,-0.013381849696781207,0.3616970430107211,1,0.13863265194689595,0.08257791532844082,0.34388613871321416,1
823.294859,grid_1007_y614_z556,471.805,616.233,554.055,113.72286702330359,0.72,-0.050047540331264836,0.03522173057908139,0.3974847090373626,1,0.007498813380434383,-0.04525162895877291,0.38639651343881637,1,0.07034051249317812,-0.09445260765723387,0.3722051600198655,1,0.10488443932033886,-0.013105633255836833,0.3619926389355399,1,0.13796068290541702,0.08278246016790655,0.3440931495070882,1
823.920653,grid_1008_y612_z556,471.705,614.319,554.165,111.80482674732784,0.615,-0.05176936117498023,0.03514520308582185,0.3980412367486437,1,0.006219016483210942,-0.04515879146753724,0.387745681899097,1,0.06973775748311277,-0.09460732589267665,0.3737854866743036,1,0.10430597283064036,-0.013109939767690449,0.36192396635920104,1,0.1381801144676142,0.0833491234426484,0.3460302123963862,1
824.554661,grid_1009_y610_z556,471.724,612.437,553.839,109.94417978683549,0.624,-0.053598512921170106,0.03500802381080285,0.3970969794350466,1,0.004677982670222476,-0.04438885934255264,0.38565133727627615,1,0.06861463289784743,-0.0941827292995154,0.37384160346227496,1,0.10485447136378392,-0.012750468314996457,0.3658275668948972,1,0.13776406624018853,0.08369740222911856,0.3462057677321074,1
825.189381,grid_1010_y608_z556,471.787,610.313,554.152,107.80659240046501,0.624,-0.056069216277600274,0.03472272109946869,0.3989823920133739,1,0.003454092936551062,-0.04392829518912412,0.38573270589655273,1,0.06742533750237144,-0.0936104756697637,0.37302874393007796,1,0.10367258711107222,-0.012492695514195538,0.36444970423378237,1,0.13467680663896048,0.08214512860222319,0.33959853741243357,1
825.923372,grid_1011_y606_z556,471.615,608.294,554.478,105.77113522128805,0.725,-0.05911964543858621,0.03452939664659849,0.4044480137723854,1,0.002066461264947189,-0.04450295961398039,0.39364386724662537,1,0.06612428488179382,-0.09247543167681747,0.3695996808156375,1,0.10382369609208601,-0.012553343038431131,0.3661557547900741,1,0.13722597180914667,0.08388668896889476,0.34618830985397525,1
826.557699,grid_1012_y604_z556,471.664,606.364,554.626,103.83652834624243,0.623,-0.060374858739069705,0.03400591896767122,0.4013349251975634,1,0.0010048841322770616,-0.04382384780831083,0.3899908185927572,1,0.06645146965555217,-0.09290522748688793,0.37271416486968745,1,0.10180192896003579,-0.012138076201487368,0.36046168592762184,1,0.13695850096571877,0.08393452651226777,0.3462678930809207,1
827.187211,grid_1013_y602_z556,471.51,604.354,555.213,101.7978162142981,0.619,-0.06281227692889416,0.033519843328235634,0.4035654814598103,1,-0.000351081985582738,-0.04347649859520229,0.3892277708013624,1,0.06579975813197733,-0.09260089650619971,0.3718431437898046,1,0.10230558969669737,-0.012032123178366863,0.3639740650867261,1,0.13618487072504668,0.08359400842814937,0.34481328835769637,1
827.82252,grid_1014_y600_z556,471.469,602.429,554.85,99.89357345194935,0.624,-0.06428909341588694,0.033203186095061475,0.4015797566113539,1,-0.0013625437365236185,-0.0426902615905715,0.3887266535455648,1,0.06570595615181249,-0.09291969781042397,0.37444148271983096,1,0.10132630322677602,-0.011819958507755187,0.3611606005565516,1,0.13572920618585177,0.0833888362569406,0.34393417005363636,1
828.723867,grid_1015_y598_z556,471.546,600.423,554.701,97.89945947246085,0.889,-0.06645878193673031,0.033184203231179335,0.4010600813373716,1,-0.002607967850073189,-0.04206428661500376,0.3943175617040726,1,0.06532242884029527,-0.09232817490225242,0.3734711972373924,1,0.10160132253318765,-0.01185063716136563,0.36207236563191414,1,0.13572920618585177,0.0833888362569406,0.34393417005363636,1
829.353101,grid_1016_y596_z556,471.419,598.511,554.476,96.00258113717565,0.618,-0.0689619701397181,0.03380789892168802,0.4060218688440231,1,-0.0036372701794096353,-0.041384754194643256,0.39865908409669126,1,0.0652647278923014,-0.09231577853862666,0.37338845115501196,1,0.10178690015383567,-0.01190614842944627,0.36245157652353993,1,0.13572920618585177,0.0833888362569406,0.34393417005363636,1
830.142185,grid_1017_y594_z556,471.685,596.415,554.254,93.92675135976968,0.78,-0.07174257316025806,0.034133077765644705,0.4089118717223064,1,-0.004844867909058434,-0.03936329628678609,0.3916818860845398,1,0.0658492047755294,-0.09341647218217286,0.37833826461688175,1,0.1020598028390847,-0.011920385368781563,0.3635431489284891,1,0.13572920618585177,0.0833888362569406,0.34393417005363636,1
830.785918,grid_1018_y592_z556,471.653,594.469,554.299,91.98158496133894,0.633,-0.073492983952272,0.03407956577104317,0.4085649873916247,1,-0.005999416011658706,-0.039027597318568794,0.39484939457566826,1,0.06427820789030285,-0.09140589150190698,0.3704398967344528,1,0.1019040323548021,-0.011892157784021863,0.36318785827900685,1,0.13572920618585177,0.0833888362569406,0.34393417005363636,1
831.413346,grid_1019_y590_z556,471.718,592.475,554.186,90.00008025551982,0.616,-0.07433878208131398,0.03340142748666488,0.4026036116052024,1,-0.007223579743001923,-0.03891389498068541,0.4033689622555333,1,0.06507517259356732,-0.09283791958235398,0.3778957730465806,1,0.10172154534804183,-0.01184078853499248,0.3627438209972741,1,0.13572920618585177,0.0833888362569406,0.34393417005363636,1
832.154306,grid_1020_y588_z556,471.621,590.518,554.414,88.0313077149261,0.731,-0.0765255772506139,0.03320178423954709,0.40428031103520173,1,-0.007765357873076857,-0.03712943309528281,0.3936633000422952,1,0.06347369882852898,-0.09069328915158678,0.3703777284415465,1,0.10078024334122246,-0.011647276319047092,0.35946616079014204,1,0.13572920618585177,0.0833888362569406,0.34393417005363636,1
832.779859,grid_1021_y586_z556,471.782,588.351,554.576,85.86047974475802,0.615,-0.07816839523988883,0.03261870900091571,0.4012465031489524,1,-0.009375231811722722,-0.0366262956153546,0.39704039502835103,1,0.06281421317159389,-0.09036301456495203,0.3699686404194294,1,0.100310312356463,-0.011738171752515684,0.3584770401269899,1,0.13594549014751728,0.08354430630669904,0.3445970959068664,1
833.413439,grid_1022_y584_z556,471.625,586.437,554.78,83.93547164935696,0.621,-0.0812762701319721,0.0327058554891866,0.40682087611070433,1,-0.010680829517364723,-0.03624141863200744,0.4005151692627811,1,0.062166335027501504,-0.08948418341198276,0.368720601120382,1,0.10023590485416989,-0.01166546632576911,0.3588919931289124,1,0.13669284746199256,0.08434681899613847,0.34723216125044126,1
834.04567,grid_1023_y582_z556,471.583,584.25,554.782,81.7526461345442,0.622,-0.08433403381189514,0.03292610500386027,0.4125073189469097,1,-0.012118576083359483,-0.0354340542127041,0.3974067387104979,1,0.06085002087249301,-0.08825629837540003,0.3659596649295607,1,0.10022498200816501,-0.011634168277493796,0.3598468812332445,1,0.13710583658033862,0.08475738302722327,0.348645586049072,1
834.775522,grid_1024_y580_z556,471.633,582.158,555.053,79.64818245886096,0.719,-0.08588642510129588,0.03217173812199474,0.40898714946949866,1,-0.013399167881709423,-0.03464182691664054,0.3976669431346327,1,0.06022292840164695,-0.08741889577643315,0.3653962962709142,1,0.09926996430925858,-0.011457634520244585,0.35754529947902663,1,0.13680730835002508,0.08444167503367486,0.3478816191116415,1
835.633361,grid_1025_y578_z556,471.483,580.272,554.894,77.77520385058473,0.847,-0.0880204912653026,0.03186639946403684,0.4077610476381258,1,-0.014878343179652198,-0.03359260699240459,0.3986728352398021,1,0.05993396566416449,-0.08761957011882364,0.36828490478747344,1,0.09870849315308343,-0.011374819658760384,0.35652784901395473,1,0.13491378673731352,0.08342339610832519,0.3437809662961441,1
836.700889,grid_1026_y576_z556,471.5,578.269,555.002,75.76981094076983,1.057,-0.0888458110418681,0.031428762489627046,0.40515338819283925,1,-0.01572415574940965,-0.03273689739683973,0.39502178376673924,1,0.05959935061113142,-0.08756517208433992,0.3689977001875186,1,0.09880118528026889,-0.011378973349610431,0.35733395946280366,1,0.1343997128652054,0.08326739968073624,0.3427174256145872,1
837.451147,grid_1027_y574_z556,471.771,576.157,554.775,73.68297686711638,0.738,-0.09135484351737552,0.031610853744625286,0.40708336628868924,1,-0.017108744174703695,-0.031516832652558405,0.397194441872882,1,0.05834535716238702,-0.08655778030407177,0.3684096178687947,1,0.0995687506309451,-0.011563471485124845,0.3610201509444889,1,0.13425318094197808,0.08322526523037951,0.34245200389923763,1
838.074246,grid_1028_y572_z556,471.567,574.48,554.738,72.01067002882284,0.613,-0.09352862965450519,0.0317724860489176,0.4094326559445675,1,-0.018358562964283835,-0.030750472858497257,0.3995308456628993,1,0.057432464901635595,-0.08552231994415631,0.3666468670850619,1,0.09939499381488612,-0.01158401935903552,0.36094058686165026,1,0.13425318094197808,0.08322526523037951,0.34245200389923763,1
838.713247,grid_1029_y570_z556,471.616,572.558,554.769,70.09274012335372,0.629,-0.09633177562162427,0.0319258449297754,0.41310478985283783,1,-0.01957582320351008,-0.029792021060628775,0.39937746941749036,1,0.057663314654303424,-0.0859511190769553,0.3715669511814805,1,0.09957793382702827,-0.011602938428108542,0.361330055975427,1,0.13425088802088458,0.08324756072458919,0.34255258070710387,1
839.342766,grid_1030_y568_z556,471.596,570.588,554.767,68.1288541955609,0.619,-0.09998320584310427,0.03248148325944074,0.42103279733911025,1,-0.020642957898069664,-0.028765530021249465,0.39842002581273694,1,0.057227259730753266,-0.08490364771085612,0.3721788006743268,1,0.09988584475231096,-0.011503440264712894,0.36184139303742013,1,0.13425318094197808,0.08322526523037951,0.34245200389923763,1
840.080618,grid_1031_y566_z556,471.785,568.5,554.599,66.06484375974867,0.729,-0.10172321567375678,0.032474960230789204,0.41859396553184985,1,-0.02202192310882559,-0.027151759115082087,0.3982479264181379,1,0.05619064487523919,-0.08312857962419788,0.36990588598889246,1,0.09901091845026697,-0.011437256411467155,0.35737353764734153,1,0.13593158128958682,0.08395436808468261,0.3459823959118166,1
840.710135,grid_1032_y564_z556,471.663,566.586,554.766,64.14181498835221,0.618,-0.10218638003495013,0.03188737904388367,0.41380062880100865,1,-0.023427763024775103,-0.026298898919560987,0.40300509884271785,1,0.05577724180031322,-0.08232693197850234,0.37085385002123045,1,0.09911569118738249,-0.011412033618857554,0.35718174191178925,1,0.13662485756061063,0.08431966253950826,0.3474749690329694,1
841.339991,grid_1033_y562_z556,471.619,564.577,554.777,62.13880671528865,0.62,-0.10353702154874464,0.0315927205144015,0.41233599008489097,1,-0.024772778793386668,-0.02524324322974658,0.4032404041220321,1,0.05511101540065262,-0.08108708282926828,0.3706483130185938,1,0.09897426805667596,-0.011419238502245362,0.35674357184848354,1,0.13680730835002508,0.08444167503367486,0.3478816191116415,1
842.069189,grid_1034_y560_z556,471.624,562.425,554.957,59.97966509576389,0.719,-0.10612287708792698,0.03129267665153109,0.414240709199464,1,-0.02578632071751908,-0.024134621805165332,0.3974388944260753,1,0.05448817716559277,-0.07991443840055475,0.3720452474283277,1,0.09897426805667595,-0.011419238502245362,0.3567435718484835,1,0.13674760270396238,0.08437853343496518,0.3477288257241554,1
842.702154,grid_1035_y558_z556,471.601,560.44,555.024,57.99635410954734,0.622,-0.10817021822969444,0.031213409202892915,0.41462114005903505,1,-0.02699071429022899,-0.022905386437641305,0.4004536128638179,1,0.05331586299006662,-0.07784613924780784,0.3696186775075296,1,0.09883284492596942,-0.011426443385633171,0.3563054017851778,1,0.13686701399608778,0.08450481663238454,0.3480344124991276,1
843.337467,grid_1036_y556_z556,471.378,558.524,555.23,56.066537497869454,0.625,-0.10977678167085828,0.030733382958309872,0.4142364305374972,1,-0.02862776989989691,-0.022242157385734894,0.40529627197970675,1,0.053495464329501495,-0.07700353915027931,0.3740138796890071,1,0.09925711431808903,-0.011404828735469743,0.357619911975095,1,0.13674760270396238,0.08437853343496518,0.3477288257241554,1
843.970993,grid_1037_y554_z556,471.375,556.625,555.288,54.17006750041947,0.623,-0.11278155290576089,0.030897898390806942,0.41865389850999285,1,-0.0296572531908409,-0.021072117681415883,0.40005118488981173,1,0.052460010777725774,-0.0752372913852005,0.37305523446689154,1,0.09878726231762772,-0.011386329833016729,0.35692339788026023,1,0.13578891225089468,0.0839210400257117,0.34570074980933524,1
844.707927,grid_1038_y552_z556,471.47,554.583,555.401,52.12787182496519,0.724,-0.11347216013957181,0.030485589247857964,0.4137272947933586,1,-0.031419538985163954,-0.020301735136218073,0.400527239804214,1,0.051001032772589806,-0.07347194088942632,0.3711325349648245,1,0.0987518100056514,-0.011510411998601608,0.3586811093747822,1,0.13436529541181547,0.08327556027175402,0.34278135151218014,1
845.334017,grid_1039_y550_z556,471.236,552.791,555.409,50.339844546839906,0.617,-0.11531400944586993,0.030331423875350604,0.4145345863352473,1,-0.032732692802483455,-0.019666881439178267,0.39914819674479374,1,0.049908531114073465,-0.07229165216643198,0.37019285733698226,1,0.09861042047908901,-0.011316511180057906,0.3599008252852532,1,0.13533851029742067,0.08433105527218822,0.3464391618634356,1
846.019956,grid_1040_y548_z556,471.595,550.563,555.206,48.14879937236234,0.676,-0.11821211072890452,0.03040817922652809,0.4176314866401512,1,-0.03477339252075408,-0.018919150266924235,0.4024315124661847,1,0.04847249182036321,-0.07100485834916735,0.37122691303251487,1,0.09827652626062877,-0.011047468099574704,0.3607862788474045,1,0.134338051721767,0.08385217101336867,0.3442390332373396,1
847.540366,grid_1041_y546_z556,471.523,548.735,555.223,46.3280795630469,1.509,-0.12039827527362094,0.030282237242719345,0.4163111150587556,1,-0.03698021250417183,-0.017616118434491176,0.405884885899008,1,0.0478929940528275,-0.06978975691067943,0.37691372744273777,1,0.0971338093405852,-0.010834919126909157,0.3590966624877171,1,0.13314825201638603,0.08301549194340976,0.34078498346894043,1
849.392203,grid_1042_y544_z556,471.464,546.863,555.016,44.490025556297525,1.843,-0.12228128428023752,0.03032791615734757,0.41730715691136977,1,-0.0377664549144246,-0.01646243862102354,0.3986635722647623,1,0.049488794524779986,-0.07194384275771669,0.39774079174154586,1,0.09719858383774072,-0.010438403449532122,0.3612719854642719,1,0.13271004743988055,0.0827613214284882,0.3399491823506214,1
850.467296,grid_1043_y542_z556,471.758,544.695,554.823,42.36849302252802,1.066,-0.12425437473700418,0.03030101481976245,0.4161852807941491,1,-0.039770858522415894,-0.01515076194513775,0.4039316734713602,1,0.04546868989466467,-0.06599059249230324,0.3767401647046392,1,0.09713218323429425,-0.01041979662501617,0.3610972810708525,1,0.13238360557705936,0.08257951711622488,0.33881295431570774,1
851.486746,grid_1044_y540_z556,471.595,542.827,554.882,40.50491892350856,1.01,-0.12793568947157097,0.03100281297841475,0.423204659504304,1,-0.041394282805635896,-0.01377301007573815,0.40609057788460606,1,0.04596002489935642,-0.0644274253558125,0.3843821563882643,1,0.09793429772972527,-0.010959809504540674,0.3604660012645036,1,0.13430623139378553,0.08373638606148728,0.34396061973330067,1
852.113974,grid_1045_y538_z556,471.595,540.805,555.017,38.48343919142359,0.616,-0.12944171830831414,0.03082306890752844,0.42335449992460433,1,-0.04251277101789797,-0.012820482979463362,0.4081897251519796,1,0.044526767833875346,-0.061580608985764874,0.3773151993508557,1,0.09858401270409395,-0.010911090692690422,0.3623849242308169,1,0.13535397371485353,0.08451490490559817,0.34707814592269026,1
852.744111,grid_1046_y536_z556,471.479,538.764,555.389,36.40892853408353,0.619,-0.1300741110937723,0.030134757976559345,0.4194415788731418,1,-0.04350638094572046,-0.011569068617809023,0.4028252120546438,1,0.043266808688962544,-0.059003547868656595,0.3747616268236736,1,0.09951790775367375,-0.011046083565616115,0.3644785729755587,1,0.13561361127268104,0.08463169995274955,0.3474885499612615,1
853.427549,grid_1047_y534_z556,471.537,536.709,555.383,34.37571869794139,0.673,-0.13110183840054704,0.02984282239591108,0.4167805506177366,1,-0.04442739950893089,-0.01032079154251417,0.3997383193551453,1,0.042226731850533925,-0.0568457173563479,0.3745292617885243,1,0.09986886207527045,-0.011129743351063034,0.3652478949163541,1,0.13546364248986653,0.08449620833489313,0.3470845250800414,1
854.163675,grid_1048_y532_z556,471.727,534.399,555.824,32.03372486926866,0.726,-0.13514805932733856,0.02954746569257438,0.42223274290463825,1,-0.04678407212238521,-0.009250428238287551,0.40196832134773314,1,0.04105570253023159,-0.05413119607261403,0.374129194408685,1,0.09941086005333752,-0.01096587687030793,0.36378768082217305,1,0.13566821512422436,0.08470974903977058,0.34779511664791524,1
854.787286,grid_1049_y530_z556,471.554,532.659,555.96,30.28691370872906,0.613,-0.1373716415991279,0.02948634439175893,0.4244410802900922,1,-0.04858404683014063,-0.008371100078340713,0.4056053309202964,1,0.04047464872936669,-0.052685883222492055,0.3765688044689109,1,0.0991703600097911,-0.010957561629806085,0.3637446701144181,1,0.1353265815806492,0.08456183145774551,0.34692069116156815,1
855.429769,grid_1050_y528_z556,471.578,530.539,555.81,28.213770077747512,0.632,-0.13866246218406728,0.029331355091534984,0.42224393413358347,1,-0.04973678221036278,-0.007047515400269068,0.4033230826572849,1,0.03916674537443542,-0.05030956430629678,0.3763473935015751,1,0.09851944097955358,-0.01092949820220396,0.3619647279121124,1,0.13476582496416592,0.08427533318135264,0.3456235472422454,1
856.055687,grid_1051_y526_z556,471.66,528.603,555.656,26.333018930612553,0.616,-0.13977616821397315,0.029599611201996362,0.42044598657660304,1,-0.05164607713844327,-0.005628165048217256,0.4060670069582238,1,0.0381787121371366,-0.04810612933224853,0.37745317061979494,1,0.09865340522815916,-0.010867615423531981,0.36283510504677874,1,0.13515090454347148,0.0844780953400942,0.34654675778773736,1
856.791071,grid_1052_y524_z556,471.716,526.487,555.655,24.255509580299474,0.725,-0.14213578787452882,0.029784587062233348,0.4211757754103346,1,-0.05350290492315742,-0.0036126717814997573,0.40625303757846815,1,0.03724632678587388,-0.045107056613418586,0.37985675249943074,1,0.09896495289844977,-0.010970948509971675,0.3611110139407233,1,0.13558804280396378,0.08458664412716514,0.3472425152939097,1
857.42216,grid_1053_y522_z556,471.607,524.583,555.404,22.43685113825021,0.621,-0.143829351373825,0.029971033321727524,0.42137129465963274,1,-0.054905745176971124,-0.0020882608734381436,0.40628875168019674,1,0.03614839822306164,-0.04223160259896475,0.3790421675140604,1,0.09898072429900118,-0.011310512710526235,0.3600019708386061,1,0.13716136539918672,0.08519939995107771,0.35010985711597054,1
858.055469,grid_1054_y520_z556,471.606,522.618,555.236,20.562798326103454,0.622,-0.14738410142169361,0.030833175809689778,0.42640356131456636,1,-0.05591951527234853,-0.00045546334715244625,0.40222317853898104,1,0.034627746382286384,-0.03897385788743398,0.37512615635224833,1,0.09882864249549557,-0.011551417751589542,0.35854103660928,1,0.13601114479103144,0.08413173695507395,0.34623240386419807,1
858.686815,grid_1055_y518_z556,471.767,520.474,555.083,18.542048457492573,0.62,-0.15147118336329324,0.03153499721653636,0.4327151358643199,1,-0.05835855767822198,0.0008683111712937928,0.40718262901608976,1,0.033860815281699194,-0.03698791926667376,0.38125324908529035,1,0.0986720660392946,-0.01145873561589644,0.3577716218655676,1,0.13710583658033862,0.08475738302722327,0.348645586049072,1
859.433259,grid_1056_y516_z556,471.719,518.584,554.993,16.761305110282983,0.735,-0.15115012112770154,0.031675601340874306,0.4255357958490936,1,-0.06019984476895868,0.0026782246128718087,0.40605900818039836,1,0.0322887822730019,-0.03403941262753306,0.37948525641946634,1,0.09927979189580871,-0.011531732793106913,0.3600108724790577,1,0.13706540408384577,0.08475862884410765,0.348578414450644,1
860.113677,grid_1057_y514_z556,471.839,516.484,554.983,14.796474208405265,0.671,-0.15153896583363616,0.03163503810336706,0.4226165295308122,1,-0.061490770696567665,0.0035972246841721725,0.405393660362217,1,0.030791544457694185,-0.03204900512704058,0.37830273726552943,1,0.09885215753525187,-0.011362791650327043,0.3594129444898778,1,0.1369845390908601,0.0847611204778764,0.34844407125378807,1
860.758221,grid_1058_y512_z556,471.67,514.771,554.886,13.237130429213122,0.634,-0.15477210559611737,0.03216087542042743,0.4269608302076727,1,-0.06270577790633734,0.004820662729764776,0.40411965225753355,1,0.02983205545798797,-0.03010517107819452,0.38156073610197005,1,0.09778272548129492,-0.01105955731791099,0.3560780359528246,1,0.13706540408384577,0.08475862884410765,0.348578414450644,1
861.485259,grid_1059_y510_z556,471.669,512.662,555.049,11.268253147671176,0.715,-0.15668601201518087,0.032291503851946915,0.4268398799709425,1,-0.06437739851810466,0.006057240231658542,0.40294301105628366,1,0.028097047012646807,-0.027528655374327117,0.3810994576043608,1,0.09861040893829419,-0.010919514563188978,0.3589720659632038,1,0.13667043364704048,0.08460595477672346,0.3477736041091416,1
862.131414,grid_1060_y508_z556,471.627,510.713,555.292,9.45243063978787,0.635,-0.15753372287722733,0.0322024251497474,0.42371300699682307,1,-0.0666057892543803,0.0070645470297739585,0.40503338898662966,1,0.02716609061270388,-0.025971413230170375,0.386674083350964,1,0.09839945024490965,-0.01088314696922749,0.3587358341141471,1,0.13416691152369747,0.08321111949143735,0.3411918454047315,1
862.817294,grid_1061_y506_z556,471.496,508.713,555.365,7.763465270096886,0.674,-0.16434176370492187,0.03370196738546278,0.4376054715290138,1,-0.0687007355737366,0.00848716599753239,0.40871043387191985,1,0.025404635892817877,-0.023226278818503848,0.3828023424640206,1,0.09850153053664469,-0.010900466559417931,0.35908186907452566,1,0.13284668024838117,0.08259024400415518,0.3380555130781741,1
863.558716,grid_1062_y504_z556,471.692,506.507,555.621,6.041524062684887,0.731,-0.16494638721561766,0.03489148196146304,0.4337337586750456,1,-0.0709771113027654,0.008669632574932395,0.40950592238473427,1,0.023848924617984345,-0.02029396904059085,0.3818761610029292,1,0.09860066785432078,-0.010969492034660092,0.358723208034602,1,0.13732064801059216,0.08516522909495347,0.3484615803360853,1
864.198575,grid_1063_y502_z556,471.423,504.784,555.622,5.077613415769321,0.629,-0.16767467969302222,0.03599547881409723,0.4371744037614896,1,-0.07186039031803024,0.011150552231252824,0.4079949278894276,1,0.02259003279136037,-0.01772891513139747,0.3810731470301983,1,0.0981079535636307,-0.010865332225919648,0.3568199318429278,1,0.14159709879674462,0.08762315067614841,0.359016424880764,1
864.831311,grid_1064_y500_z556,471.539,502.714,555.618,4.646716475103647,0.622,-0.1694306612387348,0.03571183195303294,0.43626073482028627,1,-0.07459409640138857,0.0131480906209813,0.41342811440367305,1,0.02132466359215091,-0.01584302871585381,0.3851787951247875,1,0.09655383342614611,-0.010570770245223324,0.3526367193562935,1,0.1394724270984215,0.08632296295799766,0.35412058004517133,1
865.56775,grid_1065_y500_z558,470.993,502.629,556.604,3.590673613683069,0.726,-0.17186908599716974,0.03555491590392093,0.4421463252615282,1,-0.07456575079120023,0.012821466654492394,0.4114568611692371,1,0.021144247652115034,-0.01617686544585132,0.38945638401929095,1,0.09571569351804857,-0.010417180060196526,0.35044535241003494,1,0.13414572372630157,0.08330746672847822,0.3415264962198508,1
866.198344,grid_1066_y502_z558,471.036,502.671,556.811,3.3891121256163665,0.62,-0.16969976750516555,0.034539831586078526,0.43685380357206577,1,-0.07327851010657681,0.012104983215359582,0.40626798440323064,1,0.02114440200162799,-0.016477872243995835,0.38945637586221116,1,0.09540565196616302,-0.010309820852589805,0.3493731200951494,1,0.1348721542974611,0.08377478859565,0.3433913144230514,1
866.828851,grid_1067_y504_z558,471.589,503.114,557.989,2.4235381160608767,0.62,-0.1685836746459532,0.03331632900279193,0.43377617784998457,1,-0.07343403732020118,0.01134425343316987,0.40864336400178686,1,0.02129690626772699,-0.016775394068868705,0.38187192502439876,1,0.09719434627147774,-0.010754056358671538,0.3546352116588987,1,0.13706073452046091,0.08488191871880477,0.3480948908827629,1
867.457402,grid_1068_y506_z558,472.072,504.292,558.159,2.9521866472159304,0.618,-0.16735584962074396,0.03292226785497707,0.43210304759319457,1,-0.07272188029971036,0.011025872046341496,0.4089187800051107,1,0.022500731163684,-0.017972298660680428,0.38567747980700867,1,0.09860585396629087,-0.01122728726222672,0.3577616055282323,1,0.13728653262320545,0.0846359779667462,0.3480679124352767,1
868.187282,grid_1069_y508_z558,472.01,506.435,557.926,4.586248793949142,0.72,-0.16731719675126994,0.03381386699020744,0.43756821355738806,1,-0.07063877053012413,0.010165971173167596,0.4082913845468365,1,0.023975567681242992,-0.019038003167657903,0.3799117920552836,1,0.10000869546810387,-0.011768838277844135,0.35938455167501554,1,0.1371298649159736,0.08445327293685947,0.346878955020706,1
868.816546,grid_1070_y510_z558,472.171,508.286,557.93,6.229440905891992,0.619,-0.16632963029564002,0.03396755635426271,0.4394805756083365,1,-0.0697234910649118,0.007520088501448648,0.40928325455886244,1,0.024969260668562615,-0.02122824361038613,0.37730748072162784,1,0.0997751026790796,-0.011568657780101656,0.35866394698642273,1,0.1361134525864712,0.08367335596826872,0.34416897241614114,1
869.782103,grid_1071_y512_z558,472.429,510.167,557.806,8.053494955607757,0.955,-0.16274728282364884,0.034198994172326455,0.4350961932677766,1,-0.06888773414544822,0.003852115265736665,0.4125681081478624,1,0.027829337188431714,-0.0256425761116408,0.39241651511359255,1,0.10006884438583234,-0.011401934836275943,0.3613058789667282,1,0.14233520419791237,0.08788049439180645,0.36089364970542964,1
870.526456,grid_1072_y514_z558,472.213,512.226,557.822,9.95611540712543,0.734,-0.15969915761201833,0.03399738728051398,0.4320549274099383,1,-0.06672424447831767,0.0028238369883326394,0.4102766786135483,1,0.0283657368055526,-0.02650733982481083,0.3810296608397967,1,0.10021493788368704,-0.011715669096633309,0.3599150210058591,1,0.1361500093209915,0.08378581072099706,0.3449079350580858,1
871.333098,grid_1073_y516_z558,472.596,514.099,557.426,11.906332348796637,0.794,-0.1555114635301462,0.03370260036405384,0.42439204538336084,1,-0.06459669309356422,0.002069298393546086,0.40454873274681374,1,0.028946678641791956,-0.027663292739702076,0.37544351404880855,1,0.10015484330385767,-0.011782461090924817,0.35931829985242747,1,0.13526641005285994,0.08320085591088142,0.34262426153703673,1
872.369386,grid_1074_y518_z558,472.534,516.099,557.567,13.799937427394433,1.026,-0.1534112339474601,0.03431836034494873,0.42490062845242543,1,-0.06379764439612294,0.0004345170572370714,0.41401159316019187,1,0.030537113976387024,-0.02922945862200487,0.370319959391736,1,0.10016861760059852,-0.011545520820471156,0.3573932316966123,1,0.13554023509453092,0.08335629914857438,0.34322360552559317,1
873.013521,grid_1075_y520_z558,472.792,517.869,557.561,15.561028275792093,0.633,-0.15342851411490047,0.03470656300480762,0.4285443318707268,1,-0.06227122359210946,-0.00034416750366562715,0.41145187616031864,1,0.032084527815041966,-0.03135759060714897,0.37504210718627234,1,0.10036419875207532,-0.011609766449735388,0.35780509390264187,1,0.13718318534455673,0.0842889585747322,0.34681966945693193,1
873.698679,grid_1076_y522_z558,472.519,519.987,557.913,17.554207928585082,0.674,-0.15149796963227063,0.03467317310028826,0.4297808574088462,1,-0.05951367034183179,-0.0016170713990461424,0.4066770067609998,1,0.03373486238043594,-0.03329361281673414,0.37459579221837763,1,0.10040550149323599,-0.0117905133461021,0.356342413348641,1,0.13674571029850005,0.08371241022764948,0.3445875474462078,1
874.450206,grid_1077_y524_z558,472.666,521.87,558.071,19.41014121535443,0.741,-0.14861578969605627,0.034331091910198445,0.4261671897687089,1,-0.05758119871681607,-0.0027086495980154237,0.4055713373351284,1,0.034859106108723996,-0.03496938508600432,0.371340032362527,1,0.1016825002202828,-0.01229839238764382,0.35907658620279526,1,0.13610407411674838,0.08314303538436345,0.34266910469132683,1
875.079428,grid_1078_y526_z558,472.637,523.77,557.94,21.301035326950654,0.619,-0.1482317885167928,0.034884009889053214,0.43052369356344516,1,-0.05668096281727134,-0.003506304727501431,0.409590021745,1,0.03591710788247063,-0.036131500727572124,0.3671510810071741,1,0.10211906389698959,-0.012395223893335357,0.35893936252657077,1,0.13750059246877985,0.08379287662936287,0.34555501707954434,1
875.767507,grid_1079_y528_z558,472.642,525.864,558.082,23.363315582339812,0.677,-0.14598704220788533,0.03495997118726544,0.43009036711882553,1,-0.053994634333682866,-0.004541149964202346,0.4024858237587902,1,0.037965290065875935,-0.03876857377730236,0.3724852440334153,1,0.10248723619814866,-0.01241806091934646,0.35886575761001216,1,0.138012985917829,0.08394156616827841,0.34610071444546986,1
876.508926,grid_1080_y530_z558,472.324,528.015,558.091,25.47538892735497,0.731,-0.1415926078207008,0.0345963756288291,0.4241253972414437,1,-0.053033411105653315,-0.005569015378004943,0.40974229755218666,1,0.039625024938529804,-0.04047790984528418,0.3728148522191427,1,0.10238902939798074,-0.012433015640190215,0.3568636588813888,1,0.13846930518468326,0.08388584480292882,0.3462226988559777,1
877.13689,grid_1081_y532_z558,472.582,529.917,558.164,27.379177233803112,0.617,-0.14049468342376153,0.035112627303919376,0.4257994402615196,1,-0.05149668153139421,-0.006316806900500155,0.4105180203071483,1,0.040457522174208324,-0.04165914346786366,0.367661468641223,1,0.10326979332151473,-0.012812726333559617,0.35801415334927666,1,0.1369593653486603,0.08237915819206665,0.3415784166414754,1
877.776541,grid_1082_y534_z558,472.737,531.817,558.155,29.281191847327555,0.629,-0.13838937092673662,0.03528199774799387,0.4251415622478073,1,-0.04882430345823213,-0.0070762803342421824,0.4035265382676224,1,0.0424243287988915,-0.044007556295508496,0.3727925479851658,1,0.10357317544548092,-0.01286405492039594,0.35740671921158523,1,0.1380716702544432,0.08277248366968877,0.34418312972156784,1
878.410358,grid_1083_y536_z558,472.646,533.879,558.226,31.323180394078797,0.623,-0.13550793727088672,0.03522651902346804,0.4223495160071368,1,-0.047405627992532326,-0.00842670272034159,0.40466904932156866,1,0.04343174379992555,-0.046142070576318674,0.3716959842212354,1,0.10388539520106613,-0.013019272699998145,0.35848771321178285,1,0.1377277811215929,0.08256945426187369,0.34332671790505753,1
879.14039,grid_1084_y538_z558,472.687,536.026,557.742,33.49633362026355,0.72,-0.13352227435305605,0.036069054778859,0.42294814189093677,1,-0.04542036425735517,-0.009079132943200152,0.4030943571553622,1,0.044351319175773785,-0.04774339470456601,0.36838010959012696,1,0.10461830003862549,-0.013065148793541925,0.3605105442627069,1,0.13821216022734256,0.08302331593769657,0.34469204748191434,1
879.773508,grid_1085_y540_z558,472.791,538.042,557.592,35.52048769372408,0.622,-0.13222573922743003,0.03670654190954426,0.42526990489805794,1,-0.0437892457797002,-0.009570101041627744,0.4017028521404529,1,0.045567416418048755,-0.04954104001700506,0.3695680637062352,1,0.10487046981642793,-0.013149996704031617,0.36021654004960507,1,0.13810525714373365,0.08259938946707784,0.34354346519989515,1
880.408956,grid_1086_y542_z558,472.781,540.118,557.387,37.60176417403851,0.624,-0.1315707862427381,0.037774580541244246,0.43080465001321366,1,-0.04230656524070464,-0.01021353740947746,0.4050306133169406,1,0.04700867980772966,-0.05053721466607741,0.367852029494019,1,0.10600628077994315,-0.013137112245582602,0.3613160095893325,1,0.13828023240906215,0.08249798234107251,0.3430361656754554,1
881.038932,grid_1087_y544_z558,472.891,542.131,557.234,39.623556743432296,0.618,-0.12727107121858047,0.037331301383947,0.42190739787152787,1,-0.040310753155173656,-0.010578514463327204,0.40318171056973934,1,0.04842728174251422,-0.0517228926358367,0.3664371828552431,1,0.10689911221337614,-0.013594464643782018,0.36123677413483063,1,0.13897610045887232,0.08243865406248627,0.3429028928050809,1
881.940512,grid_1088_y546_z558,472.755,544.133,557.261,41.60817655221152,0.891,-0.1237866922097294,0.037357237005440566,0.41824335348319464,1,-0.03797473467432488,-0.010979871568245956,0.40119046978781603,1,0.05009829190070396,-0.05268165780251557,0.36608882144240695,1,0.10837032359040215,-0.014029134148090695,0.3623040962841347,1,0.13980151211339104,0.08219462484628405,0.3430975175917838,1
882.788449,grid_1089_y548_z558,472.665,546.025,557.5,43.47373047025064,0.836,-0.12164532205666448,0.03714977421869921,0.4180688366786896,1,-0.0361518959696174,-0.011653745257136326,0.40420824708649616,1,0.051783553737859964,-0.053780396997597804,0.36585993100569614,1,0.10868597048716626,-0.014062259045447473,0.359612737094867,1,0.1424787960856059,0.08321870319160969,0.3483853305043157,1
884.147683,grid_1090_y550_z558,472.665,548.168,557.413,45.615824458185585,1.349,-0.11955383057215749,0.03699275913435187,0.41821342406925266,1,-0.03266355052476255,-0.010598630122125753,0.38970103449013516,1,0.05285814139340963,-0.05866946439908981,0.3709706076796038,1,0.1083253753171824,-0.014083447797489023,0.3632463787048398,1,0.13955530174569272,0.0822011897211438,0.3431086032250259,1
884.877042,grid_1091_y552_z558,472.602,550.064,558.021,47.472545181399305,0.719,-0.1176278479862696,0.03651268565615298,0.41799550511628175,1,-0.03203317422091988,-0.011832653955608782,0.39940721928003897,1,0.05310709904658095,-0.059947489745581575,0.36636399092378646,1,0.108375018551648,-0.014085040101066584,0.36325814674147267,1,0.14015609641060553,0.08238012763838123,0.3442539733747822,1
885.501757,grid_1092_y554_z558,472.652,552.1,557.709,49.52143683295149,0.613,-0.11559730726171702,0.03689715519526601,0.41802431399939666,1,-0.03048248250742725,-0.012286013130232422,0.3997968134466101,1,0.05404612864907147,-0.061244631638609784,0.36533963279132925,1,0.10840386309976788,-0.014091369030557988,0.36213205244792007,1,0.14053209239419864,0.08252100021226158,0.34502339047042796,1
886.13201,grid_1093_y556_z558,472.8,553.876,557.803,51.29546941007558,0.619,-0.11442596140896115,0.037229353673335894,0.419835869369883,1,-0.02869722874181818,-0.013019883629715229,0.3965938113918213,1,0.05610862821646956,-0.06390014490529947,0.3710990407756364,1,0.10818358967414163,-0.014076761334410968,0.3604458145885509,1,0.13998960666295915,0.08204146877943469,0.3431206208571207,1
886.763255,grid_1094_y558_z558,472.796,555.933,557.834,53.34706344307999,0.62,-0.11188052341685414,0.03714614203427025,0.41773644596087395,1,-0.027117529846855927,-0.014002804346898282,0.397168698940778,1,0.05694509830755025,-0.06577018311176124,0.3700218348801255,1,0.10841197924386052,-0.01408134323474477,0.36122206897066134,1,0.14121436275231894,0.08278799320554724,0.3462424362639391,1
887.55701,grid_1095_y560_z558,472.645,557.981,557.947,55.3812144684459,0.783,-0.1090380811051351,0.03701450930355318,0.4154833403578051,1,-0.026630425576887367,-0.016817268474672624,0.4030440884815059,1,0.0560260718460052,-0.07009459848279151,0.3674782472417046,1,0.1054621863971025,-0.013288015326805264,0.3604973268598536,1,0.13864804011643878,0.08255635979713098,0.3437707690447411,1
888.192787,grid_1096_y562_z558,472.951,559.964,557.555,57.389485735629385,0.625,-0.10724893860869031,0.037180346241854303,0.4153018498613298,1,-0.025508896943945085,-0.01816328946673638,0.3991052420752979,1,0.05611550387617512,-0.07345544621811884,0.36942590322925184,1,0.10440127127392167,-0.013089332143134142,0.36125954082065953,1,0.13957158493312102,0.08398565060360863,0.34838058158033747,1
888.880993,grid_1097_y564_z558,472.897,562.01,557.35,59.43914287740025,0.678,-0.1048697075032085,0.037244749972597725,0.4145547898259828,1,-0.023837082284315494,-0.01905199213719241,0.3980144815256831,1,0.05654129900654196,-0.07423336436432218,0.3645754556650903,1,0.10467255370194076,-0.013092408233448417,0.3614526694926642,1,0.13801731892644592,0.08289209046933507,0.34424286607687726,1
889.612373,grid_1098_y566_z558,472.838,564.09,557.314,61.514948256501086,0.721,-0.10310290141918617,0.03757758272731035,0.41588180069275793,1,-0.022028583775665512,-0.01962615567061663,0.39619097886222093,1,0.057937835304648536,-0.0755934724668759,0.3658336457036747,1,0.10586891937074808,-0.013170753843895364,0.3632082307243289,1,0.13822557726333917,0.08254785052577371,0.3434920720957401,1
890.243938,grid_1099_y568_z558,473.282,565.719,557.507,63.14976821018434,0.619,-0.10140757828913112,0.037155142166495445,0.4151679379277131,1,-0.02062833940860967,-0.02030098105196928,0.3958383553294474,1,0.0590792561947571,-0.07613615852312053,0.36447423534904366,1,0.10556551031121228,-0.013183803624775165,0.359682358309502,1,0.13817444661968153,0.08242479568385146,0.3428331075157209,1
890.873351,grid_1100_y570_z558,472.971,567.993,557.617,65.40366842922505,0.619,-0.09768034229159943,0.03643047163439285,0.4086874644481332,1,-0.01867901474665884,-0.0209589501559097,0.39768388721416054,1,0.06132744351508246,-0.0778249854237848,0.3675889478609551,1,0.10712477305974204,-0.013771255994178586,0.36086468184111614,1,0.13990493333656132,0.0826272663006584,0.34480716025492714,1
891.501741,grid_1101_y572_z558,472.993,569.811,557.81,67.21288189774343,0.618,-0.09526630745327805,0.03594428615473472,0.40636127983514997,1,-0.017656665920425346,-0.022669939821057063,0.39521312380702106,1,0.06174112120655374,-0.08035895841367395,0.3692133291931715,1,0.10655095396746936,-0.01361186073374574,0.3612159236098756,1,0.13976315911124926,0.08309009787276782,0.3459023707159832,1
892.241436,grid_1102_y574_z558,473.003,571.965,557.482,69.37661511633446,0.729,-0.09631982463330906,0.028758974614674034,0.4057251030215916,1,-0.018809972466567255,-0.029478330357159088,0.39690346430414375,1,0.0603665246558295,-0.08555934422896347,0.3714314911626695,1,0.10239768953446515,-0.01236933535607267,0.3596032715286759,1,0.13673181465908768,0.08344174052993508,0.3441413136541024,1
892.873031,grid_1103_y576_z558,472.974,573.945,557.797,71.34188801118182,0.621,-0.09483166892225614,0.02857374708195872,0.40693346124393664,1,-0.017772639423749577,-0.031101456084429307,0.39865842766962073,1,0.060645574028373436,-0.08624155610637016,0.36901679848788493,1,0.10364408749702583,-0.012525456835436877,0.365269583584524,1,0.13740408582279184,0.08398750546160177,0.3463551419958378,1
894.310193,grid_1104_y578_z558,473.009,575.891,557.697,73.290258042935,1.426,-0.0938133763069369,0.029295406916229016,0.41246581239617974,1,-0.01578663165685564,-0.032056135141891644,0.39100900014286355,1,0.061044606547146676,-0.08750615145843939,0.369007385410868,1,0.10046472246639535,-0.011851761477509836,0.3560797087616482,1,0.1362264737239935,0.0836164969135834,0.3446668624580195,1
894.956175,grid_1105_y580_z558,473.106,577.852,557.382,75.26332102026856,0.636,-0.09185391416309824,0.02930961114233608,0.4108480499267057,1,-0.015425969850432483,-0.03312852762864911,0.39709426986710883,1,0.06113292865858362,-0.08741936420350502,0.36704210452306896,1,0.10094905059433432,-0.011958027297674482,0.35770714344570875,1,0.13659427773656982,0.08386098170641043,0.34548212971850906,1
895.646984,grid_1106_y582_z558,473.128,579.896,557.486,77.30189438170319,0.68,-0.08819805972771166,0.028918551508004563,0.40227942821600243,1,-0.01403986262972139,-0.033963008396658924,0.3948469923247869,1,0.06195866031731989,-0.08833495219247257,0.368078997813058,1,0.10186546333900832,-0.01214271227581937,0.36043370958078375,1,0.13663275546350767,0.08371874898365199,0.3452919015643617,1
896.395186,grid_1107_y584_z558,473.217,582.004,557.309,79.4166199796995,0.737,-0.08709624618732571,0.02945499730731409,0.4060795615226221,1,-0.012653424278712253,-0.035229423256769844,0.3979323570071104,1,0.0632549068921919,-0.0896482405765042,0.3709732681583731,1,0.10321465800463303,-0.012437858527691725,0.36438806627796694,1,0.1377028533811832,0.0843284983277932,0.34759596513318947,1
897.028105,grid_1108_y586_z558,473.112,584.103,557.135,81.51626640738641,0.621,-0.08637495298939686,0.030136397485558453,0.4127558574632954,1,-0.01129589168806834,-0.03544721752996191,0.39128544824568195,1,0.06352018435316367,-0.08975420707314503,0.3687934184516136,1,0.10341888600480528,-0.012501446120414627,0.3644706348865552,1,0.13698920966228814,0.08377575128776645,0.3454869967477234,1
898.224789,grid_1109_y588_z558,473.325,585.935,556.982,83.35850524691523,1.184,-0.08279088276110622,0.030161735324529582,0.407564784245899,1,-0.010251034754180195,-0.037810478414070224,0.4059101584537571,1,0.06500076033665765,-0.0912074910437883,0.3723382319329152,1,0.101619538109049,-0.012268914921215335,0.3569447709619293,1,0.13661015298905752,0.08338350871985065,0.3438927617991255,1
899.643009,grid_1110_y590_z558,473.095,588.068,557.154,85.47572997055948,1.408,-0.07890262326554445,0.02917781039826824,0.3975977404257497,1,-0.00844568281386792,-0.03769802781213165,0.3911728108002924,1,0.06557072922148924,-0.09162967651331069,0.37076504252566483,1,0.10491602486216292,-0.012587992628433926,0.36669216312975117,1,0.13685347632911782,0.08349997234001952,0.3443898655090793,1
901.174998,grid_1111_y592_z558,473.088,590.113,557.192,87.51715636376683,1.521,-0.08005649263018559,0.03091193659782917,0.4146994242528126,1,-0.006797393678316052,-0.03767162517545843,0.3852830983422554,1,0.06664265018169652,-0.09217059217570092,0.37201059472876524,1,0.10309260483738458,-0.012548394089589365,0.36024329947915223,1,0.13784939303035287,0.0839653138380096,0.34637380164941733,1
902.093518,grid_1112_y594_z558,473.053,592.055,557.492,89.44684927374465,0.908,-0.07562934573095384,0.029493429324908327,0.40029950207964654,1,-0.005608464579357658,-0.03925217341405883,0.39398550241889735,1,0.06709624366969684,-0.09231041959161858,0.3695599256913137,1,0.10371646466076338,-0.013023211371834514,0.3600047467876048,1,0.139312662868408,0.08428603508838908,0.34915660278663224,1
902.725968,grid_1113_y596_z558,473.359,593.853,557.273,91.25872190645667,0.62,-0.07583279636430604,0.030241541790433518,0.4072984711489207,1,-0.004791355873908916,-0.039692140374646724,0.3924934854420187,1,0.06683770364913037,-0.09169584970858606,0.3659653449526745,1,0.1038185958206997,-0.013049424563068904,0.3600119477533936,1,0.14099976106715478,0.08533830822823388,0.35272021263607456,1
903.355333,grid_1114_y598_z558,473.175,596.018,557.417,93.41217439391939,0.618,-0.07385032864505497,0.030304396923056733,0.4084509589678927,1,-0.0034283845517543246,-0.04056136186258982,0.39262294318729557,1,0.06748290335772308,-0.09162593025126042,0.3641753063928669,1,0.10502898686786159,-0.01313699581550209,0.3619178692667573,1,0.13880444366363398,0.08342289056375374,0.34633688137631335,1
904.043443,grid_1115_y600_z558,473.218,597.952,557.613,95.34032969315767,0.677,-0.07123264394151108,0.029995770302744546,0.40512213150914195,1,-0.0019688180915746075,-0.041325571429783645,0.39197119903030153,1,0.06862162991872846,-0.09242352716809774,0.36638729715571516,1,0.10481636768798916,-0.013052216094476729,0.36010358981875845,1,0.1377366111849384,0.08257615697902672,0.34334696724374253,1
904.779239,grid_1116_y602_z558,473.176,600.031,557.388,97.42292977528439,0.724,-0.06826799112922802,0.03022617666536807,0.4025030997709676,1,-0.0006610601541826456,-0.04176938794690728,0.38929278227958164,1,0.06965120478159811,-0.09330957805921539,0.36865413239399497,1,0.10537367591642924,-0.013115059448836642,0.36130054682727797,1,0.1380454269021893,0.08279929392187968,0.34411066019209713,1
905.407663,grid_1117_y604_z558,473.233,602.086,557.333,99.47944925963355,0.617,-0.06768800960814148,0.03115080559239993,0.4106307544769566,1,0.0003989465462233251,-0.043050029491612116,0.39361303956724913,1,0.07066163560206044,-0.09436457859650467,0.37238291196510565,1,0.1055701378359748,-0.013155276675190336,0.3617289272119204,1,0.137871255812312,0.08251954015051487,0.34328923576778203,1
906.824333,grid_1118_y606_z558,473.18,604.066,557.464,101.453068534175,1.407,-0.06366841928510927,0.030138638132836498,0.4000493953455477,1,0.001488871376355457,-0.04507424986412512,0.39734705319056524,1,0.06983147399181315,-0.09378414489635387,0.3697363446536439,1,0.10526417782960167,-0.013120174264980586,0.3622461357697489,1,0.1372204652336288,0.08225450253420064,0.3420011395454763,1
907.455893,grid_1119_y608_z558,473.258,606.211,556.918,103.61433621849828,0.62,-0.062046437679921664,0.030638611788640115,0.398938266299513,1,0.0018784470288213833,-0.04473553738214962,0.38950216761504175,1,0.06967158095256187,-0.09420302715142563,0.37185090066141024,1,0.10433701294751305,-0.013076442953138163,0.3609371821954738,1,0.14036456332781472,0.08465315653752256,0.35076965492834666,1
908.083954,grid_1120_y610_z558,473.115,608.098,557.242,105.48686548570868,0.618,-0.06050763370167432,0.031097879099767144,0.40288748628667187,1,0.002853843671521649,-0.04502205294058124,0.384486072284845,1,0.07015621777660178,-0.09482412571436713,0.37367436184730735,1,0.10449598182716016,-0.013078130220447876,0.3610177526249037,1,0.13957725953822497,0.0839484044440351,0.3483689041640782,1
908.715817,grid_1121_y612_z558,473.092,610.072,557.099,107.4630558191977,0.62,-0.05863468187197714,0.03127497225510349,0.4032797953834303,1,0.004266050687332553,-0.04576173174396991,0.38647716152281686,1,0.07005142889078177,-0.09393731101426887,0.369503590064569,1,0.10472289589010872,-0.013057982293998566,0.3603187262078308,1,0.1387450188169738,0.08327323477319468,0.3459408287215595,1
909.455342,grid_1122_y614_z558,473.03,612.171,557.249,109.55519433144198,0.728,-0.056328808764228744,0.03136252433506379,0.40314375445933714,1,0.0061438377295586905,-0.04739368306402679,0.39402876806469816,1,0.0720557589401134,-0.09614880190192694,0.3752043438964384,1,0.10690748425136272,-0.01329355805668273,0.36545432538882966,1,0.13745576780991695,0.08223739505325456,0.3419577040762866,1
910.081541,grid_1123_y616_z558,473.034,614.121,557.49,111.49807181292418,0.617,-0.05427328584670045,0.031144860264589215,0.40097571046240477,1,0.007335075529371285,-0.04751651918232989,0.38936080379549465,1,0.07316006616719632,-0.09644451446424351,0.37483029033882787,1,0.10592541860711384,-0.01348948275745605,0.3605232446932374,1,0.13871599358614464,0.08266951537791759,0.3441730227050723,1
910.709714,grid_1124_y618_z558,473.09,616.052,557.446,113.43032929071487,0.618,-0.05170852005948127,0.031016678294952582,0.39706080941847033,1,0.008909295508950966,-0.04817304741334085,0.3895278648854979,1,0.07405892552769856,-0.09659079920927431,0.3740275819016517,1,0.10796330456801857,-0.013948106407530905,0.364191000673791,1,0.13899415239994894,0.08253306246050908,0.34332707748786495,1
911.446579,grid_1125_y620_z558,473.125,618.024,557.442,115.40215825538101,0.726,-0.049641800718533226,0.031071722665171636,0.39684444925091233,1,0.01038072523502207,-0.04767706349667006,0.3829509086318744,1,0.074327558983025,-0.09599503015479988,0.3703687859566556,1,0.10790849627510038,-0.013971327439463605,0.3614709802910122,1,0.13822078469574683,0.08158512098433382,0.34028942684463725,1
912.072005,grid_1126_y622_z558,473.192,620.126,557.359,117.50649662890983,0.615,-0.04721716472841977,0.031037080545829286,0.3940298908635116,1,0.011851783876552831,-0.04747026667052044,0.3798050583524153,1,0.07463641783618277,-0.0952854027417673,0.36609827974238035,1,0.10753021328072862,-0.014060911750683788,0.3581685687156351,1,0.14015790437807912,0.0824372205494105,0.3443120613474699,1
912.703775,grid_1127_y624_z558,473.273,622.074,557.141,119.46059253578142,0.62,-0.04510075198790386,0.031406989544878056,0.3951674349821793,1,0.013582873964020229,-0.048847890099691677,0.3869997600729331,1,0.07664663246525569,-0.09675408864626535,0.36997472364978135,1,0.10811581984679877,-0.01409932770995349,0.3574787369193473,1,0.14335028786139178,0.08392861671345123,0.3510453991039103,1
913.392425,grid_1128_y626_z558,473.226,624.124,557.05,121.51075097702265,0.678,-0.043178408956190566,0.0316722934287473,0.39401930988647416,1,0.015078463290605965,-0.048810627878526955,0.3839160068487672,1,0.07844945956468381,-0.0978748171420364,0.3736254318977326,1,0.11133869047664358,-0.014622480179910944,0.36581963334688655,1,0.1441449087506319,0.08415115865572556,0.3525395334372317,1
914.142405,grid_1129_y628_z558,473.278,626.195,556.718,123.59056050524254,0.739,-0.04098669053120306,0.0325303065337813,0.39893269678412047,1,0.016719186630953543,-0.049274347315371544,0.3885068752754617,1,0.07955948636102415,-0.09845561653721288,0.3739941783713591,1,0.11034897016600423,-0.014603143441762279,0.36160350069150937,1,0.14307153648053586,0.08338918398499301,0.3497279457544781,1
914.772979,grid_1130_y630_z558,473.371,628.081,557.2,125.46503667954674,0.62,-0.038915285054058626,0.03200198059846446,0.3947133215125432,1,0.018122109860432695,-0.04961589542102961,0.38664744619277364,1,0.07973263154596237,-0.09786043149147697,0.37014971911948846,1,0.11024999288413258,-0.014642847074060605,0.3583734263701118,1,0.1416616338302829,0.08227099513603256,0.3455683292132234,1
915.408587,grid_1131_y632_z558,473.344,630.17,557.22,127.55193130250908,0.623,-0.03676663463018666,0.03193252774872102,0.3944277572659058,1,0.019994771622312967,-0.05074114519032791,0.3884553923589699,1,0.08050494266856081,-0.09783881867878694,0.3681898265603979,1,0.1129559532147492,-0.015368034340052206,0.3647312448042556,1,0.14077045808032632,0.08145300027245517,0.34237138915605564,1
916.149088,grid_1132_y634_z558,473.247,632.21,557.325,129.58660031423008,0.73,-0.034739969616436404,0.03226110998851543,0.39721677737513755,1,0.021207274057139715,-0.049974276586364365,0.37953838690013364,1,0.08188675922390291,-0.09810013202839363,0.3681051768681667,1,0.11499783939673569,-0.01573632261836701,0.3687477719767906,1,0.14292879765783434,0.08244763923439324,0.34636969009578056,1
917.280658,grid_1133_y636_z558,473.392,634.058,557.306,131.43715901905367,1.121,-0.03201912739357209,0.03197369399856099,0.3931400099343599,1,0.02352584696215965,-0.051083498871578724,0.38387343885265357,1,0.0826588392326863,-0.09842268298421315,0.3677603428787859,1,0.11463215163431997,-0.01561939419930666,0.3656765749945688,1,0.14062344204131882,0.08085583188499972,0.3404327715904617,1
917.919373,grid_1134_y638_z558,473.128,636.129,557.308,133.5020038576201,0.627,-0.03040034701325795,0.03204851497457602,0.39230371065157715,1,0.02418582686883376,-0.05112763802001674,0.3815021894532329,1,0.08428762377750312,-0.09958471025474369,0.3707339435776168,1,0.11361742674129707,-0.015584629239876833,0.36094278827820786,1,0.14273385298550106,0.08222180061748255,0.345387165920914,1
918.544315,grid_1135_y640_z558,473.311,638.09,556.955,135.47364121850424,0.614,-0.028625352741029585,0.032832794077499824,0.3951500572009322,1,0.025286721709510584,-0.05068245804602177,0.37693393478670034,1,0.08546755882990058,-0.0999402254094062,0.37115687156910865,1,0.1145802232021786,-0.01567549519079236,0.361711612439671,1,0.1413526152691541,0.08096381440110809,0.3407492160192871,1
919.2742,grid_1136_y642_z558,473.459,640.002,556.808,137.39122361344624,0.719,-0.025949639032107924,0.033026017860340096,0.39115894181014754,1,0.02683232488202584,-0.05081401935606289,0.3779188541110995,1,0.08619968791042965,-0.09994283940674728,0.37006854264797784,1,0.11469144832371454,-0.015601908974372723,0.35980495674665275,1,0.14015250186077308,0.08010751246732709,0.3376810137215623,1
919.906084,grid_1137_y644_z558,473.159,642.135,557.476,139.50288112078547,0.62,-0.02385722199622418,0.03230889136529304,0.3884542561306249,1,0.02877736545668033,-0.051728735282672376,0.3799278355331182,1,0.08786855766188904,-0.1005669652671336,0.3708144878870918,1,0.11502763507970049,-0.015944882445349563,0.3586606876546846,1,0.14271438247211954,0.08133010898316609,0.3433762837006567,1
920.53835,grid_1138_y646_z558,473.356,644.283,557.002,141.66360949093456,0.622,-0.021567406614159484,0.032863688738694705,0.39062288685782176,1,0.03060295543248893,-0.05191521569078711,0.38009538406488064,1,0.08935567676426226,-0.10116339156103275,0.37133522693734833,1,0.11601530365070664,-0.016308716729167512,0.35953132225354345,1,0.14411267380302925,0.08190102743344982,0.3460283775424651,1
921.950442,grid_1139_y648_z558,473.465,646.114,557.165,143.49241307121437,1.401,-0.01886096933604483,0.03290806890213553,0.3882642451967216,1,0.03288821427346608,-0.052788764423596354,0.3810776744940363,1,0.09113588463025504,-0.1019277918704558,0.37229824849865617,1,0.11722560815661472,-0.01639195222652283,0.35949400086782735,1,0.1451195070481625,0.08209685964120839,0.34691547803413364,1
922.600188,grid_1140_y650_z558,473.442,648.076,557.396,145.4485668097146,0.639,-0.01716227098889233,0.032903425072087704,0.39006415544293366,1,0.0339520869647796,-0.052519649204847384,0.37850733646825896,1,0.09171351406486147,-0.10135734484274979,0.36985700553320283,1,0.1183098363770686,-0.016512179186777727,0.3612074027268486,1,0.14517702594093673,0.08214248623087075,0.347145588731525,1
923.226691,grid_1141_y650_z560,473.562,648.429,558.098,145.7920916442315,0.616,-0.016267030221895764,0.03204417992024813,0.3873083888751193,1,0.034766801864907826,-0.05332185241967319,0.37860985436547523,1,0.09238589228805508,-0.10152750581296324,0.3693020092341978,1,0.11863980000888304,-0.016792107200328168,0.3604187419946969,1,0.14533956449389768,0.0820954152298328,0.34692290161035816,1
923.969383,grid_1142_y648_z560,473.562,648.429,558.098,145.7920916442315,0.732,-0.01626360694694897,0.03173822840183748,0.3858778974954754,1,0.03489858296163777,-0.053314171830701515,0.3766491385433271,1,0.09227021352437062,-0.10129996550397405,0.3685767284595403,1,0.11859486665219046,-0.016878870247546147,0.35971579600439696,1,0.14525995330945846,0.08211660567453127,0.3470257422783973,1
924.601933,grid_1143_y646_z560,473.19,647.37,557.829,144.73049860343883,0.622,-0.01706976389826378,0.03199325554520362,0.38886742882724856,1,0.03458941286690681,-0.05372554616619437,0.38145672168250655,1,0.0910948606971964,-0.10068567702737737,0.3673434636525636,1,0.11891990154078773,-0.01675215272678903,0.3621922238119139,1,0.14513690768588078,0.08215196303604563,0.34719778294905174,1
925.232117,grid_1144_y644_z560,472.61,645.745,557.778,143.09765986206767,0.619,-0.018535859020167078,0.032104661940691684,0.3889814728899291,1,0.033122700742003595,-0.05335299803112714,0.3823236410136692,1,0.08955329028576339,-0.10015990712013986,0.365517742959607,1,0.11649600620177987,-0.016256968303066992,0.3573745398716328,1,0.14501609246318314,0.08211932155533108,0.34704350528233674,1
925.862044,grid_1145_y642_z560,472.209,643.903,558.274,141.24352486751388,0.618,-0.020137239739764175,0.03204981348598729,0.39241613896323735,1,0.03155119712688746,-0.05296392776416038,0.37982263710262754,1,0.08880338428927825,-0.09997371710807113,0.3660047628044666,1,0.11582033989100556,-0.016154402026102098,0.35681273754749737,1,0.14478549121916776,0.08207519147222463,0.34683937012852173,1
926.593235,grid_1146_y640_z560,471.761,642.329,558.203,139.66644185343878,0.72,-0.022392925274235205,0.03188773022174375,0.3939347996216874,1,0.03015491776896147,-0.05271723984655037,0.3804985482671809,1,0.08746728160156476,-0.09924341291572306,0.365552606934893,1,0.11507122918436175,-0.016135974405529264,0.3571176458258965,1,0.1456144775499401,0.08281859876197901,0.3496965891175838,1
929.691239,grid_1147_y638_z560,471.494,640.311,558.36,137.64463664814556,3.088,-0.023997810885560102,0.030803569305837015,0.3866541738999154,1,0.02865378055243125,-0.05256861879007625,0.38070884325214577,1,0.086442234694895,-0.0991839359995084,0.3654858736773604,1,0.11580279398189286,-0.016095596176515077,0.3624232694603641,1,0.14092055964045358,0.08036939564682768,0.3386319047947111,1
930.322292,grid_1148_y636_z560,471.461,638.352,558.207,135.68777963029683,0.62,-0.025763131414651357,0.031526573726808865,0.39364308039437634,1,0.02721432588399334,-0.05246756346621786,0.381832225940317,1,0.08583536682941043,-0.0994001594929324,0.3678881579527279,1,0.11480977721389074,-0.015769592153415158,0.36040722429763017,1,0.14065557696355124,0.08031864280337694,0.33864406561080396,1
930.951065,grid_1149_y634_z560,471.381,636.399,558.136,133.7356227973684,0.617,-0.027759864983930887,0.03147704223424354,0.39364054559695083,1,0.02590792113272723,-0.05246990055153574,0.38446592344808794,1,0.08418773823959065,-0.09857630411355263,0.3663700231307869,1,0.11365149356085849,-0.01560134191286359,0.3592803075335011,1,0.14188572724904822,0.08153820250678571,0.3427949170370785,1
931.586943,grid_1150_y632_z560,471.48,634.446,558.142,131.78338427510508,0.625,-0.029572060011489116,0.031093726136577238,0.3896963388361101,1,0.024010944239121913,-0.051531287974909024,0.3818281492416598,1,0.08342118943835275,-0.09857508195870715,0.3682012476165104,1,0.11470524916192273,-0.015680088185867042,0.3655970007401104,1,0.14139402888593552,0.08135755752792648,0.34224694026827224,1
932.320923,grid_1151_y630_z560,471.408,632.615,557.854,129.95702741291063,0.724,-0.03217631190179095,0.03157273293534012,0.39324384174916877,1,0.022355055644569816,-0.05185147620265509,0.38741875188045516,1,0.08222952914322515,-0.09854674175887086,0.37086553282898843,1,0.1143130117816156,-0.01567426532870738,0.3672023261901831,1,0.1445300284750053,0.08356471978882482,0.3504928829445923,1
932.949143,grid_1152_y628_z560,471.599,630.493,558.006,127.83402656961103,0.618,-0.03441560706762966,0.03202946496635549,0.39901916863572223,1,0.021229267856186194,-0.051536305536156145,0.3859830434039685,1,0.08138083753826829,-0.098582992116726,0.3716025203655816,1,0.11095228055907672,-0.015010418431904251,0.3582105936873095,1,0.14162732703448855,0.08199029544398748,0.34446355617729135,1
933.679168,grid_1153_y626_z560,471.469,628.615,558.174,125.95264963072435,0.618,-0.036376561504290826,0.03129204322430741,0.395715620633952,1,0.01929623256448739,-0.05104518339926138,0.38496421232763883,1,0.08026243753024156,-0.09801384881451367,0.3705930534802086,1,0.1098635390236585,-0.014809607099813127,0.3561516658055269,1,0.14072870309560673,0.08155546292090059,0.34286130781755025,1
934.423164,grid_1154_y624_z560,471.594,626.649,558.047,123.98995980723602,0.735,-0.039102900110862836,0.03144099256394173,0.3987489319543055,1,0.017469650206387483,-0.050320446788472015,0.38291489343303675,1,0.07884163878268091,-0.09773004564670854,0.3708192011037432,1,0.1106474818186342,-0.01465442375899941,0.36192510980384895,1,0.14275777590332916,0.08315750408984539,0.34885826653335333,1
935.047367,grid_1155_y622_z560,471.549,624.515,558.133,121.85452784365462,0.616,-0.04064868614941876,0.03103712406407948,0.39629604905782967,1,0.01629706847185456,-0.05033635318072355,0.3857091061705225,1,0.07739863630217805,-0.09674693699739456,0.36839683153618497,1,0.10881823963826971,-0.014250450978353799,0.35828601140990995,1,0.14304765426506288,0.08341928509785046,0.3496687500250238,1
935.680742,grid_1156_y620_z560,471.377,622.581,558.208,119.91842501050456,0.623,-0.04258629288647102,0.030905608220230214,0.39558527773649294,1,0.01467158094250671,-0.05046096516643582,0.38896516422990624,1,0.07727780927171587,-0.09755668964110446,0.37385365252525615,1,0.10751276521979906,-0.014006283118473966,0.35551423371890134,1,0.14280682862810187,0.08352614609983908,0.3499918747201896,1
936.317191,grid_1157_y618_z560,471.288,620.576,558.319,117.91141504536365,0.626,-0.04526132692014132,0.03107876999883576,0.4021900695662963,1,0.013209107918059732,-0.05032132647439959,0.3888934137551776,1,0.07462651597556239,-0.09510500926794073,0.36601574405132153,1,0.10764989049016485,-0.013993200309800813,0.3586376851910577,1,0.14202938202115303,0.08328913606439972,0.34870967533415703,1
937.110211,grid_1158_y616_z560,471.383,618.425,558.724,115.75549796445952,0.781,-0.04693873982316846,0.03018726761441527,0.3978677694827027,1,0.011442798372486341,-0.050058091363715806,0.38770440370923553,1,0.07405058708526155,-0.09562486822340482,0.3691331128271084,1,0.10871745057107932,-0.01413183817128324,0.3646517906165593,1,0.13871229206554836,0.08208538592337633,0.3416820559190362,1
937.7469,grid_1159_y614_z560,471.454,616.378,558.706,113.70942185676617,0.624,-0.049825681907515476,0.030208991843778916,0.4025504139293071,1,0.009857499614426323,-0.049477242062908974,0.38602057091003916,1,0.07332378504758788,-0.09536429085004032,0.3705087234696391,1,0.10783679314779593,-0.013915430002906695,0.364134790578173,1,0.138594347957048,0.0824000809739586,0.3426953824389952,1
938.381582,grid_1160_y612_z560,471.565,614.37,558.697,111.70262708190889,0.623,-0.05225054842742235,0.030285131498883545,0.4048897819309195,1,0.008223098475942488,-0.048741838793462854,0.3837268051757354,1,0.07141700976562682,-0.09410113675289036,0.3668797361429215,1,0.10759649700370262,-0.01360155980665781,0.3661488015184608,1,0.13835906780428261,0.08244093522501104,0.3429262460028737,1
939.118654,grid_1161_y610_z560,471.663,612.391,558.526,109.72718161421989,0.725,-0.05439260574370737,0.029961748872176293,0.4026018555395031,1,0.006427812258273184,-0.04905075152501794,0.389918121465617,1,0.07125544229531398,-0.09521938660447052,0.37424117456942374,1,0.1056787194490304,-0.013180475470177222,0.3632294769923889,1,0.13765527750597012,0.08245414810395016,0.34291823764890567,1
939.748289,grid_1162_y608_z560,471.63,610.448,558.506,107.78449169987303,0.618,-0.056226305016262565,0.030100045665180604,0.4041557162264143,1,0.0049246148850060865,-0.048117406022995135,0.38461309618339423,1,0.07049742111423866,-0.09502540817883058,0.3752004863903327,1,0.10443210429381655,-0.013079202876095009,0.36094743142304253,1,0.1400648236546238,0.08449168209744091,0.3500838464119094,1
940.376166,grid_1163_y606_z560,471.669,608.385,558.222,105.72707517471578,0.616,-0.058351643014909506,0.030079577098136117,0.40344721070347844,1,0.0033678320652267557,-0.04748527834081208,0.3862213122513422,1,0.06842367298432259,-0.09349028780433817,0.37089716847059523,1,0.1035521266601819,-0.012702357829652927,0.36087901843435943,1,0.13824425584027483,0.08401264048575574,0.3470259941244633,1
941.113919,grid_1164_y604_z560,471.707,606.403,558.139,103.74749676016287,0.727,-0.06056148411878718,0.030090881168809515,0.40362962738101604,1,0.0018687522951908735,-0.047731982228715164,0.3939820868204366,1,0.06725373801532289,-0.0933155466143198,0.3720473144265261,1,0.10191415145471612,-0.01232481075489014,0.3576044766653739,1,0.13640924694705797,0.08318792210163416,0.34331640805162544,1
941.747865,grid_1165_y602_z560,471.694,604.44,557.913,101.78962906897742,0.622,-0.06232883294049938,0.030044294057637082,0.40230299137723746,1,0.00047765365083136295,-0.04665054947928644,0.39080158466340437,1,0.06703041999374242,-0.09327230879891726,0.3739978217956844,1,0.10243353811269303,-0.012333278320012386,0.36151147529417205,1,0.13719528685170465,0.08390579827917855,0.3461426707530758,1
982.586994,grid_1166_y600_z560,471.706,602.385,558.185,99.72958390066611,40.827,-0.06584322108589771,0.029945399930083966,0.40885102440452725,1,-0.0009213696267540789,-0.046253456823084974,0.3930514577509966,1,0.0671291236016375,-0.09380298134441122,0.3766886324229265,1,0.10046472246639535,-0.011851761477509836,0.3560797087616482,1,0.13740357551411303,0.08412431943402074,0.34708986387949686,1
983.494703,grid_1167_y598_z560,471.644,600.428,558.176,97.77262407749934,0.896,-0.06804967388094778,0.02988446004108671,0.40848891629292633,1,-0.0023008056696227144,-0.0450223165204073,0.3899893903673804,1,0.06520681444234258,-0.09219050081248971,0.3702521250819832,1,0.10263023593295258,-0.011923676700942234,0.3655180778577529,1,0.13566933386962807,0.08337197108254882,0.3437818721303091,1
984.125704,grid_1168_y596_z560,471.546,598.355,558.655,95.69038501855873,0.618,-0.06883138601285453,0.029310273959357265,0.4059345708460059,1,-0.003067391040449099,-0.04448257081955507,0.3874062496147752,1,0.06530908633489305,-0.09207615357498086,0.3712634939765781,1,0.10029088760478382,-0.011595931473586193,0.35778142640322697,1,0.13566933386962807,0.08337197108254882,0.3437818721303091,1
984.77021,grid_1169_y594_z560,471.429,596.535,558.959,93.86521072261009,0.635,-0.07133056331569351,0.02885995224308538,0.40812544579578036,1,-0.00422301128441798,-0.04492818848725445,0.39473764844065434,1,0.06483413716267789,-0.09195472302677851,0.37141619150998906,1,0.09946572788486228,-0.011524936874779694,0.35548641880465043,1,0.1358856178312936,0.08352744113230724,0.34444479798353916,1
985.458266,grid_1170_y592_z560,471.388,594.413,559.174,91.74052453523473,0.679,-0.07284092276530793,0.02808448916907767,0.40596069351280184,1,-0.0053546646932565905,-0.044505706519625245,0.3956973876289484,1,0.06531505136612392,-0.09261067019828645,0.37498426338646,1,0.09924279086408413,-0.01150876626038876,0.35483872165079366,1,0.13582483304548224,0.08353355444227356,0.3443961438145971,1
986.210335,grid_1171_y590_z560,471.586,592.234,558.96,89.56625437629961,0.741,-0.07582354778999723,0.028460449590322668,0.40942893279665116,1,-0.0067426398086723295,-0.0433306887365948,0.3964405541315427,1,0.06444465959334342,-0.0919820081394648,0.3723097830339007,1,0.09962050759883684,-0.011596963284133326,0.3562066730977239,1,0.13654524216891298,0.08405122073539321,0.34653376788579865,1
986.839414,grid_1172_y588_z560,471.483,590.334,558.857,87.66698222820263,0.619,-0.07640825472485005,0.027791785065262864,0.4031840321680679,1,-0.00766073126793686,-0.042402062901656976,0.39591476299546546,1,0.06456098881096926,-0.09165729094854676,0.37230190059931456,1,0.09924279086408413,-0.01150876626038876,0.35483872165079366,1,0.13613142285157506,0.08374203083421475,0.34524740250969777,1
989.760918,grid_1173_y586_z560,471.545,588.332,558.607,85.6701576804899,2.91,-0.08030832393584866,0.028781459680488387,0.4114733200077061,1,-0.008426476579834582,-0.03911067043504104,0.3863816180282976,1,0.06250455241301918,-0.08914004813012547,0.3625675504989231,1,0.1004392814131436,-0.01164344937102506,0.3583774619841438,1,0.13560946155340436,0.08335510590815702,0.3436295742069818,1
990.395811,grid_1174_y584_z560,471.57,586.475,558.338,83.81932592188991,0.624,-0.081566431861785,0.02865438420228652,0.40961476380568485,1,-0.009837061475074998,-0.039386277621883584,0.39431508170927937,1,0.06330312846260162,-0.09057101443561577,0.3700123726765773,1,0.09964486234838763,-0.011557504319613637,0.35605632495346173,1,0.1358060844394891,0.08353180424393518,0.3443566574842378,1
991.029818,grid_1175_y582_z560,471.556,584.468,558.523,81.80884004800457,0.622,-0.08368868499551464,0.02838748253680387,0.41058818595834257,1,-0.01098043608315009,-0.03871055650974585,0.3967164907130841,1,0.06272546689497233,-0.0900942740010786,0.3689744588173219,1,0.10003230298699133,-0.011657232410396548,0.35753834597504575,1,0.13632895820724744,0.08389575068563479,0.34587084203256857,1
991.813841,grid_1176_y580_z560,471.6,582.509,558.352,79.85461721153014,0.774,-0.08527137607767435,0.028539070005549106,0.4089972271369227,1,-0.01194429028826465,-0.03766087442396496,0.3960213789597695,1,0.062032474761683186,-0.08945175977577188,0.368146913583569,1,0.0999341080812301,-0.011572296757495442,0.35846625173472385,1,0.13704679446310677,0.08463914372292518,0.3483662287032149,1
992.43863,grid_1177_y578_z560,471.722,580.513,558.455,77.85855167545829,0.615,-0.08850412138595462,0.02853417619113612,0.41510092481787775,1,-0.013495887850154206,-0.03735655227287358,0.3985302854777387,1,0.06036747492761609,-0.08734467115214326,0.3628313864395258,1,0.10050379468809834,-0.011620598091013101,0.3610143082151091,1,0.13710583658033862,0.08475738302722327,0.348645586049072,1
993.075115,grid_1178_y576_z560,471.576,578.604,558.603,75.94506982023263,0.625,-0.08876617741275608,0.027846774086473614,0.4070533390847835,1,-0.015277364368155067,-0.036893376621456545,0.4015349730735308,1,0.060304658531588465,-0.08767060992112054,0.36612448621052057,1,0.09955976029878633,-0.011461048958047337,0.3584260093091938,1,0.13704613093427592,0.08469424142851359,0.34849279266158584,1
993.702918,grid_1179_y574_z560,471.653,576.508,558.754,73.84764723401828,0.617,-0.09110702650314362,0.027526773752128066,0.40879904053095073,1,-0.0163213327681829,-0.035911509390414376,0.3999528511789861,1,0.05967346871227881,-0.08713396007211333,0.3658509620457003,1,0.0990701085790408,-0.011371920066241112,0.3577997380068717,1,0.13558327622846175,0.08380542700825103,0.3452619743931333,1
997.214278,grid_1180_y572_z560,471.547,574.493,558.749,71.83191048552175,3.501,-0.0929473433911087,0.027174686013055366,0.4067200275674912,1,-0.017673753733142804,-0.03465936601844362,0.397345413484962,1,0.05937406185201498,-0.08781118771141691,0.37054061984352876,1,0.09873237283222461,-0.011451714665111913,0.3578681048609127,1,0.1354181809703609,0.08395434300817531,0.34534699192772317,1
997.913853,grid_1181_y570_z560,471.514,572.395,559.089,69.72795471688525,0.689,-0.09525981754284149,0.026806602668885505,0.4086501366523742,1,-0.019318386549121512,-0.03442193331924434,0.4029069541726661,1,0.05887443777246176,-0.08732955968271472,0.37140543789432195,1,0.10027545311588257,-0.011603242700419233,0.3635424056719644,1,0.13425318094197808,0.08322526523037951,0.34245200389923763,1
998.555326,grid_1182_y568_z560,471.428,570.466,559.146,67.79740817317432,0.631,-0.09810046003394726,0.02688028127728031,0.41407269530833296,1,-0.020365148441580275,-0.033305283118914245,0.39991542569552296,1,0.058345909303585776,-0.08679034304604333,0.37156822035669473,1,0.09937061662443018,-0.011542640227783497,0.3613434677760127,1,0.13425088802088458,0.08324756072458919,0.34255258070710387,1
999.288081,grid_1183_y566_z560,471.561,568.28,559.223,65.61238691741063,0.722,-0.10101502451450539,0.02677403961705658,0.4175329483713696,1,-0.021408859337365933,-0.03184175740744532,0.39575409901422914,1,0.057548710245388414,-0.08578060726423065,0.370992049637154,1,0.09967476578022029,-0.011595428374237954,0.36182705487742994,1,0.13425088802088458,0.08324756072458919,0.34255258070710387,1
999.917831,grid_1184_y564_z560,471.522,566.418,559.184,63.75082257508528,0.619,-0.10255144585302264,0.026821879696847573,0.41581552764733043,1,-0.022238712039281735,-0.030411404733432772,0.3940175844335574,1,0.056418149183077214,-0.08382496877355174,0.3678302645996541,1,0.09924401401165472,-0.011510629642755208,0.36018362747991056,1,0.13425318094197808,0.08322526523037951,0.34245200389923763,1
1000.547561,grid_1185_y562_z560,471.643,564.447,559.038,61.78462657490132,0.618,-0.10427279194242445,0.026692498994404967,0.41493036450710613,1,-0.02379008630147659,-0.02935233664657676,0.39699693081087495,1,0.05601583282340249,-0.08300673341123418,0.36870121441138837,1,0.09899887228115763,-0.011384101195744064,0.3575389770236289,1,0.13543735232568122,0.08380617003592512,0.34498935150799664,1
1001.181867,grid_1186_y560_z560,471.763,562.474,559.124,59.81279580491124,0.623,-0.10553041033188207,0.026520153752113633,0.4125977586701395,1,-0.025494510186318386,-0.02856859711567259,0.40157798938945266,1,0.05577991402163528,-0.08217625698579542,0.37131901942141027,1,0.0992438731168298,-0.011444213568322694,0.357625618909318,1,0.1369864252882132,0.08463109982980391,0.3483399992740998,1
1001.920229,grid_1187_y558_z560,471.993,560.325,559.231,57.66761271285649,0.727,-0.10929320148945357,0.026377496564810664,0.41880985384575026,1,-0.02678700181951863,-0.02737591150631132,0.4006123335409063,1,0.05515011741229302,-0.08096316902968556,0.3723164285394609,1,0.09959015471787905,-0.011389165126126158,0.35878823522186243,1,0.13710583658033862,0.08475738302722327,0.348645586049072,1
1002.551817,grid_1188_y556_z560,471.948,558.451,559.17,55.79440113488095,0.62,-0.11126406616784128,0.026465374841063417,0.4185884067049598,1,-0.027828618855542348,-0.02588536347176078,0.39751731696550685,1,0.05375787254548451,-0.07854846242951127,0.36859274272227927,1,0.09939853744879559,-0.011397623852081934,0.3580580820384007,1,0.13710583658033862,0.08475738302722327,0.348645586049072,1
1003.179807,grid_1189_y554_z560,471.862,556.581,558.956,53.927652294532564,0.616,-0.11304392088436759,0.026534811145213565,0.41886321958727046,1,-0.029244806168349048,-0.02455049298766213,0.3977711693754462,1,0.053156585206589016,-0.07709323580809714,0.36960184137906343,1,0.1000409753224701,-0.011483795386852007,0.35992363551339707,1,0.13710583658033862,0.08475738302722327,0.348645586049072,1
1003.869752,grid_1190_y552_z560,472.089,554.361,559.098,51.71153976628428,0.675,-0.11387197204885605,0.026276260685709422,0.4147295177805552,1,-0.030658543747692973,-0.023370325708932584,0.398477739145047,1,0.05300236747610593,-0.07650230814374588,0.37490968854559104,1,0.09899350814382554,-0.011440996499854606,0.3569447330518959,1,0.13683216363301182,0.08460097150918595,0.34804229050285346,1
1007.668711,grid_1191_y550_z560,471.911,552.411,559.018,49.75971343366033,3.789,-0.11499836531303127,0.02573127738993574,0.41150084488571875,1,-0.033150545030826505,-0.022660854118638947,0.4047151411043127,1,0.04988799256561828,-0.07170241585457558,0.3630303609021535,1,0.09939433512440417,-0.011579256979960114,0.361244030868345,1,0.13601264987107164,0.08437699722660233,0.34700326352624183,1
1008.298933,grid_1192_y548_z560,471.8,550.476,559.061,47.82207400353943,0.62,-0.1180704456532343,0.02601660123877101,0.4159070993062829,1,-0.03422894785570545,-0.02188921997840116,0.40232473078718023,1,0.049614668010288604,-0.07200460067863809,0.36828694118039884,1,0.09916261617399569,-0.011149350960027771,0.36107062437516185,1,0.13657739509429317,0.08499045262596208,0.34923703369599035,1
1008.949673,grid_1193_y546_z560,471.67,548.428,559.213,45.768724539799024,0.64,-0.12210315141408831,0.02619760159346657,0.42365581618711684,1,-0.03557443837057717,-0.0211505496338588,0.40073572543397873,1,0.04906478924474317,-0.07161999866109489,0.3726761893199856,1,0.09840440080294274,-0.010813256465344211,0.36053031873738023,1,0.13527522870155298,0.08449244844575762,0.3469012661287306,1
1009.593953,grid_1194_y544_z560,471.613,546.418,559.406,43.75459283321012,0.634,-0.12399252161039982,0.025864446463514,0.4236486567715521,1,-0.03738877241193046,-0.02051668180033247,0.4016010326369998,1,0.04720976795883368,-0.06980613759384316,0.3698385455978396,1,0.09757525379135708,-0.010768726308897013,0.3599321950115816,1,0.1332715914134355,0.0832066413159187,0.34127437030765617,1
1010.32883,grid_1195_y542_z560,471.638,544.38,559.369,41.71874247865102,0.726,-0.12613400298307859,0.02563488360452943,0.42429344501511,1,-0.038973576082784026,-0.01958139630633079,0.40118296511586193,1,0.04616013860062927,-0.06817046603710995,0.37092106239608125,1,0.097297706274768,-0.010492626697694896,0.3611094428305038,1,0.13283496302103845,0.08287819431164986,0.3400686195198424,1
1010.963752,grid_1196_y540_z560,471.741,542.33,559.424,39.67140292452493,0.625,-0.12736429229336593,0.02540738105605036,0.42188357497194123,1,-0.0400265800916908,-0.018360363418003674,0.3979448528613688,1,0.045118298290936144,-0.06639994147170018,0.3703165202072607,1,0.09751256114080724,-0.010392057403428537,0.3622939389809636,1,0.13249263087361285,0.08265883456486312,0.33914948868201344,1
1011.664604,grid_1197_y538_z560,471.805,540.223,559.53,37.56561285271409,0.69,-0.13018412967929918,0.025641701183402428,0.42444779266568566,1,-0.042064758235990304,-0.01696136662131535,0.4039209952871904,1,0.04493285996698938,-0.06416559444963887,0.3747900563294507,1,0.09775208672523594,-0.010798591732473444,0.3609613495416831,1,0.13217289437981067,0.08264076214992697,0.33869465218843164,1
1012.419217,grid_1198_y536_z560,471.737,538.369,559.369,35.71396679171894,0.744,-0.1296184171534084,0.025331060044287708,0.41712747600363353,1,-0.04322072590680523,-0.015312649238134284,0.4026782433970819,1,0.0442404032128324,-0.061831137922742044,0.37585635919295396,1,0.09862823056783758,-0.010878038416187384,0.36247039897084965,1,0.13372669559698397,0.08373011841907005,0.3431358390513107,1
1013.118007,grid_1199_y534_z560,471.904,536.232,559.357,33.58477586645472,0.688,-0.13204286814191762,0.02562505300730472,0.4195338207011313,1,-0.04484076100039464,-0.013985415026445455,0.40543497937775497,1,0.04340146767666749,-0.05933994584609472,0.3761128813248463,1,0.09917760110653023,-0.010967311924372152,0.3626945601702481,1,0.13494530614046638,0.08440503719567748,0.3463449727221869,1
1013.751266,grid_1200_y532_z560,471.748,534.555,559.25,31.90668666596389,0.622,-0.13368922772632255,0.025463990468994425,0.4187131526426433,1,-0.04674257848907256,-0.012758555699010184,0.4064450146318842,1,0.04215331689555918,-0.05689302768571906,0.37388321355413867,1,0.09910369130372523,-0.010953704844688045,0.36170031163670224,1,0.13527081805332902,0.08458713495070988,0.347176173339389,1
1014.378189,grid_1201_y530_z560,471.729,532.624,559.055,29.983760221159763,0.617,-0.13730911831284529,0.0260431444104757,0.42416120909621774,1,-0.04790368939910332,-0.011133863216472294,0.4055510352439944,1,0.04080597382312514,-0.05426136907645964,0.3716578017240174,1,0.09917280571615934,-0.010981488923328377,0.36167548600194455,1,0.13527081805332902,0.08458713495070988,0.34717617333938894,1
1015.108539,grid_1202_y528_z560,471.843,530.614,558.923,27.986957837535734,0.719,-0.13870119337004566,0.02607432300616802,0.422441033846792,1,-0.04971114092913292,-0.009627162478141197,0.4047034440038467,1,0.03924133900928864,-0.051375890061998795,0.36969887816816577,1,0.09899656863972918,-0.010924590434312733,0.36265330211733315,1,0.13488573847402346,0.08438437279196831,0.3462529627938971,1
1015.739736,grid_1203_y526_z560,471.682,528.819,558.836,26.193071717536274,0.62,-0.1391939814607342,0.02610985711522835,0.41903859522379916,1,-0.051327374711616615,-0.008724602618331492,0.4064583654229795,1,0.03857584295869137,-0.050042334356534234,0.3740349593008283,1,0.09881799146638362,-0.010894107453640963,0.3629807827560202,1,0.13527081805332902,0.08458713495070988,0.34717617333938894,1
1016.372563,grid_1204_y524_z560,471.509,526.945,559.095,24.303617919972393,0.622,-0.14264840732540446,0.02619993271588137,0.4243413483838537,1,-0.052789010424679116,-0.007606660291364915,0.4052437744486266,1,0.03747491347106202,-0.047911531999239976,0.37348904282245776,1,0.0987873016002088,-0.01093425563023783,0.3620942646385094,1,0.13581824538864268,0.08494970927343815,0.34840421132456023,1
1017.106877,grid_1205_y522_z560,471.574,524.804,559.367,22.15747544283869,0.723,-0.1452428306832264,0.026273865982372645,0.4278058209963139,1,-0.053543002250814486,-0.005991174469121173,0.40293298527191246,1,0.03681178111892962,-0.04524141704001296,0.3754034086661185,1,0.09874512586597131,-0.011171000331275948,0.3595295718599209,1,0.13834060999139813,0.08609661480897705,0.35361925415647205,1
1017.735421,grid_1206_y520_z560,471.366,523.045,559.501,20.38811165851313,0.617,-0.14532143775731934,0.026070294022471973,0.4230457485313798,1,-0.05529468872060149,-0.0045050624700776285,0.40333565800976345,1,0.03599460053395326,-0.04264349104083131,0.3775853216739008,1,0.09975639532965089,-0.01146994038269324,0.3623293209054173,1,0.13774742848710647,0.08528986842800267,0.3507515381536724,1
1018.423482,grid_1207_y518_z560,471.437,520.822,559.897,18.160613893808783,0.678,-0.14655574429642698,0.025849495130694084,0.42107148186209126,1,-0.05676998721586415,-0.003462084725278429,0.4032322935515885,1,0.03457831997741727,-0.03983417708934918,0.3729074073279938,1,0.099502664033077,-0.011382626429153546,0.3599214349686381,1,0.13678237660839593,0.08476734956229828,0.3481082132616481,1
1019.069672,grid_1208_y516_z560,471.188,518.986,559.896,16.316592628364546,0.636,-0.14884420984145671,0.026033717026443897,0.4225902498606189,1,-0.058848133561343816,-0.002069208021837579,0.4070191226971618,1,0.03433949533986236,-0.03829499318644779,0.38450209161623905,1,0.09959847332107609,-0.011376912077579066,0.3598264800878523,1,0.13670151161541025,0.08476984119606704,0.3479738700647922,1
1019.811399,grid_1209_y514_z560,471.434,516.763,559.875,14.10754326592697,0.731,-0.15261627442076384,0.02655939656810774,0.427239353938144,1,-0.06111701381294661,-0.0006009840982430403,0.4092560542360322,1,0.032004760989815625,-0.034717786416112326,0.3759419741080933,1,0.09969218155191811,-0.011371066634280414,0.36053042611054426,1,0.13554490040677994,0.08411820744607953,0.345008471163771,1
1020.452156,grid_1210_y512_z560,471.158,515.009,559.731,12.346893900896728,0.63,-0.15580933878642167,0.027337952327511694,0.4317132131192902,1,-0.06235197955259721,0.0008222636373135326,0.40795917015701955,1,0.031244168957656682,-0.03315886076430332,0.3813069717742485,1,0.09969808269333713,-0.011355331908293962,0.3607322824951165,1,0.1361432645524559,0.08451036110970839,0.3467963873792132,1
1021.08393,grid_1211_y510_z560,471.208,513.018,559.583,10.369565757542647,0.621,-0.15669145988387012,0.027842964840204088,0.4295639835125932,1,-0.06469264384423357,0.002309441882699453,0.4114860935585109,1,0.029859269169589718,-0.03091778266499906,0.38364054975513867,1,0.09963189099480449,-0.011335464819946559,0.3609920218395172,1,0.1339122207443535,0.08337055267706564,0.34119473565593267,1
1022.047426,grid_1212_y508_z560,471.205,510.857,559.509,8.222608831751678,0.953,-0.16064267076209887,0.02925649460535646,0.43302821759191074,1,-0.06639797127016958,0.004651454077561377,0.40966993103119076,1,0.028166212897207315,-0.026945327089945605,0.3829035123336261,1,0.09990426949982975,-0.011382324068927465,0.3610809435970276,1,0.14167506285813122,0.08764655319581265,0.35931909391004035,1
1022.678518,grid_1213_y506_z560,471.208,508.954,559.46,6.339251296486068,0.62,-0.16133688192834666,0.030669267052060616,0.43192537773946693,1,-0.06861079027686663,0.004058340192430087,0.4124580979674449,1,0.026749571297818176,-0.025353427169901604,0.3821900476387806,1,0.09923106051241125,-0.011325849933470267,0.3591893731987834,1,0.14064143319847403,0.0869942381371416,0.3569584420001827,1
1023.474434,grid_1214_y504_z560,471.391,506.783,559.33,4.255151348659672,0.785,-0.1631696144287902,0.031236629032480978,0.42873867261341114,1,-0.07147153823588354,0.007843079444023227,0.415899550486812,1,0.024456869804119725,-0.021339935149278327,0.3781770165556625,1,0.09915149391396424,-0.011278406202638137,0.3590560316028306,1,0.1424636681098075,0.08807481363596252,0.36124724562260135,1
1024.109205,grid_1215_y502_z560,471.378,504.9,559.201,2.5337138749274595,0.624,-0.16474552483628271,0.031583385006968175,0.4298603142614145,1,-0.07177060029593763,0.00890924583531115,0.4108776493861884,1,0.02323140628788484,-0.01989813130840574,0.3790273021420432,1,0.09909632006931483,-0.011011930434616488,0.35975044554258073,1,0.14107385372981404,0.08724100964284223,0.3580789103756148,1
1024.846244,grid_1216_y500_z560,471.559,502.888,559.077,1.4476094086458746,0.726,-0.1674185025913817,0.031795315967163874,0.4319795363821866,1,-0.07250844677712305,0.009707947205893758,0.4052958058387327,1,0.02191558856803879,-0.018300015629511023,0.3804453865530479,1,0.0964315134032762,-0.010442236544196579,0.3523417292334921,1,0.1379022370768834,0.08549677724225961,0.3496058630455899,1
1025.477594,grid_1217_y500_z562,471.052,502.748,559.704,0.6301896539931994,0.621,-0.17014346467362937,0.03161633488621056,0.4381828454098692,1,-0.07338459016053615,0.009982698453248616,0.40800767478465544,1,0.02148719867251146,-0.018038486239746205,0.38119481656994547,1,0.095378866937063,-0.010268017871832371,0.34926731099202607,1,0.13490924807290203,0.08381499477061496,0.3430579635780647,1
1026.107097,grid_1218_y502_z562,471.096,502.894,560.184,0.5024370607349684,0.619,-0.16747656308083897,0.030473090035464064,0.43148480999291455,1,-0.07368388321844284,0.009297072717557548,0.41025411062895545,1,0.021876459407317767,-0.01878476190308499,0.3849357546822176,1,0.095378866937063,-0.010268017871832371,0.34926731099202607,1,0.13283697233708675,0.08272496845931786,0.3386620047760297,1
1026.743705,grid_1219_y504_z562,471.644,503.285,561.522,1.783213391605193,0.625,-0.16685394650517463,0.028978309527916836,0.43013983496570996,1,-0.07301890548066318,0.008151752690769037,0.40744576275678385,1,0.021578446283360975,-0.019144351414861354,0.3769418459758733,1,0.09748928118120616,-0.010691927902417794,0.3561672760427899,1,0.1349931441574559,0.0838698684812926,0.34277504608676573,1
1027.593513,grid_1220_y506_z562,472.062,504.621,561.646,2.8179428667025497,0.839,-0.16398958115511825,0.028266220386919283,0.42581195555029305,1,-0.07104731245364757,0.007735278293220617,0.4058868797222989,1,0.02346718555572897,-0.020584611086243067,0.3812958930589668,1,0.09879552206246608,-0.011318160399396957,0.3578674020118605,1,0.14301389013322105,0.08837904128918628,0.36260990580799124,1
1028.22938,grid_1221_y508_z562,471.889,506.721,561.959,4.588532227194212,0.623,-0.16305632005654275,0.02852127870468621,0.4278051810908032,1,-0.06974029946870834,0.00651432739840038,0.4055031592701213,1,0.025131704256207366,-0.0225174109139197,0.3855197945733797,1,0.09941028475995353,-0.011303676542427723,0.3591211015426679,1,0.13682869525630018,0.08428435761837685,0.34662419116064747,1
1028.862035,grid_1222_y510_z562,471.997,508.418,562.062,6.189113829943687,0.621,-0.1612196309486199,0.028317286300798095,0.42717233224402146,1,-0.06872343319875847,0.005832228677637837,0.4088163115914375,1,0.025928022309014608,-0.023467168653596965,0.3754781105038267,1,0.10009178689819495,-0.011485920022739498,0.3583550759075225,1,0.13693695458036495,0.0841691081252594,0.3458818247974215,1
1030.73146,grid_1223_y512_z562,471.777,510.529,562.24,8.193751826849535,1.856,-0.16067420314167086,0.028474821998632282,0.43211432708328124,1,-0.06499807012770349,0.004135358012025974,0.4011149523676202,1,0.029138911048702983,-0.02648665614435341,0.38946389749726457,1,0.10181186605952355,-0.011796440913536406,0.35997550643646287,1,0.14334139353977976,0.08793151896035309,0.3610748709984413,1
1031.36627,grid_1224_y514_z562,472.074,512.281,562.124,9.899712016013362,0.625,-0.15817942233265916,0.028410875666506567,0.4290010317932927,1,-0.0652480665733933,0.0008364639730014164,0.40628783824480896,1,0.030294242858188252,-0.028715102309360575,0.3904412148001472,1,0.1006018186260444,-0.011633673484425741,0.3577406855492766,1,0.13879393229188286,0.08532496719721702,0.35038983463218615,1
1032.098674,grid_1225_y516_z562,471.977,514.289,562.326,11.880604403817172,0.723,-0.15692401211214876,0.02856828249650347,0.4308401571006151,1,-0.06386609243932906,-0.0019687000005067685,0.40738345179726554,1,0.031087588796094322,-0.030959883795130698,0.3823170194396054,1,0.09994319301348698,-0.01156455063313222,0.35631029361494265,1,0.13743737899451242,0.08463489366077113,0.3474920385342878,1
1032.732101,grid_1226_y518_z562,472.249,516.162,562.156,13.720038848341542,0.622,-0.15682670022425882,0.02927674967666848,0.43513163955755524,1,-0.062135814168783346,-0.0030735481192576746,0.4057868141264061,1,0.03212253662417039,-0.03244608370776091,0.37847499970875054,1,0.10036396580302025,-0.011723665957364553,0.3570026657335054,1,0.1371206797200332,0.08437192659560543,0.3465908588196167,1
1033.368228,grid_1227_y520_z562,472.174,518.218,562.111,15.731777204117757,0.623,-0.15318562489233548,0.029254277689762777,0.430434281075725,1,-0.06058109299090579,-0.004091692068448295,0.4065125511351867,1,0.034240874655533965,-0.03504378748426536,0.3851500427779895,1,0.10040582108325316,-0.011830288086288518,0.3562299183357882,1,0.13648406998633034,0.08368046514988252,0.34404197447296236,1
1035.782046,grid_1228_y522_z562,472.302,520.128,562.055,17.62621950390956,2.402,-0.1517238934176881,0.02959476558712728,0.4323394153820452,1,-0.0592255427595534,-0.005634933931189778,0.4106968155038998,1,0.036913018847821145,-0.03826064117361631,0.39274073532095466,1,0.10046472246639535,-0.011851761477509836,0.3560797087616482,1,0.13600764485257816,0.08321507427410904,0.3423702656506792,1
1036.421632,grid_1229_y524_z562,472.459,522.125,561.763,19.593102255640904,0.63,-0.14900460379226482,0.0300354051861695,0.42911639044326366,1,-0.057670290351328854,-0.006029924482289556,0.4108780228937533,1,0.03662193910999796,-0.03809996650098538,0.3781274716466357,1,0.10191964159280813,-0.012340838922503627,0.35886124693858895,1,0.13631217553926775,0.08332155702013538,0.342908458506162,1
1037.112735,grid_1230_y526_z562,472.597,524.032,561.679,21.49295561340976,0.681,-0.14711282120651753,0.030457765018730883,0.428955533711341,1,-0.05569294688229278,-0.0069127455301275465,0.40808040054973926,1,0.03740472480159072,-0.03963768698686747,0.37226373091109577,1,0.10177513611010329,-0.01230212591988679,0.35737509394209255,1,0.13657052328511118,0.08341573394097473,0.34338838058588583,1
1037.91225,grid_1231_y528_z562,472.627,526.188,561.459,23.62555330569001,0.789,-0.14721259008650786,0.03145405066486753,0.4353500886582684,1,-0.0535581719690435,-0.007709673201296242,0.4050798340762746,1,0.03906067780945229,-0.041477968205121014,0.3725098507387305,1,0.10274167008893745,-0.012486451145512938,0.35931833860665663,1,0.13743622870835126,0.0835453044827555,0.3445490172142631,1
1038.54948,grid_1232_y530_z562,472.841,527.961,561.439,25.40690937520739,0.624,-0.1429704679009361,0.031141459865415583,0.4273644154503454,1,-0.05188040495551013,-0.008532488541269806,0.4023260404822315,1,0.03975174139291514,-0.0425798304880989,0.36843445181123025,1,0.1026031901674056,-0.012469445030041822,0.3577908364689946,1,0.13707843087660365,0.08310504451043285,0.3430842722148841,1
1039.180014,grid_1233_y532_z562,472.752,529.938,561.588,27.375012164380863,0.62,-0.13993687275844677,0.031001343199687188,0.42377138171584106,1,-0.050941088752978994,-0.009470858191762657,0.40908513104835764,1,0.04146454056263367,-0.04454434278403328,0.37105770377410485,1,0.10210305116562535,-0.012517972264913888,0.3542212184037129,1,0.13602245192010518,0.08222328325004294,0.33991662490788455,1
1039.917255,grid_1234_y534_z562,472.657,531.975,561.771,29.406521861655147,0.727,-0.13737865017820436,0.03085201060606856,0.4222638427486685,1,-0.04834678418040163,-0.01093422873863532,0.40132610574979627,1,0.04222285549220255,-0.04674091701220194,0.3675705273526458,1,0.10235989565690207,-0.012475668139069012,0.35541144643446154,1,0.13695632562422227,0.08290199997999506,0.34232397250784585,1
1040.774024,grid_1235_y536_z562,472.784,533.818,561.877,31.25692272121489,0.845,-0.13528577547876802,0.031150633631058283,0.4237228518963452,1,-0.047222732417025286,-0.012754679917030793,0.40952830662371664,1,0.044694776611963215,-0.05066031404077398,0.37389596534167485,1,0.10258005577510607,-0.012521699202447247,0.35660488839775967,1,0.13726450132202941,0.08309159470605561,0.3429891930895342,1
1041.517593,grid_1236_y538_z562,472.672,535.912,561.97,33.34125329078083,0.733,-0.132223691967143,0.030936774386633788,0.4190820641095991,1,-0.04533023041984052,-0.013334845190379033,0.40397846181956804,1,0.0452523655084827,-0.05178483533397242,0.3713828471793791,1,0.10240543593873744,-0.012578913566352847,0.3548893281249422,1,0.13605955049302876,0.08204695248303247,0.33994301850413666,1
1042.153191,grid_1237_y540_z562,472.949,537.615,562.03,35.05916184109372,0.625,-0.13196236772109668,0.031458147603753914,0.4236793443332326,1,-0.04388785189939287,-0.013992910558938833,0.4048867830618133,1,0.046411596763696585,-0.0529084127154843,0.3701064561351582,1,0.10412667778129163,-0.012932793018848074,0.35893472470321164,1,0.13801914552147646,0.08306444047990555,0.3446063949904848,1
1042.793154,grid_1238_y542_z562,472.758,539.733,562.196,37.16730759686525,0.627,-0.12922728921877877,0.03125426919841986,0.4220739112310306,1,-0.04159698684709508,-0.014469335369665326,0.40284920223309434,1,0.04838257360046706,-0.05451159151540724,0.3720827508881957,1,0.10553306132205417,-0.01310520942505875,0.35999207227449126,1,0.13856544035007062,0.0827597859459928,0.3439691993341359,1
1043.422476,grid_1239_y544_z562,472.848,541.717,562.165,39.148847862995915,0.618,-0.12788602672879038,0.03171489041989739,0.4240671352061276,1,-0.03990742758991307,-0.014951353457672187,0.4055127526471313,1,0.04990380535857395,-0.05540106655024705,0.3704101023803933,1,0.10703512157556865,-0.013671340187900904,0.3604936757221645,1,0.1395749330180471,0.08247894441355544,0.3438999156146691,1
1044.608001,grid_1240_y546_z562,472.832,543.866,561.866,41.27780792387115,1.174,-0.12361208704600754,0.03164239685364423,0.4174249357776484,1,-0.03741128011501768,-0.015218585561670456,0.40312616887506525,1,0.05209583417621908,-0.056182509517453086,0.36874193810807937,1,0.10771732741972276,-0.01407223615237061,0.3585342573194373,1,0.1410417157534305,0.08300697635012903,0.34581435487184653,1
1045.248116,grid_1241_y548_z562,473.042,545.646,561.946,43.068380361931396,0.63,-0.12188773802418093,0.031792580557709914,0.41724162947248933,1,-0.03573593125124335,-0.015584689957573384,0.4010036900853349,1,0.053329858524804805,-0.05721650904998301,0.3701568677404441,1,0.1082741892405926,-0.014088215066421887,0.35791925346992526,1,0.1414363052481554,0.0827926274587816,0.3459442425879205,1
1045.932754,grid_1242_y550_z562,472.898,547.905,561.583,45.30210879197566,0.674,-0.1198519781671783,0.032404126732827186,0.41733607798612954,1,-0.033630524316728874,-0.0156511951857509,0.398102823106876,1,0.0542982654165962,-0.057635975813184415,0.36637785804546497,1,0.10949995189571078,-0.01459416583849503,0.3588001447120677,1,0.14356709513564545,0.08340509792331614,0.34942926558011816,1
1046.736346,grid_1243_y552_z562,473.235,549.737,561.448,47.144579889951274,0.791,-0.1168925711400656,0.03207509093943131,0.4132629337931479,1,-0.031633094706881526,-0.015060594156234671,0.3957522461439984,1,0.055462563675951884,-0.06180243332468096,0.3713696300225156,1,0.10856056644377947,-0.014212136052636127,0.3592565594281978,1,0.14088273320055467,0.08249064726953306,0.3445956063966614,1
1047.372962,grid_1244_y554_z562,473.053,551.954,561.258,49.343842918848516,0.626,-0.11535220028783968,0.03239506105106814,0.4152300919680102,1,-0.02994085357289617,-0.015588995223574778,0.3972748908430911,1,0.05595351021910546,-0.06375522857549534,0.3684458879454814,1,0.1087145738272379,-0.014095849940810168,0.36050697233098705,1,0.1406746875753076,0.0824744010998661,0.3444124990653921,1
1048.004864,grid_1245_y556_z562,473.018,554.002,561.287,51.388007063905455,0.621,-0.1142705802861057,0.03317083629670812,0.42005519846556344,1,-0.028191844446028617,-0.01615790969311163,0.39880495505574654,1,0.05669740117960398,-0.06473299763647422,0.3657161654168644,1,0.10842043853208938,-0.014114907937240673,0.3584927086525953,1,0.14117778686319543,0.08262242755161334,0.3453095883208069,1
1048.751748,grid_1246_y558_z562,473.115,555.888,561.491,53.28069182170972,0.737,-0.11214622331383417,0.03295607824890069,0.4183113121248139,1,-0.02689290617144156,-0.01833891290691008,0.39581216421498444,1,0.05765743568627548,-0.07017410551460482,0.37154086557959276,1,0.10714699562195362,-0.013500438291102857,0.36098911440574466,1,0.13962031206096143,0.08256180936775112,0.34416728176593553,1
1049.380261,grid_1247_y560_z562,472.92,557.903,561.79,55.29253922546878,0.618,-0.10940866027942446,0.032732002817393226,0.41562750317031005,1,-0.025844690844042877,-0.020019885787460452,0.3929999838075983,1,0.05726917214063275,-0.07307454710793845,0.3693748823244666,1,0.10582712441998962,-0.01317250758196704,0.36157608760237503,1,0.13921588442659275,0.08292625992134339,0.34523892039922566,1
1050.120729,grid_1248_y562_z562,472.922,559.96,561.414,57.337744732418685,0.729,-0.10737179526119386,0.03287688665358347,0.4165078432909174,1,-0.02459242860834534,-0.021378045481210976,0.4016487953537994,1,0.057719710674338565,-0.07390896088509746,0.3645564883604351,1,0.10590956572846548,-0.013185039945473648,0.360612561653893,1,0.13893361300571436,0.08263720671908634,0.34392573958224154,1
1050.852381,grid_1249_y564_z562,472.774,561.98,562.079,59.36782541073914,0.722,-0.10407388803792594,0.032275114742891006,0.4121489438020845,1,-0.02248441271641663,-0.02256159659746306,0.40015812789386224,1,0.059336733688470575,-0.07522431349538625,0.3639579878778125,1,0.1071294784215449,-0.013739128670007377,0.36119163057131914,1,0.13891376733710387,0.08236901397419816,0.3425141908609085,1
1051.481578,grid_1250_y566_z562,472.876,563.985,561.695,61.363506785385106,0.619,-0.10248400011507897,0.03238044251120124,0.41269990065118545,1,-0.02053829529847357,-0.022395623049219233,0.39600169290279796,1,0.06155871259463994,-0.07733662943292359,0.37035982169452675,1,0.10809859048691817,-0.014022121116953275,0.3629074502944333,1,0.1408182617265889,0.08285367530327488,0.34622073222930244,1
1052.113976,grid_1251_y568_z562,472.852,565.904,561.903,63.285190416083935,0.621,-0.10053756207206063,0.0324165508210721,0.4130558748625347,1,-0.018954579157918438,-0.023249464141082515,0.39926360335276023,1,0.06231590912624567,-0.07764301542262271,0.3663746136857161,1,0.10792983616226788,-0.014070740616382615,0.3590074531316523,1,0.14163396465292227,0.08312653719591324,0.3473317411392372,1
1052.850103,grid_1252_y570_z562,472.682,568.159,561.417,65.52153665017329,0.725,-0.098977527575231,0.03322141291536358,0.4174884005977571,1,-0.016709085377611954,-0.02350619102098126,0.396807675323804,1,0.0649655413035688,-0.07985345399015784,0.3711905508154326,1,0.10849991787467506,-0.014135156040091796,0.3578168654506423,1,0.1424123597563499,0.08312156442147131,0.3483349654089848,1
1053.47872,grid_1253_y572_z562,473.045,569.956,561.38,67.32868667960192,0.618,-0.09659767879073829,0.033124641023363835,0.4134315794352227,1,-0.015041557239349848,-0.023630744408836633,0.3944181679161174,1,0.06566868992309731,-0.07963051412514346,0.3681958419185179,1,0.11023769393703557,-0.014553788853511298,0.3609936320827426,1,0.14170529392497994,0.08247258615077743,0.34594662909334317,1
1054.161538,grid_1254_y574_z562,473.014,572.073,561.488,69.44493872126318,0.673,-0.09399304985922646,0.031880578538025714,0.40981708322399585,1,-0.014984487326283002,-0.02691466764896853,0.39675886310150277,1,0.06436810903956594,-0.08258693646436224,0.3662832807672823,1,0.10747434830372227,-0.01391576429588492,0.35927356098425917,1,0.13967974311752784,0.08249021396909732,0.34416214916046733,1
1054.89683,grid_1255_y576_z562,472.883,574.296,561.106,71.65610811368427,0.724,-0.09522381334901862,0.025122266502692246,0.41124658283608406,1,-0.016852885186076066,-0.03476774356446768,0.3986174878440537,1,0.06190156908451673,-0.0878071602202877,0.36849023205737613,1,0.10342512270053887,-0.012471717316780838,0.36350688529270847,1,0.1364198241188806,0.08325114767720572,0.34357529176871704,1
1055.626641,grid_1256_y578_z562,472.831,576.26,561.126,73.61770128168905,0.616,-0.09292869922414415,0.024964068133852744,0.4087519844577018,1,-0.015999702685535463,-0.035908562347607,0.399325332479272,1,0.06198615333346267,-0.08815866014853665,0.36715293613177363,1,0.10391108976116122,-0.01256155308684229,0.3664310116022761,1,0.1376042773717178,0.08424343307033823,0.34710932847142567,1
1056.264215,grid_1257_y580_z562,473.175,578.008,561.177,75.3762435054972,0.627,-0.09192469009194884,0.02514332741662063,0.4120922203125178,1,-0.014501940390862578,-0.03648046306369542,0.39362438934366556,1,0.06361106699324486,-0.09020460408933469,0.3730094055945008,1,0.10389715617052293,-0.012557524574714568,0.3663101851623483,1,0.1376526169184569,0.08420248654922369,0.3471592836639129,1
1057.009162,grid_1258_y582_z562,472.969,580.162,561.264,77.52358682362426,0.734,-0.0882531258318452,0.024889355683047253,0.4049373226161821,1,-0.013284035633453203,-0.03801107702677485,0.39547748439133523,1,0.0641201253066451,-0.0904309793208149,0.371154976420859,1,0.10248951794449042,-0.01236942666638524,0.36019319381485015,1,0.13682831368428522,0.08353911498150234,0.3445560572105804,1
1057.642019,grid_1259_y584_z562,473.049,581.97,561.438,79.33557906765417,0.621,-0.08731649517383439,0.024955724980772045,0.40788772334604523,1,-0.011969230775438692,-0.0389956012725408,0.39653812054972587,1,0.06524102016119389,-0.09150712417735218,0.3739336106459712,1,0.10333618286381899,-0.012451453117106513,0.36225434323796046,1,0.13661015298905752,0.08338350871985065,0.3438927617991255,1
1058.331847,grid_1260_y586_z562,473.144,583.912,561.345,81.27794654148201,0.679,-0.08527164196855927,0.025261479357815364,0.40725691371424777,1,-0.010553837006054941,-0.03915966808781838,0.39103641749475054,1,0.06559472843443562,-0.0917469489565464,0.3722182237292521,1,0.10362021074127603,-0.012493764524381567,0.3624920926762042,1,0.13559011769015533,0.08260785367782286,0.34107997378389365,1
1059.072036,grid_1261_y588_z562,472.909,586.052,561.5,83.41233598215557,0.729,-0.08266902598443016,0.025060563295808434,0.40591836209721227,1,-0.009162629327696575,-0.04075921345172896,0.39511780567820726,1,0.06648014473868756,-0.09197452090694198,0.36985443092019465,1,0.10220373632224104,-0.012505113573121927,0.3556637004866543,1,0.13838753553202685,0.08411270771766192,0.3470482866782301,1
1060.145408,grid_1262_y590_z562,472.979,588.087,561.676,85.45114441012478,1.063,-0.08033505373419034,0.024855190795883643,0.40716624915797767,1,-0.007193618385792892,-0.04201985275104307,0.3939903752665807,1,0.06804537707636346,-0.09330152366861381,0.37355844197411947,1,0.10334227376517743,-0.012896684346900777,0.3578533018225486,1,0.1394539600528729,0.08442670557361989,0.3487788986434498,1
1061.504507,grid_1263_y592_z562,473.015,590.003,561.668,87.3669882793267,1.349,-0.07713299994209473,0.024808815411583352,0.4003280943649221,1,-0.00596154569706917,-0.0427053688549647,0.39451419837959095,1,0.06846288237461412,-0.09357802863964874,0.37281597313711023,1,0.1039490034967911,-0.013046940430969916,0.35997389464443597,1,0.14015485922708165,0.08480823199110332,0.3502626698948357,1
1062.302813,grid_1264_y594_z562,473.242,591.982,561.276,89.34563001624645,0.789,-0.07614425049953956,0.02546021646541858,0.4029942040556264,1,-0.005216799896966044,-0.043375492444973504,0.39578340070577706,1,0.0676925209602126,-0.09208099581639147,0.366482262218372,1,0.10417391462914319,-0.013056621923697814,0.36036872810583265,1,0.1406093499035925,0.08499760849915715,0.35172787098615177,1
1063.263233,grid_1265_y596_z562,473.16,594.057,561.273,91.41728476059659,0.948,-0.07377511770078822,0.02556660729739016,0.40262361210385045,1,-0.0036876725594523208,-0.044346845053089334,0.39577044172681297,1,0.0697495538845829,-0.09474238695325618,0.37471890135600283,1,0.10468424229133047,-0.01307314301896011,0.3608248072946737,1,0.1404469769212989,0.08454005085647213,0.3505117707439152,1
1063.890356,grid_1266_y598_z562,473.218,596.059,561.073,93.41784962735974,0.616,-0.07238329814593945,0.025807750815738117,0.4026348889479764,1,-0.002763452634883155,-0.04489064656802218,0.3948176706081619,1,0.06894314018611605,-0.09338429377182986,0.36926143160943237,1,0.1045215704994934,-0.013058785669902392,0.36045656822601796,1,0.14044697692129893,0.08454005085647215,0.3505117707439152,1
1064.578572,grid_1267_y600_z562,473.312,597.936,561.25,95.29848159860686,0.678,-0.07089289729730375,0.0259857632134329,0.4059216130223941,1,-0.0014489353239735304,-0.04558392792764999,0.39137350231254,1,0.06975495074201013,-0.09401792893165102,0.3714569701117617,1,0.10411443526267179,-0.013015224278488979,0.3589958690670858,1,0.13994029935619948,0.08422961667589632,0.3493034185186611,1
1065.32223,grid_1268_y602_z562,473.173,599.949,561.37,97.30826325138062,0.734,-0.06838103064510229,0.02559856777052416,0.4018843724614719,1,-0.0010218221169644964,-0.046697342763998645,0.3897062305390807,1,0.06940214978235161,-0.09417240609583423,0.372425080938592,1,0.10264416790808459,-0.01279888686417209,0.35558058757597344,1,0.1396180762248211,0.08449011682213184,0.34938598864463716,1
1066.235113,grid_1269_y604_z562,473.074,602.092,561.185,99.44587710910895,0.903,-0.06716701779753073,0.026954090678099778,0.4126200488003778,1,0.00037030345662835014,-0.04760692578102007,0.3883760141629087,1,0.06828819714986976,-0.09312847651757043,0.3669955756208566,1,0.10317352725989952,-0.012893048192642345,0.3576737586656672,1,0.14048524031860365,0.08502995714208386,0.35133258281526836,1
1067.464514,grid_1270_y606_z562,473.344,603.82,561.609,101.18524672105126,1.219,-0.06395898166160224,0.02556093641311622,0.4021590244758396,1,0.001548042101766645,-0.048018372883451385,0.3842607004285476,1,0.07071966680051442,-0.09577323379562515,0.37668626786212817,1,0.10439258121253339,-0.013062039855240131,0.3614021895120071,1,0.14159343158849386,0.08565444833672423,0.354182924236217,1
1068.088952,grid_1271_y608_z562,473.33,605.884,561.421,103.24552031928555,0.614,-0.06231306821514002,0.02577563826037383,0.4006877729041644,1,0.0026599463916115976,-0.049051699850497496,0.3880319964845566,1,0.07062754182413875,-0.09483116218012673,0.37204153737290335,1,0.104609407964252,-0.013048608107101959,0.3599993385620796,1,0.13802704788207493,0.0829988783100508,0.34439057730884237,1
1068.716032,grid_1272_y610_z562,473.229,607.942,561.54,105.30163167776654,0.617,-0.06023503559859603,0.025863786035629936,0.4012979001252922,1,0.0042716787195993654,-0.049049047662834765,0.38547430814374284,1,0.07149376885616623,-0.09489966991181611,0.37102366503376694,1,0.1056679450615288,-0.013060319712356962,0.3603539570964355,1,0.13927824488708201,0.08299227369378911,0.34578681590757293,1
1073.504851,grid_1273_y612_z562,473.2,610.064,561.361,107.420012223049,4.778,-0.06595503163622704,0.03059653477497013,0.4616978040839646,1,0.006451900980064508,-0.05121012130356419,0.39608387000172746,1,0.07249128034721417,-0.09487855619504841,0.3692476623786173,1,0.10551263116331062,-0.01358063916114385,0.35815789566215445,1,0.13849352322953873,0.08246497289263997,0.3429478632794315,1
1074.365327,grid_1274_y614_z562,473.296,612.086,561.034,109.4405660575639,0.849,-0.05551736867673973,0.026760727404521244,0.40085650130078515,1,0.00783909860838328,-0.05113664635093044,0.39572776031380286,1,0.07328520042743078,-0.09585441854490018,0.36990121319331304,1,0.10740506634012628,-0.013655792593981895,0.36173430839796633,1,0.13898301831239362,0.08250179546371905,0.3431223920803294,1
1074.994413,grid_1275_y616_z562,473.355,613.998,561.226,111.35502092855991,0.618,-0.054429761653358166,0.026944064336683865,0.4032869944919623,1,0.008927632579741307,-0.05095606376611295,0.3906620349338921,1,0.07442359644760681,-0.096147605603947,0.37070356220408973,1,0.10775963424359433,-0.013877632714507324,0.36112912220400667,1,0.13945144063776144,0.0825050550699108,0.34356118708800343,1
1075.62476,grid_1276_y618_z562,473.301,616.117,560.909,113.4695444601766,0.618,-0.05098372282033532,0.026712537175784756,0.3944705362922774,1,0.010646383472365777,-0.051650866622569805,0.3936436103182383,1,0.07594682925212652,-0.09683005731824086,0.3721865349834517,1,0.10793727891433669,-0.014065977318098683,0.35948238122345405,1,0.13942993201902942,0.08195420156991137,0.34229489383066625,1
1076.255932,grid_1277_y620_z562,473.259,618.204,561.077,115.55616579395489,0.62,-0.0488214663955192,0.026872709175748816,0.3931913697239479,1,0.012113473518031319,-0.050854339729853995,0.38402866298592275,1,0.07679654827313234,-0.09681798070933986,0.3705710723845529,1,0.10827531820435814,-0.014123061513561233,0.3581614862338915,1,0.1420329371986565,0.08308585735269793,0.3476313559935124,1
1076.99311,grid_1278_y622_z562,473.206,620.193,561.324,117.54558680784234,0.725,-0.04680291576952149,0.02693659870697296,0.3949338861416175,1,0.013722255282118715,-0.051842498404631496,0.3858032819715495,1,0.07734302530735358,-0.09643612025067305,0.3664681200716303,1,0.1101520284400515,-0.014508195946171415,0.36121064066374403,1,0.14304765426506288,0.08341928509785046,0.3496687500250238,1
1077.621619,grid_1279_y624_z562,473.614,621.889,561.253,119.24992146328653,0.617,-0.04522640686663256,0.026913131803781593,0.39638363251300024,1,0.01518708604640765,-0.05222956863310606,0.3862065135851033,1,0.07808700042770651,-0.09633739547091538,0.3655657393345964,1,0.11141421117946733,-0.014840867024157304,0.3635221585379255,1,0.14119903663303263,0.08214647494667784,0.3446681299422746,1
1078.252931,grid_1280_y626_z562,473.444,624.002,561.372,121.35925953547999,0.621,-0.043109113350054656,0.02686889258702411,0.3950439068729782,1,0.017005699268918404,-0.053010314528719085,0.38832972382142306,1,0.08003303976684566,-0.09775471797214201,0.3693719022410156,1,0.11061497131207401,-0.014869770601765817,0.35876779403195763,1,0.14114046276026784,0.08171471980179981,0.34338121857874687,1
1078.880715,grid_1281_y628_z562,473.381,625.973,561.527,123.32983160614464,0.616,-0.04104343097631595,0.026937923915621574,0.3956855163062557,1,0.018186887388535425,-0.05258693872183349,0.3808978155102202,1,0.0813758426177262,-0.09848438434141789,0.3701524393277166,1,0.1128183787455116,-0.015404797863302575,0.36355786841252236,1,0.1437503765350431,0.08318733388982065,0.348991894958769,1
1079.61366,grid_1282_y630_z562,473.279,628.096,561.372,125.44843280806661,0.721,-0.03813622200110829,0.02682873331153406,0.3936537484171721,1,0.02018589588542276,-0.05316170178049503,0.3825745487875626,1,0.08200673867918859,-0.0980999490889694,0.3668891747964901,1,0.11505210145644447,-0.015717448448404954,0.36815862499118907,1,0.14242345130884276,0.0820924600695576,0.3448559633038068,1
1080.239643,grid_1283_y632_z562,473.218,630.023,561.42,127.3741376496815,0.615,-0.036457453195348516,0.02685589560989047,0.3922618938141749,1,0.02113823875678573,-0.05309053877476314,0.37910498839814355,1,0.08289647892048918,-0.09834620077903014,0.3671325268060362,1,0.11365287808608904,-0.015617559946428983,0.36131167960170096,1,0.14298269672009284,0.08240211678640838,0.3459343140775718,1
1080.870718,grid_1284_y634_z562,473.386,632.008,560.782,129.35754318554453,0.619,-0.03450769112029679,0.027793580547543707,0.39409999818420116,1,0.022592266449740578,-0.0530428910911734,0.37967334966039246,1,0.08359259029843769,-0.09838792775670499,0.36624968137543246,1,0.11333244534747278,-0.015567981864299247,0.3584633595215354,1,0.1418831835632053,0.08166446520961095,0.34322552836074455,1
1081.506622,grid_1285_y636_z562,473.464,633.972,561.21,131.325409190301,0.626,-0.03216267165318247,0.027396200180869624,0.3898756034206133,1,0.024299157286402143,-0.05350294161168846,0.37882939126998594,1,0.08552857724522843,-0.0994909114100194,0.3686925860077544,1,0.11464735671068846,-0.015586631087623506,0.3599776901550107,1,0.1411717431973618,0.08081736826866932,0.34046908944951315,1
1082.235403,grid_1286_y638_z562,473.513,636.029,561.277,133.3834603239847,0.719,-0.03007832797953307,0.02775486391896609,0.3939384392237959,1,0.026316800294970265,-0.05465289259944376,0.38263085993506224,1,0.08632541236311327,-0.09920285776071756,0.365721940256106,1,0.11571040326428168,-0.016086640108059817,0.3615312667284342,1,0.14149487895788573,0.08074036015078806,0.3400027543791159,1
1082.870123,grid_1287_y640_z562,473.552,637.989,561.148,135.34279303309805,0.625,-0.02824769320769191,0.027843379534010913,0.3931349202001829,1,0.027944022958293215,-0.055079292194324614,0.38332526287352653,1,0.08800002881759429,-0.10013073505080736,0.3679421559164571,1,0.11549627829685116,-0.016223090063961526,0.3585457629300653,1,0.14372720052297136,0.08169358738217994,0.3448361881819217,1
1083.501961,grid_1288_y642_z562,473.42,640.075,561.36,137.42719369178727,0.622,-0.02605516114046714,0.02775199116052159,0.39438517209607593,1,0.029714266836466365,-0.05521152177403271,0.3819179932834822,1,0.08933205932667752,-0.10053261878993987,0.36761982503476476,1,0.11543148312705272,-0.01613553487094597,0.3556821937532005,1,0.14524768934905824,0.08233672163878444,0.34784564823589104,1
1084.139279,grid_1289_y644_z562,473.487,641.997,561.137,139.34837340995406,0.627,-0.02358238159968551,0.02786917175764176,0.3903688602935487,1,0.030721604859712932,-0.05473190859179418,0.3777477690269651,1,0.08998183163496264,-0.10020277561901518,0.365745995923526,1,0.11787012816563561,-0.016485735993726998,0.36045728125293086,1,0.145112993171424,0.08214394006157588,0.3471602929204713,1
1084.981114,grid_1290_y646_z562,473.462,643.864,561.285,141.21552745360552,0.831,-0.021077198779305206,0.027832321432822042,0.38770168536554944,1,0.03275587912324081,-0.05553695317126939,0.3773858127254211,1,0.09247387881563318,-0.10166174636775516,0.3695177714342216,1,0.11844415219129364,-0.016773767945836116,0.3595469957489795,1,0.14585960517901453,0.08233205961811386,0.3478177400194042,1
1086.050871,grid_1291_y648_z562,473.263,646.082,561.171,143.42841322764468,1.06,-0.018721032624774137,0.028114173624492533,0.38925866261836917,1,0.034506869630862955,-0.05552723627458328,0.37678122765959937,1,0.09287339590102385,-0.10117669231674473,0.3668482088680219,1,0.12224392190907288,-0.017288744877639966,0.3691097596747804,1,0.14392876372014926,0.08071320212804649,0.3419289825841382,1
1087.290796,grid_1292_y650_z562,473.384,648.027,561.556,145.37842139052142,1.229,-0.016591770099792666,0.027853679831434545,0.39022106959898084,1,0.0369807379265826,-0.05678628482724456,0.38142395066529977,1,0.0958342686634794,-0.10329339057991586,0.3715651093599746,1,0.11964445802315979,-0.017133513371227933,0.3581918757648226,1,0.14601456556264775,0.08209542602246796,0.3468895459082169,1
1088.647358,grid_1293_y650_z564,473.382,648.503,562.358,145.8640652319824,1.347,-0.0158572891636685,0.02690152087266016,0.3879481888507224,1,0.03751983649862614,-0.05707534962277124,0.37832930926431063,1,0.09680842132533615,-0.10310758352716325,0.3708713985575131,1,0.12209282879381607,-0.017166233917844782,0.3631852797466487,1,0.14391405273919772,0.08055980226646764,0.34134987207226836,1
1089.280624,grid_1294_y648_z564,473.382,648.503,562.358,145.8640652319824,0.621,-0.0158572891636685,0.02690152087266016,0.3879481888507224,1,0.037239151183958444,-0.05662049174385934,0.37565496390268144,1,0.09681037104200592,-0.10325387211626344,0.3714022572639048,1,0.12209282879381607,-0.017166233917844782,0.3631852797466487,1,0.14391405273919772,0.08055980226646764,0.34134987207226836,1
1090.860049,grid_1295_y646_z564,473.025,647.368,562.509,144.72542848096882,1.567,-0.016786045936558736,0.026666514045557914,0.3852193227491248,1,0.04079718603958897,-0.0629994616978965,0.4186870893535433,1,0.09618011901586945,-0.10310569583362805,0.3712541608498424,1,0.12065703584619784,-0.017138706152080362,0.360295347230991,1,0.14517436043326776,0.08148117652006782,0.3446736763738375,1
1091.881959,grid_1296_y644_z564,472.51,645.763,562.06,143.10659514501774,1.011,-0.01884173582842667,0.02724383434367556,0.39075041449234954,1,0.03476261352199083,-0.055973347105961246,0.37623032569659254,1,0.09387796831476933,-0.10182328174763691,0.36736227014617145,1,0.1206565461456969,-0.017165369699473697,0.3631317796520081,1,0.14531929828181492,0.08163468472432747,0.34523602480019067,1
1092.508104,grid_1297_y642_z564,472.285,643.982,561.754,141.31936267192827,0.616,-0.019899064529713604,0.027058286181178327,0.38903478854985274,1,0.033510825361851695,-0.05573358687940986,0.377012058848179,1,0.09277322996051501,-0.10122666362044463,0.367069147242385,1,0.11976805949104952,-0.017106687179723336,0.36243533564048913,1,0.14658152576883138,0.08257406331070027,0.3487406615701822,1
1093.639362,grid_1298_y640_z564,472.007,642.183,561.561,139.51555259540064,1.121,-0.02160831753533886,0.027465414329801863,0.38621318016446027,1,0.03548593828300616,-0.06097058641579519,0.41956150115029056,1,0.09106413549071429,-0.10083305218990013,0.3669736752117457,1,0.11688908047365613,-0.01620083590186463,0.3566002139007214,1,0.14687805581783892,0.0830964023580876,0.350772425288579,1
1094.485139,grid_1299_y638_z564,471.752,640.43,561.715,137.7620657728389,0.835,-0.024065963233880234,0.027098648932844787,0.38808611676698784,1,0.030551112498662415,-0.055686197521843714,0.3827740116339883,1,0.09140507746871726,-0.10204928281771367,0.3726564789203391,1,0.1168952484064115,-0.0163030468536071,0.3586015550951457,1,0.14508895381230383,0.08212511507222599,0.3470588961775941,1
1095.289468,grid_1300_y636_z564,471.63,638.522,561.688,135.85300336393016,0.794,-0.02636349723426324,0.027840358481069603,0.39735129861049273,1,0.02937982533395232,-0.055697259932982524,0.38595262618670667,1,0.08744028454471528,-0.09880478709519103,0.3623792576949379,1,0.11675280327441337,-0.016440799210059826,0.3607477907149759,1,0.14450415360327892,0.08201332483911153,0.34654741910140097,1
1096.022039,grid_1301_y634_z564,471.34,636.739,561.997,134.0721759538496,0.723,-0.028069415380832262,0.027374833612682954,0.39757858927332873,1,0.027597575525756323,-0.054871455728738285,0.3796970646684602,1,0.08722842889032999,-0.09910829394233178,0.36462276347033373,1,0.11523767302140835,-0.016137370708165077,0.35783108860560764,1,0.14598069513193837,0.08311272297266101,0.3504559424561643,1
1096.661266,grid_1302_y632_z564,471.464,634.603,562.18,131.9397719491738,0.629,-0.029555130293452463,0.026945469498555735,0.3943026603820131,1,0.026767269972468644,-0.05521928416633397,0.38316842903820086,1,0.08661617002885105,-0.09924183633385307,0.3657489998308647,1,0.11550582676757622,-0.016109025728123096,0.3602528979558577,1,0.14281910865162434,0.08148875660322467,0.3431505655066046,1
1097.29055,grid_1303_y630_z564,471.375,632.478,562.367,129.8175491410926,0.619,-0.031972519342820756,0.026845499233625187,0.3973550102798637,1,0.025007966298811652,-0.0547721310821388,0.3814416216794044,1,0.08565343282784213,-0.09912879788135213,0.36617901747738923,1,0.11503844359505713,-0.015792058459187363,0.3607603993685014,1,0.14030211054418026,0.08011939601226992,0.3377213609587649,1
1097.920201,grid_1304_y628_z564,471.341,630.423,562.367,127.76268885711511,0.618,-0.03411775369630166,0.026537690720844515,0.3966806630112723,1,0.023441307373667918,-0.05509343929499202,0.38627321757099475,1,0.08467534865917374,-0.09901179339675965,0.36788988135773537,1,0.11439957350232059,-0.015654199056815473,0.3611624419690614,1,0.14097757041339248,0.08093142801603895,0.3405426767738878,1
1098.717038,grid_1305_y626_z564,471.413,628.375,562.305,125.71438264574186,0.787,-0.036392064272196184,0.026452038026146547,0.3952875718552988,1,0.021738231023058985,-0.05492101772423359,0.38839103903747757,1,0.08308413056038172,-0.09862427262570514,0.36756605281534627,1,0.11546274079577845,-0.01571768574808983,0.3677883356837357,1,0.14343994137716612,0.08272364218677783,0.3472092468076906,1
1099.356338,grid_1306_y624_z564,471.383,626.47,562.399,123.81116415331863,0.63,-0.0382984153745579,0.0261564990721039,0.39533688970460196,1,0.020220307612095683,-0.05417177931979937,0.3863575407257295,1,0.08242830526754619,-0.09839374386381534,0.36850380901992086,1,0.11467577330034473,-0.015678596343465096,0.3673267124701504,1,0.14405985493826964,0.08317958059223474,0.3490621788097988,1
1099.985042,grid_1307_y622_z564,471.503,624.474,562.273,121.8140841980106,0.618,-0.04048954398373525,0.026148955029834435,0.397095888046691,1,0.018482319617592925,-0.05387056707979419,0.38591129782678835,1,0.08164216983939612,-0.09873851579830176,0.3718380730670135,1,0.1112627833282142,-0.01511131314783228,0.35880629318399887,1,0.1423299411881266,0.08225190664157332,0.3454156148103439,1
1100.721601,grid_1308_y620_z564,471.556,622.516,562.127,119.85435724244653,0.727,-0.04292029885155696,0.026248694100084624,0.3986457651591408,1,0.01645439235677049,-0.052935346190831734,0.38278166540954006,1,0.08028419116905232,-0.09816338116662818,0.3713803911031476,1,0.11081479980816203,-0.014959466601712306,0.3596299100755757,1,0.14113296188561048,0.08178687269212384,0.3437278234738854,1
1101.348982,grid_1309_y618_z564,471.761,620.314,562.329,117.65801372197303,0.616,-0.04500381952330214,0.02615546247485289,0.3999566993428696,1,0.014943451690621518,-0.052437830730010834,0.38181632715987124,1,0.07892775391457556,-0.09760159941619083,0.3700587254267696,1,0.11153310237283005,-0.014779670233693979,0.364476946179542,1,0.14212108643362284,0.08268765442237096,0.3470841175073057,1
1102.045897,grid_1310_y616_z564,471.684,618.554,562.387,115.89876650767253,0.687,-0.0472340913736471,0.025934959682805393,0.39928321819063467,1,0.013559296414540688,-0.05301780109588674,0.3877802272246046,1,0.077110791347654,-0.09647246526658211,0.3675227289873148,1,0.10933109542355421,-0.014284659368983942,0.35994909948177406,1,0.142237350659396,0.082945815793635,0.347681416288951,1
1102.790083,grid_1311_y614_z564,471.813,616.341,562.301,113.68588549155962,0.734,-0.049285005972539625,0.02580738110256095,0.40002946700533804,1,0.011829253587068956,-0.05240827012392681,0.3856403925597538,1,0.07662862313324989,-0.09714277507669561,0.3719945041869535,1,0.10753109261029792,-0.014071568422624187,0.3566395237566322,1,0.1401715940781925,0.08214531712127915,0.3434518745837051,1
1103.418606,grid_1312_y612_z564,471.808,614.232,562.331,111.57789747974282,0.618,-0.051912442179432625,0.025914598218646872,0.403267462125386,1,0.010202138703223815,-0.05228220772262275,0.3887348789869801,1,0.074957703913346,-0.09624567052570428,0.3709747718850612,1,0.10814401741451221,-0.014099405396639345,0.3616548723740734,1,0.13931438639362898,0.08226511366762193,0.3427306010960812,1
1104.051105,grid_1313_y610_z564,471.704,612.267,562.343,109.61255822669231,0.621,-0.05364790811801438,0.025464197831381312,0.39862402618900755,1,0.008314058165878355,-0.05128652917950841,0.38425481324874555,1,0.07420504927689728,-0.09657707477329078,0.3738733404609757,1,0.10752563524576733,-0.013923191259946496,0.3622136929551187,1,0.1381947136251265,0.08213694242590538,0.3417129672935616,1
1104.682062,grid_1314_y608_z564,471.612,610.21,562.704,107.5630717811648,0.62,-0.05610374459016878,0.02532985361037291,0.40265986990374925,1,0.006686127261493087,-0.051103433403319874,0.38461503552802395,1,0.07164914465969274,-0.09413798891229916,0.3660876134076859,1,0.10661985225875703,-0.01330223013091741,0.36155640883082385,1,0.13905554325807107,0.0827358868783763,0.34446118647991586,1
1105.415998,grid_1315_y606_z564,471.64,608.143,562.759,105.49833254132508,0.724,-0.05848703459522951,0.02492148494343336,0.4031668867603407,1,0.0051898916522245125,-0.05112752443756804,0.3855247952098633,1,0.07136969363327368,-0.0949775747278743,0.37124594827432145,1,0.10588227218199942,-0.013115243903651461,0.36224982882961854,1,0.13868040973717555,0.08312653805034927,0.34547137371779074,1
1106.992858,grid_1316_y604_z564,471.472,606.323,562.775,103.67788736755779,1.567,-0.06075485294595641,0.024859326973877615,0.40303848671571274,1,0.003114271861554561,-0.050580250950845854,0.3857016804474611,1,0.06958863274530336,-0.09383404588275449,0.36914200297321964,1,0.10413108844728278,-0.0130098296644902,0.35886746501636835,1,0.13797787754748678,0.08271047473333978,0.34389712851753534,1
1108.685584,grid_1317_y602_z564,471.711,604.233,562.861,101.59309750174955,1.682,-0.07207773256398206,0.028265723001610378,0.4628224361660876,1,0.001771370402808967,-0.04940137441027527,0.380188670042897,1,0.06811518947454809,-0.09320696826841415,0.36724874790858686,1,0.10097468321072436,-0.01247155728741357,0.35035256012926014,1,0.1395846472013872,0.0846925793542729,0.3496733684228053,1
1130.661137,grid_1318_y600_z564,471.669,602.312,562.812,99.67114010585013,21.965,-0.07440814554231577,0.028246247384532575,0.46210423117223626,1,0.0003371421760244873,-0.050259181946870415,0.3910066249452421,1,0.06764810296467778,-0.09282492411833906,0.3688839462108754,1,0.10430821818723682,-0.012574793115485738,0.3645425419128848,1,0.13928852377633497,0.08480167295643518,0.35023572733472824,1
1131.468992,grid_1319_y598_z564,471.734,600.335,562.651,97.69144814670325,0.797,-0.06813704502779691,0.024801407694018663,0.410467943190591,1,-0.0009763081502390522,-0.05027741179831937,0.3985879209621396,1,0.0673907030787387,-0.09353342231918516,0.373406989470151,1,0.10164740529032557,-0.012276971945470777,0.3571864238417849,1,0.13671923333667135,0.08346131185067648,0.34422440950485295,1
1132.882113,grid_1320_y596_z564,471.708,598.386,562.323,95.73500315976386,1.402,-0.06893568954124174,0.02477724983723238,0.404274940375025,1,-0.0024179149133271697,-0.04818348729200496,0.38619987705142755,1,0.06656087594371893,-0.09290710041756221,0.37211376999049117,1,0.10037595843817013,-0.01186512673382632,0.3557588291547714,1,0.13715598849262797,0.08400602841195177,0.3465801641276281,1
1133.525027,grid_1321_y594_z564,471.675,596.467,562.263,93.81489406272333,0.633,-0.0710909175802582,0.02481740124992874,0.407737654607493,1,-0.0036310851958425176,-0.04790285392369688,0.3899689195079162,1,0.06634394443410777,-0.09345797904979322,0.3752761660906372,1,0.10108274938399094,-0.011738381162648238,0.35948474794178675,1,0.13558510152171446,0.0834010114972223,0.34334692543219053,1
1134.151253,grid_1322_y592_z564,471.653,594.515,562.029,91.85824733795002,0.615,-0.07281590849338934,0.024787962746619353,0.40717915848380726,1,-0.004678079634933857,-0.04701092025398864,0.3902238840755499,1,0.06426604128734792,-0.09110891940177186,0.3671954710649807,1,0.09966995614112481,-0.01152808023137822,0.3559520787858542,1,0.1351304830236148,0.08322018451302268,0.34241119082036403,1
1134.889485,grid_1323_y590_z564,471.771,592.472,562.059,89.81782954959444,0.728,-0.07488104620777096,0.024678479304855522,0.40580276317692493,1,-0.006493641517432559,-0.045846483278157345,0.3886842672670064,1,0.06549188187186394,-0.09291895873992916,0.37650766590556234,1,0.10024181666305083,-0.011674344000365891,0.3594700195648905,1,0.13683834766955746,0.08454578934053855,0.3478152962548447,1
1135.517634,grid_1324_y588_z564,471.747,590.358,562.363,87.71122026856081,0.619,-0.07724557258439854,0.02449589736500571,0.40890643828026774,1,-0.007252068799663168,-0.045596049944815566,0.3912627518779122,1,0.06421157433760583,-0.09141594666857196,0.36983608867575446,1,0.10001925533760034,-0.011666326231722809,0.3578831157729612,1,0.13637241093351632,0.08420345428679185,0.3464652106921317,1
1136.150364,grid_1325_y586_z564,471.636,588.432,562.545,85.78946001695083,0.621,-0.07844284794086397,0.023752332080386247,0.40335900490512183,1,-0.00853197951691287,-0.04564590832929958,0.39921910749298184,1,0.06468917695336968,-0.09227103265818715,0.3734498818067019,1,0.09924279086408413,-0.01150876626038876,0.35483872165079366,1,0.13584275145248353,0.08363667877051825,0.3445626895674862,1
1136.781936,grid_1326_y584_z564,471.583,586.425,562.909,83.79384657598668,0.621,-0.08117640509566637,0.02357611197420938,0.4088755438494907,1,-0.009200238763738388,-0.044148764344810354,0.39217319507166276,1,0.06406640990331983,-0.09124588168912852,0.3701603574490012,1,0.09905393249670778,-0.011464667748516472,0.3541547459273286,1,0.13553798658556607,0.08338224540986086,0.3435041433636152,1
1137.702799,grid_1327_y582_z564,471.712,584.235,563.186,81.61651816881191,0.91,-0.08458538752196791,0.023251927042137986,0.4127548951790085,1,-0.010694789455047735,-0.04396848805035121,0.3998054953600704,1,0.06404167917237144,-0.09123142495749084,0.37229126694780657,1,0.09905393249670778,-0.011464667748516472,0.3541547459273286,1,0.13536905981892194,0.08331062369494797,0.3431240262680581,1
1138.328884,grid_1328_y580_z564,471.722,582.248,563.139,79.62945117228932,0.615,-0.08513235889348034,0.022718957746849806,0.40790358020998374,1,-0.011447720946207624,-0.04244825828815509,0.3924750968072473,1,0.06439590181321057,-0.0919301357513321,0.3754199297690333,1,0.09905393249670778,-0.011464667748516472,0.3541547459273286,1,0.13558625625017512,0.08344311526034828,0.343683308366903,1
1139.055177,grid_1329_y578_z564,471.785,580.136,562.918,77.51192709512516,0.716,-0.08744870500004763,0.022978948118254246,0.4081025670965313,1,-0.013181769977165029,-0.041380163187933805,0.3964525260077236,1,0.06304906888191851,-0.09050390121134641,0.3710823511972633,1,0.09974624696805431,-0.011612338856844607,0.35682260249878034,1,0.13638002684578257,0.08430490923145957,0.34672648784591664,1
1139.679407,grid_1330_y576_z564,471.745,578.235,562.711,75.60454277356622,0.614,-0.08823684493049821,0.022790024274792202,0.4038081224000318,1,-0.014515105642709658,-0.04068505398693767,0.3985982302462519,1,0.06151881286259001,-0.08868389293703158,0.3651730305960052,1,0.0999341080812301,-0.011572296757495442,0.35846625173472385,1,0.1364913253669718,0.08433855876548174,0.3468968659613161,1
1140.314941,grid_1331_y574_z564,471.59,576.439,562.663,73.80598458797225,0.626,-0.09072632767752706,0.02279814644278339,0.40583332925114035,1,-0.01574015821348081,-0.03936722279117325,0.3960002155127294,1,0.060737059801481086,-0.08826285702261295,0.36615712496294256,1,0.10050379468809834,-0.011620598091013101,0.3610143082151091,1,0.13706540408384577,0.08475862884410765,0.348578414450644,1
1140.947162,grid_1332_y572_z564,471.876,574.295,562.586,71.66514844748454,0.621,-0.09391461185578129,0.023078110901687366,0.4115886111941191,1,-0.016705448621549768,-0.037885795972854845,0.3925239051326206,1,0.0612186234685533,-0.08913849660921012,0.3720041776214459,1,0.09996383876153206,-0.01146099493615849,0.35974185672977843,1,0.13710583658033862,0.08475738302722327,0.348645586049072,1
1141.673876,grid_1333_y570_z564,471.882,572.243,562.692,69.61851154685806,0.717,-0.0959483973811284,0.02284543637084288,0.41129184410158787,1,-0.018593323917290586,-0.037332073036606774,0.39815362144816324,1,0.05998498887027019,-0.0883937027943218,0.3709119141358519,1,0.09891257024995223,-0.011348899717728421,0.3570086402742608,1,0.13683216363301182,0.08460097150918595,0.34804229050285346,1
1142.371841,grid_1334_y568_z564,471.831,570.447,562.515,67.81676120252281,0.688,-0.0974279152204348,0.02276040758754798,0.4101903111891523,1,-0.019702200513293057,-0.03662207393477094,0.3980905938305318,1,0.06005239829203227,-0.0887735757850563,0.37568442756097953,1,0.09939978224010444,-0.011390076056726008,0.3596460519369617,1,0.13692640964512612,0.08482063387389069,0.3489416515150169,1
1145.458056,grid_1335_y566_z564,472.004,568.353,562.709,65.73492509313444,3.076,-0.10091371144631014,0.022630244462411665,0.4140574750527005,1,-0.021917705309695255,-0.03604961850446349,0.40620189563746234,1,0.05897150399118069,-0.08697930062433032,0.3732092319735881,1,0.09887242157815204,-0.011366792220107478,0.35759472044604634,1,0.13637906375047254,0.08450781083781601,0.34773506042257984,1
1146.472356,grid_1336_y564_z564,472.006,566.265,562.758,63.65100032206878,1.003,-0.10290138941708886,0.02258937061762613,0.41386151653921016,1,-0.022710433572505257,-0.03424553225278601,0.39598625077372984,1,0.05707739166448025,-0.08479670806244509,0.3658744719614178,1,0.09894534088187337,-0.011349595624683392,0.35777708003058123,1,0.13637906375047254,0.08450781083781601,0.34773506042257984,1
1147.107866,grid_1337_y562_z564,471.764,564.445,562.985,61.83799551246797,0.625,-0.10413036200227259,0.022312834509258094,0.4140355287044996,1,-0.02353871953672182,-0.03344688692650808,0.39911086206609103,1,0.056419418932777264,-0.08399060790348845,0.3650605675671874,1,0.09897458842085072,-0.011374604142990354,0.3575444811706006,1,0.1359375935398289,0.08411876521868453,0.34609537638208615,1
1147.739012,grid_1338_y560_z564,471.911,562.226,562.956,59.62334078194547,0.62,-0.10783558376777606,0.022345712207197138,0.42115024063393075,1,-0.024537462661876064,-0.03183562897714005,0.39764460710926725,1,0.056765947264061076,-0.08375297169625104,0.36999609131169425,1,0.10078646944033227,-0.011509409227850546,0.36277459185348526,1,0.13710583658033862,0.08475738302722327,0.348645586049072,1
1148.533521,grid_1339_y558_z564,471.798,560.221,563.313,57.63700846678289,0.783,-0.10851956555571136,0.021637759907869075,0.4154688616155049,1,-0.02648369217214937,-0.031260101211881365,0.4046871705886697,1,0.05598832611698085,-0.08234195893147629,0.3701063690901939,1,0.10146613718417737,-0.011631471167932192,0.3645156496011883,1,0.13710583658033862,0.08475738302722327,0.348645586049072,1
1149.175613,grid_1340_y556_z564,471.847,558.191,563.296,55.610634747321534,0.632,-0.11071234378051745,0.021389959106058478,0.41683405456537476,1,-0.027149497158076796,-0.029486416013488236,0.3961928038066035,1,0.0549759930063744,-0.080837048887202,0.36882901300171256,1,0.10088873168652994,-0.011624947321780738,0.36241484476954083,1,0.13710583658033862,0.08475738302722327,0.348645586049072,1
1149.857979,grid_1341_y554_z564,471.783,556.249,563.32,53.6722762420228,0.672,-0.11448599626070965,0.02173575613200949,0.42359344579655084,1,-0.028735160268117853,-0.028356838897879072,0.396983818361226,1,0.05385108202682509,-0.07873248956986914,0.36669493940959114,1,0.10050379468809834,-0.011620598091013101,0.3610143082151091,1,0.13710583658033862,0.08475738302722327,0.348645586049072,1
1150.585147,grid_1342_y552_z564,471.958,554.117,563.325,51.54906875007538,0.718,-0.11626043748725953,0.021586262753811942,0.4233337811884299,1,-0.030439420615804524,-0.027362714662870324,0.4016993085200412,1,0.05385217538541602,-0.07749782893041471,0.36997801426213767,1,0.10031132618888253,-0.011618423475629285,0.3603140399378933,1,0.13690367409787443,0.08476361211164515,0.3483097280569321,1
1151.212041,grid_1343_y550_z564,471.618,552.5,563.391,49.93212478955809,0.617,-0.11574059981518717,0.021087413333272378,0.41548337450829476,1,-0.03157730255572263,-0.026521976222503275,0.4024570330613783,1,0.05235445705922136,-0.07518585173455168,0.36590075164106955,1,0.10119653212402353,-0.011606496101854855,0.3636336025403538,1,0.1369845390908601,0.0847611204778764,0.34844407125378807,1
1151.835354,grid_1344_y548_z564,471.507,550.665,563.511,48.10748141401707,0.613,-0.11840968958102768,0.021217569224904944,0.41908116624531083,1,-0.03272149250787912,-0.02548019067436056,0.3980594409839271,1,0.051394621609797485,-0.07413235576862279,0.36692824088203524,1,0.09975147758706669,-0.011425428939964228,0.3599978647836376,1,0.13710583658033862,0.08475738302722327,0.348645586049072,1
1152.482352,grid_1345_y546_z564,471.589,548.779,563.395,46.21990731275866,0.636,-0.12027341997599664,0.021052807829096597,0.41901572600481946,1,-0.03412328383235475,-0.024607614469198423,0.39653991514960335,1,0.0508866037446112,-0.0740872950074335,0.3730864140451119,1,0.098672373644756,-0.011131687193513502,0.35857028212368103,1,0.14052613421262306,0.08727069121855421,0.35842279538075866,1
1153.329935,grid_1346_y544_z564,471.793,546.571,563.452,44.02709198891068,0.836,-0.1240434772141299,0.0212340251273248,0.42489732309058265,1,-0.03660571377800674,-0.024200412389533785,0.40268369812653876,1,0.049131218418093404,-0.07204423905767635,0.37032453146927286,1,0.09908544898829638,-0.010995127341621396,0.3609062611496555,1,0.13713927302499812,0.08544594478514557,0.35077105509462364,1
1154.028774,grid_1347_y542_z564,471.624,544.884,563.064,42.31305078814339,0.688,-0.1265765774171444,0.021612723094377527,0.42756462786475397,1,-0.03784156413170538,-0.022978756290953084,0.4007275768737725,1,0.04853850520735957,-0.07133950613382439,0.3754304644148329,1,0.09829803893057419,-0.010970678001098003,0.3609011456213783,1,0.13402833806832143,0.08387940833428943,0.34394338079887044,1
1154.828825,grid_1348_y540_z564,471.779,542.809,563.022,40.24481895846966,0.79,-0.12682628324602244,0.021340756279616475,0.42275936907351674,1,-0.039814709973347163,-0.022341142244870472,0.4063645774297508,1,0.046934963878540834,-0.06930790452305505,0.3725318874101954,1,0.09765375354723842,-0.01095807110903539,0.3602502814810847,1,0.13271552210661008,0.08307026950935784,0.34033484093151245,1
1155.509287,grid_1349_y538_z564,471.725,540.719,562.966,38.15551101741405,0.669,-0.1280651284432089,0.021209509991964103,0.41968294678751966,1,-0.041598779757072844,-0.02105913111093744,0.40552456931675823,1,0.04601481693192964,-0.06752395000618745,0.375412198936999,1,0.09741921299223799,-0.010804577677985424,0.36057530417214895,1,0.1319742870311663,0.08261503555753381,0.3381847357053101,1
1156.193674,grid_1350_y536_z564,471.765,538.648,562.906,36.087891404181576,0.674,-0.13122540848581213,0.021656431246499002,0.4234587344599031,1,-0.043072982486870026,-0.019180053923299724,0.4058199791958529,1,0.0449920501136076,-0.06400595421097421,0.37293611667283616,1,0.09797219811102258,-0.010760046737513502,0.35999389214398886,1,0.13369464853379842,0.08374622005568662,0.3431265790090733,1
1156.941834,grid_1351_y534_z564,471.81,536.471,563.087,33.93521417348064,0.738,-0.13224521707496734,0.021496367106995797,0.4209165286147236,1,-0.04375948483313023,-0.01712178624794401,0.401053093899835,1,0.04409188911010732,-0.06166265213832957,0.3743035398625872,1,0.0989597091213835,-0.010939585314105172,0.3606563657420777,1,0.13696030760017747,0.08556802647855472,0.35070736209591835,1
1157.571607,grid_1352_y532_z564,471.631,534.546,563.193,32.02271976269355,0.62,-0.1346175773680745,0.021437924402329788,0.422414619468891,1,-0.04559666930865974,-0.016069411847110693,0.404060176569477,1,0.04336275737214847,-0.059342456253817136,0.3751312053430921,1,0.09905996178668783,-0.010972761410971364,0.36095363225517285,1,0.13561436083225145,0.084558927981038,0.34714194937436355,1
1158.201994,grid_1353_y530_z564,471.486,532.585,563.336,30.08226258112915,0.619,-0.13753529211089552,0.02151270634295478,0.426020322657428,1,-0.04723797804136728,-0.014973600047770158,0.4048021806345995,1,0.04182647695678603,-0.056567239653188904,0.37108090386470394,1,0.09905996178668783,-0.010972761410971364,0.36095363225517285,1,0.1356467534652513,0.08456468110051467,0.3471698295010027,1
1158.936884,grid_1354_y528_z564,471.718,530.412,563.601,27.96233298564343,0.725,-0.13725321107941843,0.02097868958628181,0.41965598858308306,1,-0.04893943009302591,-0.013846260291160126,0.4050891255189609,1,0.040939716122425876,-0.05471124730008835,0.3729476128927321,1,0.09905996178668783,-0.010972761410971364,0.36095363225517285,1,0.13564067886053913,0.08453121183491089,0.34704138345481733,1
1159.564396,grid_1355_y526_z564,471.44,528.665,563.406,26.196051190971485,0.616,-0.13815476687853503,0.02083337736560522,0.416786268406125,1,-0.050451771307277515,-0.012650879337372961,0.4039340958799717,1,0.03976317033263584,-0.052427411431857876,0.37301339050768506,1,0.09905996178668783,-0.010972761410971364,0.36095363225517285,1,0.13563012864617363,0.08454049082559652,0.34707354157708464,1
1160.197302,grid_1356_y524_z564,471.509,526.597,563.537,24.166466022155575,0.621,-0.14103254485356762,0.02106202985220853,0.4197253051904107,1,-0.052441325854286305,-0.011338051508262266,0.4073079706305206,1,0.03842055879876714,-0.05014660581264593,0.3728357517927187,1,0.09891482098066667,-0.010939462767087823,0.3606922209424469,1,0.135952652575408,0.08474591746078183,0.34779813768811946,1
1160.834657,grid_1357_y522_z564,471.379,524.739,563.451,22.311859716303395,0.627,-0.14262680556106638,0.02106424570138995,0.4197406686681041,1,-0.053328491708580075,-0.009755532514153134,0.40271635154617424,1,0.03748292495476421,-0.047754230371665894,0.3742324941452425,1,0.09905996178668783,-0.010972761410971364,0.36095363225517285,1,0.1363816635332298,0.08497648317256914,0.34885807531276153,1
1161.620026,grid_1358_y520_z564,471.704,522.426,563.474,20.04657584227298,0.775,-0.1454369998073444,0.021699031908247506,0.42184774400223485,1,-0.05567716480028101,-0.00763790887551938,0.407000213462532,1,0.036507767950008284,-0.04428045753316097,0.3752525692918491,1,0.09993934023897902,-0.011240143464145954,0.3615861921515399,1,0.13634591336378338,0.08467983596408227,0.3473888077991875,1
1162.265567,grid_1359_y518_z564,471.696,520.569,563.441,18.213930520346214,0.635,-0.14796844958243094,0.021976578854156655,0.42417347071679024,1,-0.057207368332507204,-0.006334461857644302,0.40779706211797784,1,0.03525300722138848,-0.041595736953032446,0.37503515087951006,1,0.10018751448640843,-0.011306943911624701,0.36169566613629656,1,0.13355784729990833,0.08304301055715767,0.34011544747770356,1
1162.908127,grid_1360_y516_z564,471.671,518.643,563.155,16.270059250045808,0.633,-0.1506370857818002,0.022735128880481188,0.426463619301947,1,-0.05811872709678537,-0.004637833281218171,0.40294844880604525,1,0.03387024392208511,-0.03901297324610571,0.37359583063288093,1,0.10046305997449392,-0.011338381261193815,0.3619741905874906,1,0.13408875069135712,0.08333306695568694,0.34139973140035396,1
1163.53607,grid_1361_y514_z564,471.677,516.708,563.088,14.363284652195658,0.617,-0.15012444904415054,0.02318215948857269,0.42031183986330556,1,-0.06042138429048864,-0.0031095762429913794,0.4078948879315509,1,0.03272290147945251,-0.036334213844291266,0.3749792922114423,1,0.10078315835628045,-0.011562898568429559,0.36228030196294314,1,0.1364038154437573,0.08451357760944181,0.3460817522369561,1
1164.772491,grid_1362_y512_z564,471.743,514.709,563.041,12.413286591390664,1.224,-0.1566512309299744,0.024173905843423417,0.4312070336224812,1,-0.06142075225068174,-0.001244596371372043,0.39985789759613544,1,0.030195282647029364,-0.03274209592117096,0.3687069831786095,1,0.10077025147992576,-0.011591507018189496,0.36233221101724655,1,0.13524106237686945,0.08384054673930229,0.3429074261391031,1
1165.402515,grid_1363_y510_z564,471.779,512.714,563.188,10.536709828025122,0.621,-0.15772482504967283,0.024458984660401906,0.4305599225873178,1,-0.0628023637650392,-0.0002188196959292732,0.4002303012560654,1,0.03004154149336317,-0.03182527650559773,0.37844310084473676,1,0.10038109361125533,-0.011574711267446641,0.36106714703506465,1,0.14126499342939444,0.08741531792838153,0.3582639013798408,1
1166.263194,grid_1364_y508_z564,471.823,510.587,563.372,8.608715641720291,0.851,-0.1609358686727836,0.026616076698439583,0.43369743762207796,1,-0.0671082007217547,1.956756776878365e-05,0.4124475789131175,1,0.029317714398171962,-0.029700407922707877,0.390781740555206,1,0.1000235259005607,-0.011353681250846728,0.36056401774103264,1,0.14327346642933514,0.08852322522788494,0.36331537825912696,1
1166.946273,grid_1365_y506_z564,471.834,508.548,563.681,6.937070995744553,0.672,-0.16167411952885832,0.026542147167182856,0.4306155436729619,1,-0.06812516212602819,0.0022507337088728437,0.4093479472356668,1,0.02691415456661451,-0.02662675741589408,0.3791012171518699,1,0.09983166564206403,-0.011570733194689766,0.35926981266416746,1,0.13772048412230303,0.08504136069443634,0.3488061601845276,1
1167.872677,grid_1366_y504_z564,471.537,506.822,563.665,5.487881285159117,0.915,-0.16357857419575975,0.026212563695264247,0.4302816869023812,1,-0.06920358312930491,0.004394932972997658,0.406971006907537,1,0.02509381396920431,-0.02392478195248545,0.37542610602887544,1,0.09759709539183767,-0.010966905489777422,0.35361947925767867,1,0.14258146960188106,0.08813226978348562,0.36148943743255907,1
1168.562731,grid_1367_y502_z564,471.679,504.632,563.732,4.185913281471516,0.679,-0.16599753711018012,0.026256427385129642,0.4326598113243203,1,-0.07047269626494607,0.004778148012674064,0.40479703917648796,1,0.024280112910742092,-0.023405009772483575,0.38559996417697756,1,0.09870766452064599,-0.011002592373413996,0.35922720548202003,1,0.1377363293882384,0.08537553315880886,0.3490167551247864,1
1169.188716,grid_1368_y500_z564,471.549,502.77,563.792,3.728352182935511,0.615,-0.16780329320569945,0.026272955992171214,0.4325636850723492,1,-0.07261420578236114,0.005550742876596941,0.40665113985978,1,0.022270201459858738,-0.02137935597300819,0.3799186238037397,1,0.09897030451208282,-0.010814252815417905,0.36308010101046573,1,0.13441092117688488,0.08350477398089036,0.3414728826936482,1
1169.918729,grid_1369_y500_z566,471.205,502.483,564.615,4.478073693006832,0.72,-0.16885069550863227,0.025461812823030644,0.43408436857550853,1,-0.07499839686645819,0.005263603011260316,0.4178108875689901,1,0.021661054848095752,-0.02102374382012671,0.37934807703743956,1,0.09675489975104849,-0.010521360353351442,0.3567167684604565,1,0.13284991621881265,0.08254533585243429,0.337853349178889,1
1170.599113,grid_1370_y502_z566,471.257,502.54,564.892,4.757159026141577,0.671,-0.16825875258037035,0.025099980781847837,0.43270646135431745,1,-0.0740002464905409,0.004847429462192077,0.41234068202801033,1,0.021403477649358005,-0.020764857645644584,0.37184689514217334,1,0.09591404806977924,-0.010442916433957176,0.35391581023928964,1,0.1328515342040284,0.08252288177657384,0.33775226722924634,1
1171.281146,grid_1371_y504_z566,471.795,502.889,566.234,6.169459376639107,0.672,-0.16574205892565683,0.02314856991429797,0.42640673285644065,1,-0.07219980039395062,0.003599730638078923,0.40484650325653704,1,0.022482849038279556,-0.0225450579718183,0.3809182452630549,1,0.0965918577503222,-0.010557932296425107,0.35505443133406117,1,0.13419565514825912,0.08355680494197336,0.3414483694752398,1
1172.020493,grid_1372_y506_z566,472.196,504.257,566.575,6.770244087180344,0.729,-0.1650141546611575,0.0228594250200429,0.42688418875504563,1,-0.07101590398050721,0.0029360790574833122,0.40180920275769283,1,0.023424394816686338,-0.02359009633908824,0.38106094086690134,1,0.09830976819289548,-0.010865702447419625,0.3585855735667367,1,0.13712206802775612,0.08513315939816393,0.34771617716880066,1
1173.044403,grid_1373_y508_z566,472.155,506.466,565.893,7.0207604288994325,1.015,-0.16339323415293858,0.023927694564965393,0.4282572766703964,1,-0.06982379676688201,0.0026515734727014517,0.40675470309220796,1,0.025872486658972987,-0.02529877275964963,0.38566301223707206,1,0.09944951116964942,-0.01125101956491464,0.359161484586337,1,0.13469106490490687,0.08314097452775693,0.3407248183811408,1
1173.7256,grid_1374_y510_z566,472.173,508.35,566.051,8.305929267697906,0.671,-0.16140212976198479,0.023858094556650934,0.4274464898005263,1,-0.06831816915321219,0.00222577483704829,0.40878359834614575,1,0.02675088100652383,-0.026430642202550307,0.37945677152824203,1,0.09949633802247244,-0.011506132479050666,0.35678730193303954,1,0.13653047012268976,0.08420427564694971,0.3451042837425444,1
1174.363212,grid_1375_y512_z566,472.339,510.131,566.241,9.754885955253364,0.625,-0.1607790797960644,0.024103799979697246,0.43029573508453645,1,-0.06607771883289375,0.001477788559582701,0.4051638367782749,1,0.028406487664958464,-0.027736437898961297,0.3800079996250211,1,0.10111744743044018,-0.011716095580100639,0.35889548206690397,1,0.14303454321048129,0.08791356301951041,0.36071799796338483,1
1176.763073,grid_1376_y514_z566,472.391,512.307,565.451,11.114740302859111,2.389,-0.15996145944039702,0.02525297902687018,0.4347199385014811,1,-0.06320083133089154,-0.0031436683085472963,0.39595575122400967,1,0.029216206877593354,-0.02967932693440466,0.36818376377320566,1,0.10000296652571858,-0.011551673997097209,0.3567375221842335,1,0.13897792277373103,0.08558508640239244,0.35069022298985864,1
1177.829942,grid_1377_y516_z566,472.643,514.114,565.512,12.774338260747603,0.952,-0.15770436198335033,0.02503876198762437,0.4327895202875842,1,-0.06342507254299581,-0.005036371177217504,0.4070751548219789,1,0.03194425952918224,-0.03331704999667394,0.38157863475358955,1,0.0998672455274355,-0.011628225979613547,0.3558379653655055,1,0.13711143277455168,0.08437856278810918,0.34642076777055564,1
1178.457026,grid_1378_y518_z566,472.588,515.966,565.784,14.550617959385793,0.618,-0.15562884686998546,0.02488675085417335,0.43078575022153043,1,-0.06224435256614898,-0.006044646459115672,0.40790400972154794,1,0.03294093097833014,-0.03470025267979878,0.38029975331957455,1,0.10125235725169195,-0.011728195690942422,0.35914852764353744,1,0.136486822430397,0.08382234570593236,0.3446818529735157,1
1179.084487,grid_1379_y520_z566,472.73,517.926,565.724,16.356746467436675,0.617,-0.15410098027859778,0.024972805697002227,0.43118804513339465,1,-0.0605021612663188,-0.007146640164061883,0.40603760484552326,1,0.03449418309942694,-0.036583286640722495,0.3811605548749338,1,0.10085046586056727,-0.011731094382026993,0.35724753464444065,1,0.13616828819320667,0.0834647916034001,0.34335408759180913,1
1179.821426,grid_1380_y522_z566,472.429,519.986,565.748,18.267348192882306,0.725,-0.15162219583822464,0.025102235375944776,0.43114016180118675,1,-0.05770469777496044,-0.00830577211812555,0.40176966064245995,1,0.036704472514207574,-0.039435306532874616,0.3874108889612708,1,0.10162099600880581,-0.01218429912013877,0.3579456197689518,1,0.13600764485257816,0.08321507427410904,0.3423702656506792,1
1180.453387,grid_1381_y524_z566,472.448,521.85,565.969,20.106294387579272,0.622,-0.14760046324467335,0.024771164728590596,0.42489236424440086,1,-0.057127545687842396,-0.009501077045390105,0.40846572313523477,1,0.03705628291867694,-0.040169147019958225,0.3756229865285066,1,0.10166133888096382,-0.012281000457598498,0.3573072502817126,1,0.13600764485257816,0.08321507427410904,0.3423702656506792,1
1181.091668,grid_1382_y526_z566,472.575,523.837,565.931,22.009661696627695,0.624,-0.14662456368737492,0.025423245738540722,0.42786247505084846,1,-0.05528336700032275,-0.010601563010584885,0.40678205666810785,1,0.03817621763003302,-0.04174726010766285,0.3713007795750863,1,0.10290794033621176,-0.012383380436735975,0.36064223592855826,1,0.13646842217311045,0.08335753301690695,0.3430645745449055,1
1181.828841,grid_1383_y528_z566,472.452,525.874,566.195,24.029383970464202,0.728,-0.14616017802107875,0.025444642986231465,0.4320780958635879,1,-0.05297060715090011,-0.011879892443615928,0.40424957557620117,1,0.04041297862790298,-0.04471538463230359,0.37868177536096,1,0.10267392192734921,-0.012464310646028948,0.3591745808197996,1,0.13770607160242646,0.08379644924264855,0.3453979187112403,1
1182.46864,grid_1384_y530_z566,472.695,527.786,566.121,25.88070858767197,0.629,-0.14209393021628514,0.025345529884576123,0.4257117951987306,1,-0.051450391687139094,-0.012900709136806712,0.4057580034978835,1,0.04096109643537228,-0.04613666751456734,0.3711423875195891,1,0.10280663200557927,-0.012507493134638916,0.35882734136764954,1,0.13826109989784524,0.08392325305049474,0.3461740819553994,1
1183.224377,grid_1385_y532_z566,472.429,530.097,566.028,28.09035779409012,0.744,-0.14047213269948763,0.025968171623621018,0.42730327103241467,1,-0.04978293901994134,-0.014298362948741799,0.405430484099511,1,0.04240901074618883,-0.048535979485843025,0.37142307273427433,1,0.10296600572986225,-0.012528490673179344,0.35942950587104666,1,0.138371107368901,0.08400111652783067,0.3465058834529057,1
1184.963683,grid_1386_y534_z566,472.586,532.021,565.988,29.973093700851084,1.728,-0.1334124062647985,0.025577907327924893,0.4123629707289889,1,-0.04904198583218962,-0.01610145107486475,0.41400404127582496,1,0.04214662836274813,-0.04935324622039685,0.35595690871165714,1,0.10370041151231071,-0.012561593602537552,0.36239292069601853,1,0.1385911223110125,0.08415684348250252,0.34716948644791845,1
1185.600359,grid_1387_y536_z566,472.662,533.99,565.88,31.888275760849805,0.626,-0.1338908293021814,0.026106246809673057,0.4187153117789519,1,-0.04663441749134646,-0.01638175047833625,0.40568692412208457,1,0.04477841009235566,-0.052452188163798666,0.3699139287271002,1,0.10252929938031363,-0.012501888027558347,0.35675328993504063,1,0.13788589343774305,0.08365237160596531,0.3449432007211417,1
1186.686536,grid_1388_y538_z566,472.667,536.106,565.523,33.91039688650076,1.075,-0.13220128625594968,0.026892705817528006,0.4219066617127175,1,-0.0433932912074701,-0.016546745181398433,0.3983569400486263,1,0.04563671049931347,-0.053620904476721944,0.36377348912432317,1,0.10309107969319309,-0.012759355356889795,0.3555969781168331,1,0.13554531758927285,0.0814483594549668,0.33780501326043294,1
1187.319673,grid_1389_y540_z566,472.709,538.018,565.698,35.825432781754394,0.621,-0.13117026335405582,0.0272920102365163,0.42336811473872854,1,-0.04228604115500737,-0.017242926735956923,0.40058638615223785,1,0.047207154887539786,-0.05476161060635365,0.3658989850151656,1,0.10473552273026907,-0.013041658415930515,0.35917863645563486,1,0.13878327670766527,0.08303640479432693,0.34459921111084174,1
1188.062421,grid_1390_y542_z566,472.941,540.023,565.244,37.75433025495225,0.732,-0.12785746705580953,0.027441864381572444,0.41851484147861095,1,-0.04142514781183123,-0.017658540551172844,0.4059207230116785,1,0.04918546078264514,-0.05608740958301869,0.36970514620936357,1,0.10626381796352753,-0.013460754572961193,0.3602034558390991,1,0.13937899131874523,0.08305187952297619,0.34510993531832446,1
1188.699411,grid_1391_y544_z566,472.782,542.12,565.497,39.85374514396358,0.626,-0.12612631773243296,0.02749700516140912,0.4195817487000467,1,-0.038787493793836794,-0.018069767928369812,0.4028608945784383,1,0.05070283143435106,-0.0564714882380231,0.3653319046944204,1,0.10800883034427189,-0.013916138406758169,0.3618555319299092,1,0.13939561879348866,0.08244539874850684,0.3428913583008759,1
1189.33564,grid_1392_y546_z566,472.79,544.07,565.701,41.81126759618758,0.625,-0.12312610936246318,0.027495076710783845,0.4173087601496922,1,-0.036402936957482666,-0.018503414685000347,0.3989141791965743,1,0.052247850633021245,-0.05714305165340795,0.36281307781241373,1,0.10862572567796211,-0.014074412821516682,0.3596829002771556,1,0.14047236973264554,0.08240899237448153,0.34393111268167037,1
1189.968096,grid_1393_y548_z566,472.855,545.787,566.064,43.562435664228005,0.622,-0.12230622906384722,0.027572131586787063,0.4198555720779159,1,-0.03458207837995647,-0.01911567084470009,0.39638606302481627,1,0.054587006015017495,-0.059177764531450516,0.3686548658735462,1,0.10997485541118093,-0.014539240118384467,0.36150330693078436,1,0.14253860829072848,0.08323117902776415,0.3479236030539251,1
1190.708601,grid_1394_y550_z566,472.744,547.875,566.021,45.61877443553258,0.729,-0.12001970018365893,0.0273436960735197,0.4188304083393245,1,-0.03312182854727133,-0.01998207745499699,0.40372958211746335,1,0.05676259922150941,-0.060625585173466126,0.36964041454811947,1,0.10994849840146981,-0.014642304064352832,0.35779507614456807,1,0.1445753330252134,0.08390623664063199,0.35161865519992397,1
1191.395403,grid_1395_y552_z566,472.818,549.729,566.056,47.46384175348648,0.675,-0.1171653588365799,0.027010478931976174,0.41505178445608826,1,-0.031022823552163608,-0.019621966861984242,0.3984869124561102,1,0.057052552018075166,-0.0629149915290654,0.3678868568701355,1,0.10964050915556585,-0.014432699879731444,0.35827283811150135,1,0.1419492847705726,0.08262481076922124,0.3457058331907244,1
1192.037529,grid_1396_y554_z566,472.769,551.744,566.114,49.46669912173243,0.623,-0.11433645064014455,0.026661527142132845,0.41206026677315305,1,-0.029246562227896216,-0.019934891190496323,0.39883434650077965,1,0.057217793294897165,-0.06571493348427675,0.3657322129816082,1,0.10905957706345111,-0.014135407827749049,0.3595490204786836,1,0.14125628179398636,0.0826169431874664,0.3453416525257969,1
1192.993759,grid_1397_y556_z566,472.773,553.888,565.855,51.56492952579306,0.945,-0.11331512588211026,0.027737939499673608,0.41929221362585134,1,-0.027721194706370765,-0.022040470120669085,0.3961748547029906,1,0.05716023290184724,-0.07086973619041097,0.3663310135765433,1,0.10715810716606458,-0.013429818973491558,0.36145178370463393,1,0.13905894277142355,0.08249562004243664,0.34316580313392986,1
1193.629585,grid_1398_y558_z566,472.789,555.683,566.199,53.38623785209068,0.625,-0.11160793070014334,0.027464448154236737,0.4175001741755587,1,-0.026460877374349018,-0.022965335765841064,0.39167077019047325,1,0.05813995242015213,-0.07316054251792996,0.3687637752166636,1,0.10654868451339512,-0.013390383784017967,0.36003375868473025,1,0.13867514183950372,0.08244421100574306,0.342887470245369,1
1194.372975,grid_1399_y560_z566,473.02,557.825,565.421,55.443844680902195,0.733,-0.1092230447166572,0.02822888243503845,0.4149794363261045,1,-0.025137577711481618,-0.02353962669114375,0.3979037719764018,1,0.058787125415838956,-0.07420811001740397,0.3661856800707786,1,0.10739736608260415,-0.013571362051475907,0.36188680359977365,1,0.13886716251811043,0.08240102911074657,0.34268158340414306,1
1195.00152,grid_1400_y562_z566,473.089,559.736,565.777,57.38140577748162,0.618,-0.1063973611581999,0.027845444018537852,0.41143169579305205,1,-0.02376578475765177,-0.02432678184928521,0.39927200313145567,1,0.06014316845435099,-0.07541296617287238,0.3655605408090849,1,0.1079463173134229,-0.013955168361054043,0.3620338679462204,1,0.13926028797303774,0.08203267359569458,0.3424298312737864,1
1195.969638,grid_1401_y564_z566,473.043,562.017,565.491,59.62188437142865,0.958,-0.10523483753576753,0.028755242701117335,0.41797951727258525,1,-0.02073396996815068,-0.024303607482728574,0.3942133337304365,1,0.06737366346498305,-0.08286243454358452,0.3958795559629621,1,0.1075820396163116,-0.01402989841847314,0.35698176733995535,1,0.141383855856675,0.08312352693164907,0.3465461518250317,1
1196.712497,grid_1402_y566_z566,473.156,563.97,565.347,61.558067269855094,0.731,-0.10302074458092518,0.028592523074678133,0.41663994433091733,1,-0.019171240360381363,-0.025116742494138707,0.3944595444044737,1,0.06323530721076416,-0.07753065297779113,0.3647230462917862,1,0.10858865136935444,-0.014114019130807388,0.3580124732626193,1,0.14326858926000482,0.08366173348997596,0.3503233351029412,1
1197.496588,grid_1403_y568_z566,473.083,566.055,565.237,63.622565493698815,0.774,-0.09820369389672878,0.028215808475279498,0.4046532324597615,1,-0.01727106830848978,-0.0254268255160219,0.3936897838688667,1,0.06535226242203407,-0.0792422050683311,0.36936059213991956,1,0.10992226069899491,-0.014507294056308503,0.3601654605470695,1,0.14049534615531648,0.08186808681811593,0.3431522938122139,1
1198.124042,grid_1404_y570_z566,473.16,567.899,565.387,65.47424673106214,0.615,-0.09696604299045916,0.028253907513364845,0.4070419245021125,1,-0.015741919201931763,-0.025978925591462903,0.3939197902896724,1,0.0664514291835163,-0.07949522665626677,0.36769180724086226,1,0.10891962916159173,-0.014566014421721485,0.354081984372641,1,0.141248403072743,0.08186341263932867,0.34362221727251524,1
1198.815936,grid_1405_y572_z566,473.192,569.861,565.337,67.42614923751763,0.68,-0.09536922350189328,0.0285574254719837,0.40865277172495806,1,-0.013842605200885639,-0.026315313854583307,0.39215054037393543,1,0.06801890983529389,-0.0801799292137849,0.36664774874070055,1,0.11092804830009753,-0.014985846858344842,0.3569925017805784,1,0.14403623013414307,0.083206606923626,0.3490492615683191,1
1199.561868,grid_1406_y574_z566,473.102,571.762,565.643,69.3405958872578,0.735,-0.09408266582338125,0.028404396240563512,0.41165359757867365,1,-0.011907454592789418,-0.026879201647723068,0.38969759193815834,1,0.06937059211340312,-0.0807983341777012,0.3643092946455604,1,0.11288235905683248,-0.015311236942582606,0.35946030279228247,1,0.1422915998854269,0.0820046063607637,0.3444769172630008,1
1200.188894,grid_1407_y576_z566,473.117,573.954,565.423,71.50868213720621,0.615,-0.09196763774818362,0.028488990932561818,0.4111060161726751,1,-0.011032872373143121,-0.028753416703039304,0.3925601809705864,1,0.06909412631868264,-0.08307542412498095,0.3639353488940413,1,0.1117298827091795,-0.01504666895408702,0.3598218145690707,1,0.14124621291245545,0.08168869607728532,0.34289646869265494,1
1200.93756,grid_1408_y578_z566,473.132,575.772,565.673,73.33965760760006,0.738,-0.09293164205527896,0.021516718676578443,0.4121351201630635,1,-0.01431446800941045,-0.03895990511624349,0.39777799416144366,1,0.0649893117562321,-0.0900332464090198,0.3694135889446257,1,0.10474500093328927,-0.01273518428673182,0.3629501022909506,1,0.13718071853048325,0.08300372367553598,0.3433158071160195,1
1201.725592,grid_1409_y580_z566,472.977,577.96,565.646,75.51353983227119,0.777,-0.08988606791900036,0.01981639906725983,0.4061561830819699,1,-0.013480523230346052,-0.040911499430061324,0.39321175246180834,1,0.06446904315739932,-0.09010352534798169,0.36735451011995257,1,0.10464567447559932,-0.01256145229130054,0.36583186493727204,1,0.13640066486889343,0.08305006769712331,0.34284017130359984,1
1202.352922,grid_1410_y582_z566,473.089,579.88,565.833,77.44461660438382,0.615,-0.08784374459586546,0.01960201911583954,0.40335570567990214,1,-0.012426642497340882,-0.042179060994059395,0.39682049453474255,1,0.06498667394593786,-0.09050110889466897,0.3671407659233787,1,0.10358776870675065,-0.012549499381734308,0.36186241035791655,1,0.13765990188558713,0.08382830875743233,0.34578190860481384,1
1202.993976,grid_1411_y584_z566,473.151,581.991,565.483,79.52691265225879,0.631,-0.08597533787307013,0.019867305632706455,0.4035457361353208,1,-0.011045550590867682,-0.043098077104644264,0.3969030791517528,1,0.06661257374612925,-0.09219138941573245,0.3711487937503011,1,0.10243454496324178,-0.012505554444979536,0.35693159740360264,1,0.13838684943544782,0.08406057291655626,0.3467667104393185,1
1203.62323,grid_1412_y586_z566,473.218,583.904,565.219,81.42013523693021,0.618,-0.083665091629561,0.020407434145957287,0.40152502310550353,1,-0.009370059521819988,-0.042865314743213964,0.3909211580114536,1,0.06743171985986424,-0.09289675077520569,0.3722292686130798,1,0.10202531640171449,-0.012515160579718623,0.35424119038670465,1,0.1385024016515795,0.08394246865408833,0.3462578431043538,1
1204.931678,grid_1413_y588_z566,473.095,586.087,565.254,83.59640471336074,1.297,-0.0814824608167966,0.020825524068339294,0.40396697962833256,1,-0.00857440066847091,-0.04954941409072234,0.4402416075628234,1,0.06835420882785834,-0.09365570764324474,0.372933246325647,1,0.10376111887307748,-0.012943120758734156,0.3593496856725798,1,0.1395794302825168,0.08446974545285496,0.3486945681582831,1
1205.779488,grid_1414_y590_z566,473.237,587.998,565.211,85.5048002219759,0.84,-0.08062120539555791,0.021035768675261357,0.40760264327928375,1,-0.006734114878438004,-0.04588080592972677,0.39946155039920284,1,0.06790166114935695,-0.09227258313354689,0.36701038037560973,1,0.10550944241790816,-0.013114921570549123,0.36382451961332213,1,0.13981930891325042,0.08407917030554932,0.3487425038525829,1
1206.409335,grid_1415_y592_z566,473.332,589.856,565.255,87.36422717565813,0.618,-0.07936551100308248,0.021178287540263213,0.4088241236618969,1,-0.005649177326019968,-0.046084100855522656,0.3949989883513868,1,0.0696191112565507,-0.09436921093016387,0.37334579843064647,1,0.10520286938717464,-0.01310015157403405,0.3625313459780441,1,0.13851348141005443,0.08324570485959734,0.34553837867973175,1
1207.104914,grid_1416_y594_z566,473.137,591.983,565.293,89.48324243119487,0.684,-0.07756529741704682,0.0212770127355613,0.4102257577715287,1,-0.0044101330642859595,-0.04684888166970906,0.39247545502121634,1,0.06975926876816227,-0.09408165017204963,0.37163794566005837,1,0.10542379370906196,-0.013121654500085744,0.36232041420064875,1,0.13872893615215545,0.0832833857595513,0.3459379924494515,1
1207.734033,grid_1417_y596_z566,473.155,593.992,565.457,91.4980727501951,0.618,-0.07510264934324458,0.020924459702053734,0.40745248596490996,1,-0.003576485562710341,-0.04818094272117186,0.3912864809910843,1,0.06935576029387165,-0.09418883534274505,0.3724565857564931,1,0.10310735001556573,-0.012820701952921145,0.3562646202697429,1,0.13929520759708555,0.08407131907668612,0.3479497494111511,1
1208.579217,grid_1418_y598_z566,473.031,596.048,565.517,93.55011699084082,0.833,-0.07108062715115286,0.02093777612830574,0.4019633909949964,1,-0.002304438536613453,-0.049790883020635376,0.39077263015363534,1,0.06850786744121395,-0.09329769588747568,0.36909196544973855,1,0.10149345632079185,-0.012494377600847983,0.35258597717679363,1,0.1384086567352981,0.08394266817672463,0.3462577621845665,1
1209.219582,grid_1419_y600_z566,473.009,598.067,565.633,95.57125276985755,0.629,-0.06925082932951246,0.020629367143095625,0.3985781515477841,1,-0.0014009144102000229,-0.05052050506924429,0.39037117797604615,1,0.06882903896974475,-0.09382106452738995,0.37033038991267286,1,0.10235643271138697,-0.012627171820753028,0.3550008104519473,1,0.13925416644383726,0.08435895053483682,0.34815863855834606,1
1209.978309,grid_1420_y602_z566,472.978,600.006,565.627,97.50548545594754,0.749,-0.06676565072403724,0.020479234658948534,0.3953625361250609,1,6.001199464442022e-05,-0.052099560270666014,0.39754352450553876,1,0.0701316651471342,-0.09473596927734865,0.3729137697359301,1,0.10483278580111655,-0.013032802895257397,0.3611562641727953,1,0.13783058787266056,0.08276561005793817,0.3436479163740603,1
1210.605039,grid_1421_y604_z566,472.878,602.189,565.452,99.67282406955266,0.618,-0.06583063946196491,0.020980259902294327,0.40148781303574843,1,0.001378076434017507,-0.05133881205281819,0.38719657460378704,1,0.07068561482130269,-0.09449530968681263,0.3703282909996064,1,0.1060527381817771,-0.013156489739810165,0.3635092331257952,1,0.1378091301239378,0.08255702672422208,0.3433026531275882,1
1211.253542,grid_1422_y606_z566,473.171,604.084,565.309,101.56429851576779,0.637,-0.06379502255445967,0.021367913172945605,0.4021791450437518,1,0.003013269082255293,-0.05208483752395395,0.38961435257043575,1,0.07261126334900245,-0.095900887493133,0.3739548177533079,1,0.10683891763162923,-0.013182059784360201,0.36355581684086885,1,0.1383559847950851,0.08251633141513642,0.3432739255580128,1
1212.546782,grid_1423_y608_z566,473.012,606.076,565.413,103.55463950012094,1.283,-0.061299172599948694,0.021667035606578174,0.40119328189751036,1,0.004908335794468177,-0.051963608834062015,0.38451230878359705,1,0.07299900188508819,-0.09538511520220552,0.3706052603028211,1,0.10569992565256933,-0.013466370576954245,0.35640274162998137,1,0.13840259526860027,0.08239654026646312,0.3427414091541331,1
1213.178128,grid_1424_y610_z566,473.206,608.178,564.954,105.63624360511879,0.621,-0.05957437503215816,0.022124428277973285,0.39957777867447986,1,0.005853935951148924,-0.0522621287612617,0.3859629288528857,1,0.07363470564529104,-0.0955558789838775,0.3703001152849451,1,0.1080871991310806,-0.013902323450758116,0.3634468292372377,1,0.1387863686356547,0.08235689907896208,0.34248949559776926,1
1213.813559,grid_1425_y612_z566,473.13,610.241,565.006,107.69711213398435,0.625,-0.05676500239627291,0.021851534131870857,0.39502617854169453,1,0.007502275692706091,-0.05307117548545557,0.3881702250708624,1,0.07424260178048303,-0.09533119120296951,0.3670552657120584,1,0.1084291680224955,-0.014112095181874496,0.3622444745655417,1,0.13926722237883724,0.08198761619442699,0.34222696014764525,1
1214.443171,grid_1426_y614_z566,473.19,612.144,565.257,109.6104564811223,0.619,-0.05536674844905881,0.022073733861260124,0.3993553183207701,1,0.009233201113219094,-0.05329971889143477,0.3860370966348453,1,0.07518771830211862,-0.09535531579261512,0.3657021236761862,1,0.10928804181372173,-0.014078340853561109,0.3624020398351395,1,0.14091766695148772,0.08282630594719109,0.34562055469954084,1
1215.178924,grid_1427_y616_z566,473.103,614.299,565.148,111.75576141300277,0.725,-0.05260005569992635,0.021992051958118576,0.3956586586749,1,0.011123987860864902,-0.05409012315831219,0.3872855190751953,1,0.0770684050751875,-0.09668682285598987,0.3687283388801644,1,0.11020624232483882,-0.014487278719178024,0.36270082837262396,1,0.14321457710593566,0.08368017365589331,0.35030294054679356,1
1215.814438,grid_1428_y618_z566,472.893,616.37,565.396,113.83100713777421,0.624,-0.05071355144215879,0.022266133169003423,0.39839979623290156,1,0.012765637937601826,-0.05506123307080637,0.3901107137886385,1,0.07875671178620566,-0.09762683278825124,0.3708894456065377,1,0.11125552784252594,-0.014671376362492558,0.36401465152573376,1,0.14210511862942238,0.0829527657148971,0.34729758520895765,1
1216.446819,grid_1429_y620_z566,472.856,618.247,565.541,115.71162031965498,0.62,-0.048554718191294546,0.022053452143998266,0.39688893339438475,1,0.014403167015118599,-0.055483325611551906,0.38968082962845596,1,0.08029970397332183,-0.09852447805067657,0.37213372856773114,1,0.11068566735887127,-0.01467342328435293,0.35928737403135297,1,0.14120604980302728,0.08190210508396847,0.34369775093683214,1
1217.076421,grid_1430_y622_z566,472.743,620.423,565.264,117.87058384940666,0.619,-0.04661401109284606,0.02230634435883283,0.3981961720002898,1,0.015939522379115646,-0.05525087878917023,0.3855360158805904,1,0.08073918922934502,-0.09766684275364859,0.36735979873358715,1,0.11140214857630726,-0.014931857756499106,0.3590397973784265,1,0.14404452877756707,0.08339924660101602,0.34976063384760125,1
1217.809605,grid_1431_y624_z566,472.911,622.331,565.211,119.77736245217628,0.722,-0.04370658022016745,0.022359913726872613,0.39416936741445163,1,0.017853372417330034,-0.05573562281697436,0.3858267425092272,1,0.08249219418554811,-0.0986583735051928,0.3693583213840578,1,0.11473063113712907,-0.01565295245896592,0.3671890533265495,1,0.1445679138455455,0.0834820401377437,0.3501170694573986,1
1218.439419,grid_1432_y626_z566,472.929,624.383,564.995,121.81881985965884,0.62,-0.04175373024362115,0.02255294518396644,0.3928746667327951,1,0.019136153983653613,-0.05571577461340228,0.3845763402452075,1,0.0833981525547227,-0.09919644197981424,0.3706515292837784,1,0.1143541692722799,-0.015618089066658885,0.36403085221347076,1,0.1437854897944991,0.08292239739960017,0.3479379452149761,1
1219.902852,grid_1433_y628_z566,472.969,626.246,565.301,123.69310484016479,1.452,-0.03893546143676657,0.022486872750018348,0.3917141150332819,1,0.021452658139474362,-0.05653373162453508,0.3862312121469983,1,0.08570082898943673,-0.09995372890117574,0.37083307479170546,1,0.11606228096479303,-0.015721178640181153,0.366234161864974,1,0.14037162123437086,0.08011702897954023,0.33768288778546773,1
1220.540944,grid_1434_y630_z566,472.843,628.524,565.311,125.96692982287058,0.629,-0.037721269977768035,0.02273091264568215,0.39419538276439536,1,0.022419569534663376,-0.05638653294934792,0.3828331068779183,1,0.08602041738083448,-0.099905980111893,0.369497256120084,1,0.11509127679699786,-0.015616869487974971,0.36130937934034,1,0.14315176997243412,0.08188707535591187,0.3443878865203597,1
1221.175389,grid_1435_y632_z566,472.983,630.385,565.184,127.82357618608549,0.623,-0.03576343329011837,0.022865479249495467,0.3955862296055493,1,0.02379765167735821,-0.05593821834967831,0.3784282710139834,1,0.0867154000399163,-0.09972370277385825,0.36780377301328904,1,0.11522125611090847,-0.01591723603541829,0.3601613465851871,1,0.14259249365241516,0.08143557330873619,0.34265048116610586,1
1221.91346,grid_1436_y634_z566,473.009,632.332,565.398,129.77768708834353,0.727,-0.03366485233837253,0.022852064526027262,0.395431624879614,1,0.025778248565293743,-0.05724175321009325,0.3829412906962471,1,0.08777487948696357,-0.09979695487974495,0.3665195245575282,1,0.11615725761477687,-0.016328037734792127,0.3601032913045437,1,0.14333015241220365,0.08148356116622732,0.3440665685937496,1
1222.542645,grid_1437_y636_z566,473.059,634.252,565.286,131.69235606518697,0.618,-0.03172486622089281,0.02286727173576683,0.39557039944597017,1,0.02699003397697857,-0.05732495692209635,0.3813590332608486,1,0.088978594371298,-0.10030691161088827,0.3667873243257776,1,0.1157938868213759,-0.016198954049481535,0.35661059700347153,1,0.14486957571170517,0.08209744383233178,0.34693789216745424,1
1223.174959,grid_1438_y638_z566,472.948,636.363,565.32,133.80078408589398,0.623,-0.028977141807052065,0.02270623614455488,0.38763796389604954,1,0.02911794289013379,-0.05789920295740477,0.3825883608712531,1,0.09097411077467345,-0.10154600314044279,0.3694728734165885,1,0.11636139879198215,-0.01614337909883397,0.35583043871179354,1,0.14634819666747254,0.08283366479944654,0.3497502287401141,1
1223.81306,grid_1439_y640_z566,473.002,638.258,565.182,135.68989378358293,0.626,-0.027066917920674904,0.02292714422200933,0.3879908359659866,1,0.03039684210746129,-0.05756273085039346,0.3793015995758827,1,0.09269298735039738,-0.10223934445479406,0.3713522313878328,1,0.11803899425537197,-0.016465381477513714,0.35896339894266543,1,0.14674144544266815,0.08283368333439907,0.3497501631911402,1
1225.673428,grid_1440_y642_z566,472.979,640.311,565.487,137.75223861701855,1.85,-0.023917339792264257,0.022835562910411295,0.38673329609632123,1,0.03666933515428887,-0.06494851903052781,0.4207220111008535,1,0.09336923508834502,-0.10147443133712915,0.36606484884474355,1,0.1206565461456969,-0.017165369699473697,0.3631317796520081,1,0.14601456556264775,0.08209542602246796,0.3468895459082169,1
1226.414334,grid_1441_y644_z566,473.274,642.145,565.402,139.58667776689867,0.73,-0.022443112267328716,0.022921428381342774,0.38799277579886493,1,0.03446600956606346,-0.05913172374524008,0.38253208610579975,1,0.09567006842091884,-0.10310612541019629,0.37110509257131774,1,0.12008563222502502,-0.01713013570310445,0.35976358056168656,1,0.14580451428030275,0.08194186364686792,0.34633557852462205,1
1227.269187,grid_1442_y646_z566,473.171,644.312,565.437,141.7512210211962,0.842,-0.020012920986704586,0.022959112102271466,0.3883616667705493,1,0.03591529650688084,-0.05871144908906262,0.3779237082076374,1,0.09674433594751633,-0.10261312841897059,0.369152817048772,1,0.12145058177503705,-0.017150716411210503,0.3611123954410026,1,0.14496235657867343,0.08104724958126423,0.3430401927771882,1
1227.908862,grid_1443_y648_z566,473.224,646.349,565.022,143.77287692050965,0.629,-0.01869740990358421,0.023346441100158693,0.38814434491983485,1,0.03684801889584181,-0.058882747425007056,0.3790058453508721,1,0.09674153436040138,-0.10235974020214633,0.36741733667202,1,0.12101073910013235,-0.017116594216100282,0.3589049399020522,1,0.14584092559198075,0.08139259815764599,0.34449660872739585,1
1228.645386,grid_1444_y650_z566,473.282,648.196,565.343,145.63062061942884,0.724,-0.016495195102722814,0.023585861325464415,0.3924781067227048,1,0.038611530608555863,-0.05944984966391333,0.37805688784175356,1,0.09779820335159049,-0.10232647187841626,0.36598719128767226,1,0.12130292535959239,-0.01745549249920873,0.3570148256745609,1,0.14533338798427856,0.0809412323621948,0.3427605480107405,1
1229.276004,grid_1445_y650_z568,473.32,648.603,566.151,146.06880502352303,0.62,-0.015451693382593657,0.022283881032021762,0.3850697116800756,1,0.03987333894380295,-0.06053737567258525,0.38015068496945637,1,0.09847898809727842,-0.10213124412809682,0.3641790512801427,1,0.1222933477595245,-0.017632635208350306,0.35838955750366847,1,0.14479596925855492,0.08055904002404055,0.3413271131925802,1
1229.908205,grid_1446_y648_z568,473.209,648.711,566.142,146.17433683448,0.622,-0.015086071302984736,0.02173088133690476,0.3820410747406816,1,0.039935635764417846,-0.06066286957456034,0.37849713801313534,1,0.09898689974089794,-0.10263245367692404,0.3648147614630656,1,0.1232188383434829,-0.017745122544053617,0.36091617600491416,1,0.14479596925855492,0.08055904002404055,0.3413271131925802,1
1231.264395,grid_1447_y646_z568,473.164,647.344,566.01,144.8025310103384,1.346,-0.01679743561267121,0.022846278893997447,0.3871878015917763,1,0.042845912826451546,-0.06606332599451926,0.4176304903704244,1,0.09851378984122469,-0.10291801529770613,0.3674654991546552,1,0.12121884665778429,-0.017490014356974847,0.356510724145251,1,0.14479596925855492,0.08055904002404055,0.3413271131925802,1
1232.018758,grid_1448_y644_z568,472.535,645.706,566.164,143.16278158096821,0.744,-0.018232173906421574,0.022204764190502213,0.3881079394783747,1,0.0370909654473735,-0.05909327171096886,0.375013216057123,1,0.09732997297794599,-0.10224822757657573,0.36579944328572916,1,0.1201127299768358,-0.01705210503268493,0.35495769134084243,1,0.1474936083105583,0.08243157904595766,0.3481919515234533,1
1232.771941,grid_1449_y642_z568,472.145,643.971,566.543,141.4413379178803,0.741,-0.019621997646976815,0.02214519176130468,0.39005357289508985,1,0.03654520248829649,-0.05959176031399703,0.37925723676389256,1,0.09648613226883693,-0.1020191296178822,0.3652924030790523,1,0.12078523281448801,-0.01715131922521492,0.35780336879622715,1,0.14578161495515163,0.08137882847486169,0.34424958821851737,1
1237.599747,grid_1450_y640_z568,472.092,642.023,566.489,139.49243602790804,4.818,-0.02181284488142738,0.021906890366254792,0.3876616789641353,1,0.0388233441503022,-0.06601688495638183,0.42060875240870443,1,0.09681154087200779,-0.10334164526972356,0.3717207724877398,1,0.12119089874876368,-0.017191519090140734,0.36156522608499775,1,0.14391405273919772,0.08055980226646764,0.34134987207226836,1
1238.447081,grid_1451_y638_z568,471.957,640.244,566.23,137.70239516435439,0.837,-0.02366557930923653,0.022377635307927652,0.3919260297184749,1,0.0334214760072424,-0.05897988017136435,0.38087172936591657,1,0.09356119915432073,-0.10126385219137965,0.36529371897559737,1,0.12145871307752938,-0.017244146795447526,0.36459706815415527,1,0.14580451428030275,0.08194186364686792,0.34633557852462205,1
1239.098506,grid_1452_y636_z568,471.813,638.363,565.874,135.8066070447238,0.641,-0.025633740361265357,0.022564275391639705,0.392499905074631,1,0.03183062653144617,-0.05875577644310659,0.38084366862195723,1,0.09331595629595876,-0.10191938601144561,0.3695062871865972,1,0.11967694177668846,-0.016980904948135218,0.3619601976347044,1,0.14619336952360523,0.08232208587565074,0.3477595742113029,1
1239.729558,grid_1453_y634_z568,471.737,636.48,565.545,133.9111236641677,0.62,-0.026971680555317602,0.022656923164284682,0.3885438786407018,1,0.030388518511666344,-0.0584391814806833,0.3833909972721098,1,0.09168396526526942,-0.1014500256346669,0.3686129748473973,1,0.11715971727152538,-0.01635273634941383,0.3567942408472538,1,0.1482837457848923,0.08378660985290257,0.35336942786138387,1
1240.473346,grid_1454_y632_z568,471.26,634.782,565.757,132.22024717115008,0.733,-0.029428562892360545,0.02276936969391636,0.3934539907271263,1,0.02850110751787773,-0.05766759120804813,0.3802671553121616,1,0.0906022437437233,-0.10121871359901606,0.3694430350194463,1,0.11655846819247165,-0.016236583512938906,0.3575471847187564,1,0.14548388092314885,0.08236018490132078,0.34795061122965815,1
1241.107937,grid_1455_y630_z568,471.55,632.644,565.591,130.07889546732787,0.624,-0.0313245299917015,0.02286957415134556,0.3956667412219453,1,0.027097950233056823,-0.05767565111459323,0.3834118238537772,1,0.08999090704055686,-0.10141926347189852,0.37153645910788885,1,0.11621742262552881,-0.016329203802779142,0.3585982717882801,1,0.14505010148514938,0.08237877181984647,0.347846234551104,1
1241.748143,grid_1456_y628_z568,471.488,630.65,565.76,128.09352934086874,0.63,-0.03337329454344096,0.02256734602883042,0.3916332438873286,1,0.02546195366449621,-0.05809961589668468,0.3875408882088574,1,0.08779533433476079,-0.1001760152753381,0.36895351197048487,1,0.115599123871947,-0.016142048584777833,0.3601017359113542,1,0.14247748450137002,0.08120292112331093,0.3419346830613964,1
1242.493008,grid_1457_y626_z568,471.341,628.646,566.194,126.11056860548997,0.735,-0.03556638387089731,0.022153655004403562,0.39506067006985407,1,0.024210198646446243,-0.05814851483614207,0.388209322610172,1,0.08751045721469759,-0.10076953713306605,0.3717323322064872,1,0.1147277715806927,-0.015764827114409363,0.35876045518571253,1,0.14371177098215432,0.08218078337972776,0.34540329509945056,1
1243.12087,grid_1458_y624_z568,471.473,626.536,566.336,124.01083230911722,0.615,-0.03745542003722721,0.021794597188145193,0.39453519916382807,1,0.022603487257528032,-0.05747790185475062,0.38566040683961156,1,0.08550593593225865,-0.09922489980461127,0.3677670886213485,1,0.11386153269352661,-0.01559385547106099,0.35769237767212814,1,0.1418293503847141,0.08112278199968641,0.34146279977536514,1
1243.747963,grid_1459_y622_z568,471.289,624.541,566.547,122.02809678102834,0.617,-0.0402011440851868,0.021688384214826703,0.39921907733094913,1,0.02056375888328118,-0.056575045349596474,0.381335578856019,1,0.08403579501820678,-0.09848817926577795,0.36639664161997815,1,0.11315829312476704,-0.015567826774318514,0.35792208592531843,1,0.1418782946203529,0.08155260892359731,0.3428757575484623,1
1244.380865,grid_1460_y620_z568,471.332,622.468,566.431,119.95213781337954,0.622,-0.04241633409456831,0.02162756473901789,0.40077546593336877,1,0.019318217252767826,-0.05698276936243644,0.387158339958889,1,0.08299675858352679,-0.09850002044197798,0.3674934982569738,1,0.11462289989526049,-0.01568328175529014,0.3656445787047323,1,0.1446106221168534,0.08346723205030138,0.350050823216947,1
1245.111877,grid_1461_y618_z568,471.416,620.407,566.449,117.89550324333838,0.72,-0.044489407517091906,0.0211954328517951,0.3970440617428443,1,0.017158195826041105,-0.056297345054699785,0.3850024262938977,1,0.08139794576921541,-0.09779945460392765,0.366939136571283,1,0.1122781167621153,-0.015230283977432715,0.3607926511543648,1,0.14518665249715818,0.08396153722303064,0.3519711874081054,1
1245.744136,grid_1462_y616_z568,471.366,618.486,566.273,115.96760265694898,0.621,-0.04662913273611029,0.021572244618927882,0.4006190353008339,1,0.015831244114124503,-0.05621717974237901,0.38847576055136235,1,0.08092017253536994,-0.09842258364691338,0.37072617601412666,1,0.11023316284482385,-0.014722688233368333,0.3563637091861695,1,0.14205663881532407,0.08216022762614347,0.3450361206367297,1
1246.381043,grid_1463_y614_z568,471.348,616.572,566.306,114.05798687948163,0.625,-0.04857439976381444,0.021427393751038026,0.39934028015583545,1,0.014093535412859912,-0.05586795436984913,0.3876793061186144,1,0.07932681793621223,-0.09764416538452989,0.3699565548060524,1,0.11139381546708349,-0.014713201198311803,0.36289955778834965,1,0.14061512253266495,0.08178341977390931,0.3428722606524748,1
1247.010916,grid_1464_y612_z568,471.464,614.552,566.244,112.03841510392768,0.619,-0.050570840611526016,0.02142319498793293,0.39973907268760406,1,0.012557561797866509,-0.055404507991866844,0.38816159646753423,1,0.0783654995446245,-0.09735750814099539,0.37074674157211035,1,0.10971945622555872,-0.014459901583057308,0.35993994871347457,1,0.14222416007048588,0.08295358543068504,0.347571390285285,1
1247.81739,grid_1465_y610_z568,471.583,612.575,566.374,110.07261879777374,0.796,-0.05315610137203036,0.020970810555074274,0.3985979460131496,1,0.010687246334439926,-0.05581154723990558,0.39349775225162975,1,0.07718630884029147,-0.09709828337890898,0.3713105586368824,1,0.10965856598737087,-0.014126867141042004,0.3624023298833495,1,0.14141704156139334,0.08302545085453505,0.3462953674802094,1
1248.4531,grid_1466_y608_z568,471.577,610.679,566.187,108.16914624790195,0.623,-0.05516412295663188,0.021045487267347597,0.40187936701997196,1,0.009234221995833139,-0.05456492479914493,0.38750753297817253,1,0.07564430902836813,-0.09640835233741943,0.370017705001683,1,0.10866782479976826,-0.014071232897977317,0.3615693608946627,1,0.14016323593668575,0.08230279527926114,0.34371366692266303,1
1249.082176,grid_1467_y606_z568,471.63,608.635,566.307,106.13578631639754,0.618,-0.056407596637135404,0.020688741053799496,0.3969800298727796,1,0.007673056518536281,-0.054387210438954746,0.38884384382620113,1,0.0744874544571524,-0.0962443699101457,0.3714732750914947,1,0.10886141941056386,-0.014131484693932373,0.3646710320678665,1,0.13910993664106583,0.08219230955203037,0.34233329038268745,1
1249.827455,grid_1468_y604_z568,471.54,606.593,566.181,104.08919233522755,0.735,-0.05901406987688368,0.0206739631686316,0.3981299373401285,1,0.005417140871628492,-0.054115138816095344,0.39042515733855837,1,0.07201224332927428,-0.0944191922814813,0.36597143660171333,1,0.10685923297022695,-0.013363461960575213,0.36152575208109905,1,0.13858498717079515,0.08243996031383287,0.3428345971525536,1
1250.95696,grid_1469_y602_z568,471.608,604.41,566.46,101.92742819771328,1.12,-0.06275783056102566,0.02062819363665339,0.4063618779570152,1,0.003668429943923358,-0.05263046525032623,0.38233492033123856,1,0.07269178260031925,-0.09617046662747816,0.37673002848174997,1,0.10687939972093008,-0.013228265300661571,0.3650334472997546,1,0.13794449967844896,0.0824408809299078,0.3428931437990089,1
1252.49709,grid_1470_y600_z568,471.477,602.486,566.421,100.00362221939764,1.529,-0.06539837663177979,0.020553034162137374,0.41004764186051323,1,0.0018162660205023374,-0.05262053807532889,0.38771215042607,1,0.07035009740989885,-0.09440246501699794,0.37043898168877926,1,0.10555933948687594,-0.013154481914720217,0.3632190172397912,1,0.1372204652336288,0.08225450253420064,0.3420011395454763,1
1253.144027,grid_1471_y598_z568,471.385,600.379,566.882,97.93063751962409,0.636,-0.06544930518402611,0.01973764762600751,0.3998936273283561,1,0.0007262695726319198,-0.05318914877963689,0.3913488952997556,1,0.06973740952659829,-0.09435067191333357,0.37226741425897314,1,0.10276017920297409,-0.012710398245226063,0.3554196000682146,1,0.13918986868538114,0.08407512229487749,0.34781941179644493,1
1253.772892,grid_1472_y596_z568,471.371,598.332,566.96,95.89398203224226,0.619,-0.06765986471226493,0.01941223532026646,0.40232374575739493,1,-0.0004968299508943048,-0.05270687916394788,0.38906153939495963,1,0.06848135602330033,-0.09345050512652221,0.3706548667110398,1,0.10285020814383279,-0.012544648792584531,0.3585031564349169,1,0.13857089128166972,0.0841504634900089,0.34720829889105403,1
1254.512694,grid_1473_y594_z568,471.443,596.376,566.971,93.94442327780824,0.729,-0.07086738944945237,0.019467898670814297,0.4071127375534849,1,-0.0024639759010808586,-0.05225267408029605,0.39110899492736184,1,0.06642509518616549,-0.0920488678681413,0.36658455427881637,1,0.10182257914443567,-0.012312976886563623,0.3577579295733627,1,0.13675443800008164,0.08344122754724963,0.34413683495462494,1
1255.14753,grid_1474_y592_z568,471.49,594.381,566.875,91.94821371293733,0.625,-0.07272222073075754,0.019417213345737813,0.4076515036297472,1,-0.0037724610201089063,-0.05250487355226964,0.39702428464428485,1,0.06592491924716991,-0.09188625448590874,0.3682179485991258,1,0.10202523222653528,-0.012216639552059119,0.36020546539413906,1,0.13752556742454125,0.08422500476548257,0.3469185270223183,1
1257.660377,grid_1475_y590_z568,471.342,592.628,566.865,90.19802411361354,2.502,-0.07342288035206967,0.019020167635600466,0.39981735730529083,1,-0.0049322046572215774,-0.050722826811915346,0.390370134704807,1,0.06617008799155222,-0.09288499080811813,0.3721080296316951,1,0.10162250136816046,-0.012176588842673851,0.36108297762372954,1,0.13752379250520433,0.0842505132047788,0.34739543138811774,1
1258.285571,grid_1476_y588_z568,471.592,590.448,566.701,88.01427876202814,0.615,-0.07582614911532053,0.019214998727753323,0.40342935526944357,1,-0.00628324223634328,-0.050344080335911534,0.392949517127555,1,0.0657902222275643,-0.09324089180835812,0.3747161803305289,1,0.09967031297126765,-0.011589991749845449,0.35565377873525783,1,0.13558510152171446,0.0834010114972223,0.34334692543219053,1
1258.915459,grid_1477_y586_z568,471.55,588.51,566.482,86.06507158539985,0.619,-0.07795356144184254,0.019149559688852784,0.40330274285680057,1,-0.007710179904374917,-0.04954456328656457,0.39382071562934734,1,0.06573217224662598,-0.0935395728891995,0.37770897780140567,1,0.09949839883415079,-0.011570556709926638,0.35627421788449365,1,0.13528484847403136,0.08344408563440145,0.34327839000796234,1
1259.540307,grid_1478_y584_z568,471.602,586.519,566.339,84.06963785457864,0.615,-0.07883969460898324,0.019029643099912695,0.39855255987417304,1,-0.008896240482100953,-0.048387229298909123,0.3948818827800406,1,0.0649000492984111,-0.09263299897820629,0.3750523326719759,1,0.09975939156309147,-0.011551937327754957,0.35779462994521105,1,0.13560905316067973,0.083716629986335,0.3444220625367326,1
1260.270616,grid_1479_y582_z568,471.599,584.476,566.239,82.02492080459452,0.719,-0.08271984810736854,0.01947739918074741,0.40712952859518586,1,-0.010025628731131737,-0.04717179174654712,0.3965257074010323,1,0.06387387088645795,-0.09133293514345535,0.3702665928776611,1,0.09894068789060458,-0.01145537279903045,0.353825083768146,1,0.13512683314526414,0.0833120984504551,0.34282576583790475,1
1260.901747,grid_1480_y580_z568,471.558,582.667,566.134,80.21276041877631,0.62,-0.08529059356869709,0.0197746809569224,0.4110977421922609,1,-0.010960514166718272,-0.04596715301552854,0.39733529985489946,1,0.06445486016846094,-0.09195146186230109,0.3736175752437543,1,0.09905393249670778,-0.011464667748516472,0.3541547459273286,1,0.13518853040066317,0.08328300665613068,0.34277077625246155,1
1261.531518,grid_1481_y578_z568,471.556,580.599,566.203,78.15602743870757,0.62,-0.08698003030685564,0.019386684697663827,0.40970355318980606,1,-0.012056379583485604,-0.04478047722678903,0.3948070352620604,1,0.0644094353852429,-0.09222786737708706,0.3752652692871654,1,0.09912041321658846,-0.011474261056551579,0.3544878478189193,1,0.13512865808443947,0.0832661414817389,0.3426184783291344,1
1262.173182,grid_1482_y576_z568,471.57,578.525,566.533,76.11553135201775,0.631,-0.08877079958472572,0.018972452884986973,0.4086692957781114,1,-0.013420937614886294,-0.04452272122501778,0.399603438095554,1,0.06407815276846043,-0.09176673472396313,0.3751426509855902,1,0.09913808249887746,-0.01147455661152239,0.3545312834780444,1,0.13512957055402713,0.0832431629973808,0.3425148345747492,1
1262.898311,grid_1483_y574_z568,471.719,576.433,566.722,74.04969016140446,0.715,-0.09141116956670982,0.018656024290653165,0.41116984452199346,1,-0.014702692227823121,-0.04318802717135141,0.39515230768297654,1,0.06386401973748404,-0.09195347016034724,0.37696295737175267,1,0.09908813408188219,-0.011470657310897994,0.3545778372395536,1,0.13528484847403136,0.08344408563440145,0.3432783900079623,1
1263.527157,grid_1484_y572_z568,471.345,574.697,566.922,72.33460373154749,0.618,-0.09358067253407279,0.01856365161999594,0.4131465989977343,1,-0.015835228904935685,-0.04233457157635456,0.39416061985009626,1,0.06224535830108263,-0.08969635633976161,0.36920231108278745,1,0.09984257029718704,-0.011562910747165683,0.35827341364589244,1,0.13622929056828395,0.08432792267551184,0.3464087100458489,1
1264.159275,grid_1485_y570_z568,471.475,572.428,567.254,70.11008125797603,0.621,-0.09543429721762735,0.017961000226832204,0.41217747291853957,1,-0.017210984315937653,-0.041730115317403844,0.3961145338294755,1,0.061401727274541226,-0.0891144386059749,0.36910903539553075,1,0.10044453603876154,-0.011614815826336927,0.3607314807056433,1,0.1364663459508615,0.08450337519440562,0.34720296492153285,1
1264.794895,grid_1486_y568_z568,471.336,570.516,567.279,68.20930034826627,0.626,-0.09674985125908436,0.017606540237439086,0.4095165566192728,1,-0.01873914439161083,-0.04116323700105591,0.3986679400654716,1,0.06024227582957471,-0.08785883374246992,0.366402817286587,1,0.10108608605598565,-0.011490882291925289,0.36353360841858046,1,0.13702497158735294,0.08475987466099202,0.348511242852216,1
1265.519241,grid_1487_y566_z568,471.465,568.52,567.112,66.20836142059399,0.715,-0.09901422551322991,0.017676629935070697,0.41119851443295435,1,-0.020048108339948488,-0.039909620692013106,0.39759045345583605,1,0.05988090458714919,-0.08788500637600316,0.3686341588284991,1,0.10056480400464855,-0.011345358613245033,0.3630874417501325,1,0.13710583658033862,0.08475738302722327,0.348645586049072,1
1266.202766,grid_1488_y564_z568,471.398,566.63,567.054,64.3221639794558,0.672,-0.10151372987350323,0.01770963009869919,0.41429557569172387,1,-0.021291443115900827,-0.03871213396987523,0.3980601703542148,1,0.060565300464146855,-0.08950161944662352,0.3787388998250925,1,0.0998506660476346,-0.011249080244504068,0.36124834160937114,1,0.13683216363301182,0.08460097150918595,0.34804229050285346,1
1267.100207,grid_1489_y562_z568,471.554,564.483,566.944,62.17807541247955,0.887,-0.10298576858470618,0.01732644526821438,0.4094783599620363,1,-0.023462230002697558,-0.03775399921898418,0.403319840511741,1,0.057500018881411485,-0.08554110909909243,0.365741109392047,1,0.10044026779536404,-0.011322714079668303,0.36381709348336677,1,0.13660561369174218,0.08455439117350097,0.3478886754627166,1
1267.785492,grid_1490_y560_z568,471.458,562.683,566.973,60.391167475053834,0.673,-0.10566885752113238,0.01743438975944093,0.414826354831774,1,-0.023988731142639254,-0.036488094190822,0.3991530930179554,1,0.05694206178398947,-0.08480464635400123,0.36538774460963497,1,0.10019453582771183,-0.01132353714132883,0.3627408282364049,1,0.13829477438176008,0.08560269146407733,0.3519581292461093,1
1268.424339,grid_1491_y558_z568,471.621,560.644,566.875,58.356944513913696,0.628,-0.10931830674699035,0.017812831379573048,0.42123037799295915,1,-0.025043678532821394,-0.034706220683213745,0.3946331493448243,1,0.05679742773718155,-0.08420310563024128,0.3683354766081446,1,0.10062138392001478,-0.011295163271560292,0.3628777997752863,1,0.13710583658033862,0.08475738302722327,0.348645586049072,1
1269.053276,grid_1492_y556_z568,471.682,558.577,566.902,56.30872154471279,0.618,-0.1106342438073803,0.017805135170189522,0.41921347462198855,1,-0.026327148034853448,-0.03344573084816381,0.3961263295865335,1,0.05704818550324464,-0.08408517494462822,0.37336871141676126,1,0.10068222764110771,-0.011570109963375503,0.3617728717745587,1,0.13686324160138158,0.08476485792852953,0.3482425564585041,1
1269.788057,grid_1493_y554_z568,471.858,556.47,566.884,54.219198251173026,0.725,-0.11300152523030653,0.01780467224636861,0.4205229081622216,1,-0.02793303244828672,-0.03217335227267539,0.3989548918853732,1,0.05540209172172372,-0.08153796622743545,0.3696894051905187,1,0.10050379468809834,-0.011620598091013101,0.3610143082151091,1,0.13674194411190307,0.08476859537918266,0.34804104166322014,1
1270.422256,grid_1494_y552_z568,471.717,554.712,566.683,52.44721892531577,0.624,-0.11304097012302552,0.01751980154223634,0.4140330822575361,1,-0.029372847261387593,-0.031026669482304158,0.40154691536516285,1,0.05423970403243801,-0.07949490780661209,0.36667814645174096,1,0.10031132618888253,-0.011618423475629285,0.3603140399378933,1,0.13678237660839593,0.08476734956229828,0.3481082132616481,1
1271.113891,grid_1495_y550_z568,471.865,552.508,566.805,50.28079642368451,0.681,-0.11533057023548213,0.01741920735097079,0.415245273354173,1,-0.030647510487616814,-0.02967292609040224,0.4008178238280318,1,0.05402707342783196,-0.07800776069590594,0.3696081721736396,1,0.09982688574727147,-0.011605770811657102,0.35767596766272947,1,0.13579567707847517,0.08393071530678849,0.34511800913410395,1
1271.86206,grid_1496_y548_z568,471.823,550.422,566.876,48.22319779939945,0.74,-0.11856986661301153,0.017377884528826763,0.4193933844487089,1,-0.032222948507813653,-0.02837878513406831,0.3992768537971513,1,0.053737250975212744,-0.07720270170955709,0.3747988950700558,1,0.10005984745044758,-0.011587672330206722,0.35908218113578033,1,0.13638730589705114,0.08445990985945817,0.3468613342159065,1
1272.495369,grid_1497_y546_z568,471.704,548.523,567.057,46.367589251545134,0.623,-0.12032443940928032,0.017071803739511327,0.4185472156634275,1,-0.03419216752530972,-0.027861147034000118,0.40189491663537336,1,0.05164956958415089,-0.07461097112154265,0.3684213668726263,1,0.10034446748550811,-0.01138697395146406,0.36190618698886573,1,0.1369845390908601,0.0847611204778764,0.34844407125378807,1
1273.185175,grid_1498_y544_z568,471.715,546.414,567.316,44.324869836244304,0.679,-0.12361403722996116,0.016982577861921387,0.4235999940370788,1,-0.035653768958764445,-0.02721861218801889,0.401029171009721,1,0.050806282756181965,-0.07428135747357531,0.3733608337240183,1,0.10064366980833317,-0.011201078549306909,0.36506548509592884,1,0.14012530408994944,0.08698048530171079,0.3573766245477471,1
1273.818364,grid_1499_y542_z568,471.579,544.501,567.527,42.47134026611357,0.62,-0.1244953488196838,0.016644314023756705,0.42055439225479985,1,-0.03705127319208423,-0.026321353670347658,0.3994620874970001,1,0.050064229492712053,-0.07352336794848453,0.37533007643156047,1,0.09897701576398155,-0.010980768928584529,0.36039265984990204,1,0.13699549103057365,0.08528796011142133,0.3502318918839126,1
1274.558669,grid_1500_y540_z568,471.753,542.237,567.759,40.29144330996345,0.73,-0.12615779921465775,0.016113440328325464,0.41888644604756314,1,-0.039088001081642496,-0.025489545772777983,0.40030255476668425,1,0.04775448956041908,-0.0703449018155402,0.36940697227506786,1,0.0982748938481712,-0.010520013594687247,0.3612118433067001,1,0.13719799638460048,0.08570428774420616,0.35143568133134806,1
1275.240114,grid_1501_y538_z568,471.843,540.282,567.573,38.34032891095228,0.671,-0.1266169960781929,0.015824802764658495,0.41474006726700036,1,-0.040644255403298205,-0.024656259695363347,0.4022462996366595,1,0.04676711421269318,-0.06885836391654257,0.3693696893694665,1,0.09817691419105996,-0.01056868553119371,0.36124809408476677,1,0.13793257864522318,0.08621762531278292,0.3533496111508808,1
1275.996476,grid_1502_y536_z568,471.647,538.473,567.701,36.588111129163224,0.747,-0.13063150270028803,0.016283885012006845,0.42232405991910305,1,-0.04140917042518128,-0.02289844199797917,0.3981518632354075,1,0.045849385313500114,-0.06715456490181859,0.37192861605842237,1,0.09829563679230208,-0.01066146239994498,0.3617398956750751,1,0.13709464679879066,0.08580428156086806,0.351260524858936,1
1276.629025,grid_1503_y534_z568,471.83,536.427,567.742,34.60398043578226,0.622,-0.13324680828387536,0.016358402854491475,0.4242958974132686,1,-0.043479328988376975,-0.02179217240162611,0.4025705667925993,1,0.044578015987927856,-0.06389100145310489,0.36790671843597283,1,0.0986975717393516,-0.01076057776123877,0.3611123389800232,1,0.13757315637041018,0.08585428208713722,0.3519591456032905,1
1277.256998,grid_1504_y532_z568,471.527,534.646,567.819,32.877749086578255,0.618,-0.13506376222734665,0.0162563170460042,0.42459846538845936,1,-0.044736953676124715,-0.020307287251750173,0.4030492073472075,1,0.04450343944848078,-0.062226737266283215,0.37329174523135167,1,0.09905996178668783,-0.010972761410971364,0.36095363225517285,1,0.13564067886053913,0.08453121183491089,0.34704138345481733,1
1277.889185,grid_1505_y530_z568,471.656,532.637,567.508,30.85669655034378,0.621,-0.13547288006524466,0.016244850016948784,0.42074035875494775,1,-0.0468896568194105,-0.019060378202482475,0.4074694257344865,1,0.04306179895951199,-0.0591933803018614,0.3707981866626199,1,0.0989910524684555,-0.010923155558468043,0.3603783280718688,1,0.1389271414805362,0.08651772382072928,0.35503274699762877,1
1278.682289,grid_1506_y528_z568,471.655,530.624,567.355,28.86802953095348,0.782,-0.1372954342024038,0.016682982649352123,0.41999678139860047,1,-0.04805066747405919,-0.016907856282330692,0.40223099267538887,1,0.04196455945495873,-0.05688991459718471,0.3737519803118855,1,0.09923472134669192,-0.01097792169304353,0.36084013701153206,1,0.13934560222399253,0.08675756852320224,0.35612484274453815,1
1280.727724,grid_1507_y526_z568,471.829,528.573,567.266,26.871191432461625,2.034,-0.13911495187264195,0.01669443099881719,0.41898398761630273,1,-0.05031444409788714,-0.015591337579682476,0.40290514337115846,1,0.04104804183903797,-0.054265368088617996,0.3765592730067708,1,0.10016288491966621,-0.011224068028092343,0.3639395044606809,1,0.13599226193987157,0.08434780859371348,0.34665179996889073,1
1282.358912,grid_1508_y524_z568,471.802,526.697,566.92,24.971668466484175,1.621,-0.14553615275823434,0.018060264131879777,0.43197439299043133,1,-0.05214396303589627,-0.013850384355618967,0.4083091935329072,1,0.0394273348738521,-0.05200288315211841,0.37567631549997066,1,0.09873182138514254,-0.01087172920832519,0.35909989283423227,1,0.13443791222061768,0.08347756462395821,0.34255415135401196,1
1282.995901,grid_1509_y522_z568,471.754,524.703,566.842,23.035396198025314,0.627,-0.14551266093571705,0.017933652391853804,0.42843224072432273,1,-0.05280511092816401,-0.012806176407312733,0.4027989181995397,1,0.03850974164207225,-0.050050134063303206,0.3743878445181532,1,0.09859318160873612,-0.010907113100063148,0.3588282399173778,1,0.13392879708442754,0.08332228071829265,0.3411080436664983,1
1283.734043,grid_1510_y520_z568,471.782,522.687,566.907,21.138467707002828,0.727,-0.147025385508647,0.017998054667941726,0.4279437807477409,1,-0.0544567066337983,-0.011132543885393,0.40370422126409117,1,0.03774019846506184,-0.047541470890332296,0.3771873448695943,1,0.09947240858415832,-0.011169707668766671,0.360287383229298,1,0.13438772582443487,0.08349168131597369,0.3422247383532603,1
1284.367571,grid_1511_y518_z568,471.59,520.75,567.029,19.347849131104994,0.623,-0.14800662072449708,0.018403306168590858,0.4256245230580678,1,-0.05633175950006616,-0.009518714829663035,0.40613315203173544,1,0.03628703546030111,-0.04416482521372223,0.3748115067052916,1,0.10113909310493656,-0.011457662423292374,0.3641893270875963,1,0.1348215822981657,0.0838754067311986,0.34281021621634217,1
1285.012792,grid_1512_y516_z568,471.629,518.621,567.26,17.470793714081783,0.635,-0.14912360467144975,0.01858849499177545,0.42347594013886314,1,-0.058254226041970225,-0.008033964433563485,0.407361532845602,1,0.034780904435790294,-0.04100853162647912,0.37198939455966273,1,0.10100790599020253,-0.01156867692946696,0.3628905808195247,1,0.1365327581536165,0.08474168144423785,0.34620379134072155,1
1285.645922,grid_1513_y514_z568,471.439,516.813,567.264,15.829586128512647,0.623,-0.1530625746999147,0.019513700259983002,0.42955161262061614,1,-0.059707867942297,-0.0062142225792790485,0.40723977715878706,1,0.033472343044265405,-0.03804747670061483,0.3717180248930706,1,0.09994350536579719,-0.011552729003467295,0.35763103032980215,1,0.13851360681653893,0.08551792166217442,0.3511193759440566,1
1286.392794,grid_1514_y512_z568,471.575,514.598,567.645,14.094618441092994,0.735,-0.15498176021935806,0.020037821093684904,0.42875276074257834,1,-0.061174472325330596,-0.004442346990656112,0.40354646165809027,1,0.032742617483923646,-0.03555202429014624,0.37848021618273336,1,0.10044831139316304,-0.011665926771804154,0.357893107531743,1,0.13719456885592696,0.0845360054344145,0.3470117669376856,1
1287.025362,grid_1515_y510_z568,471.386,512.735,567.613,12.527251773633399,0.622,-0.1572523122389644,0.021668354007094996,0.4312741829808148,1,-0.06345276478358111,-0.002598470224037699,0.4102941055815902,1,0.03118508278015305,-0.03245742936876363,0.3747850693903114,1,0.1011675515067173,-0.011666783835214935,0.35796440546163205,1,0.14067902448685746,0.0864118961546202,0.3544875356423186,1
1287.658418,grid_1516_y508_z568,471.594,510.583,567.488,10.807429574140244,0.623,-0.16127953517047314,0.022443451574888917,0.43627077802475683,1,-0.06514465922414289,-0.0008427492423846694,0.4075591813187612,1,0.02975320397496516,-0.03048176303248316,0.37885015761359986,1,0.10044938298355921,-0.0115461133421654,0.3574039049822166,1,0.14008259989736097,0.086222492932401,0.35327830212913136,1
1288.405655,grid_1517_y506_z568,471.539,508.658,567.682,9.636179637179886,0.737,-0.1624776197601417,0.02221508668247165,0.434751006256497,1,-0.06675947893946424,-0.0004543176302386827,0.4079943554381815,1,0.028099408338751825,-0.02917788042326675,0.37987104638421165,1,0.09980820457603179,-0.011363011624788925,0.3584941489236695,1,0.1390472861367337,0.0857306178996861,0.35198592426349185,1
1289.044216,grid_1518_y504_z568,471.555,506.649,567.558,8.429684513669518,0.626,-0.16367834155749234,0.021942795433573116,0.4321176399332642,1,-0.06853550875515227,0.0004259675253611567,0.4059142795429006,1,0.026463737948812814,-0.027576802059991145,0.38267938506519855,1,0.0979705218732362,-0.01102011752819917,0.3543309808296959,1,0.13710316117399035,0.08480750245825805,0.3471081455809352,1
1289.688811,grid_1519_y502_z568,471.442,504.845,567.426,7.6073975839310854,0.634,-0.1651541947003628,0.0220353136985288,0.4320212155096743,1,-0.06996875828475403,0.0011864305986217113,0.4054939085762763,1,0.024829496750404682,-0.026051594626393608,0.3811987388091546,1,0.0960437803543512,-0.010469554083550936,0.3504071399154026,1,0.13754909546424882,0.08544515055412841,0.3490568315264534,1
1290.324743,grid_1520_y500_z568,471.655,502.686,567.501,7.393862116647784,0.623,-0.1665475913807584,0.02178664085422615,0.43003363194876687,1,-0.07325135724818345,0.0019791999259036286,0.4130811334966606,1,0.022849203876704707,-0.024308607177969527,0.37876368307674313,1,0.09487031972659758,-0.010279398028291992,0.3496475784806522,1,0.13396544493805063,0.08328387664177841,0.34060119407299416,1
1291.080774,grid_1521_y500_z570,471.209,502.57,567.975,7.819446847443878,0.745,-0.1687144809126413,0.02168414545637856,0.4340491062658988,1,-0.07424911253280447,0.001949720200918098,0.4165220929213338,1,0.02270530548236524,-0.024093119859190392,0.3834975803777147,1,0.095262434218616,-0.010504252132336665,0.35293656166573184,1,0.1341256232252289,0.0833662702572119,0.34127349846364063,1
1291.767363,grid_1522_y502_z570,471.274,502.651,568.518,8.365038553407874,0.676,-0.16881433184165076,0.020973251563630394,0.43414828128639893,1,-0.07399822958806734,0.001220665818768326,0.4150883524195882,1,0.022822986134074484,-0.02460692929558885,0.3841470392420249,1,0.09547019637862111,-0.010564878979598836,0.3538943350637604,1,0.1352326195758678,0.08408576701351386,0.34410007354919503,1
1292.404584,grid_1523_y504_z570,471.701,502.988,569.831,9.71687012365607,0.627,-0.16610645870327848,0.019478019871149322,0.4273571433938129,1,-0.07214151025007158,0.00011433022888810594,0.4044131803142258,1,0.023390651700133068,-0.025640930540385454,0.3873537138972085,1,0.09728922924016575,-0.01063543176458084,0.35886166926129254,1,0.13321310180324583,0.08276359343798413,0.33872774921044646,1
1293.145105,grid_1524_y506_z570,472.029,504.355,570.072,10.131132463846265,0.73,-0.16479985809552955,0.018964391859635964,0.42645456463409925,1,-0.07153493494535904,-0.00038675939656775186,0.40737748731093487,1,0.02409126555239037,-0.02621246490665357,0.37984338791222816,1,0.09759060511891968,-0.010696377670813079,0.357246462719531,1,0.13594924107110246,0.08450203458618531,0.3451070738925514,1
1293.780751,grid_1525_y508_z570,472.041,506.36,569.761,10.360892673896354,0.624,-0.16392893641491016,0.019389975559198486,0.42880895526034246,1,-0.06953141389965259,-0.0006655844021894649,0.40617452112140945,1,0.025765847516046814,-0.02740120570603057,0.3796880711183685,1,0.09800036479765417,-0.010804070483175967,0.35552241979730786,1,0.13706821074371334,0.08503036045105498,0.3472311466881067,1
1294.415767,grid_1526_y510_z570,472.144,508.185,569.925,11.294978043360636,0.625,-0.16158960071838963,0.01946794772145439,0.428087891891553,1,-0.06784467077627532,-0.0013066272190489468,0.40725669108462714,1,0.026963620459218685,-0.028524482111457472,0.37344706439828174,1,0.09957949095702946,-0.011379461289463627,0.3579197393659541,1,0.1364223214403863,0.08424390356396241,0.34532571903514164,1
1295.045064,grid_1527_y512_z570,472.105,510.234,570.13,12.57987734439408,0.618,-0.16004256649270246,0.019403657224791947,0.42888002570241535,1,-0.06613263902320683,-0.0023237457620098917,0.40693012561528974,1,0.028296275511334464,-0.02990506514550211,0.36970558992297814,1,0.0992053988546737,-0.011580810706120336,0.35414244407870527,1,0.13763280053136892,0.08485596346334814,0.347123646909671,1
1295.782525,grid_1528_y514_z570,472.13,512.264,570.241,13.976233612815712,0.728,-0.15778979604352125,0.019309017584376843,0.42855658914257405,1,-0.06405512458944447,-0.0035849619816806107,0.4084125313967041,1,0.03141695707125802,-0.03277661257320087,0.3816894641313725,1,0.1005620311136129,-0.01180921704136693,0.35464418403206555,1,0.1443205863512596,0.08862831225649256,0.36356967087119435,1
1296.46757,grid_1529_y516_z570,472.1,514.349,569.905,15.261221740083608,0.675,-0.1582430205142677,0.020076835489220096,0.434789430715666,1,-0.06217433108167218,-0.003802638011780104,0.40830827514811513,1,0.03273875279612655,-0.03341264783659991,0.37757529375062465,1,0.10197398388047844,-0.012319090814804609,0.35654054305389266,1,0.13855726618236938,0.08458447962337683,0.34789028162305485,1
1298.383935,grid_1530_y518_z570,472.181,516.136,570.152,16.819906361213786,1.906,-0.15787124591088753,0.02038278072305512,0.43988570089204043,1,-0.059304120155774444,-0.0046810804810846875,0.40229779614931305,1,0.0350134089303349,-0.03540895628362161,0.382512827294036,1,0.10347211790500421,-0.012480676354728892,0.35757192672547744,1,0.14434682833685603,0.08796929675518414,0.36122742557550636,1
1299.127679,grid_1531_y520_z570,472.456,518.058,569.774,18.21671658120639,0.734,-0.15264073880522555,0.020118284530613567,0.4288791812797192,1,-0.0595026708981236,-0.008985498612870037,0.4080283831688942,1,0.03561557465808176,-0.03806315543829538,0.3782716550380038,1,0.10225979889114076,-0.012369074123555306,0.3570118307133042,1,0.14365938455342575,0.08790958716328966,0.36099073502387297,1
1300.025551,grid_1532_y522_z570,472.631,519.939,569.657,19.790630712536665,0.784,-0.15090542092070902,0.02058937609635268,0.43005969591164667,1,-0.057870523661322615,-0.011567490810492988,0.4065610741290066,1,0.03632771113386225,-0.04004716583008945,0.37057166110742856,1,0.10188619915715735,-0.012322602334127422,0.35750400892511475,1,0.14517483071158016,0.0891106301319141,0.3657510223353818,1
1300.665553,grid_1533_y524_z570,472.756,521.872,569.675,21.516963308050638,0.631,-0.1490928270668049,0.020706711978461707,0.4292318369151511,1,-0.05659621212412543,-0.012735403399579648,0.40797260500398974,1,0.0377643917927689,-0.04222601250167056,0.3723742723664799,1,0.10243502094148638,-0.01238649700204232,0.35896588235878757,1,0.14352016969332543,0.08795384915085622,0.36139306192458986,1
1301.508864,grid_1534_y526_z570,472.681,523.838,569.61,23.254284293437177,0.832,-0.14676454896307095,0.021064565885597474,0.4280418604148852,1,-0.05496920084301432,-0.014157946188528498,0.4097312216785733,1,0.03892068179877764,-0.04397343603726072,0.3689901626724171,1,0.1031711374979917,-0.012524606317353148,0.3605508269288663,1,0.13963849494498143,0.0852615219218619,0.35099274460131985,1
1302.138813,grid_1535_y528_z570,473.045,525.768,569.412,24.981473335253913,0.62,-0.14569444859863417,0.021389831351261167,0.4293186677770082,1,-0.05266552782357675,-0.014782930215518634,0.4024137865726237,1,0.039699146922279306,-0.04541921796550631,0.3665682293676781,1,0.10275467642070443,-0.012512111427179635,0.3586517684648462,1,0.1379686519022802,0.08388890615470784,0.3459232601391129,1
1302.769188,grid_1536_y530_z570,472.853,527.856,569.535,26.948946788325504,0.619,-0.1430829217355219,0.021657676428128235,0.4283463662961243,1,-0.050218959150327966,-0.015909358353185892,0.397348583574786,1,0.04149974406594923,-0.04825303774822863,0.3695819289403175,1,0.1029572786456798,-0.012516511264829028,0.35936830887046833,1,0.13893200366794084,0.08458949523976976,0.3485062889676171,1
1303.396193,grid_1537_y532_z570,472.892,529.724,569.897,28.824802687963086,0.617,-0.1399947786164379,0.021240022246144935,0.424180859025389,1,-0.04924729888273862,-0.01748891872944138,0.4014425458997951,1,0.04267724814860128,-0.05037117431043255,0.3682251458253358,1,0.10309260483738458,-0.012548394089589365,0.36024329947915223,1,0.14078701522846923,0.0860711767383846,0.35388377925141395,1
1304.125397,grid_1538_y534_z570,472.768,531.797,570.241,30.879599754530524,0.719,-0.1373876784327436,0.02109678655865519,0.423498281347128,1,-0.0471750745279781,-0.01902268009236326,0.40193312077378085,1,0.04445006965643314,-0.05307232252178384,0.36925959750514414,1,0.10244532129265922,-0.012467787877646823,0.3568673051051366,1,0.13821689672545642,0.08396926272257414,0.3461762665181554,1
1304.754409,grid_1539_y536_z570,472.839,533.732,570.064,32.66111715786828,0.617,-0.13547904216995876,0.02123878202844717,0.42319858783923126,1,-0.045827512986883326,-0.01978620598749547,0.40252478140939624,1,0.0458944232997815,-0.05452001129571101,0.3699946856706899,1,0.10267784011506713,-0.012483407144075179,0.35573174679408553,1,0.13833357862556375,0.08384468843691603,0.345838297153901,1
1305.389139,grid_1540_y538_z570,472.772,535.718,570.334,34.62873343049088,0.624,-0.13337139932916817,0.021153271412579715,0.4230076304569204,1,-0.04423867902569525,-0.020848047735798615,0.4050651414819848,1,0.04789313411624426,-0.05667136403023929,0.37268610894137594,1,0.10451039414996559,-0.012956211048877841,0.3597001282644157,1,0.1398296143733256,0.084345917625744,0.3482193994691,1
1307.075622,grid_1541_y540_z570,472.693,537.741,570.11,36.497654623276816,1.676,-0.13396895262421168,0.022401616037721568,0.4332081916827926,1,-0.04070181666290827,-0.020930675411356753,0.3937435129086152,1,0.048563105876738746,-0.057423591910679674,0.3640923842107692,1,0.10651853065776722,-0.013157542000685352,0.36327889073367503,1,0.14141258076706523,0.08447509806085278,0.3502047876934527,1
1307.859907,grid_1542_y542_z570,472.681,539.703,570.328,38.442592069214044,0.774,-0.12885376699211815,0.02181351148696797,0.421942329379709,1,-0.0399941675030462,-0.021835541675194355,0.4015092742608964,1,0.05024945518656797,-0.058736300389707716,0.3660880797032878,1,0.1061291792559412,-0.013284867008797704,0.3584057268273762,1,0.1391745754099048,0.08282014044513385,0.34425469044521645,1
1309.618806,grid_1543_y544_z570,472.779,541.796,569.948,40.37358926327958,1.749,-0.12601003458067356,0.022338043846478944,0.4202141310484895,1,-0.03773450378830945,-0.02227657801759641,0.4036235224687969,1,0.05251626613868784,-0.059752861447679065,0.3687762973460666,1,0.1087870331226046,-0.014065779270015562,0.36322312693420084,1,0.1392842100742468,0.0823935555540258,0.34271083124327134,1
1310.696848,grid_1544_y546_z570,472.735,543.782,570.01,42.312704073363165,1.068,-0.1240549495799677,0.022406889050589206,0.42147930605845013,1,-0.03598227643788527,-0.0229946150555475,0.4051974076830594,1,0.0541240253696215,-0.060677079831284605,0.36670550059537255,1,0.10900853054566617,-0.01411193174704774,0.3597237876345958,1,0.1381559281025197,0.08098509992257276,0.3376708280187339,1
1311.326012,grid_1545_y548_z570,473.067,545.634,569.629,44.04754237185093,0.619,-0.12284429416701281,0.022840299886555424,0.420418823558656,1,-0.0345070956810598,-0.02280837103412483,0.3992247486233552,1,0.055141443415254884,-0.06124822513550489,0.3663275788432266,1,0.1094074455241169,-0.014371488104033667,0.3598959351701968,1,0.1412835093339954,0.08268494582853318,0.3447415148410367,1
1312.060047,grid_1546_y550_z570,472.836,547.939,569.472,46.25474693477414,0.723,-0.11942233119540524,0.023141881724086592,0.41754525579287183,1,-0.031808964936253445,-0.022625929012981615,0.39278649542307864,1,0.05729449891823109,-0.06250501500601069,0.36639217854664075,1,0.11133141784961928,-0.0147400482010387,0.36139398159553426,1,0.14265705205536278,0.08286499187182758,0.3466055582862027,1
1312.744789,grid_1547_y552_z570,472.971,549.856,569.48,48.13995569171206,0.676,-0.11786932143150244,0.023245738906529336,0.418557686693649,1,-0.030060413434423096,-0.02272185804348246,0.39572680942997623,1,0.05889633844424166,-0.06640051586685394,0.3725564881850883,1,0.10948321209630385,-0.01440959059367512,0.35778381260989756,1,0.14170080295226467,0.08271070241506281,0.3452454193449149,1
1313.390347,grid_1548_y554_z570,473.055,551.9,569.51,50.154184730688215,0.635,-0.11553903611712897,0.023105925534952824,0.4171054659191915,1,-0.02912515216650491,-0.024260289219105502,0.3976379472977961,1,0.0571646962398249,-0.06957785906555014,0.36419643487645387,1,0.10785432419673138,-0.013720327479298666,0.360913217315897,1,0.13880532876021456,0.08202824983061548,0.34160227560505557,1
1314.187061,grid_1549_y556_z570,473.034,554.103,569.23,52.26763187671693,0.785,-0.11268038081978451,0.02366983567796286,0.4158056057873167,1,-0.027195499869383077,-0.02534621769079954,0.3981765795883019,1,0.05862988913914744,-0.0732491056483914,0.36745565659262813,1,0.1068783680929583,-0.013611312314344115,0.35942206052716164,1,0.13909865995418833,0.08236128422995265,0.34275674303665704,1
1314.816385,grid_1550_y558_z570,473.073,555.907,569.401,54.074059178130916,0.615,-0.11035333156192192,0.023447379632152068,0.4127790388345898,1,-0.02573932306595613,-0.0259034071188335,0.3945815924510539,1,0.059628517303553355,-0.07452099995433994,0.3675535379455134,1,0.10816020744513388,-0.013933900640253752,0.3627540078730399,1,0.1396541256191738,0.08242614375378703,0.3435727288254575,1
1315.503736,grid_1551_y560_z570,472.865,557.932,569.617,56.09574651433032,0.674,-0.10898675295796183,0.02366260048694613,0.41690749111459,1,-0.023527802985747893,-0.02630567647084279,0.3912765483380639,1,0.06200889533404723,-0.07654423204380673,0.37043315439755176,1,0.10868729250425839,-0.014065050482228423,0.3615535735098896,1,0.14053473004989253,0.08284282471772426,0.3449527729662734,1
1316.426379,grid_1552_y562_z570,472.842,560.176,569.464,58.28179642907387,0.912,-0.10634239437684997,0.02395362006893611,0.4160624028982828,1,-0.021251703578870622,-0.027196985873183477,0.39460127128059735,1,0.06366322277338703,-0.07796249014843858,0.370262214877222,1,0.10865120080409267,-0.014116354161686653,0.3579906683645236,1,0.14049143019458177,0.08219240497408035,0.34346693727867156,1
1317.164038,grid_1553_y564_z570,472.682,562.114,569.882,60.25474417006518,0.727,-0.1036232054567364,0.023294132597338618,0.411732863018738,1,-0.01984451805229828,-0.027834669134701645,0.39428608507320595,1,0.06389796815414582,-0.07792963782550569,0.3652257354127141,1,0.11026961900449954,-0.014460937129938836,0.36111233904659723,1,0.14350746455691582,0.08368539542017608,0.3501817197490104,1
1317.796233,grid_1554_y566_z570,472.73,564.047,569.787,62.14903037859887,0.622,-0.10306902164559466,0.02380701726851841,0.41740690170134787,1,-0.018101586319031335,-0.028411885404867977,0.3952673775163226,1,0.06573620779563215,-0.07887932226805514,0.3657519786032128,1,0.11011664181104504,-0.01465350493796971,0.35773271064523576,1,0.14348989610630786,0.08317234429576245,0.3489205954695186,1
1318.428445,grid_1555_y568_z570,473.032,565.903,569.575,63.961399054429734,0.621,-0.10064755662723956,0.024000415105197008,0.4152161311395184,1,-0.016250823767295083,-0.02848815478166856,0.3958541925001,1,0.06819496074508398,-0.08065773738434236,0.3709278004867704,1,0.11001628628668395,-0.014677054052268223,0.35406037428840087,1,0.1440078847973804,0.08320335999356819,0.3490388532000384,1
1319.05639,grid_1556_y570_z570,472.842,567.951,569.808,66.01343395097702,0.617,-0.09828053847207181,0.023902093633682408,0.41341674675606566,1,-0.014314930613694885,-0.02896595574279708,0.3942291934139281,1,0.06970514717830831,-0.08134601353089485,0.3698963458743338,1,0.11308797493600135,-0.015293710296815718,0.36102297711008846,1,0.14246985877532897,0.08216632898590467,0.34497764294577077,1
1319.797155,grid_1557_y572_z570,472.839,570.113,569.884,68.16253866311033,0.728,-0.09595715230184648,0.023884353923182156,0.4136885646819355,1,-0.01179884487335961,-0.02911369992776102,0.38875202922999547,1,0.07117312950981798,-0.08151899229422188,0.36653129374262844,1,0.11449186695300048,-0.015611065501856775,0.3606381983074416,1,0.14374384628828704,0.08239595797575765,0.3462461810888428,1
1320.424577,grid_1558_y574_z570,472.982,572.089,569.476,70.06726872085146,0.616,-0.09350947208697472,0.023903840400922576,0.4111610465765511,1,-0.010071527871866385,-0.02926573913664815,0.3892066176786913,1,0.07247116259322359,-0.08212869653292554,0.3660302556189459,1,0.11338222859666396,-0.015636150464350095,0.3547750231373624,1,0.14382499793281797,0.08215768170344696,0.34540118373417517,1
1321.051483,grid_1559_y576_z570,472.853,574.084,569.544,72.04874767822126,0.616,-0.0906028214890314,0.02389938343771115,0.4080837451743924,1,-0.008071745938857698,-0.029711168969903175,0.39104656775672414,1,0.07403840480494746,-0.08264835612296897,0.3651570449779277,1,0.11412534050060204,-0.015859803750254482,0.35372840667778244,1,0.14307329409288994,0.081330345191266,0.3429413735666667,1
1321.677604,grid_1560_y578_z570,472.953,576.053,569.226,73.96404619137599,0.616,-0.08945762619439299,0.02472009056130891,0.4123353542888773,1,-0.00644763226848287,-0.030734589485327486,0.3966377875466548,1,0.0746806019786504,-0.08247048373338436,0.36102708707885367,1,0.11654817323887703,-0.016237885878375553,0.35835375775237444,1,0.1451857334599392,0.08234774570585368,0.34705412868972474,1
1322.419101,grid_1561_y580_z570,472.897,578.179,569.151,76.06293588864419,0.729,-0.08755715221166588,0.02191908616121738,0.40861070478878475,1,-0.008425631148042002,-0.037336735360045066,0.39716809249588125,1,0.07106450009740856,-0.08886421970798093,0.36414509637127634,1,0.11028393730292622,-0.014526823630902306,0.36020680134770255,1,0.14131362296020494,0.082514717847668,0.34516621730727276,1
1323.052029,grid_1562_y582_z570,472.613,580.228,569.632,78.14616444842315,0.622,-0.08790340690436507,0.01582183786598529,0.406287803841656,1,-0.010760900875178645,-0.0447649418938015,0.3952628161855684,1,0.06819477976116003,-0.09256313421173272,0.37037540656417844,1,0.10558774647255942,-0.013141645438017619,0.36289447414546966,1,0.13773276083862912,0.08270812606682083,0.34355707880717423,1
1323.732938,grid_1563_y584_z570,472.869,582.213,569.157,80.06836708713371,0.67,-0.0873389270762922,0.01628824965799048,0.4123682182003476,1,-0.009476262723635213,-0.04565149264178051,0.39243510336869997,1,0.06750975809549524,-0.09161105441831312,0.36486563480506823,1,0.10515641583741686,-0.013067134235105301,0.36165480349946966,1,0.13732614943536628,0.08252841589143745,0.3427079060552445,1
1324.473754,grid_1564_y586_z570,472.702,584.204,569.479,82.07785605143445,0.73,-0.08476245831154952,0.016178745491402115,0.4108404662582454,1,-0.00793248934300773,-0.04723790288136438,0.3962169225615778,1,0.06932725121639544,-0.09335030736237387,0.36977082677173745,1,0.1056888303392727,-0.013116054566653138,0.36220557015235827,1,0.13855772250718956,0.08325291745449986,0.3456665994537951,1
1325.110254,grid_1565_y588_z570,472.925,586.093,569.588,83.9722890065526,0.627,-0.08244685375991812,0.01593881778619282,0.40734842390065235,1,-0.006839961882055545,-0.04840025769199342,0.3983319776182194,1,0.06973580547426905,-0.09337534168194492,0.368756634517936,1,0.1055182475783848,-0.013078102405769213,0.3609781431042955,1,0.13868064398386745,0.083289876881489,0.34580864129235167,1
1325.73592,grid_1566_y590_z570,472.83,588.204,569.526,86.06032216416571,0.616,-0.08010376951494148,0.01582957857767334,0.4058752142584317,1,-0.00541001909609007,-0.049070593205490134,0.3946173700925763,1,0.06987909267699348,-0.09338418858026444,0.3674687866816321,1,0.10609048443429228,-0.013126861725376221,0.3625611466905138,1,0.13842247790062484,0.08300929341266228,0.34483102329261656,1
1326.707311,grid_1567_y592_z570,472.83,590.145,569.698,88.00791133756101,0.96,-0.07849260886255285,0.015964749882707022,0.4102459338422427,1,-0.004495758375904968,-0.05067624237348293,0.3888506370181298,1,0.06888350049211657,-0.09360963699175587,0.3695200970767549,1,0.10329677466984384,-0.012680805033925194,0.35803890940380473,1,0.13797833338165416,0.0834834487841015,0.34514987513792383,1
1327.33681,grid_1568_y594_z570,472.927,592.138,569.438,89.96414155651132,0.617,-0.07605816581240646,0.015931271563629737,0.4033933480075273,1,-0.00437847428914303,-0.05141816115515414,0.3877582580978075,1,0.0681534963756325,-0.09331196610468677,0.3689113201522708,1,0.10217553573412179,-0.012503988297415409,0.35557183860850544,1,0.13833219553190826,0.08400065327486597,0.34650417993282623,1
1328.07231,grid_1569_y596_z570,472.996,594.121,569.473,91.94147726135358,0.725,-0.07391393425482276,0.01620650572085546,0.4037132228885807,1,-0.0029153010707538194,-0.05312444104814255,0.39415154086799503,1,0.06865770391558138,-0.09354958964288215,0.3687721594331193,1,0.10328931171192253,-0.012727497597419039,0.35824884732956486,1,0.13869125395473808,0.08400098121288643,0.34650782973234706,1
1328.703654,grid_1570_y598_z570,473.259,596.036,569.159,93.8226319871703,0.62,-0.07270167997343774,0.016504599995874607,0.40632416515950054,1,-0.001737248749543487,-0.05291150495014198,0.3913489172948278,1,0.06964902724083903,-0.09412092091210522,0.37058751418387015,1,0.10440281885457992,-0.012961447476598392,0.35980401022513936,1,0.1375145253539528,0.08270701488597001,0.34302982073861,1
1329.337195,grid_1571_y600_z570,473.114,598.033,569.169,95.80697102507732,0.623,-0.06965431435234497,0.01670023142016438,0.40163500564840904,1,-0.0003268917554653934,-0.05339487919626629,0.38953945997512734,1,0.07088368189304377,-0.09476523971559322,0.37122948402957745,1,0.10605068784324082,-0.013155797634588517,0.363485414128826,1,0.1378400454095881,0.08278933868976762,0.3438240191907603,1
1329.977676,grid_1572_y602_z570,473.225,600.123,568.986,97.8734841568441,0.629,-0.06860486232025101,0.017258236540506084,0.4071388578988354,1,0.00121189952665883,-0.054164481467623406,0.3910628570675842,1,0.0717437131741975,-0.0949871413437668,0.37074883211690307,1,0.1057821837098559,-0.013069675337397058,0.3606730016705114,1,0.13838821727783213,0.08282087123401868,0.3441985954156619,1
1330.712158,grid_1573_y604_z570,473.21,602.066,569.296,99.8355354921283,0.724,-0.06602631272054285,0.016999958934269747,0.403979113188183,1,0.0029598001157957986,-0.05412804509122502,0.38526270405771074,1,0.07351397664818382,-0.09632140480424901,0.3733715552809868,1,0.1065234218501441,-0.013421253491943692,0.35953660267921644,1,0.13841014796550202,0.08242999233674649,0.34286432969827924,1
1331.45465,grid_1574_y606_z570,473.101,604.228,569.371,101.99203128186042,0.732,-0.06409146084857038,0.017012523674397637,0.4042597068597826,1,0.004583070829866057,-0.05463059039932057,0.38535330657906475,1,0.07406989119867018,-0.09587043444944911,0.3699121906401469,1,0.1073855073093523,-0.013894832118586534,0.3604245161371857,1,0.1387863686356547,0.08235689907896208,0.34248949559776926,1
1332.263893,grid_1575_y608_z570,473.141,606.117,569.322,103.8695678290807,0.798,-0.062343201605335796,0.01725473102088242,0.4077072517687931,1,0.006493944559254773,-0.05581308323659654,0.3892593146165951,1,0.07499264903008965,-0.09593212850960961,0.3680355299405623,1,0.10922777085708113,-0.014102674124963637,0.3635554293926332,1,0.13985133176378337,0.0822353222472505,0.3432746751588603,1
1348.627082,grid_1576_y610_z570,473.108,608.086,569.322,105.82972710443889,16.353,-0.05930096781897694,0.017258650142995546,0.40357718635396606,1,0.008120730239652069,-0.05664583215462064,0.39130722998473744,1,0.07562751285208072,-0.09554919498849726,0.36581125572238227,1,0.1094352544604162,-0.01409667108852069,0.3617101860768964,1,0.1411430842266877,0.08302317295092373,0.34595477189534735,1
1349.42277,grid_1577_y612_z570,473.084,610.077,569.505,107.82801421244854,0.784,-0.057427546862559145,0.017406330875254998,0.4062434292086413,1,0.009761502052533604,-0.05649380495266546,0.38600669372841845,1,0.07805384828565713,-0.09744627620814797,0.37124146347911907,1,0.11205344665885568,-0.014743126152726044,0.36758652192211505,1,0.1418586778056654,0.08289258595950755,0.34675495245176435,1
1350.156492,grid_1578_y614_z570,473.085,612.163,569.407,109.89756303030568,0.724,-0.054634688850894196,0.017286736152680192,0.39933848912067843,1,0.011563928032906207,-0.056951324025445116,0.3857421178277004,1,0.07939238795489277,-0.09759315678209173,0.3702452081454557,1,0.11129365275570854,-0.014646536025405466,0.3629030106094956,1,0.14183163468892626,0.08242877840297234,0.3456782649105019,1
1350.79113,grid_1579_y616_z570,473.147,614.11,569.21,111.82261473422989,0.623,-0.052794155006900344,0.0174765501360204,0.39892326626554037,1,0.012702688809772072,-0.05692162084722896,0.38501835362818326,1,0.08051295803211768,-0.0985079881278084,0.37182349790978514,1,0.11060301158626928,-0.014579749393555127,0.3590347583119617,1,0.14198179747844564,0.08218331988345451,0.3451411001205503,1
1351.424761,grid_1580_y618_z570,473.183,616.126,569.117,113.82509999556335,0.622,-0.05063335802146438,0.017665537263430262,0.39585974480736197,1,0.01416094779336535,-0.05716801899240721,0.3845065700942857,1,0.08088505113601178,-0.0979091679487145,0.36825270584126546,1,0.10987477093104212,-0.014634995592985728,0.35437873079805227,1,0.14447713875312013,0.08365764792193767,0.35075772549206957,1
1352.157468,grid_1581_y620_z570,473.085,618.19,569.317,115.89582312145687,0.722,-0.048179677880063373,0.017547826886445725,0.39609507138091316,1,0.01639176040458451,-0.058073329584149694,0.3872160218648324,1,0.08207858013130008,-0.09794027615431448,0.36580626546220874,1,0.11394952473696138,-0.015494798961808243,0.364479272716595,1,0.14528332015274775,0.08396802076335896,0.3519684531061212,1
1352.788235,grid_1582_y622_z570,473.299,619.995,569.229,117.69272816958576,0.619,-0.04656412477972523,0.017768165550572694,0.3969565425619819,1,0.017545023300168723,-0.05763748442606583,0.38236107350011944,1,0.08357143428816037,-0.09869050413614475,0.36752330813998857,1,0.11434950208127799,-0.015640657124633868,0.36345770842969055,1,0.1427030735046158,0.08225387565860645,0.3454461113628825,1
1353.473069,grid_1583_y624_z570,473.568,621.945,569.076,119.63135553022884,0.673,-0.044280164116558406,0.018081169977056673,0.39654725873587093,1,0.019623631748644663,-0.05886488685203417,0.38791074882095083,1,0.08427219467040797,-0.09827805252720742,0.3654011976948893,1,0.11430006011795082,-0.015617073160778271,0.36020665693231774,1,0.1431487256558241,0.08200898635181131,0.34481137551921515,1
1354.108154,grid_1584_y626_z570,473.386,623.952,569.204,121.63748268934211,0.625,-0.04199184766326109,0.017776838210030024,0.3925593735319477,1,0.02084541183946324,-0.058588091661008514,0.38213180962581317,1,0.08624584353156098,-0.09979904049721758,0.36860056594641233,1,0.11372071132070086,-0.015581706660651177,0.35605684952100153,1,0.14484389588661065,0.0829828012775458,0.34840648430763643,1
1354.842305,grid_1585_y628_z570,473.352,625.92,569.534,123.62343665745583,0.724,-0.03935746676506892,0.017413814549464567,0.3911646526700654,1,0.023155556341666196,-0.059925060804424946,0.3868061576371388,1,0.08765475499478267,-0.09992065347185607,0.3672131886792833,1,0.1141952140215045,-0.01586566280910161,0.3544274899733377,1,0.1441776013769627,0.08217996782905476,0.34634889684487435,1
1355.476085,grid_1586_y630_z570,473.244,628.077,569.29,125.75364485373775,0.624,-0.03785232264277799,0.017858258769524276,0.39260574285760375,1,0.02411993591046164,-0.05879507220896361,0.37819531939217954,1,0.08938350694641797,-0.10078204266931626,0.3695039260908626,1,0.11539481479106728,-0.016016066275814252,0.35684135139118645,1,0.14354221503106301,0.08149895991510209,0.3441465081457481,1
1356.439746,grid_1587_y632_z570,473.326,629.889,569.324,127.56469769493442,0.953,-0.03532851963052086,0.01794353287477189,0.393539216356682,1,0.027080247771600275,-0.06105462314338874,0.38819403631881644,1,0.08988162314113278,-0.10045246887788314,0.36535308502871916,1,0.11736350819191968,-0.016285842671331163,0.3587318846610947,1,0.1472670020306161,0.08344633888982449,0.35137220867961333,1
1357.075175,grid_1588_y634_z570,473.199,631.995,569.422,129.6692869765235,0.624,-0.03367647273871266,0.017765773519575027,0.39073763188615385,1,0.027738850365399588,-0.06022608076507596,0.38186880455759614,1,0.09170557809745268,-0.10135598022120525,0.3683603932868993,1,0.11805512513590424,-0.016492959695622395,0.35915887215983255,1,0.14660713462852515,0.08290389726785377,0.34945846971656713,1
1357.706761,grid_1589_y636_z570,473.217,634.105,569.572,131.78455742992048,0.621,-0.03170534192311927,0.017837576050618222,0.39401971033024713,1,0.0296797625420184,-0.06100867374188296,0.38357495315946905,1,0.09319547630498393,-0.10186379746285082,0.368969491589452,1,0.12023225737334335,-0.016955733815312752,0.3628657067354152,1,0.14582897537682388,0.08206997555175062,0.3467774790928641,1
1358.445329,grid_1590_y638_z570,473.298,636.12,569.543,133.79367819893437,0.729,-0.029254063057683917,0.018013235838665854,0.3929510520080637,1,0.03172546590782032,-0.061331268873361836,0.3832250772147142,1,0.09531767543113132,-0.10289221670536577,0.3705478082327207,1,0.12104471200752003,-0.01720599573905287,0.3624144379847509,1,0.14601456556264775,0.08209542602246796,0.3468895459082169,1
1359.075178,grid_1591_y640_z570,473.271,638.245,569.188,135.88860554513025,0.618,-0.027187372968533914,0.018280940425764503,0.3888547382606546,1,0.032781619354370205,-0.061117961799357044,0.3813061151348672,1,0.09669987194364157,-0.1033594789689822,0.3719144873815047,1,0.1214429189081961,-0.017179473950223727,0.3622207270124778,1,0.14593127755382998,0.08194101083899313,0.3457711908842388,1
1359.704407,grid_1592_y642_z570,473.381,640.166,569.267,137.81241208613983,0.618,-0.025236105496487547,0.018723668147836162,0.39403933258910095,1,0.034590729362762106,-0.06134682106614882,0.3799507685247475,1,0.09678345420961597,-0.10244184819763706,0.3671378813671221,1,0.12095361254215604,-0.017106421566883752,0.35866823926483005,1,0.14690105536481432,0.0821981591772372,0.347212788900786,1
1360.335234,grid_1593_y644_z570,473.357,642.245,568.98,139.86772165514103,0.62,-0.023122125071081877,0.01879662271425982,0.3925574838678215,1,0.036114526529081585,-0.061686273439629215,0.38023559570112947,1,0.09869990787195955,-0.10374439671135564,0.3708719020929395,1,0.11998840413235616,-0.017103601684851297,0.3539774962556282,1,0.1470958984762349,0.08218602217185893,0.3472508983280108,1
1361.06987,grid_1594_y646_z570,473.662,643.95,569.001,141.57655094682883,0.724,-0.020300561024214896,0.018774450910132225,0.3848006863948846,1,0.037433788318720254,-0.06120384006233709,0.3762267506742881,1,0.0985801195432329,-0.10244509279743086,0.36513986798295406,1,0.12261431331800658,-0.01764037174593213,0.35978299035678435,1,0.1452186846770786,0.08086602341820046,0.342434386957022,1
1361.700801,grid_1595_y648_z570,473.542,646.105,568.675,143.7048210082042,0.619,-0.018871700667736642,0.01926404315409893,0.38808474607147825,1,0.038628708093972064,-0.06161244090371505,0.37768793040824844,1,0.0986984316793696,-0.10175287322347445,0.36269372267551575,1,0.1230836149342865,-0.01765179137263013,0.360132636084754,1,0.14479596925855492,0.08055904002404055,0.3413271131925802,1
1362.341187,grid_1596_y650_z570,473.613,647.935,569.225,145.56587376167528,0.628,-0.016518537533570042,0.019009576978767782,0.38753756560857056,1,0.040515736086492504,-0.06210042005928773,0.3773697222436083,1,0.10102812667549992,-0.10315580498801483,0.36626547696786804,1,0.12371814221460786,-0.017675665201092282,0.3593486048994673,1,0.14725532126604962,0.0819985467121187,0.34616540529971307,1
1362.971259,grid_1597_y650_z572,473.491,648.516,570.026,146.19498119292604,0.619,-0.015439907474190027,0.018041307053901074,0.38680245073773517,1,0.04191909073162866,-0.06312963067177531,0.3784156040638361,1,0.10230463152593502,-0.10349902965507747,0.36659163790963717,1,0.12496939321349085,-0.017742166161943036,0.3608192569011745,1,0.1461149087922376,0.08126719983481934,0.3428995811543671,1
1363.719049,grid_1598_y648_z572,473.424,648.565,570.026,146.242570224952,0.737,-0.015230554414695124,0.017794489583038024,0.3857724005439334,1,0.042151041452383915,-0.06336712004543603,0.37851413392410477,1,0.1029922511285131,-0.10397339798265237,0.36779716579895705,1,0.12508562976921428,-0.017747086240868803,0.360886003732074,1,0.14474035319871942,0.08046455684505194,0.33961299926885957,1
1364.345209,grid_1599_y646_z572,473.592,647.173,570.05,144.85897484795342,0.616,-0.0162128872514353,0.017728866008309245,0.38674595776006754,1,0.041539883195455374,-0.06351125101068555,0.3793915115199889,1,0.10225131758795744,-0.10375342170673933,0.36734742089204697,1,0.12453044496132692,-0.017715017851726425,0.3602266033795706,1,0.14533738373982902,0.0808551564103521,0.3410710377785323,1
1364.975438,grid_1600_y644_z572,473.111,645.46,569.774,143.12248652814839,0.62,-0.01823167441587433,0.01823041753117695,0.3900328347346727,1,0.040043845534814396,-0.06322359037823796,0.3809188905130896,1,0.10088289374851615,-0.10350861278913044,0.36711440760276004,1,0.1231506327473609,-0.017622684121636516,0.3581425165718618,1,0.14580272403707173,0.08115132036811343,0.3431691670816283,1
1365.707315,grid_1601_y642_z572,472.705,643.674,569.769,141.33397542346285,0.723,-0.019683257176359232,0.018345677978716654,0.38933453648733163,1,0.03884538220556743,-0.0630101395492271,0.3821956893075769,1,0.09931612659808237,-0.10265295783303585,0.3649757317085084,1,0.1228903330195559,-0.017661693748593135,0.3596712587291132,1,0.14482146293775192,0.08056000735249384,0.3413346834447159,1
1366.337162,grid_1602_y640_z572,472.426,641.711,570.024,139.3897074177287,0.62,-0.021322131558893783,0.017757642360859506,0.3856593377417061,1,0.0371934572699186,-0.06245234673291302,0.38080638021552965,1,0.09850429941086451,-0.10260848461492325,0.36621872739308686,1,0.12271894330093644,-0.017638896718496038,0.36041494016410347,1,0.1452186846770786,0.08086602341820046,0.342434386957022,1
1366.963779,grid_1603_y638_z572,472.166,639.856,570.328,137.55852954651706,0.616,-0.023639098267550052,0.017818147022194093,0.3914501671936003,1,0.035588059743742496,-0.06187041057711875,0.3788204479117649,1,0.09733625326786725,-0.10227534168149295,0.3657404635236402,1,0.12070360446438526,-0.01718129628593009,0.35643209018149935,1,0.14688454076697305,0.08203253047477896,0.3466972614457899,1
1367.605773,grid_1604_y636_z572,471.846,638.069,570.496,135.78602405991566,0.632,-0.025552203608610186,0.017738926296045735,0.395058306612467,1,0.03443417261037189,-0.062201565529725465,0.38211272029836524,1,0.09655107728813618,-0.10197076833539032,0.3656852884480445,1,0.12142462124353684,-0.017159046283426918,0.35998129617434094,1,0.1472755303919388,0.0823300906492762,0.34778263288762523,1
1368.342793,grid_1605_y634_z572,471.598,636.376,570.596,134.10378232920948,0.725,-0.027367100715512054,0.017295216261187882,0.39373996334419525,1,0.03316680745722934,-0.06244683382333073,0.3837490499926052,1,0.0965716798193031,-0.10288219297680663,0.3699325564862097,1,0.12151394482333866,-0.017238025275327324,0.36203852631608285,1,0.14525374467045074,0.08151271144494955,0.3439675973760875,1
1369.030924,grid_1606_y632_z572,471.422,634.563,570.371,132.27769850205286,0.677,-0.02957238807570008,0.01726931966415244,0.39904446652215253,1,0.031808982611405835,-0.0622629525066021,0.3862548516874801,1,0.0943344645349129,-0.1017145818816773,0.3666500185514724,1,0.12154445754017593,-0.0172341154730773,0.3643482600020359,1,0.14570285205329786,0.08187765323147975,0.3458778502652772,1
1372.00407,grid_1607_y630_z572,471.501,632.484,570.173,130.19016255078574,2.963,-0.03287578588911162,0.01800127473620059,0.4052815398369779,1,0.02950652072420114,-0.06192718557578534,0.3879499818566631,1,0.09125568101900967,-0.09986232411815901,0.3610300555487068,1,0.11889126351909138,-0.016571821403341302,0.3594613171611083,1,0.14672514283475693,0.08257960000097156,0.3487517885558479,1
1372.804176,grid_1608_y628_z572,471.604,630.484,569.94,128.1789777888715,0.789,-0.03384432140922905,0.01783771256384174,0.3968224274957014,1,0.027588914497313367,-0.060507434655052775,0.38261816993222164,1,0.09175111571158824,-0.10179297712139272,0.36960176240622983,1,0.11662792285238292,-0.0161444906948549,0.35537851754496597,1,0.14863404592513424,0.0840095737878935,0.35419780230728326,1
1373.539644,grid_1609_y626_z572,471.609,628.424,569.951,126.12600901083012,0.724,-0.03564342632326534,0.017557238537722737,0.39506763705959125,1,0.02624551137043755,-0.060827810838040806,0.38659645282289196,1,0.08994271848305245,-0.10087876949900468,0.36789381042957314,1,0.115798509316219,-0.016104042295378436,0.35552852271976104,1,0.1445901953656183,0.08196749496355925,0.3459208955841477,1
1374.167079,grid_1610_y624_z572,471.727,626.468,569.878,124.17129364712278,0.617,-0.03736223380447331,0.017540393655591888,0.394609133117462,1,0.024500840100248063,-0.060078382960706646,0.38375058005517154,1,0.08920155360609743,-0.10086108085136163,0.36949797984521765,1,0.11542562234298406,-0.016198425839423953,0.35661237054651884,1,0.1438351637055448,0.08166254037436169,0.3449067130130733,1
1374.795578,grid_1611_y622_z572,471.625,624.502,569.949,122.2162684792822,0.62,-0.039986935988511184,0.017538365668109256,0.3980653868792477,1,0.022888323007857266,-0.0599422729170913,0.3860166914193298,1,0.08792175438966982,-0.10043736847893633,0.3697734613343518,1,0.11396565809004473,-0.01577520825915406,0.3550316569901901,1,0.14417161023447023,0.08227827525106648,0.3461907446782536,1
1375.425661,grid_1612_y620_z572,471.45,622.649,570.064,120.37744088491,0.62,-0.04171260649577562,0.017251303653336336,0.3966323485741047,1,0.021620379233273958,-0.060400315183559025,0.3908378880152929,1,0.08598519608279305,-0.09942440680925387,0.3666424400403737,1,0.11515378921263297,-0.01572145339081747,0.3607039231882185,1,0.14408425702388575,0.08239009265445012,0.34630556715685057,1
1376.158915,grid_1613_y618_z572,471.516,620.612,570.333,118.37073422936936,0.722,-0.044615008119539244,0.01669747964617601,0.399473743145696,1,0.019461234710694508,-0.05946835720753378,0.3859453064989501,1,0.08529144726040463,-0.09972152844725606,0.3698008795408684,1,0.11593023259467325,-0.01571684591843802,0.36568285966737013,1,0.14134525486578653,0.08080840334669154,0.340312343007379,1
1376.789449,grid_1614_y616_z572,471.618,618.493,570.543,116.27909454841836,0.62,-0.04610714142541085,0.016555554793768294,0.39673280945909656,1,0.017774052019776575,-0.05876982193781597,0.3839435360577829,1,0.08449907297753709,-0.09976335622961732,0.371043566853581,1,0.11419122604568258,-0.015538005307977837,0.3619976474215628,1,0.1413252082535434,0.08122849313105054,0.3415041182469578,1
1377.420371,grid_1615_y614_z572,471.563,616.314,570.673,114.12043983879485,0.621,-0.04850201825876964,0.01637338904526229,0.4000905042839437,1,0.0165976135765677,-0.05984262722510778,0.39211526857127865,1,0.08300563186080719,-0.098983292795828,0.36992485539357406,1,0.11495001028873772,-0.015666879808630647,0.36686427410337,1,0.14385250753834325,0.08299605951212843,0.348265685808676,1
1378.151727,grid_1616_y612_z572,471.462,614.369,570.715,112.18704394447698,0.721,-0.050599269248023625,0.01609628049792204,0.3989082074932607,1,0.01428892302179593,-0.058624140532935395,0.3869293618727404,1,0.08175901783245954,-0.09885316416755878,0.37111555338378127,1,0.1119385000089709,-0.015119518927076738,0.36011115190589155,1,0.14450280812398297,0.08366168177511515,0.3507632572250121,1
1378.776977,grid_1617_y610_z572,471.714,612.217,570.534,110.02978721237263,0.614,-0.05255821674009571,0.016168872555758055,0.397619056361724,1,0.012840138608692292,-0.05868141795185285,0.39024503101595603,1,0.08062800381250398,-0.09857838569931954,0.37208648773023917,1,0.11066079518496194,-0.014729956973966604,0.35840483428311054,1,0.14476985402375217,0.08390565093046262,0.3516966283763911,1
1379.415868,grid_1618_y608_z572,471.627,610.266,570.494,108.08304635788166,0.625,-0.05513423515146078,0.016205176035021883,0.4010910733519023,1,0.010891011958238389,-0.05776257946597668,0.3879885176688631,1,0.07894363370242931,-0.0977781642581115,0.37098754187597827,1,0.11143926152718168,-0.01468011339269775,0.3641247835461752,1,0.14185451643055377,0.08266384965906456,0.3462598900147031,1
1384.244808,grid_1619_y606_z572,471.719,608.285,570.289,106.0925041838489,4.819,-0.058114200126759955,0.01616598902002157,0.4019711771505291,1,0.009226139613008796,-0.05844003879958513,0.3984076621329639,1,0.07673322534267682,-0.09663203324236286,0.3687672047104845,1,0.10855333409858296,-0.01412336999500216,0.3581593590830896,1,0.1385476789271221,0.08119271167785298,0.3386319022256343,1
1384.872549,grid_1620_y604_z572,471.857,606.208,570.343,104.03204285699668,0.617,-0.05987352555660689,0.016161008890463895,0.40439306964078287,1,0.007498852911523414,-0.05706100798353286,0.3900275164848551,1,0.0762142536016682,-0.09681846025318305,0.3708907440400137,1,0.10925737971987862,-0.01414671213835561,0.3626383715592182,1,0.1402714384593875,0.08232873924104925,0.3438100666842365,1
1385.514187,grid_1621_y602_z572,471.887,604.288,570.367,102.12429223744958,0.631,-0.06166963892109458,0.015850597214541476,0.4010390017356049,1,0.005712330044686126,-0.056659376030155154,0.38905733911474916,1,0.07404518761478271,-0.0952906404943645,0.36717499504900103,1,0.10853317221107825,-0.014055880954082755,0.36310306793932623,1,0.139142840162599,0.0821970452093331,0.34235849471382923,1
1386.42049,grid_1622_y600_z572,471.893,602.267,570.523,100.12980882834049,0.896,-0.06280410385238623,0.01544646908374798,0.3959949265399998,1,0.004514844987730977,-0.056122074790611695,0.38784528930359385,1,0.0731497123530199,-0.09524662371016449,0.368508236212684,1,0.10675536352678483,-0.01361928456779416,0.35934793675591836,1,0.1385761623648603,0.08238639444872323,0.34265409161393556,1
1387.057952,grid_1623_y598_z572,471.98,600.277,570.431,98.14232854889889,0.627,-0.06507852512915271,0.015464084601804656,0.39779659182193544,1,0.0025381991075914155,-0.055761248571273625,0.388633277555349,1,0.07208327555953112,-0.09510172931288471,0.3704756364092999,1,0.10627756519051468,-0.013220311565223302,0.36095842287664237,1,0.13822935763266422,0.0825277164225585,0.34336363082316934,1
1387.688106,grid_1624_y596_z572,471.882,598.333,570.332,96.19755303540728,0.62,-0.06716617848909291,0.015284343828954345,0.397081135825567,1,0.000627489149975716,-0.05584793087172766,0.3926454732339003,1,0.07108416386723593,-0.09534594553092822,0.37292134560932844,1,0.10577885201176287,-0.013144815591387204,0.3629137032856951,1,0.1369282358692479,0.08204389586308054,0.3410442330711546,1
1388.319573,grid_1625_y594_z572,471.93,596.187,570.42,94.07418671452868,0.62,-0.06999912172146144,0.015312784388137069,0.4031996106880406,1,-0.0009496553708576276,-0.05501647166753857,0.39014973826865107,1,0.0694785525032396,-0.09411533308541684,0.37097431892328014,1,0.10308827986504059,-0.012720887201469907,0.35632802257565216,1,0.13789405403720534,0.08327984077561766,0.34433560072894176,1
1389.049738,grid_1626_y592_z572,471.812,594.155,570.464,92.05805932127834,0.718,-0.0722345381364273,0.015208985402774478,0.4020081093257706,1,-0.002773527946814531,-0.05515085454819028,0.39438511171179774,1,0.06788715223617307,-0.09320877897961995,0.3701774048006484,1,0.10369122157462005,-0.012558309759969365,0.36212038716665146,1,0.13731497412725222,0.0835949317636036,0.3449153775434143,1
1389.674362,grid_1627_y590_z572,472.004,592.127,570.436,90.04272189355449,0.614,-0.07464287845528858,0.01509863254384163,0.40509618452218366,1,-0.004110823525973525,-0.054106112058799026,0.3913587188006665,1,0.06719416552894063,-0.09328494055345735,0.3717943103478484,1,0.10252545431326429,-0.012289552122018045,0.3604146900952883,1,0.13735951540826474,0.08384943761271853,0.34600275994072627,1
1390.303973,grid_1628_y588_z572,471.646,590.2,570.905,88.1797900315033,0.619,-0.07656469918207247,0.014574479686847674,0.40350011730582996,1,-0.0056206306051345325,-0.054469303777576174,0.39622872443876417,1,0.06614413539476416,-0.09235729219602543,0.37002784938195354,1,0.10088573969636054,-0.011969831852554062,0.356885313760131,1,0.13772964726196935,0.084454921413487,0.34778752902249616,1
1391.097254,grid_1629_y586_z572,471.787,588.029,571.072,86.04821581532066,0.782,-0.07890552722950266,0.014319367890462616,0.40740642144259087,1,-0.006786634810557317,-0.05349745222316501,0.39406819515979497,1,0.0661305624060701,-0.0927416598963444,0.37263259703141144,1,0.10146094749496863,-0.01205944245261473,0.36020728729261553,1,0.13712414511092091,0.0843224078370631,0.34704677359704383,1
1391.727553,grid_1630_y584_z572,471.646,586.269,571.022,84.29458935186769,0.619,-0.08079834740527181,0.014107685538361923,0.4072203699593411,1,-0.008170374546862025,-0.05322511559248455,0.3982359576473621,1,0.0654401162343176,-0.09268299904957264,0.37309522033308873,1,0.09978609086144416,-0.01162247448636185,0.356154105621466,1,0.1353375145002294,0.08328272047515334,0.3428372256803218,1
1392.37259,grid_1631_y582_z572,471.668,584.326,571.186,82.3902836200969,0.634,-0.08343382714108509,0.013791514996331428,0.40966309100285503,1,-0.009564105447823518,-0.052616471323594725,0.3977735458693213,1,0.06452378247128507,-0.09196353233711116,0.372382466208638,1,0.09908602670565372,-0.011496262932692812,0.3557017362671805,1,0.1360721877091044,0.08417295700720741,0.34585244212140603,1
1393.450763,grid_1632_y580_z572,471.561,582.525,570.907,80.56701332431282,1.069,-0.08512637918090946,0.0138061677599249,0.40799707427887516,1,-0.010821064066815494,-0.05183807383261689,0.40082754600555653,1,0.06392250496424136,-0.09178630306086606,0.3724028334496806,1,0.10031132618888253,-0.011618423475629285,0.3603140399378933,1,0.13670151161541025,0.08476984119606704,0.3479738700647922,1
1394.080463,grid_1633_y578_z572,471.54,580.581,570.764,78.62126156454121,0.618,-0.08619467022487644,0.013812011468221313,0.40581008270366253,1,-0.011443778266587601,-0.04968586315178748,0.3923078690176284,1,0.06416669567327464,-0.092225846112022,0.37406882164262834,1,0.09938432802422445,-0.011518904272382844,0.3564680645998958,1,0.1363854809578758,0.08450586682817439,0.34706862172467684,1
1395.043014,grid_1634_y576_z572,471.694,578.457,570.52,76.48587212028116,0.951,-0.09093025772912786,0.014494790135835467,0.4164934187957609,1,-0.01255216481619062,-0.04630262250658841,0.3853307547542405,1,0.06432081089242425,-0.09174040773501493,0.37276846734086383,1,0.09905393249670778,-0.011464667748516472,0.3541547459273286,1,0.13512683314526414,0.0833120984504551,0.34282576583790475,1
1395.826515,grid_1635_y574_z572,471.81,576.34,570.518,74.39053113804208,0.774,-0.09157719989893591,0.014184816228670388,0.41088119615368723,1,-0.0144288593666346,-0.047179094799118866,0.3985560030792532,1,0.0649375463517095,-0.09309498984242849,0.3793841813341029,1,0.09905393249670778,-0.011464667748516472,0.3541547459273286,1,0.1352866734132067,0.08339812866568523,0.34307110249919204,1
1396.471061,grid_1636_y572_z572,471.658,574.587,570.293,72.62121302346857,0.632,-0.09315389221617161,0.014371156242784478,0.4104486818997056,1,-0.015582182773509253,-0.046502924675912855,0.401028037439226,1,0.06277934299609843,-0.09017246963624855,0.3691328617264946,1,0.09908813408188219,-0.011470657310897994,0.3545778372395536,1,0.13550091117984694,0.08363889496145578,0.3440905996101175,1
1397.10427,grid_1637_y570_z572,471.861,572.495,570.276,70.55120691384381,0.621,-0.09443153875191077,0.014252932230317619,0.40704966260493264,1,-0.016822057771904205,-0.04510410636167997,0.398290205230036,1,0.06221085570236018,-0.08970484933273877,0.3680726958895204,1,0.09943206217742342,-0.011521655194066272,0.35649711940343426,1,0.1360694503003414,0.08424189246028171,0.3461633733845616,1
1397.837807,grid_1638_y568_z572,471.975,570.28,570.441,68.38679735884698,0.723,-0.09805796566548083,0.014076934926028373,0.4145438522725959,1,-0.01811426810654932,-0.04395495197374296,0.3997081600280895,1,0.06133338339590857,-0.08901358259108856,0.36730972678979823,1,0.09994660284434435,-0.0115783773807207,0.35875251897659777,1,0.13670151161541025,0.08476984119606704,0.3479738700647922,1
1398.464605,grid_1639_y566_z572,472.03,568.292,570.473,66.42845969913802,0.616,-0.0999006774183446,0.013847515988292045,0.4133480792528782,1,-0.01936212843040382,-0.04280964146485251,0.3954116766534299,1,0.06154925278774457,-0.08969959056258961,0.372542728823682,1,0.10145210163797094,-0.01157880842491077,0.3645739448834221,1,0.13674194411190307,0.08476859537918266,0.34804104166322014,1
1399.101323,grid_1640_y564_z572,471.589,566.604,570.804,64.80726627470106,0.626,-0.1013598432163593,0.01351976234138493,0.41273065610248094,1,-0.020771158911262654,-0.042340815179191665,0.39705211547957575,1,0.059776625583067344,-0.08764007171206212,0.3660041432777035,1,0.10064500687272829,-0.011275882089071978,0.36236625299308384,1,0.13678237660839593,0.08476734956229828,0.3481082132616481,1
1399.734037,grid_1641_y562_z572,471.654,564.448,571.103,62.73408909038209,0.621,-0.10315948903084546,0.01302747591190426,0.4124230341403813,1,-0.022161209608081836,-0.04152868240317789,0.3993418532722167,1,0.05960119081822572,-0.0876806954739662,0.3688132894870072,1,0.10081414765870526,-0.011346185644105397,0.3636256121257917,1,0.13702497158735294,0.08475987466099202,0.348511242852216,1
1400.468148,grid_1642_y560_z572,471.864,562.083,571.328,60.45194896775452,0.723,-0.10626432299347896,0.012540613156628267,0.4158284706510562,1,-0.023382057213339365,-0.04004776406127939,0.3940790474326171,1,0.05897524390532845,-0.08694879909740978,0.3697205900825537,1,0.10000123098071931,-0.011242382070469313,0.3615259186847698,1,0.13706540408384577,0.08475862884410765,0.348578414450644,1
1401.096403,grid_1643_y558_z572,471.49,560.477,571.398,58.881315015885974,0.619,-0.10776087360669726,0.012459183703187469,0.41483371477864506,1,-0.024368088370841527,-0.038760985958307494,0.392901265406081,1,0.057989695057868086,-0.085909741624931,0.3679954804267191,1,0.10034455965249449,-0.011286706268979662,0.3625513081106738,1,0.13706540408384577,0.08475862884410765,0.348578414450644,1
1401.728363,grid_1644_y556_z572,471.634,558.338,571.379,56.78179727694429,0.62,-0.1108360592342967,0.012409918669294724,0.4195688045658528,1,-0.026291393682226223,-0.03827245023005309,0.40006429091683343,1,0.057030311703796285,-0.0843817376921314,0.36592080790548687,1,0.10046666608670529,-0.011226102534225181,0.3622528105554423,1,0.13694410659436726,0.08476236629476078,0.3483768996553601,1
1402.362532,grid_1645_y554_z572,471.605,556.394,571.323,54.86573594694599,0.623,-0.11081225372887189,0.012367383118973526,0.4129025651061765,1,-0.02718744127820588,-0.036365321431701826,0.39666104875804786,1,0.05754843505687505,-0.08481473385979303,0.3732208851430448,1,0.10068222764110771,-0.011570109963375503,0.3617728717745587,1,0.13664430116987675,0.08475076178931044,0.3478884019475698,1
1403.095893,grid_1646_y552_z572,471.74,554.231,571.269,52.741281412191725,0.722,-0.11360053103064341,0.012437220308724392,0.41483407967339847,1,-0.028953785503847758,-0.03488420336721571,0.3996133606060125,1,0.055985080694773946,-0.08229286957312719,0.37027597761114855,1,0.09990274051958706,-0.01157955373925781,0.3590508264282945,1,0.13670151161541025,0.08476984119606704,0.3479738700647922,1
1403.728424,grid_1647_y550_z572,471.507,552.589,571.172,51.11211642066886,0.622,-0.11572876817289332,0.012609691843488735,0.4171670772781743,1,-0.029911793864473048,-0.03330904888785012,0.39661095492913007,1,0.05561412574978195,-0.08127040958414483,0.372703206389376,1,0.09894909413310896,-0.011492484674506032,0.355184260041777,1,0.13648628584110956,0.08461877460536413,0.34743577777751217,1
1404.413341,grid_1648_y548_z572,471.777,550.321,571.081,48.885144082839766,0.674,-0.11896268287090639,0.01269727472624301,0.4215092756661357,1,-0.03100781999137044,-0.03150271305584319,0.39338900230866847,1,0.05460734013573183,-0.07843714351793588,0.3708651325727514,1,0.0990134204140527,-0.011465727870191978,0.35417596550591496,1,0.13538474088767743,0.08357997189594928,0.3437491898151828,1
1405.20542,grid_1649_y546_z572,471.572,548.623,570.921,47.19075821598977,0.782,-0.12069671141593155,0.012688130482261075,0.4216797584733885,1,-0.03283373203209512,-0.030365708458674978,0.3955269774525073,1,0.05319880673853322,-0.07652465386018295,0.36897769212780573,1,0.09972734454670243,-0.011559041428135167,0.3578927614908401,1,0.13621567456045075,0.08440267163918838,0.3466049298642396,1
1405.89253,grid_1650_y544_z572,471.752,546.512,571.077,45.17965119387262,0.676,-0.12214004779465445,0.012514430075258123,0.4205202520978597,1,-0.03454561159450616,-0.030166797551928477,0.39965294919295447,1,0.05235367444501822,-0.07601128019631384,0.3713913119624336,1,0.10003391903721018,-0.01126407727320351,0.360179306145363,1,0.13648628584110956,0.08461877460536411,0.3474357777775122,1
1406.521439,grid_1651_y542_z572,471.53,544.889,570.88,43.55295390670995,0.618,-0.1225400887808911,0.012412822640950333,0.41613171244209896,1,-0.03609423464039559,-0.029305176622232882,0.40077453208469216,1,0.05077149179059718,-0.07406690013510625,0.3686468680562841,1,0.1008804362246962,-0.011376002143672242,0.3650643859351055,1,0.13588984730155293,0.08413547440572708,0.34603088906891405,1
1407.37435,grid_1652_y540_z572,471.685,542.722,570.832,41.44756497069519,0.841,-0.12386114060214322,0.012405793617808603,0.41311659289801106,1,-0.038413193619149646,-0.02823197530023685,0.4028020358011254,1,0.05010437323203728,-0.07383304548809312,0.3767716205570479,1,0.09937183522017667,-0.011046308949123933,0.3619300648659247,1,0.13610971856175344,0.08475925558932744,0.3479263998252776,1
1408.007322,grid_1653_y538_z572,471.535,540.997,570.914,39.801988153859824,0.623,-0.12704174219382883,0.012537594032462235,0.41835734846263906,1,-0.039511159570183065,-0.027382199543082984,0.4015196443851222,1,0.048673284641141304,-0.0717045725231037,0.3733305728495712,1,0.09856392003264464,-0.010823534688092298,0.360367156475767,1,0.13725329850671095,0.0855583450108375,0.3506643640099913,1
1408.634358,grid_1654_y536_z572,471.465,538.92,571.029,37.837943931984434,0.617,-0.12881134610429776,0.012373103042854112,0.4183363588742357,1,-0.04111835045553579,-0.02647589080030278,0.4034478856156286,1,0.04715157969466445,-0.06931718735742434,0.37040145664543594,1,0.09812564420064393,-0.010577096087547274,0.3603508077488017,1,0.13854339422364842,0.0863800515515788,0.3535627484541305,1
1409.36678,grid_1655_y534_z572,471.404,536.8,571.209,35.86632618487704,0.724,-0.13320239200791645,0.012404310247728801,0.42601480794821756,1,-0.04283704984725304,-0.025223657184054032,0.40329384623686676,1,0.046127156431683566,-0.06707079996891815,0.3720486607263785,1,0.09819004088599423,-0.010515095467622634,0.3610096343921476,1,0.13875709286611607,0.08654931405475423,0.3542965045260484,1
1410.113109,grid_1656_y532_z572,471.534,534.668,571.325,33.88574216392496,0.735,-0.1345107526634413,0.012240580793940848,0.4249203197588603,1,-0.04410127351783977,-0.02376234715243463,0.40268874725792003,1,0.044645828752984416,-0.06361027104861423,0.36560383229170557,1,0.09871480538832289,-0.010904961117344375,0.36038668219272785,1,0.13668864459390773,0.08520792623399223,0.34904695562154353,1
1410.8571,grid_1657_y530_z572,471.46,532.618,571.596,32.05133836519161,0.734,-0.13616896550204957,0.011915989273471067,0.4238968562511956,1,-0.04542433538182117,-0.02219313030567536,0.40007929488255745,1,0.04409268380555774,-0.06189597307064979,0.3710018379023025,1,0.0994122995109683,-0.010968559225358046,0.36156695361862323,1,0.13535984847886023,0.08425990363589084,0.345304716510921,1
1411.722891,grid_1658_y528_z572,471.25,530.816,571.479,30.32629733416203,0.852,-0.13770784228044772,0.012291268192741319,0.42193967514354325,1,-0.04793689931056614,-0.020700994623844306,0.40500379851949886,1,0.04334513729998203,-0.05945882666328976,0.3754247817550128,1,0.10161391512441398,-0.01145398603143093,0.36895048807791636,1,0.13450956594983543,0.08348201921220727,0.34242160311097236,1
1412.52018,grid_1659_y526_z572,471.297,528.723,571.797,28.524384305362293,0.785,-0.13988938204153076,0.012243974559382875,0.42389099896192334,1,-0.049414800622710045,-0.01973743750576436,0.40774572427119704,1,0.04152476373696699,-0.056588336559562746,0.36864137190682433,1,0.10129934553088074,-0.011533871146044896,0.3674485337221728,1,0.13360449487699905,0.0828874962614207,0.33977545464176784,1
1413.150031,grid_1660_y524_z572,471.408,526.856,571.837,26.850968585881585,0.618,-0.14266687049798701,0.012279437163345803,0.4269551115588711,1,-0.05063819489313405,-0.018477140143102234,0.4045097409182075,1,0.04036792408863822,-0.054487705227972805,0.3689517628635205,1,0.101094056153783,-0.011385933561064532,0.366905978672966,1,0.1328515342040284,0.08252288177657384,0.33775226722924634,1
1413.839648,grid_1661_y522_z572,471.385,524.675,571.956,24.960657303043895,0.679,-0.1458556723249917,0.012477435594950098,0.43092618059341853,1,-0.05231413308177378,-0.017216586413871172,0.40526431990176104,1,0.03915038003021938,-0.05216776954928084,0.368360502448732,1,0.10069823969227328,-0.01119555245778604,0.3654716109280002,1,0.1328915180706156,0.08252801367854048,0.33785424247137746,1
1414.643194,grid_1662_y520_z572,471.452,522.753,571.8,23.208555189843267,0.792,-0.1456601692440113,0.01295126654922175,0.42344652488003104,1,-0.05467849127793737,-0.015419763000405751,0.4068764727107578,1,0.038310755605372726,-0.04994127579842355,0.37682945495161,1,0.10004249144667014,-0.011226552198545906,0.3627629487200143,1,0.1332228377820358,0.08277654673164203,0.3387019095104956,1
1415.562301,grid_1663_y518_z572,471.526,520.654,571.796,21.419923319190502,0.909,-0.14648676000102726,0.013460409132472248,0.42002621768751724,1,-0.05578921497185261,-0.012412967181968678,0.4021213499362727,1,0.03668277312986943,-0.04494525038447467,0.37036415373302145,1,0.09944333210549701,-0.011445990887976936,0.3561663878674775,1,0.14199977957788157,0.08785213028241087,0.3600441471275865,1
1416.189921,grid_1664_y516_z572,471.408,518.823,571.635,19.810053432537714,0.619,-0.148220531303117,0.014258552724398613,0.4219942863664629,1,-0.05690429445814075,-0.010976618109301178,0.40347647421975397,1,0.03629657384448858,-0.042994181267513316,0.37406349480592593,1,0.10061670164876549,-0.011670283315962562,0.35805684113338776,1,0.1382529308418603,0.08521130219831181,0.3499888470390765,1
1416.821284,grid_1665_y514_z572,471.486,516.743,571.569,18.117161284263066,0.621,-0.1542092919065174,0.01600900004925123,0.43320314994812587,1,-0.058982313060772576,-0.008716366845254484,0.4064890077770834,1,0.034805628873729434,-0.03931521375938341,0.37161153779487954,1,0.10174043023974966,-0.011999895655135744,0.3587817598502731,1,0.14154797917605783,0.08705610077639607,0.35700964437525734,1
1417.562565,grid_1666_y512_z572,471.611,514.607,571.534,16.497024731750844,0.73,-0.15484769763033554,0.01783711304822684,0.4298856122692237,1,-0.060796832343959314,-0.006768777917487641,0.40740981069000126,1,0.03408809183878864,-0.036710250351657925,0.378662872915034,1,0.1017880460920931,-0.012205658893024341,0.35731867678807483,1,0.14341597799463246,0.08794074607365246,0.3611367405257909,1
1419.860311,grid_1667_y510_z572,471.456,512.907,571.058,14.95431248837607,2.286,-0.15493503773659278,0.01835932896291831,0.42536264667302753,1,-0.06285685788965781,-0.0047401380978286806,0.4084863878983331,1,0.03111575419012998,-0.03321429587289013,0.3680341938100717,1,0.10110450221046748,-0.011547495892785307,0.35742880931529336,1,0.14304988770924942,0.0878690066940728,0.3603191017851958,1
1420.595754,grid_1668_y508_z572,471.561,510.887,571.014,13.624441456441435,0.622,-0.15744905400817072,0.01820579686551777,0.4270399572612912,1,-0.06417533392738897,-0.004113854457089545,0.40763644946539224,1,0.030346150722261805,-0.03272929967811258,0.37579335680266,1,0.09978057192122476,-0.01149760149899259,0.3554608135206464,1,0.1369198490783194,0.08446770592899276,0.34546587935488826,1
1421.332837,grid_1669_y506_z572,471.573,508.823,570.971,12.454044483620551,0.726,-0.16072527393839045,0.018153806465763027,0.4293645157956861,1,-0.06602887267866545,-0.003401491904762526,0.40477031617457876,1,0.029360043094050874,-0.031714992095910215,0.3874604451434543,1,0.09946624430779955,-0.010974872039015277,0.35771353779059717,1,0.13426667747723112,0.08284667875650047,0.33929363460733997,1
1421.979892,grid_1670_y504_z572,471.596,506.875,570.935,11.586035775881173,0.635,-0.1627884592760414,0.01823859656797736,0.4302652346161179,1,-0.06796425881959955,-0.002735800664770751,0.4051598625656957,1,0.027146449980078514,-0.029834967163369825,0.3815610505753596,1,0.09749540730759385,-0.010844206546391053,0.3533149048947021,1,0.13520487097246278,0.08378969405262923,0.3423034395162026,1
1422.61932,grid_1671_y502_z572,471.668,504.793,570.951,11.026982769552154,0.628,-0.16559894891649002,0.01813344601323153,0.4323775791073327,1,-0.07010357921016556,-0.0020970925883424317,0.4068646121925899,1,0.025128287076698248,-0.027957784482961746,0.37843338936934434,1,0.09580609354550496,-0.010443193710220908,0.35006903058447464,1,0.13659876482157535,0.08507856683249412,0.34685124249060406,1
1423.413194,grid_1672_y500_z572,471.562,502.783,571.221,11.08280564658605,0.783,-0.1666244547460501,0.017681173300088636,0.4300272006233069,1,-0.07130243111923194,-0.0015135936660983906,0.4022013716216094,1,0.02390392251817112,-0.027267020771245515,0.38815165360499915,1,0.09569790307747172,-0.010327048763909684,0.3531664036850543,1,0.13644400119540387,0.08503643853807273,0.34718267637318034,1
1424.050259,grid_1673_y500_z574,471.285,502.482,571.914,11.756338970955166,0.625,-0.16502450997691828,0.016785103868966637,0.42443835995659357,1,-0.07211547855746815,-0.0017772690728929264,0.4047221320647537,1,0.023780638754265004,-0.027210688205657623,0.3922348377934008,1,0.09635649095989354,-0.010151596906899495,0.3573748697266186,1,0.13635059451401904,0.08496036247143232,0.34705861843834107,1
1424.695323,grid_1674_y502_z574,471.328,502.603,572.516,12.358356444123082,0.634,-0.16795653372246436,0.01639432387275854,0.43200449000203645,1,-0.07193694323404981,-0.002301016224832711,0.40348341235199897,1,0.023549514784936377,-0.027461885596937186,0.38761444328284583,1,0.09639966788946837,-0.010059546639977084,0.35774723999311153,1,0.13609690413084946,0.08490105916742353,0.3465646733506408,1
1425.336737,grid_1675_y504_z574,471.815,503.034,573.778,13.656137301594471,0.63,-0.16800220901856527,0.015350148829762114,0.43249592125792535,1,-0.07202929222967701,-0.0033617720563799184,0.4058232980464641,1,0.02296933644655228,-0.026765473875427624,0.3691100738109066,1,0.095422438266796,-0.01021117485252122,0.35273675485427053,1,0.13493258397523397,0.0840871461624751,0.34364924370798283,1
1426.078912,grid_1676_y506_z574,472.195,504.535,573.632,13.670744566408887,0.73,-0.1679684738113644,0.015138568991183234,0.4353309064290875,1,-0.07061352773466054,-0.0038305789327055585,0.40563319874071935,1,0.024368884095253278,-0.0282248285489388,0.372683959443067,1,0.09570065079537042,-0.010289638424927503,0.3509665326975326,1,0.136575728928146,0.08522841517837504,0.3472777401098077,1
1426.716275,grid_1677_y508_z574,472.121,506.434,573.759,14.16849085118101,0.626,-0.1647962993266555,0.015158066547404639,0.43118051929623447,1,-0.06920401783096106,-0.0043836601686644645,0.40741101464757323,1,0.025993104638507524,-0.029812453833821508,0.37588600639103353,1,0.09629994299559656,-0.01063448433079936,0.3506514056010456,1,0.13615925623126532,0.08470397676837034,0.3453794099582882,1
1427.3491,grid_1678_y510_z574,472.235,508.451,573.513,14.617887398663349,0.623,-0.161748761128422,0.015291497503205163,0.42887799260229925,1,-0.06810369938329533,-0.004842837299445142,0.41143495261990487,1,0.02804891825856353,-0.03172558065516923,0.38161412957172647,1,0.09883675301161923,-0.011206202189265598,0.35624170819318046,1,0.13469404704286236,0.08331645579941852,0.34067953928676853,1
1428.261362,grid_1679_y512_z574,472.191,510.529,573.634,15.655173362182863,0.903,-0.15981702094174674,0.015546654090141882,0.43064110844628045,1,-0.06459403011546914,-0.005772904835021771,0.40545432866682657,1,0.030810940198118843,-0.03415632047769439,0.3845237432267225,1,0.10016861760059852,-0.011545520820471156,0.3573932316966123,1,0.1361785615559018,0.08414474988447553,0.34335336151791485,1
1428.963046,grid_1680_y514_z574,472.069,512.541,573.799,16.876541944367638,0.693,-0.15686459046723994,0.015400932301191505,0.42666391596798253,1,-0.06336108766672799,-0.006497153292800574,0.4067405027839136,1,0.03228343985481934,-0.03560344849086113,0.38459006859143124,1,0.10082373682750678,-0.011546903371091061,0.357418136029689,1,0.138240025706244,0.08522037568560335,0.3481704003606394,1
1429.767134,grid_1681_y516_z574,472.083,514.332,573.896,18.05647047459715,0.794,-0.1578409922611004,0.015681345868148712,0.4351411014537572,1,-0.06153155730132494,-0.00754672396156396,0.40768927556196444,1,0.033383935063219836,-0.03659357487006617,0.37607729188879385,1,0.10204439769187294,-0.012181201534360421,0.35810761981911277,1,0.14394679068898442,0.08837516644819121,0.362624308149572,1
1430.460472,grid_1682_y518_z574,471.975,516.396,574.108,19.594732506467068,0.682,-0.15603197003887062,0.01572351128647336,0.4353234585984168,1,-0.05917007006207593,-0.008316820983548823,0.40298203216277234,1,0.03515167882824653,-0.038189613040996925,0.3774856288686754,1,0.10258547028675324,-0.012371695106738936,0.3575890439797064,1,0.1385499836424548,0.08448727738068229,0.3474519382866409,1
1431.102303,grid_1683_y520_z574,472.143,517.976,574.428,20.959103749922125,0.631,-0.15167100181094836,0.015137403685784154,0.4275915015915233,1,-0.05692618730142919,-0.008960907889700703,0.398650694759789,1,0.03619526012901063,-0.038744196502518015,0.37191674580721845,1,0.10296701092088163,-0.012528383320772751,0.3546999802790813,1,0.13743871293953486,0.08336261676460313,0.3429952865842027,1
1431.839208,grid_1684_y522_z574,472.066,520.29,574.156,22.528203368222623,0.727,-0.14910604222848664,0.0151749428624322,0.4268246503893007,1,-0.057011716567058904,-0.013877701693442351,0.4089612599394771,1,0.03835488746734491,-0.04279415916589084,0.37770605700469595,1,0.10288104043713253,-0.01254408839676889,0.35680806952035027,1,0.13712059442247088,0.08334825970190937,0.34325197583841216,1
1432.537169,grid_1685_y524_z574,472.059,522.307,574.332,24.23952608860166,0.686,-0.14705683143353987,0.015060981594658204,0.42611003550388815,1,-0.055081514694615065,-0.01618576835461874,0.4048317663086748,1,0.03904769712231127,-0.044817456378653454,0.3731156241266656,1,0.10252939080958434,-0.012487922985573146,0.35759074778864225,1,0.13690287505006668,0.08345294199624251,0.34342509644497315,1
1433.270254,grid_1686_y526_z574,472.122,524.394,574.116,25.84460197023742,0.722,-0.14527478768074906,0.015371888891757429,0.42593899235001553,1,-0.053609783423335465,-0.017626573591332805,0.4059864608573217,1,0.0405940668794842,-0.04745093873603291,0.37413796196113186,1,0.10252502499167915,-0.012477257582630807,0.3575010655223945,1,0.13706987914118263,0.08349903158419487,0.34368994961116417,1
1433.902588,grid_1687_y528_z574,472.274,526.026,574.263,27.31430229751437,0.622,-0.14410655016792923,0.01583056420005547,0.4283034942321383,1,-0.05239131522187929,-0.01925216951778119,0.40985400974129804,1,0.04181837924839704,-0.04962205991389202,0.3725318441495531,1,0.10252065917377395,-0.012466592179688471,0.35741138325614685,1,0.13840341394264166,0.08426334916667826,0.34709947158473353,1
1434.812093,grid_1688_y530_z574,472.246,528.177,574.057,29.073638248420195,0.897,-0.14142891548560074,0.01618353346757325,0.4274358524648303,1,-0.05047530624372224,-0.020876346467537263,0.4088884062419358,1,0.04279103548027361,-0.05165742942229319,0.3666506447270497,1,0.10306992145123986,-0.012528605485632274,0.3598988192085703,1,0.1422034280132119,0.0869630918209739,0.35767675474709715,1
1435.447751,grid_1689_y532_z574,472.377,530.12,574.021,30.782604714351244,0.623,-0.1394735972726958,0.01648679698412226,0.426284226831525,1,-0.048689354538369777,-0.021303451942878984,0.4047648392002216,1,0.04379580450901736,-0.05341320302390888,0.3678537864809564,1,0.10310355946787517,-0.012514863992076802,0.35981959410703945,1,0.14045622736012706,0.08556511599999007,0.3524121457166511,1
1436.131293,grid_1690_y534_z574,472.379,532.398,573.586,32.64846112759378,0.673,-0.13789998684509364,0.017238827207781353,0.42809574346359164,1,-0.046371090636586766,-0.02217062421321898,0.4033311562848446,1,0.04589429446465753,-0.055628331136205134,0.3702656739570568,1,0.10366492501907601,-0.012520664628906155,0.35935686075709744,1,0.137591034909018,0.0835250074295942,0.3441552755283609,1
1436.876551,grid_1691_y536_z574,472.478,534.259,573.516,34.32890289537375,0.733,-0.13608722533578943,0.017800680055032547,0.4272713080555408,1,-0.044606491256746615,-0.022778824369236884,0.40196119494040194,1,0.046515184826910104,-0.056426541241105674,0.3652900241970233,1,0.10346562435284612,-0.012608345825164449,0.3561283179570179,1,0.13819159626493865,0.08365314303454648,0.34477448061139054,1
1437.619298,grid_1692_y538_z574,472.573,536.356,573.274,36.183831444444905,0.73,-0.13290136453751067,0.018060621220504447,0.4235395571462742,1,-0.04344582485324938,-0.02368420180013755,0.4066292003739166,1,0.04822581463285032,-0.057589292190545184,0.3655225489686641,1,0.10518523236339314,-0.012944743495862835,0.359298500628375,1,0.13747839360156497,0.0824905930326588,0.3410892893104855,1
1438.266828,grid_1693_y540_z574,472.696,538.115,573.493,37.90919726135074,0.636,-0.13022180937837838,0.01800807849612012,0.42157050172721816,1,-0.04143225808541117,-0.02416953868888594,0.4057701004246052,1,0.050210828579706525,-0.059605481370732946,0.36781746253335534,1,0.10643107674446468,-0.013285096980384142,0.36075677619786994,1,0.13859584365476169,0.08270946424184354,0.34325593586928,1
1439.00407,grid_1694_y542_z574,472.594,540.352,573.388,39.96809941690998,0.726,-0.1284993431252155,0.01817138861673272,0.42342578591862107,1,-0.03877271416966212,-0.024595659770503996,0.3997831193876912,1,0.05250700994932293,-0.0614267239876099,0.37107564112772506,1,0.10676053624313273,-0.013682959594249141,0.358598850543937,1,0.13933902200259934,0.08269013952829618,0.34371796999994986,1
1440.022387,grid_1695_y544_z574,472.87,541.925,573.651,41.55248070813578,1.008,-0.12579702722665115,0.018003384756041706,0.42025516912246247,1,-0.037382138630368586,-0.025828544149570577,0.40072393936716166,1,0.05306929542450758,-0.0622693950298411,0.364898195940799,1,0.10849444547629494,-0.014081106943733348,0.36327902704809667,1,0.1392842100742468,0.0823935555540258,0.34271083124327134,1
1440.716766,grid_1696_y546_z574,472.749,543.883,573.934,43.48911952431324,0.684,-0.12403240340968,0.01794735388919714,0.41972404965965293,1,-0.035514640238189885,-0.026055414200404414,0.3981894004362494,1,0.054488078755627965,-0.0627528541904087,0.3643085441310416,1,0.10816860200064404,-0.01405436936946789,0.3578747198302659,1,0.13885962456855672,0.08166926323601402,0.34007708745515036,1
1441.757403,grid_1697_y548_z574,472.821,545.875,573.783,45.338695084883085,1.029,-0.1225670094651559,0.018247397232720654,0.4240967396676737,1,-0.03353261992465924,-0.026965572668762778,0.4023720428735652,1,0.056739148012080055,-0.06395646376301238,0.3651505617519421,1,0.10900016656620863,-0.014282980783998617,0.35571989582322155,1,0.14039727755271453,0.08196172201324711,0.3415396281704095,1
1442.60418,grid_1698_y550_z574,472.809,547.849,573.919,47.26194041721102,0.835,-0.11861070066422334,0.01802880317095644,0.4147403587701648,1,-0.03171201595009059,-0.026917974660115147,0.3977776599977803,1,0.05788408531064496,-0.06476917324364753,0.36476903527642496,1,0.11064929419933248,-0.014589550063183049,0.3593313830493594,1,0.14186221012904432,0.08256777047829866,0.34472411507405887,1
1443.231537,grid_1699_y552_z574,472.941,549.577,574.199,49.00144181552212,0.617,-0.11775038046188324,0.017925925141940365,0.418206578937059,1,-0.02991617202737636,-0.027724504323677256,0.3991746601014684,1,0.060510608561590504,-0.06704575402980706,0.3701742746298562,1,0.11101410002453913,-0.014839489207470935,0.35729023008720706,1,0.14331016058194618,0.08306594277903591,0.3472900781300161,1
1443.966929,grid_1700_y554_z574,472.72,552.075,573.707,51.25573506447844,0.726,-0.11447681801532583,0.01808893863793013,0.41509719115130184,1,-0.028128665907135104,-0.02824709085295023,0.3984757298308941,1,0.05975421904630336,-0.07262434107778719,0.3685461569025996,1,0.10882040929767949,-0.014176574670987388,0.3610329601717048,1,0.14078227081557637,0.08268513068060168,0.34474003819438226,1
1444.765452,grid_1701_y556_z574,472.918,553.676,574.065,52.90133550299092,0.786,-0.1121939503763845,0.017696167992421984,0.413369392386793,1,-0.026592046385643796,-0.028889726800473376,0.3963423345818063,1,0.060211497933570376,-0.07468158608091707,0.3665120239815122,1,0.10871233287158295,-0.014062878505822057,0.362632801732797,1,0.1399259317224304,0.08258353591009246,0.3437055161172115,1
1445.395092,grid_1702_y558_z574,472.913,555.915,573.692,54.96977319400178,0.619,-0.11042008008408248,0.018294137730321437,0.41424417300170085,1,-0.024770991266064506,-0.029633298077075355,0.3972517246760022,1,0.0617837351943859,-0.07651866094191734,0.36816976205267204,1,0.10895794277199064,-0.014073751677734208,0.36160358190922326,1,0.13952695611728372,0.08200093947124529,0.3417115117929689,1
1446.027547,grid_1703_y560_z574,473.058,557.83,573.684,56.830389220908955,0.622,-0.10906805258425094,0.018693112741425356,0.4160625455061947,1,-0.023311757408336874,-0.030198585249069442,0.3981178129746096,1,0.06319963691635996,-0.07761025792450009,0.3682357853095094,1,0.1091562914306377,-0.014157311162393391,0.35954211485793947,1,0.1411916386028352,0.08276711635586208,0.34528789885116606,1
1446.765819,grid_1704_y562_z574,472.831,560.084,573.58,58.98763360230682,0.727,-0.10710905989928868,0.018840169060350485,0.4179322752301623,1,-0.020720700899428686,-0.030309122837686518,0.3960436822280701,1,0.06486858824687747,-0.07834830640115373,0.36662361844790226,1,0.11014102923678573,-0.014409076012410626,0.359522450785713,1,0.14259630165274279,0.08284563963831333,0.3468952833129232,1
1447.396783,grid_1705_y564_z574,473.195,561.805,573.523,60.66536085774152,0.62,-0.10476727312748794,0.01880030346218911,0.41573445006829585,1,-0.01903262099914149,-0.03075518299415912,0.3930084955995776,1,0.06625136746658453,-0.07922088544083626,0.36677864621840806,1,0.11081288252442331,-0.014653023428103795,0.35923063886088946,1,0.1435471370393012,0.08321755695263693,0.3487151394025496,1
1448.303337,grid_1706_y566_z574,473.05,564.026,573.275,62.773958852377596,0.896,-0.10197101646144742,0.019335015862483765,0.41296321337047176,1,-0.016988822635321737,-0.03082485724458161,0.3920057644721171,1,0.06656666055470675,-0.0787096664151243,0.35993110524181826,1,0.11250243184873851,-0.015119247751109326,0.36120442150241217,1,0.143636886218313,0.0831644445007096,0.3481555244824198,1
1448.931573,grid_1707_y568_z574,473.135,565.814,573.525,64.57681340078648,0.616,-0.09955689688742615,0.01933804869133421,0.4107570332534863,1,-0.015407597944328524,-0.031727234385444336,0.399012409313458,1,0.06917959489344003,-0.08076069801799038,0.3655999971953612,1,0.1139269755421263,-0.015421351200114116,0.3626686106852664,1,0.14342247395617452,0.08263463007836412,0.3466584733459308,1
1449.562888,grid_1708_y570_z574,473.116,567.811,573.386,66.50203159302733,0.619,-0.09755314781678175,0.019397789333637273,0.411031501263881,1,-0.013554128117191505,-0.031823893014884044,0.39503962294751876,1,0.07153969311763927,-0.0822893877888768,0.36918909770012087,1,0.11513135896821028,-0.015651483148474126,0.36268182525223347,1,0.14549868663271512,0.08363293048166118,0.350551975439011,1
1450.198437,grid_1709_y572_z574,473.219,569.702,573.446,68.37051181613315,0.624,-0.09671419598876997,0.019727007992901873,0.41561038608376305,1,-0.011558503359417351,-0.03219869946501253,0.3960299356081635,1,0.07286808218062586,-0.0823292948656323,0.36625618371274044,1,0.11534027548651708,-0.01569974314650845,0.359907805740736,1,0.1434082143467834,0.08193815470686945,0.3444531101342049,1
1450.93818,grid_1710_y574_z574,473.003,571.751,573.562,70.39461747179254,0.73,-0.09491117899931452,0.01987723572037243,0.41773346044811477,1,-0.009103305274564223,-0.03218805549481725,0.3910077248638396,1,0.07438457714419976,-0.0826387049452697,0.3638224704232834,1,0.1159273710371385,-0.016020785919750764,0.3583951415851561,1,0.1434294142959966,0.08156893602114894,0.3429246951888806,1
1451.578884,grid_1711_y576_z574,473.239,573.714,573.784,72.37117618223438,0.63,-0.0908734829774588,0.01916510068447051,0.4079886780609646,1,-0.007185710094291395,-0.032751605759405715,0.3916549550471667,1,0.07637889911579063,-0.0835670093336873,0.3652157804310879,1,0.11815195780209167,-0.016388308481303564,0.36114867540295875,1,0.14520000499406766,0.0820721019748089,0.34615059075891996,1
1452.212764,grid_1712_y578_z574,473.062,575.863,573.755,74.47031924867792,0.623,-0.08845228918001094,0.01906417684174818,0.40674012871995685,1,-0.005079753702731973,-0.03304969450528816,0.3895157277234027,1,0.07902169255937408,-0.08497154895076682,0.3682453216243026,1,0.12028137550843772,-0.01691881804363716,0.3634040629276349,1,0.14678528924200085,0.08271614169542518,0.3491319389972668,1
1452.841236,grid_1713_y580_z574,473.074,577.831,573.714,76.39824839615112,0.618,-0.0874766862925799,0.01952544037490128,0.4125142240784335,1,-0.0030100609698865068,-0.033393870688016344,0.3887631416223144,1,0.07903278375694592,-0.08418525827034481,0.3607918832966724,1,0.12110236728138013,-0.017096276104737438,0.3631073803995701,1,0.14615516579788884,0.08237182432062186,0.34692724304367184,1
1453.648805,grid_1714_y582_z574,472.977,579.919,573.731,78.45302069391592,0.795,-0.08524091806008607,0.01833565863007789,0.41013409714477833,1,-0.004724142851552595,-0.03982807581990805,0.3932276336424904,1,0.07649302957065932,-0.09148802275111981,0.36818401073319235,1,0.11484143370110585,-0.01557726369796828,0.3643081629260129,1,0.1437138848481288,0.08281395197477114,0.3473253114637076,1
1454.28783,grid_1715_y584_z574,473.045,582.003,573.362,80.4462747739136,0.627,-0.08552932015305656,0.011395124495154684,0.4049730285326455,1,-0.007711396934242294,-0.048218247688933555,0.39375497432194473,1,0.0704325949820441,-0.09250159502302584,0.3634320181475349,1,0.10716592811963718,-0.013582522056819871,0.3603416013468152,1,0.1386853754741218,0.08238482281872392,0.34263749605201516,1
1454.920915,grid_1716_y586_z574,473.2,583.92,573.336,82.33761523750853,0.622,-0.0831660826916426,0.011288172122964948,0.40154820714749784,1,-0.006897333017353642,-0.050035713709410456,0.39559500026362066,1,0.07122264297465428,-0.09419952323866948,0.36896560649980886,1,0.10647098251052108,-0.013410961989344067,0.35905515136736754,1,0.13877621920675684,0.08266707850151025,0.3436478857275464,1
1457.472284,grid_1717_y588_z574,473.128,586.025,573.407,84.42416955469564,2.541,-0.09523856653085536,0.013125602651573453,0.4743904446326826,1,-0.00688240475787834,-0.05255809482316327,0.38712132554674694,1,0.06837371792848837,-0.09394415705410938,0.37279983356077534,1,0.10309260483738458,-0.012548394089589365,0.36024329947915223,1,0.13732909820001912,0.08371372313743772,0.3449992001736891,1
1458.330192,grid_1718_y590_z574,473.263,588.016,573.135,86.35303626972242,0.847,-0.07960526442957563,0.011794817562914053,0.4045583289264685,1,-0.005856416957544998,-0.05297961665987516,0.38491504983967123,1,0.06849911246472543,-0.09381169642642359,0.37190586300778206,1,0.1027682681711923,-0.012503157321790859,0.35819057212915545,1,0.13842968654749832,0.08409799953590391,0.34691868851977903,1
1458.956724,grid_1719_y592_z574,473.196,590.033,573.058,88.33357283615332,0.616,-0.07710815945916687,0.011764927403628403,0.3995509888708426,1,-0.0046241162928326515,-0.05393723200513417,0.388465075071647,1,0.0689756357145036,-0.09417475758700093,0.37224878609755796,1,0.10358664945188638,-0.012536093449614238,0.35954934965495794,1,0.13699849840135164,0.08309498755264919,0.3429804686639844,1
1459.747651,grid_1720_y594_z574,473.097,592.106,573.361,90.42499884987558,0.779,-0.0764717235376839,0.011712428171922267,0.40737070184658836,1,-0.0031687912512508576,-0.056476287449370735,0.40009999014453274,1,0.07003569342820426,-0.09434682291514049,0.37132872923844507,1,0.10484750961347536,-0.01290598718379897,0.36095916128524225,1,0.13737040952604235,0.08267403271975093,0.34260562208011075,1
1461.614242,grid_1721_y596_z574,473.276,593.994,573.316,92.29106411240477,1.855,-0.08686350967923331,0.013839753725654819,0.4780979950745684,1,-0.0016584910527736043,-0.05723297830768922,0.3975328199943828,1,0.06981651914866244,-0.09306123653627021,0.3654653984261943,1,0.10489243845030667,-0.01304932282544426,0.3600102430982126,1,0.1410515629116106,0.08492543011213362,0.35163592916655695,1
1475.856539,grid_1722_y598_z574,473.224,595.941,573.482,94.2397077351156,14.23,-0.07214347347713004,0.012020460326312066,0.407298012289962,1,-0.0001792114229724647,-0.05594113361003118,0.38472505450546557,1,0.07113398470751067,-0.09416636842538886,0.36768445276085865,1,0.1061773065258649,-0.013104620255072589,0.36166251072236866,1,0.13811330904475216,0.08255031494895089,0.34345062260942083,1
1476.653736,grid_1723_y600_z574,473.236,597.906,573.341,96.16561519586922,0.785,-0.06982360381015655,0.012073335613538991,0.403706062564945,1,0.0012163554132176338,-0.057553611875327995,0.39305302478709236,1,0.07301398045404857,-0.09593926434999094,0.3718195885985043,1,0.1066055932771263,-0.013421228539222365,0.3600478409271348,1,0.13918899646893276,0.08301079255043813,0.3448963089419198,1
1477.293889,grid_1724_y602_z574,473.13,599.942,573.444,98.19323057624698,0.629,-0.06810720452952128,0.01202161756093843,0.4044776039818608,1,0.0028477425613032048,-0.057637630022713306,0.38953237171996774,1,0.07364109438301121,-0.09538172310957113,0.3684965697658297,1,0.10783505023584457,-0.013895826209522932,0.36219077996146154,1,0.13909480067425858,0.08254108279983698,0.34325353069090897,1
1477.920582,grid_1725_y604_z574,473.132,602.034,573.476,100.2700707639124,0.617,-0.0658027235805076,0.012094485257538678,0.40348241087379566,1,0.004736411526881485,-0.05890292122064998,0.3943906958418534,1,0.07604329199434987,-0.09714831908768405,0.3732677327725979,1,0.10912419764970119,-0.014097399423602594,0.36331898704907006,1,0.14059787645172495,0.0829000221972201,0.3452735859006474,1
1478.664997,grid_1726_y606_z574,472.993,604.142,573.497,102.35862848338684,0.732,-0.06313483201598782,0.012087308612320933,0.39984193855158423,1,0.0066101456030544445,-0.0586155779514162,0.38945681555589107,1,0.07645219929008698,-0.096382967639813,0.36831919633387866,1,0.10872498322641,-0.014104706378321934,0.3593868068004238,1,0.13995264576332417,0.08207847919672587,0.3424150153847928,1
1479.304913,grid_1727_y608_z574,473.097,606.124,573.106,104.27677222660857,0.628,-0.06119814123002341,0.012535525739722964,0.40139368033103606,1,0.008052520498729846,-0.0583161199145404,0.3858799752814259,1,0.07757340473552321,-0.09678073798723197,0.36791038592487413,1,0.11073293627021714,-0.0145002931150612,0.36320357975332074,1,0.1409894987436941,0.0825408023992054,0.34462045366246014,1
1480.044858,grid_1728_y610_z574,473.144,608.173,573.076,106.30715532832211,0.728,-0.05938245872597166,0.012833552595270331,0.40312683321910414,1,0.009986278725517899,-0.059630661261053056,0.393114464349768,1,0.0793895731493829,-0.09774761148476119,0.3705610043004285,1,0.1120214482619867,-0.014662986208119566,0.36463953991380604,1,0.14315002178741815,0.08325200408259614,0.3485211359099255,1
1482.028513,grid_1729_y612_z574,473.016,610.077,573.69,108.26884413348101,1.975,-0.05484171242219506,0.0120252439746694,0.39147192422267796,1,0.012472340660111169,-0.058978451127475705,0.3814047714374741,1,0.08091043372302431,-0.09747041926714539,0.3662084173397955,1,0.10846722669514344,-0.01447329743423387,0.34928399897753615,1,0.14476293999870019,0.08389005316282212,0.3516244481132008,1
1483.051898,grid_1730_y614_z574,473.114,612.225,573.002,110.31991792056412,1.013,-0.053259206164688766,0.013082393038239248,0.3967257568403261,1,0.0139431569689386,-0.060201422484621056,0.39119269495567854,1,0.08288475284977363,-0.09900074080202638,0.37102908753328306,1,0.11382652486939496,-0.015415975629115264,0.364056765914872,1,0.14541341519125964,0.08398751266349316,0.3520544543543513,1
1483.687769,grid_1731_y616_z574,473.18,614.145,573.09,112.23820822696699,0.626,-0.052758746632609044,0.013114547549417677,0.40116107898853526,1,0.014822241530241037,-0.05947244259158173,0.38268086202097146,1,0.0824925707926455,-0.09833130591423114,0.3666298987861272,1,0.11493838526038411,-0.015603788891667515,0.3660462027480088,1,0.142257890752002,0.08208018832320445,0.34453117649212184,1
1484.648584,grid_1732_y618_z574,473.04,616.224,573.307,114.32482210788703,0.95,-0.04977290739623318,0.01293083682363863,0.40019370795112286,1,0.018020396739382223,-0.06331726000991113,0.40297341073902393,1,0.08471134586311792,-0.09915247495376389,0.3675052611272226,1,0.11505919885020084,-0.015704605818054024,0.36247607929963355,1,0.1418283066381044,0.08103907881449043,0.34119634989564396,1
1485.607665,grid_1733_y620_z574,473.096,618.194,573.18,116.26847467392007,0.949,-0.047418488227914016,0.013152805563040382,0.39828872354173195,1,0.019001238697869904,-0.06136829965526745,0.38789888869411665,1,0.08544429281162154,-0.09933991036612773,0.3660832852129511,1,0.11463204260784929,-0.015572050400706259,0.3590377825460931,1,0.14632282755900042,0.08398674521900365,0.3520309434817442,1
1486.249887,grid_1734_y622_z574,472.971,620.094,573.685,118.21043749601816,0.63,-0.04556156636691515,0.012778388051364104,0.3946245513571005,1,0.020321660466796294,-0.06198005570380234,0.3885079213648461,1,0.08697056525737133,-0.09981386032541337,0.36723126584914356,1,0.11499985397229903,-0.01563307985630321,0.35791360113155324,1,0.14414524288868727,0.08236211068523822,0.3462399466163065,1
1486.984987,grid_1735_y624_z574,473.135,622.159,573.244,120.21630092878421,0.725,-0.0436487387563765,0.013011947346641222,0.3949585528020236,1,0.02214220441525616,-0.0620588639924981,0.3866175527956814,1,0.08787239951322327,-0.09945360279472222,0.36498181362997056,1,0.11583950112406863,-0.015862339607567638,0.35905994916720746,1,0.1422776791300479,0.08093073043346147,0.3408702721262532,1
1487.726538,grid_1736_y626_z574,473.302,623.939,573.548,122.02199443542953,0.73,-0.04091712544934811,0.012663574211679202,0.39051321018046425,1,0.02419787526781885,-0.06277242003976699,0.3867379828757148,1,0.08992103743538434,-0.10060635508018372,0.3662596438209003,1,0.11672445321337625,-0.016209655050351282,0.35756266853762014,1,0.14517063030270783,0.08239026680162605,0.3464538629939969,1
1488.354996,grid_1737_y628_z574,473.184,626.087,573.68,124.16858980434625,0.617,-0.039182302084550306,0.012600604954833899,0.38846021502117445,1,0.025482237107298994,-0.06308158770659009,0.3875101539455788,1,0.09137792763478764,-0.10121809738763259,0.3676774193709345,1,0.11823932422585115,-0.016472637671836866,0.3601151119039533,1,0.14659131459749403,0.08284162901946526,0.34936993294138,1
1489.087683,grid_1738_y630_z574,473.133,628.196,573.528,126.24767122604682,0.722,-0.037486298115391926,0.013122926366387866,0.3969362694302181,1,0.027168865537395538,-0.06274841371181764,0.3832716469379018,1,0.09116718214839105,-0.09967935268588461,0.36067217373478816,1,0.11954583057589101,-0.016552912310713833,0.36150404285966065,1,0.14633126827277612,0.08233629387496925,0.34781251377506683,1
1489.718424,grid_1739_y632_z574,473.133,630.295,573.191,128.30006724861835,0.62,-0.035369658567396614,0.013609666797702261,0.3950105484954296,1,0.02863005956480908,-0.06293980744920306,0.38306176153970023,1,0.09248993863549845,-0.10039837406157645,0.36244755056235645,1,0.1206764304009627,-0.016951628860032552,0.3628378733495835,1,0.14601456556264775,0.08209542602246796,0.3468895459082169,1
1490.353823,grid_1740_y634_z574,473.201,632.225,573.29,130.23114951884594,0.622,-0.03278460634487111,0.013430680783133937,0.39114516095566626,1,0.030262357755371096,-0.06289668628683572,0.38079186027569056,1,0.09506840487179984,-0.10192456151591558,0.36675320996410604,1,0.12180150706382906,-0.017202767920023145,0.36360818154936075,1,0.14568058262583058,0.08186946436139322,0.3452858063192002,1
1490.984616,grid_1741_y636_z574,473.344,634.222,572.867,132.17933647132594,0.62,-0.031156041547266495,0.013903937841980959,0.3937460953319728,1,0.03163761921112013,-0.06314520296901809,0.38064496286460214,1,0.09626135107051292,-0.1022966644753082,0.3669771737447233,1,0.12159212677726675,-0.01719092052925344,0.3611336260978397,1,0.14692466081131697,0.08226529413188363,0.34721410934951186,1
1492.386822,grid_1742_y638_z574,473.34,636.112,573.077,134.08029818731757,1.392,-0.028906942635671735,0.014353336358354712,0.4002567370840403,1,0.034352551901126106,-0.06474979733162836,0.3863983279692208,1,0.09733005491047139,-0.10229261018148746,0.36576259443954184,1,0.12385772289580041,-0.017282826972994013,0.3649928051022539,1,0.14730725618549673,0.08233951386893891,0.3478045352102317,1
1493.069254,grid_1743_y640_z574,473.405,638.076,572.794,136.00968498603328,0.672,-0.02705677490346136,0.014468387391335663,0.39602138172223994,1,0.035081732632861816,-0.0641558449285797,0.3821049921324847,1,0.09790633551728736,-0.10220419953448971,0.3653095320400056,1,0.12394262656058433,-0.017456719210873932,0.36431935685385397,1,0.14543004238634044,0.08101951511528042,0.34298802383924293,1
1493.704169,grid_1744_y642_z574,473.45,639.991,573.234,137.95800748778595,0.624,-0.02473327597698204,0.013967277333865024,0.38986545321750754,1,0.03690376839122648,-0.06448804506973471,0.3811442026967133,1,0.09956643092838975,-0.1028718181508245,0.3660063301846855,1,0.12299398777591124,-0.017562235066156916,0.3590874727993261,1,0.1467155203781718,0.08167003774310869,0.34553803242220626,1
1494.442915,grid_1745_y644_z574,473.35,642.057,573.567,140.0439222422737,0.728,-0.022240417322680096,0.013559503083338864,0.3898410695089199,1,0.03894127834370432,-0.06511496220445276,0.38059551280406945,1,0.10263239371773666,-0.10451330170385054,0.37007541895372154,1,0.12428336164199436,-0.017739653564530767,0.36020688581375815,1,0.14604704485653483,0.08126599873438015,0.34289754640124964,1
1495.080653,grid_1746_y646_z574,473.463,644.054,573.344,142.01288216918914,0.626,-0.020414559507892883,0.01363208572330873,0.3897235569779144,1,0.04010690796581277,-0.0650424821489957,0.37811083753141406,1,0.10279310101982164,-0.1039014220080506,0.3674823999078819,1,0.12468542374338347,-0.01769874288369025,0.3598077250003813,1,0.1456600911615077,0.08099922078918449,0.34177499629411245,1
1495.71263,grid_1747_y648_z574,473.39,646.104,573.582,144.07431400149028,0.622,-0.018490278509002766,0.013612800799853858,0.39152747219204864,1,0.041894470543850794,-0.06582470927636523,0.3802910382159931,1,0.1045738988847346,-0.10477501285048221,0.3697195361440924,1,0.12473197183520421,-0.017674695868209557,0.35790551388824515,1,0.1437119263735333,0.07980002486184537,0.33709252151687663,1
1496.737366,grid_1748_y650_z574,473.599,647.981,573.304,145.9217526381862,1.013,-0.015608100606974392,0.013956670109460056,0.3836819245411491,1,0.04405579445380728,-0.06626470907660958,0.3806181102368244,1,0.10600749657165173,-0.10513138102726974,0.36980385849702546,1,0.12414776287533899,-0.017622736801289073,0.3539610511202014,1,0.14384503602984733,0.07974748522752981,0.336887030536546,1
1497.651242,grid_1749_y650_z576,473.586,648.404,574.214,146.42712563934322,0.903,-0.015167060258162862,0.013002734659053734,0.38286333651658677,1,0.04415419683262094,-0.0664076031482016,0.37642677372390637,1,0.10544935166201672,-0.10393868641838919,0.36561002822687205,1,0.12481800488779064,-0.017672473256741823,0.35418742363117256,1,0.1462725227285246,0.08097219437439043,0.3416304134975082,1
1498.285407,grid_1750_y648_z576,473.586,648.404,574.214,146.42712563934322,0.622,-0.015126630330326856,0.012984547765395097,0.38313987972829633,1,0.04427514559417921,-0.06664695551868978,0.37709571415299664,1,0.10436488615731707,-0.10299506130814853,0.3617809930408683,1,0.12462520007333096,-0.01761847741177738,0.3535741128772809,1,0.1448116926446427,0.08007447100385989,0.33821280636264955,1
1498.916911,grid_1751_y646_z576,473.302,647.193,574.203,145.21545283130166,0.62,-0.01589987946808807,0.012890101430381546,0.38387651272577444,1,0.04416458897431713,-0.0672551112825683,0.38198152939374364,1,0.10504721888910004,-0.10408728918611596,0.3659620429166882,1,0.12504315914904762,-0.017674825771573956,0.3560148655360188,1,0.14423568470593442,0.07989469706617755,0.3375937998604132,1
1499.658607,grid_1752_y644_z576,472.903,645.53,574.074,143.54121378196575,0.731,-0.017700922670907705,0.013082299641246464,0.3871858627983769,1,0.042756337924764534,-0.06666727393697809,0.38171639196849705,1,0.10503671097981684,-0.10502274121513382,0.3702306177238908,1,0.12449492121920731,-0.01763150507113676,0.3564918973774788,1,0.1433276462358513,0.07957699944510133,0.33624067791408674,1
1500.301888,grid_1753_y642_z576,472.673,643.78,573.892,141.778552856206,0.632,-0.019517122711446587,0.013404214204739006,0.3910517284106314,1,0.04125070948247491,-0.06613332882002883,0.38125137655360275,1,0.10381274434497575,-0.10440344787036407,0.3689735133755201,1,0.12460715741152344,-0.017679429876991996,0.3589124391822419,1,0.1454591480389395,0.08090878997172979,0.34130266525188474,1
1500.987289,grid_1754_y640_z576,472.578,641.902,573.943,139.91333591191375,0.675,-0.02098524559958985,0.013126745405575086,0.3857052209610876,1,0.039550385046010814,-0.06591851260066167,0.3811533035107403,1,0.1022723113649144,-0.1037954040729159,0.36734570625111307,1,0.12462510145136277,-0.017729492277810687,0.3605637806798351,1,0.14557501686082858,0.08102363941231333,0.3416842432966925,1
1501.733396,grid_1755_y638_z576,472.373,640.036,573.861,138.04581741219104,0.736,-0.023553957309412517,0.013487807239866612,0.3913119026420583,1,0.037402643428214644,-0.06461009187720425,0.37783068388932695,1,0.10075427226955005,-0.10359064807480789,0.367466619506858,1,0.12286816543035702,-0.0176020585695853,0.35767296956223116,1,0.14727436534672889,0.08218636913527469,0.34648802476485596,1
1502.362466,grid_1756_y636_z576,472.177,638.186,573.634,136.18023046683396,0.618,-0.02535455121329926,0.013614333199794016,0.39362446583204563,1,0.036634358522873264,-0.06559057781268868,0.38518523935224336,1,0.09905652958195295,-0.10255329153019004,0.36515314871301774,1,0.12326823257745981,-0.017521437578596068,0.36118805579339985,1,0.14511626044145362,0.08080204603292558,0.3419776720288511,1
1502.999105,grid_1757_y634_z576,472.015,636.261,573.708,134.27059334418684,0.625,-0.027314256324017128,0.013636743029242634,0.39347344375728005,1,0.03494588740405059,-0.06465167810550501,0.3834390730848701,1,0.09774516781723425,-0.1023084841918263,0.36560828352763386,1,0.12202696629241643,-0.017271500743927908,0.3597068774578065,1,0.1462754732233878,0.08163348190360029,0.3452025713681265,1
1503.631108,grid_1758_y632_z576,471.885,634.215,573.842,132.24777093395568,0.619,-0.029248549169988546,0.013368681607506792,0.39498011593702353,1,0.03349554851074858,-0.06451872952352633,0.3848427819319361,1,0.09665603096731983,-0.10222648880832053,0.3656412364920345,1,0.1212314648721341,-0.017137033449957463,0.3585026619867064,1,0.14770496601982014,0.08258507074303763,0.34874558840567416,1
1504.99176,grid_1759_y630_z576,471.621,632.373,574.112,130.44216913636484,1.35,-0.03163485196300875,0.012901835909025505,0.39220244526101594,1,0.032626833657699666,-0.06630331556660772,0.39627049476195525,1,0.09535563265051342,-0.10159450836905663,0.3644801350310748,1,0.12220960877505489,-0.017187737323145564,0.36368774475710036,1,0.14627103234904143,0.08184617969311007,0.34556158495064493,1
1505.62902,grid_1760_y628_z576,471.527,630.308,574.464,128.4272342379139,0.626,-0.033718055726584345,0.012619249490993573,0.39871380571867293,1,0.030058151540502415,-0.06372302456096847,0.3819699646934267,1,0.09510076672535803,-0.10224543805666135,0.3675165848153082,1,0.1212250835836199,-0.017172077071281926,0.3626068775226375,1,0.1468935473297002,0.0828219916297519,0.3483453137170927,1
1506.261266,grid_1761_y626_z576,471.288,628.516,574.745,126.6771189205059,0.621,-0.03522101389260738,0.012099005501195925,0.39667591838390404,1,0.028501254747437123,-0.06318051319864477,0.37916924682884245,1,0.09387387357356873,-0.10179775340647483,0.36682836916927475,1,0.12116217130399665,-0.017155584131768264,0.3640818327007742,1,0.1463783907062602,0.08236577045049462,0.34764742728971,1
1507.002382,grid_1762_y624_z576,471.225,626.499,574.933,124.69554008063002,0.73,-0.03661752679834218,0.011487293491065208,0.3877965241021152,1,0.026910525206550497,-0.06342861165679327,0.38225643541514576,1,0.09202441993978497,-0.10059906646363168,0.36421349256932695,1,0.11865098599878476,-0.016328901612649195,0.35860720181480166,1,0.1466153548150894,0.08258101969530704,0.3487671400804332,1
1507.634364,grid_1763_y622_z576,471.442,624.516,574.502,122.67687007337607,0.621,-0.03928916638531554,0.0120556101199631,0.39665702722064083,1,0.02535588385475613,-0.0629681414002505,0.3832023317471086,1,0.09179732756034484,-0.10160934829774415,0.36895851787347433,1,0.11716781324618611,-0.016151838954224836,0.35669507521351734,1,0.1466573520928081,0.08290382823702769,0.3492519506027266,1
1508.266078,grid_1764_y620_z576,471.321,622.513,574.368,120.67126876352968,0.621,-0.04198099956695566,0.012359235084266408,0.40137561143636036,1,0.023471469078714106,-0.062497431045940785,0.38275907104363255,1,0.09029128433986375,-0.10117993414282875,0.3697895200014688,1,0.11614218363205517,-0.01614439911075904,0.35723706740220385,1,0.14294787627406355,0.08124159643312553,0.3418214508661614,1
1508.892505,grid_1765_y618_z576,471.41,620.526,574.101,118.66723710443415,0.616,-0.04350961339900751,0.012464044877191181,0.3968897960333923,1,0.021812268147601756,-0.06207008975146546,0.38456624920479493,1,0.0877105670428964,-0.0998056576229667,0.3660629484714639,1,0.11612974536390779,-0.015995128326073353,0.3603728117943897,1,0.14223305744072845,0.08095495686124868,0.3409750092603163,1
1509.630265,grid_1766_y616_z576,471.375,618.619,574.109,116.77439455634104,0.727,-0.04619209023980162,0.01249072534366685,0.398662756394426,1,0.019751016792069802,-0.06217732183622151,0.3877008776465363,1,0.08628946532211298,-0.09953181396502825,0.36730643618337483,1,0.11483352712981063,-0.015620106900705219,0.3588995020345179,1,0.14591423114564894,0.08366744235807441,0.3508792645125084,1
1510.265164,grid_1767_y614_z576,471.434,616.687,573.967,114.83971867346247,0.624,-0.04798311741220202,0.01247930688834565,0.3982310991193243,1,0.018292348609322173,-0.06138792680733877,0.38639335121310914,1,0.08546109992480025,-0.09944681274118868,0.3685284224477765,1,0.11474538248709673,-0.0156338453013505,0.3607119819812724,1,0.14430519373144862,0.08265370331281822,0.34722224875124647,1
1510.889366,grid_1768_y612_z576,471.464,614.641,573.932,112.80478249613354,0.614,-0.05005558145543084,0.012529367075539987,0.3981862681915923,1,0.01645604536010717,-0.060618018582798104,0.383357596655783,1,0.08455565391536188,-0.09972018228108806,0.37089290370982775,1,0.11471169800001238,-0.015599598239125411,0.36357008146929476,1,0.1414139305710815,0.08143829926883075,0.3419618701967912,1
1511.68248,grid_1769_y610_z576,471.401,612.64,574.274,110.86155641158932,0.783,-0.052763200568721615,0.012241223219004293,0.40382207942524967,1,0.015282023714575304,-0.06195526880032738,0.39473256944374485,1,0.08299706748377088,-0.09863733538524613,0.36911944139015995,1,0.11508400189574211,-0.015697287496646468,0.3676653318976652,1,0.14364053951501626,0.08290991884942821,0.3478192193550272,1
1512.315261,grid_1770_y608_z576,471.465,610.538,574.473,108.80343303866842,0.622,-0.05478257073654887,0.011979052280325508,0.40357970484893374,1,0.013360067364654782,-0.061035934196303675,0.3900711137957421,1,0.08126746258053914,-0.09759726675058786,0.3663590688587153,1,0.1109629961645013,-0.01481409962885443,0.3564200744662475,1,0.14495808255646803,0.08391929101302345,0.351753449985546,1
1512.957368,grid_1771_y606_z576,471.418,608.575,574.648,106.88102172977209,0.631,-0.056816978552688344,0.01146942095628512,0.40227335174199386,1,0.011571059153023264,-0.06032077199809562,0.38685617691319607,1,0.08018282248456465,-0.09774059900994882,0.36772746870054124,1,0.110824929738134,-0.014586986014632212,0.3586739157231017,1,0.14321601100895415,0.08288894297918209,0.3477990428144987,1
1513.592855,grid_1772_y604_z576,471.491,606.446,574.535,104.7570994682461,0.626,-0.05840358976903802,0.01125517274986757,0.39856392382639283,1,0.01009613912898228,-0.06096500798643597,0.393978209153851,1,0.07862733463549583,-0.09694459964636144,0.3669154101304771,1,0.11185322797013257,-0.014661974566004451,0.3647318387784271,1,0.14267749586029052,0.08313936238962147,0.348067269079517,1
1514.342602,grid_1773_y602_z576,471.478,604.291,574.717,102.6484499103616,0.74,-0.06197921619904836,0.011023250430826165,0.40618562392154106,1,0.008096568973465534,-0.06023691219767983,0.3924162313869892,1,0.07796804063494447,-0.0971183199800158,0.369865749732801,1,0.10934182256405231,-0.014228853553988837,0.3588056102770916,1,0.14151309597757813,0.0828290827014053,0.346028458967615,1
1514.989921,grid_1774_y600_z576,471.352,602.488,574.66,100.85484648245722,0.636,-0.06385798947320512,0.01098503182779024,0.40661357587318053,1,0.0064520165777336436,-0.06028859018566014,0.39487590483546675,1,0.07718358078521895,-0.09745672235032202,0.37291607585789366,1,0.10941127665635489,-0.014091105464052216,0.3615102906217239,1,0.14050011647286828,0.08261326589879053,0.3442016786815639,1
1515.625942,grid_1775_y598_z576,471.301,600.533,574.65,98.9187405550637,0.626,-0.06574773347494742,0.010971662026306065,0.4060221704431061,1,0.004691458566082923,-0.0589813406217366,0.38974442781985685,1,0.07508153173111241,-0.09605937960701924,0.3695760539079848,1,0.10846659713212199,-0.014036486610921781,0.36218171666497756,1,0.13997017127309153,0.08256916095196712,0.34407359462957177,1
1517.040509,grid_1776_y596_z576,471.413,598.516,574.557,96.910926159025,1.404,-0.06750288298330828,0.010624487326353939,0.4021517993643943,1,0.0024520786494103878,-0.06028341443270652,0.40185284591604986,1,0.07260261557463059,-0.09431688069091684,0.3651507179557162,1,0.10667595763043063,-0.013281666263787439,0.35897180998686967,1,0.13859303868450012,0.08242934424467586,0.3428615216586886,1
1518.647335,grid_1777_y594_z576,471.604,596.405,574.514,94.81911787187221,1.595,-0.08330202311190527,0.01262323903931832,0.4793175282721472,1,0.0008087019317910632,-0.05694760761046634,0.3848285217255972,1,0.07103500256301096,-0.09371237519671802,0.3649991807286079,1,0.1069856409005924,-0.013145037590477911,0.36323205740334247,1,0.13894065507787895,0.08298906547630781,0.34496320844177475,1
1519.505179,grid_1778_y592_z576,471.585,594.518,574.595,92.96668451117318,0.846,-0.07286865384828074,0.010688499840791274,0.40891803487126366,1,-0.0008067932171155198,-0.05816533699952873,0.39425564764965615,1,0.0698211412772615,-0.09328975048283279,0.36492375130272187,1,0.10498680284467225,-0.013049560393845815,0.36001383185949754,1,0.13926856811680527,0.08377962610925457,0.3475606246796471,1
1520.146821,grid_1779_y590_z576,471.723,592.458,574.691,90.94908822522629,0.63,-0.07500686445727886,0.01054160112228608,0.409752893891452,1,-0.0021170319452415995,-0.05761494377782659,0.3931820142498637,1,0.06967944721480646,-0.09415926453328671,0.37071322463439743,1,0.10357910009308549,-0.0126542948541065,0.35760111657311083,1,0.1363983775090909,0.08236323382083528,0.3410104762723911,1
1520.785983,grid_1780_y588_z576,471.761,590.415,574.554,88.91123261433279,0.629,-0.075755402570277,0.01008244301332839,0.40259379526462713,1,-0.00392554212989289,-0.0575130138218241,0.39570250518285605,1,0.0687497432960572,-0.09411488969622928,0.37219378751691007,1,0.103203534140261,-0.01253064695275941,0.35944924672193285,1,0.13751317215315703,0.0835493508597011,0.3448465908357662,1
1521.522932,grid_1781_y586_z576,471.843,588.414,574.368,86.90786255569746,0.726,-0.07858252423231925,0.010329998393141167,0.40740056273079334,1,-0.0054647351521398164,-0.056327619465960446,0.39274590353595895,1,0.06664030838000992,-0.09231364472348282,0.36699028912105935,1,0.10203967014524551,-0.012333558298295438,0.35786424125426697,1,0.13709681994330122,0.0835762798509138,0.34470858057500375,1
1522.156052,grid_1782_y584_z576,471.818,586.454,574.212,84.94870265636783,0.622,-0.08131076379720384,0.010505891598677255,0.41114561593909993,1,-0.007219581196878017,-0.05645311822915215,0.39853572319043296,1,0.06597107355515221,-0.09209105561217333,0.3689362032297364,1,0.1009549837651513,-0.01199359463056116,0.35701970358789903,1,0.1359433579753902,0.08341109499126516,0.3436041556042198,1
1522.78533,grid_1783_y582_z576,471.832,584.338,574.318,82.88095083310758,0.619,-0.08148172156550589,0.00997173730622678,0.4012441898099913,1,-0.008607260684888294,-0.05512423972802204,0.3949572523608964,1,0.06569096418180993,-0.0925658236236484,0.3727321601099873,1,0.10100201573724324,-0.011718500577234711,0.35891968375182715,1,0.13599273625740124,0.08368071564545923,0.3442731440010352,1
1524.090862,grid_1784_y580_z576,471.767,582.244,574.423,80.83617606616487,1.294,-0.08505373919311668,0.00968261688630937,0.4067624138806424,1,-0.010261944705424856,-0.05360414334814965,0.3913976402140765,1,0.06542749751502586,-0.09306208958926823,0.3744491270986467,1,0.09905393249670778,-0.011464667748516472,0.3541547459273286,1,0.13512683314526414,0.0833120984504551,0.3428257658379047,1
1524.718377,grid_1785_y578_z576,471.655,580.488,574.504,79.12155442103,0.616,-0.08672641295905735,0.009581256690668566,0.40719196278816794,1,-0.011400126539892391,-0.05389901142279387,0.3979172166422937,1,0.06550512607037504,-0.09350189792347798,0.3778159128985938,1,0.09930001231072527,-0.011513329305412016,0.3563255008931892,1,0.13617208012275048,0.08430884326875523,0.3463232419286265,1
1525.347179,grid_1786_y576_z576,471.744,578.205,574.791,76.93282901986647,0.618,-0.0884198511655299,0.009349530999020089,0.4060291119737961,1,-0.01243684684086412,-0.0524895087679639,0.39307906054899705,1,0.06449713338508004,-0.09246632685928055,0.3748913340647161,1,0.1001120331350164,-0.011586184924265372,0.3595420610607031,1,0.13648628584110956,0.08461877460536411,0.3474357777775122,1
1525.980493,grid_1787_y574_z576,471.669,576.315,575.039,75.12590621084055,0.622,-0.09120907144512584,0.009154155563979884,0.41051648020558834,1,-0.013705708251032683,-0.052199419622815844,0.3982425203890162,1,0.06425545698372374,-0.09231510720532925,0.3745265315182032,1,0.09962337069345836,-0.011535763347396703,0.35695156542314516,1,0.1362710600668089,0.08446770801466119,0.3468976854902322,1
1526.82737,grid_1788_y572_z576,471.661,574.21,575.311,73.11960200247269,0.837,-0.09311381675890598,0.008365319200931393,0.4089052645541907,1,-0.014620272694540476,-0.050338237307741576,0.3920391132415333,1,0.06444701267512325,-0.09201280452306762,0.3738150439234823,1,0.09905393249670778,-0.011464667748516472,0.3541547459273286,1,0.13528211106526838,0.08351302108747576,0.34358932127111796,1
1527.689162,grid_1789_y570_z576,471.648,572.292,575.281,71.23788448571452,0.851,-0.09632653674017391,0.008375979745266498,0.4160314090965639,1,-0.015776587852123547,-0.04900472273959776,0.38999136354042807,1,0.06439128380489031,-0.09234757570394073,0.37554234602729997,1,0.09912041321658846,-0.011474261056551579,0.3544878478189193,1,0.13521928652150308,0.08346596922734767,0.3433820004427567,1
1528.322161,grid_1790_y568_z576,471.662,570.325,575.266,69.31400362120202,0.622,-0.09812574688545965,0.00850030638503902,0.4158527356015596,1,-0.017330051235688367,-0.048650030129551415,0.3970036455082405,1,0.06235429337745927,-0.08980416899448193,0.36652654591194567,1,0.0990134204140527,-0.011465727870191978,0.35417596550591496,1,0.13528211106526838,0.08351302108747576,0.34358932127111785,1
1528.958116,grid_1791_y566_z576,471.693,568.291,575.1,67.293942766047,0.624,-0.0995883398244847,0.008598838708145049,0.4129736485972969,1,-0.018370579775668243,-0.04684950692118283,0.39266709777741476,1,0.06134646801987316,-0.08860284956536042,0.3643581595764348,1,0.09928455729223255,-0.011514182129382175,0.3562064566690163,1,0.13588511542549547,0.08423642471933038,0.3459995450969001,1
1529.596077,grid_1792_y564_z576,471.667,566.431,575.025,65.46432830175534,0.627,-0.10136100516282576,0.008593084892933884,0.4137327779666332,1,-0.019944810080719112,-0.04643186787718133,0.3986533339984441,1,0.0619538330237577,-0.08965652040819216,0.37060494416521295,1,0.09986228713084519,-0.011572802413749871,0.3586099552698912,1,0.1360994287302085,0.0844104697943914,0.34664128113856524,1
1530.394428,grid_1793_y562_z576,471.6,564.435,574.959,63.50577706791716,0.789,-0.10349254389472348,0.00856384730663551,0.4141068409443336,1,-0.021812482270567098,-0.04552689152328691,0.4018481952082441,1,0.060870412689176076,-0.08858313041805736,0.36900098741775567,1,0.10107655757066902,-0.011557861788867436,0.3634880004285434,1,0.13664430116987675,0.08475076178931044,0.3478884019475698,1
1531.035791,grid_1794_y560_z576,471.606,562.625,574.843,61.71957482841242,0.632,-0.104624859063558,0.008625164959503039,0.4116076103717091,1,-0.023068350311627503,-0.04395618713529743,0.39887948142555263,1,0.06013080878867984,-0.08801299099705098,0.36869560949284147,1,0.10083747537194407,-0.011278056704455796,0.3630665212702996,1,0.13625930342873857,0.08452606584736114,0.34686624166401525,1
1531.672302,grid_1795_y558_z576,471.712,560.559,574.721,59.68699909528035,0.626,-0.10691958488504752,0.008573086113402947,0.41281563367004015,1,-0.02425892367855468,-0.04316866380236543,0.4017858847086432,1,0.05987062614679163,-0.08825028266047226,0.3730376262841581,1,0.10062138392001481,-0.011295163271560292,0.3628777997752863,1,0.13635649774085928,0.08455027715608436,0.3470536850233687,1
1532.405134,grid_1796_y556_z576,471.818,558.495,574.704,57.685541117337195,0.723,-0.10820780090157214,0.008390154297412647,0.41202254499293806,1,-0.02522420154004657,-0.04124636408975113,0.39611429109581686,1,0.059299440695348385,-0.08742170943088613,0.3738677238470448,1,0.1003119482533958,-0.01115704179689007,0.3616278213355983,1,0.13670151161541025,0.08476984119606704,0.3479738700647922,1
1533.037021,grid_1797_y554_z576,471.884,556.582,574.749,55.84985258709284,0.62,-0.11145521964666483,0.00842684190745751,0.41604826796597605,1,-0.026687649592725515,-0.039714634000175705,0.39598107548921774,1,0.057590096353809114,-0.08529633836092256,0.36828750541655175,1,0.10088446788080332,-0.011299805288280788,0.3633101307954221,1,0.13620209298320513,0.08450698644060453,0.34678077354679293,1
1533.668351,grid_1798_y552_z576,471.717,554.777,574.922,54.153171809230216,0.621,-0.11309748345528833,0.008299699170602963,0.415381912853522,1,-0.02796341792199577,-0.03850676463935916,0.39736484763264923,1,0.05756358027971335,-0.08471193317576672,0.3712436319735046,1,0.10074732818427981,-0.011593181641499101,0.3622537712707965,1,0.13558825345993308,0.08420597287162883,0.34541674079434903,1
1534.305094,grid_1799_y550_z576,471.848,552.637,575.083,52.14640563835627,0.626,-0.11501009123074435,0.008009180790788968,0.41566760278074283,1,-0.029341102189029543,-0.0375418782705438,0.40006251001762083,1,0.05583642899442283,-0.08182842485367847,0.36451826865076853,1,0.09920359182083559,-0.011508490925549734,0.35578680508919935,1,0.1369947538982032,0.08491427920636536,0.34868837303973593,1
1535.320286,grid_1800_y548_z576,471.8,550.644,575.075,50.23686946854872,1.004,-0.11798388966481754,0.007995249401225929,0.4192528578763778,1,-0.031102061050865364,-0.03647534805358631,0.40183120759236024,1,0.05579351004902102,-0.08099447779754358,0.3693545216741029,1,0.0990134204140527,-0.011465727870191978,0.35417596550591496,1,0.13674677042138644,0.08453840122798331,0.34751812806129184,1
1536.235726,grid_1801_y546_z576,471.896,548.43,575.362,48.21960442600079,0.905,-0.11965723879550413,0.007670722707110668,0.4167238177624646,1,-0.03225730703861973,-0.03407721954713757,0.3976170785344558,1,0.053733953394708565,-0.07731938565602418,0.3635110925381443,1,0.09972274355904223,-0.011513179591689283,0.3560978373888988,1,0.13512957055402713,0.0832431629973808,0.3425148345747492,1
1536.870111,grid_1802_y544_z576,471.662,546.588,575.292,46.44707003676334,0.623,-0.12092437705896548,0.007796027467353949,0.41603836138132966,1,-0.03370305218638746,-0.03325142333338528,0.3984447640463963,1,0.05369748910326573,-0.07720669079978751,0.3688993341556518,1,0.09955431689314646,-0.011522242938040581,0.3563886233534753,1,0.13643445550231187,0.08426027631670466,0.3460681994908922,1
1537.4987,grid_1803_y542_z576,471.756,544.428,575.633,44.53025005543986,0.618,-0.12215558970627013,0.007418040682641927,0.41411315506757457,1,-0.03587225023966094,-0.03316430421327114,0.4020837863714116,1,0.052131415643960635,-0.07565656969400163,0.3676704092128128,1,0.1010343714476634,-0.01153374182845243,0.362747376258839,1,0.13455541812429864,0.08351028981925969,0.3424835042781935,1
1538.294,grid_1804_y540_z576,471.72,542.276,575.674,42.53334309691628,0.785,-0.12458196337217653,0.007228819715367251,0.41418208624250114,1,-0.03746902079909582,-0.03181819925720565,0.39760432875358537,1,0.05066602809238615,-0.07432334555587647,0.3698545531838488,1,0.10095111680448758,-0.011410748754921988,0.3654751305888711,1,0.13323491395995085,0.08277003179438361,0.3388755094624435,1
1538.926076,grid_1805_y538_z576,471.73,540.357,575.446,40.66705371673733,0.621,-0.1273435237391134,0.007436563953111329,0.4183065714570393,1,-0.039088090686040904,-0.031134433021324202,0.3998326924032781,1,0.04921615427354087,-0.0730029904362107,0.36870207009344935,1,0.09947526915546841,-0.011088380546468745,0.3618324411271649,1,0.13346435807575624,0.08304213235385338,0.3397918992201615,1
1539.559309,grid_1806_y536_z576,471.46,538.574,575.346,38.97533541869778,0.623,-0.12943686396570797,0.007516832584793022,0.4199009301026577,1,-0.04062780060708439,-0.030065998564019987,0.3998948737733329,1,0.04852618073327871,-0.07178204525349255,0.37255843854993964,1,0.09866922927164826,-0.010895371562146166,0.3601127476615262,1,0.13381210077896905,0.08335460368133041,0.34100058644116665,1
1540.29924,grid_1807_y534_z576,471.814,536.154,575.488,36.827223340892836,0.73,-0.13105542625114697,0.00742851598049684,0.4181687886204875,1,-0.042462864198946806,-0.02883390590495256,0.40047921844751216,1,0.04677986444377112,-0.06921860283082563,0.37061729905611174,1,0.09823450755963843,-0.010592418626894303,0.3601084774361175,1,0.13609690413084946,0.08490105916742353,0.3465646733506408,1
1540.928098,grid_1808_y532_z576,471.588,534.525,575.374,35.29710971170302,0.619,-0.1330216015277142,0.007463912112694131,0.4187203807469945,1,-0.044038028822623615,-0.027571868834042567,0.40317409438067064,1,0.046040292491011284,-0.06711829139384506,0.37195176912834127,1,0.09848803424798014,-0.01078927973727987,0.3601921010239514,1,0.1354301540555876,0.0844631359510986,0.34496973283748544,1
1541.559481,grid_1809_y530_z576,471.581,532.569,575.483,33.59240658244057,0.621,-0.13495149530771547,0.0075153306205963345,0.41968295331134786,1,-0.04531063077948676,-0.026034609257480867,0.4014097884127878,1,0.04516203554139696,-0.0643516798052288,0.3722809461384857,1,0.09900827979801359,-0.010935557021593873,0.3605221541176948,1,0.1340911242844308,0.08347492366821167,0.34128486449118556,1
1542.396483,grid_1810_y528_z576,471.737,530.46,575.27,31.63341122926836,0.724,-0.136309742262185,0.00796024119099933,0.41766909359938886,1,-0.04723444773798289,-0.02414242139290886,0.40260422882554786,1,0.043517687956026445,-0.061112492945527105,0.36943940598061775,1,0.10108231453690217,-0.011266345620737393,0.3670659897465892,1,0.1328515342040284,0.08252288177657384,0.33775226722924634,1
1543.031042,grid_1811_y526_z576,471.522,528.712,575.182,30.058927908360275,0.624,-0.13937928068121228,0.008402783742966961,0.4219062043949352,1,-0.04924801384065476,-0.022965529604098017,0.4076787401054247,1,0.04266833508721905,-0.05913273346396627,0.3717139984027058,1,0.10035436488015899,-0.011300099736698472,0.36373938133076616,1,0.1332228377820358,0.08277654673164203,0.3387019095104956,1
1543.722136,grid_1812_y524_z576,471.944,526.389,575.118,28.053530152193005,0.679,-0.14256167851540819,0.008817655303565469,0.42557550163970487,1,-0.0505538159390328,-0.0210786197063131,0.4026312323010595,1,0.04117632633223497,-0.05598683647825613,0.3698108017014326,1,0.0997398737679579,-0.011233402216404394,0.36152902772399537,1,0.13433674851605804,0.0835375415968466,0.3415508363542433,1
1544.466398,grid_1813_y522_z576,471.727,524.67,574.989,26.534710493992566,0.734,-0.14519165838683318,0.009200290098958699,0.42837927613299415,1,-0.0523245428614593,-0.019679216771379023,0.4058029635229696,1,0.039937259690528935,-0.05372792265605738,0.3698421526019066,1,0.09998827839261785,-0.011207959165791075,0.3619639183592315,1,0.13507935567207285,0.08404487150698299,0.3434501209167419,1
1545.099278,grid_1814_y520_z576,471.685,522.85,574.883,24.982892806878912,0.623,-0.14504403982259176,0.009485560254384936,0.42291872673625114,1,-0.05358767445957232,-0.018210969703316305,0.4029363257527369,1,0.03908242822041796,-0.05207278689474938,0.3732913029148798,1,0.09952420971542497,-0.011189014942031447,0.3605631336558408,1,0.13545065925008026,0.08429853646205118,0.34439976319799115,1
1545.740847,grid_1815_y518_z576,471.849,520.689,574.96,23.329903921791015,0.631,-0.14590385416573348,0.009928196950738771,0.420082836935295,1,-0.05533863348760852,-0.016099877224829216,0.4040607548514171,1,0.03791938215986644,-0.04858928069242846,0.37312792888174096,1,0.09943135851712302,-0.011288343454330102,0.35742935325858216,1,0.136442333230581,0.084545319604774,0.3459846215621476,1
1546.372651,grid_1816_y516_z576,471.652,518.844,575.124,22.038091999989522,0.621,-0.14760054149022114,0.01102243035336109,0.4203358242367738,1,-0.05726832688654424,-0.013831818030844286,0.4088431158777551,1,0.036760686778979416,-0.044340357094231515,0.3699436310573394,1,0.10092982926091965,-0.011554090474325488,0.3577022129607439,1,0.13840203994238762,0.08525803999047117,0.34887148821680825,1
1547.115846,grid_1817_y514_z576,471.593,516.62,575.475,20.717886692421132,0.731,-0.1533347094426337,0.013244072310137012,0.43057545005315523,1,-0.057733835285679845,-0.010630935072711428,0.400668979590476,1,0.035196089569725406,-0.039691768596113654,0.36879560633211633,1,0.10234613195304995,-0.012332337144338281,0.3577764727971887,1,0.1368807746699061,0.08359593606259472,0.34361096425505694,1
1547.81889,grid_1818_y512_z576,471.68,514.563,575.522,19.435289295505765,0.692,-0.15400341259465558,0.013500103773914515,0.42727478649667283,1,-0.059632579494989645,-0.009645708649543222,0.40167182545255525,1,0.034025044436195744,-0.038377691432868156,0.3723217584083158,1,0.1024001061681026,-0.012048936473891367,0.359884535867249,1,0.14341597799463246,0.08794074607365246,0.3611367405257909,1
1548.561648,grid_1819_y510_z576,471.557,512.706,575.656,18.464536874776968,0.732,-0.1560715380106606,0.013093573972672298,0.4287114003625854,1,-0.06179658193665383,-0.009040382902543498,0.40570931594719833,1,0.0323907984512038,-0.03707328839759509,0.37131998096792956,1,0.10134128302785654,-0.011836348961926216,0.35929382970995416,1,0.13960091305978933,0.08596364300232572,0.35151031036806896,1
1549.192875,grid_1820_y508_z576,471.679,510.589,575.926,17.653467336475316,0.621,-0.1577614554989997,0.0126488852907089,0.427677845302436,1,-0.06386384090641098,-0.00884774308801888,0.40527130041337484,1,0.03027464499165186,-0.03529284526487959,0.3676250496370105,1,0.10004008199171921,-0.011643912083885368,0.3577639158952885,1,0.13459129334581665,0.08304860587930933,0.3395791691435701,1
1549.822454,grid_1821_y506_z576,471.658,508.658,575.881,16.833729058054807,0.619,-0.16060656391896472,0.012488862517878082,0.42962915686146436,1,-0.06619665291253017,-0.008167511930584933,0.40755617925747345,1,0.0288031567189448,-0.03389604542165069,0.3702238701030304,1,0.09992427261037296,-0.011150906067126173,0.3599579241922296,1,0.13562872773239168,0.08392724967346794,0.3429254876252486,1
1550.452559,grid_1822_y504_z576,471.428,506.829,575.767,16.151574938686355,0.621,-0.16301773377132017,0.012644764045100895,0.4309104214156008,1,-0.06820388320941226,-0.007380123729292471,0.4090424615076297,1,0.0274533487806844,-0.03287187786439893,0.3759089685926397,1,0.09892141588339035,-0.01094893913169942,0.35996172432268364,1,0.1368830876656947,0.08523596384485735,0.34740473202160255,1
1551.189449,grid_1823_y502_z576,471.574,504.696,575.774,15.754273166350758,0.727,-0.1659981579710914,0.012735476612817593,0.4332200453363543,1,-0.07083288350200381,-0.006613524636359868,0.41127832032954703,1,0.026038173702226136,-0.031367906448600755,0.3830233625567632,1,0.09750236443711839,-0.010409797084564017,0.3584494834690505,1,0.13664900695589327,0.08512368072993266,0.34740059300092535,1
1551.833492,grid_1824_y500_z576,471.667,502.708,575.626,15.48305544781128,0.631,-0.16623150415979926,0.012566095332255913,0.4291604631694301,1,-0.07270915929174587,-0.005673989875748886,0.4122724034851094,1,0.02386017521436757,-0.029390341221315425,0.3758357198514484,1,0.0972787681396171,-0.010120806007407397,0.3602977737158718,1,0.13599723035519978,0.08473055084429115,0.3460532861083976,1
1552.467574,grid_1825_y500_z578,471.344,502.387,576.254,16.095048120462387,0.624,-0.16685107063455934,0.012018904518868629,0.42924263159779397,1,-0.07270731537598908,-0.00569024612693207,0.40759708627480473,1,0.022829700364341902,-0.02839523324019232,0.36883240288748687,1,0.09717623023848906,-0.010040189756041557,0.36090423915373704,1,0.1362554221524493,0.08508058923333998,0.34736750984666254,1
1553.096625,grid_1826_y502_z578,471.434,502.412,576.681,16.525229983271053,0.618,-0.16735912607300113,0.011691614186252143,0.4304862517128206,1,-0.07302367791146618,-0.006182717794902051,0.4098772768732942,1,0.023391794882840898,-0.02904139889660324,0.37531664446804724,1,0.09717623023848906,-0.010040189756041557,0.36090423915373704,1,0.13632335844742066,0.08515753069016133,0.34771158263067187,1
1553.837456,grid_1827_y504_z578,471.934,502.751,578.185,18.054495645129425,0.731,-0.16551467828542746,0.010030320930809975,0.42607206165930017,1,-0.07260571561879862,-0.007368781474798592,0.41095069592005123,1,0.023889682551331264,-0.030205724905766264,0.3767310253467209,1,0.09717623023848906,-0.010040189756041557,0.36090423915373704,1,0.13616484042582083,0.08497800062424488,0.34690874613465006,1
1554.879857,grid_1828_y506_z578,472.146,504.321,578.266,18.225436784889357,1.031,-0.1665364851055551,0.009749127774124747,0.4324188546404805,1,-0.07071198751632954,-0.008359983958241642,0.40855913982792574,1,0.02533663289297879,-0.031438919264883625,0.3746276807826954,1,0.09756124037362766,-0.010342565269734243,0.35932552685072794,1,0.13656456998410246,0.08505953132725577,0.34724869004173897,1
1555.516171,grid_1829_y508_z578,472.18,506.103,578.632,18.83256833254555,0.625,-0.1647800874847712,0.009649545854687398,0.43198749928343183,1,-0.06954633986219909,-0.009027737321961361,0.4102409238650492,1,0.026916711661157233,-0.03319936973197973,0.3784838915986119,1,0.0978474144662825,-0.010722109899657857,0.3584230129559889,1,0.13683775749985316,0.08536135190310397,0.34794775600553757,1
1556.208132,grid_1830_y510_z578,472.064,508.373,578.091,18.850336575244476,0.68,-0.16237680408572625,0.010015269533989152,0.43053615880546764,1,-0.0674492752027034,-0.009244986434319308,0.4100408936946914,1,0.02880678594643621,-0.03512820142763552,0.38054482280796625,1,0.09955693331337098,-0.010964717987628094,0.3605938665867058,1,0.13628279033650537,0.08476439920693467,0.34563434856587744,1
1556.953376,grid_1831_y512_z578,472.273,510.154,578.12,19.50539417699626,0.733,-0.15945307883842563,0.010127562875194326,0.4282732177726197,1,-0.06496549410167396,-0.00977364481294718,0.40622200899292116,1,0.03079434852113717,-0.036537518417033135,0.3806959881707432,1,0.0995157436272036,-0.011423727888253086,0.3575392766562579,1,0.13407358280764856,0.08285462672283335,0.3388887436757305,1
1557.588181,grid_1832_y514_z578,472.241,512.236,577.959,20.249877752717357,0.625,-0.1590772408134607,0.010661056077665104,0.4318091846860179,1,-0.06336830876423585,-0.010628534744882383,0.40664151640499924,1,0.03148364192693219,-0.03698751819862539,0.37099276673810333,1,0.10046520585243641,-0.011703930088931263,0.3581550231199047,1,0.1357576326387069,0.08375651759267475,0.3420696483149627,1
1558.22704,grid_1833_y516_z578,472.299,514.05,578.018,21.22037714085213,0.627,-0.1563058221588698,0.010707692935371615,0.4297195236421457,1,-0.06113476692585566,-0.011049813129167172,0.4042376265167086,1,0.03326663089132374,-0.038557299660337545,0.3723091943463228,1,0.10167922270592433,-0.01180795084343174,0.359154932732252,1,0.1426120976306185,0.08766367650564952,0.3592069679428195,1
1558.976242,grid_1834_y518_z578,472.288,516.218,577.788,22.273533599319148,0.739,-0.1539375670860496,0.011111233214714758,0.42780135454347407,1,-0.05952631961942132,-0.011414069675921127,0.4043959944940355,1,0.03482442631831297,-0.039509142223735944,0.36997152644222897,1,0.10240708081971624,-0.01230329358970491,0.35819650435628636,1,0.13827498941807717,0.08447233688049893,0.3472386949574033,1
1559.613384,grid_1835_y520_z578,472.472,518.079,577.75,23.43632424250864,0.626,-0.15308025630099215,0.011428859306752786,0.43102644483328145,1,-0.05777425662345549,-0.012159210179956248,0.4061760355827114,1,0.03650910746743903,-0.04069821323391925,0.3677625861634095,1,0.10317801660480416,-0.012428665401775393,0.3571477510772733,1,0.1382084599144921,0.08405617769446228,0.34573880690475595,1
1560.244474,grid_1836_y522_z578,472.571,519.952,577.813,24.75966148799291,0.62,-0.1496084791081766,0.011298902109206945,0.42607733281123056,1,-0.055312467478319305,-0.012579151059078638,0.4027196966001962,1,0.03793383541670564,-0.0413122402384752,0.36480218323731617,1,0.10381296194528367,-0.012558863039778292,0.35443824413454117,1,0.13751975584838366,0.08319119433497231,0.3423182852304413,1
1560.890246,grid_1837_y524_z578,472.699,521.913,577.406,25.90257958196439,0.635,-0.14826654763771152,0.011555204985058493,0.4275768130677509,1,-0.05430793402205195,-0.016613879759690937,0.4037210852032137,1,0.03949903386308068,-0.04491360609192997,0.36871902169293375,1,0.10372240365767744,-0.012623993390611234,0.3577453912298423,1,0.13726474610211667,0.08331883308033446,0.3428392564316135,1
1561.637402,grid_1838_y526_z578,472.587,523.973,577.616,27.590848138467898,0.734,-0.1459382948600246,0.011657581267926187,0.42690239997480983,1,-0.05348479538850448,-0.020628645820455024,0.4054026192156147,1,0.04102587911316774,-0.049372230235255846,0.37312589109257893,1,0.10252939080958434,-0.012487922985573146,0.35759074778864225,1,0.1365968405249801,0.08331274433370724,0.34287773127895627,1
1562.276616,grid_1839_y528_z578,472.733,525.829,577.818,29.17895215733418,0.628,-0.143644111574708,0.011508360133696565,0.4252335814490058,1,-0.051634257978158,-0.022200151082031848,0.40316246045622045,1,0.04217710454552955,-0.05142924794548154,0.37052014850690507,1,0.10264203361514439,-0.01250001720637639,0.3581212581267442,1,0.13809086416589103,0.08439934149872722,0.34716930914551886,1
1563.128246,grid_1840_y530_z578,472.65,527.901,577.976,30.933620576970903,0.843,-0.14181126298638094,0.011386004134889471,0.4266785334384536,1,-0.04869608387851277,-0.023522629193802037,0.3977765909038571,1,0.04359386997659459,-0.05405152647255802,0.3683779796007173,1,0.10258571221236437,-0.012493970095974768,0.35785600295769326,1,0.13830810962690784,0.08448886237053176,0.34772194648095744,1
1563.766275,grid_1841_y532_z578,472.753,529.702,578.064,32.473677863771435,0.626,-0.14002474574265114,0.011584332688877737,0.42642068097682423,1,-0.048238890624011224,-0.024871323561645044,0.40450411174642725,1,0.044463441555925014,-0.05531690352618529,0.3663471845419785,1,0.10311160346755721,-0.012468544251606675,0.35910051041664215,1,0.1378987603993366,0.08407647928147388,0.3460857404179534,1
1564.405933,grid_1842_y534_z578,472.767,531.669,578.289,34.24716870049258,0.629,-0.13754491537135402,0.01159929012302055,0.4245452623546945,1,-0.04659445236629732,-0.026046658900880988,0.403909534921839,1,0.04595550676213186,-0.057067926586074055,0.3661709371840304,1,0.10344463708265608,-0.012487250390442782,0.3582486825493798,1,0.13689013060521615,0.08328283807152707,0.34265799560624866,1
1565.037275,grid_1843_y536_z578,472.645,533.868,578.076,36.01415257922924,0.621,-0.13440463556794077,0.011919074000265092,0.42108104665010604,1,-0.04441743202018113,-0.026571928518007104,0.40258550365637075,1,0.047907749200608904,-0.05897017568990456,0.36801965587755037,1,0.10320372544924539,-0.012544570915185784,0.3549869931729786,1,0.13758019979839753,0.08338283730072679,0.3432420955222074,1
1565.772411,grid_1844_y538_z578,472.626,535.751,578.115,37.674088827734096,0.725,-0.13269049381777345,0.01228840603094662,0.42208452603387847,1,-0.04290956206794207,-0.027677020161308564,0.4044500175332809,1,0.04920856262837024,-0.06035091488372425,0.366010115899252,1,0.10523878038869772,-0.012969803054810883,0.3594367264939501,1,0.13844801174581892,0.08336751724468208,0.3438608253005203,1
1566.455222,grid_1845_y540_z578,472.819,537.708,578.125,39.41782740080937,0.671,-0.1301915508625675,0.012282344083097172,0.4204730569457974,1,-0.04093366382311666,-0.028145189839273714,0.4007981941593363,1,0.050705480858405025,-0.06217096902872511,0.3667360295213933,1,0.10578611320870115,-0.013071371716136254,0.3595227527691064,1,0.13792788346792345,0.08263785079472559,0.341770469876707,1
1567.158093,grid_1846_y542_z578,472.631,539.733,578.288,41.28945537301257,0.693,-0.12884679978909083,0.012410122054446979,0.4229120224414557,1,-0.03874033402355415,-0.029039666380320305,0.39892595486684646,1,0.05179668176957566,-0.06324960957277834,0.3629323483042772,1,0.10713040465556264,-0.013165359074811128,0.3617948021255199,1,0.1401955050244977,0.08362825614971034,0.3464924115969776,1
1567.905421,grid_1847_y544_z578,472.836,541.867,577.571,42.9291492694649,0.737,-0.12557172910592532,0.013152179915874428,0.4186629787120545,1,-0.03703854613019682,-0.02963631331386582,0.401002551505532,1,0.05460765764761795,-0.06612517928453518,0.37136481668753085,1,0.10746081843473201,-0.013747425189656872,0.36049754444250964,1,0.14070008916817506,0.0835298870548579,0.3469139603563083,1
1568.587705,grid_1848_y546_z578,472.774,543.943,577.668,44.86688549476105,0.672,-0.12400217584779413,0.01345403593770235,0.4197911729853783,1,-0.03520952570263286,-0.03016146356215086,0.40115152565377443,1,0.05578753535532024,-0.06624443921547571,0.3673294971445606,1,0.10856451170995925,-0.013904334504996962,0.3608793004695315,1,0.13985504841043067,0.08250699185744252,0.34308258541237957,1
1569.233851,grid_1849_y548_z578,473.005,545.958,577.648,46.730322767984376,0.634,-0.121775112594396,0.013617494157031354,0.42000039598961003,1,-0.03319938792233863,-0.030511585809561915,0.40264261751974584,1,0.05730317129762981,-0.06663132717110076,0.36486480806322963,1,0.10915022601417271,-0.014083004550797296,0.35768117439354297,1,0.1401671178031912,0.0821298824653484,0.3416884881975736,1
1569.866039,grid_1850_y550_z578,472.878,547.994,577.495,48.56114971867947,0.622,-0.11770162351261775,0.01367368062117327,0.4125604496992231,1,-0.031413662548956535,-0.031039992974194047,0.40281616865650854,1,0.05824726538561289,-0.06657286551507671,0.3600335850654376,1,0.1107439227379903,-0.014547618690613976,0.3597726423864948,1,0.14186560231528017,0.08267583654356839,0.34501187432351876,1
1570.659656,grid_1851_y552_z578,473.139,549.877,577.432,50.31339230264639,0.784,-0.11620119397105799,0.013619882387349338,0.41431841123853663,1,-0.02926726633051367,-0.030943358374494606,0.39706559079702025,1,0.05973742812215159,-0.07134858837483768,0.3659404495419261,1,0.10837070296665782,-0.014052625136831332,0.355949766162922,1,0.1414325666029177,0.08289227751557515,0.3455586031034296,1
1571.300872,grid_1852_y554_z578,473.05,551.961,577.399,52.25819519462954,0.63,-0.11343251493074255,0.013686722621053476,0.4113121487132556,1,-0.02765831782327855,-0.03157881650446396,0.39634449060578786,1,0.060283236776035434,-0.07538492572430978,0.36791046339752453,1,0.1077506943195706,-0.013785627470206141,0.35936386335118076,1,0.13942203730635355,0.08238877014386,0.3426226417906653,1
1572.053589,grid_1853_y556_z578,472.876,553.995,577.662,54.25723035688426,0.742,-0.11163598671370449,0.013532853745272933,0.411858564877127,1,-0.026053607647845672,-0.03256184520566361,0.40009875873584344,1,0.06240935783046314,-0.0773134917234948,0.37041689881010714,1,0.10950271034064211,-0.014065715279434959,0.3632316746020524,1,0.13933207871977388,0.08208352426135095,0.3415219895802656,1
1573.458792,grid_1854_y558_z578,472.786,556.047,577.593,56.176935097956374,1.395,-0.10758725954463595,0.013460609225768836,0.40687841181673523,1,-0.023444584905930578,-0.03322962591652188,0.39636519978180623,1,0.06323714035243369,-0.07782135977714388,0.3645084353574757,1,0.10890823857767518,-0.014133016262609455,0.35760310581081545,1,0.14075439850757746,0.08245269209084455,0.3439911975633089,1
1574.203004,grid_1855_y560_z578,472.74,557.998,577.949,58.139661798121985,0.732,-0.10797729702153713,0.013543949521051184,0.41418116747168854,1,-0.0213958874295988,-0.033130890349086374,0.3906819452242801,1,0.06538805870005138,-0.07955299458869047,0.3685911624742796,1,0.10996695032236244,-0.01441522641143867,0.35901502811628233,1,0.14131419635459158,0.08218618660320445,0.343654033814863,1
1574.829625,grid_1856_y562_z578,472.752,559.954,577.683,59.925894953684214,0.617,-0.1058976218796305,0.01390992667517485,0.4132759828370733,1,-0.01994937926923494,-0.03365672190867023,0.39296960684174087,1,0.06701989206928957,-0.08042846245670661,0.36882523046469684,1,0.10971305992984799,-0.014500335233628855,0.35515524897145967,1,0.14229811521454633,0.08264543975225953,0.34550461825491185,1
1575.4614,grid_1857_y564_z578,472.843,561.863,577.848,61.80309190485543,0.622,-0.10264791872197865,0.013896999181165711,0.4084681324168713,1,-0.017683459202258327,-0.03377987540941615,0.39187410439822,1,0.06863473049340256,-0.08126256570944493,0.36805448913971983,1,0.11181632075903872,-0.015004901660630645,0.35808557688720744,1,0.14310204866657833,0.08292854217632714,0.3466950551184856,1
1576.200221,grid_1858_y566_z578,472.788,563.821,578.025,63.72801827297005,0.727,-0.10043851530512063,0.01359737596389184,0.4065310846421977,1,-0.016000617171869173,-0.03463770091516001,0.3940751848462726,1,0.07025238388674594,-0.08180214914808938,0.36713357502003496,1,0.11542095110387482,-0.015520967145295439,0.36637188904481277,1,0.143600207205889,0.08264230001919382,0.34654189679866193,1
1576.828357,grid_1859_y568_z578,472.855,565.953,577.904,65.74567901390934,0.619,-0.09943877086260208,0.01399237569810829,0.4121427172086231,1,-0.013699085129625314,-0.03473407316146,0.3901036233742362,1,0.07139965491026487,-0.08161368405242794,0.36300953372780786,1,0.11477684413650528,-0.015624082964723507,0.3600755694011456,1,0.1436525711552857,0.08226102160685089,0.34526373021707923,1
1577.460178,grid_1860_y570_z578,473.009,567.838,577.836,67.54911068252488,0.621,-0.09713117669950896,0.01410756653473926,0.41131082510287487,1,-0.011612185925451799,-0.03479454388776853,0.3893119810180087,1,0.07305515540484794,-0.08233252314435793,0.36288315891315504,1,0.11472638433125767,-0.015661693284371152,0.3561362077687008,1,0.14116219331153182,0.08058665828264869,0.3383534477856439,1
1578.09559,grid_1861_y572_z578,473.0,569.951,577.517,69.50894461146714,0.625,-0.09452705722814318,0.014378477716918192,0.4083483524109832,1,-0.009670292534621577,-0.03460692356420826,0.3871518612240233,1,0.07444488485826964,-0.08254925694543105,0.361009439903439,1,0.11520821516579483,-0.01589699873920141,0.3539964789068972,1,0.14370500136163625,0.08160443430113358,0.342941063959932,1
1578.835135,grid_1862_y574_z578,472.864,572.147,577.368,71.59607088381324,0.73,-0.09163231847958621,0.014822274543718839,0.40667539927433366,1,-0.007436813897933861,-0.03498270652825927,0.391171627993976,1,0.07641741139305706,-0.08309529929824869,0.3608950969890135,1,0.11696332779010903,-0.016107541384320818,0.355625668548211,1,0.145144557745119,0.0819243649167044,0.3457076450079117,1
1579.465801,grid_1863_y576_z578,473.108,573.982,577.344,73.38000121967838,0.619,-0.08963142224046186,0.01472317493829719,0.4050492812435418,1,-0.005796855113605685,-0.03552023734726515,0.39210411905069453,1,0.07881312993263309,-0.08453851423707662,0.3646900084800123,1,0.12015668309204383,-0.016868215456647368,0.3620637138956219,1,0.1465500441948181,0.08269128473544311,0.3481829317035137,1
1580.093682,grid_1864_y578_z578,473.019,576.051,577.322,75.384101831885,0.617,-0.0884124273182775,0.015187598432096074,0.41017638100352183,1,-0.003609816009937335,-0.03552541496980589,0.3890600753615629,1,0.08012246359480432,-0.08446774084005945,0.36178432847469805,1,0.12152793182205238,-0.017187335532692347,0.3625654159346586,1,0.1491630122892905,0.08373241351061017,0.35273830616669694,1
1580.72684,grid_1865_y580_z578,472.992,578.106,577.062,77.32762152685159,0.623,-0.08574831250617976,0.01540577191451065,0.406489114163543,1,-0.001687882169820969,-0.03596943484641604,0.39095839634962515,1,0.08235494168860058,-0.08610276016371766,0.36484670491058463,1,0.12204537704045293,-0.017182651319454446,0.36180295831950937,1,0.14770496601982014,0.08258507074303763,0.34874558840567416,1
1581.461159,grid_1866_y582_z578,472.987,580.111,577.472,79.37270085489091,0.725,-0.08382099867852047,0.015101884079775304,0.4070168039057081,1,-0.001920819615770996,-0.03971651341667776,0.3858247833198397,1,0.08075721669312463,-0.09138341649368287,0.3677756837261524,1,0.11645386372915814,-0.01610888180865311,0.35716400819387945,1,0.14524896402876192,0.08236538151312403,0.3467342119787924,1
1582.150998,grid_1867_y584_z578,473.025,582.087,577.438,81.295377562319,0.68,-0.08331598260355541,0.011328008379978233,0.40662814062648656,1,-0.004397008841551731,-0.04781914281713233,0.39223400331613395,1,0.07496166770509796,-0.09383352523823478,0.36401803436863045,1,0.11095716682132258,-0.01450044092305873,0.3611132127313252,1,0.14232369346376156,0.08300854105901556,0.346656888110694,1
1582.787528,grid_1868_y586_z578,472.935,584.137,577.583,83.32653363725142,0.625,-0.08360963895612764,0.006888311658046578,0.4071483082554326,1,-0.004842889800010327,-0.05246900774250991,0.3921548905880522,1,0.07418125867224976,-0.09509696113821334,0.36834179106065645,1,0.10929854942281395,-0.01409335600392011,0.36324915849959405,1,0.1399657096647841,0.08255983437250414,0.34351394873721197,1
1583.526515,grid_1869_y588_z578,472.914,586.11,577.545,85.24794422154709,0.727,-0.08239772460718699,0.0068901897763369215,0.410708056285094,1,-0.004167811741649316,-0.054575179051423464,0.3928637315893716,1,0.07324307606733646,-0.09525965514330169,0.3704364467722484,1,0.1079694103290918,-0.013732964594578309,0.3628627795412342,1,0.14006851599746045,0.083141599757724,0.34562509937401004,1
1585.346087,grid_1870_y590_z578,472.931,588.058,577.512,87.14917357037874,1.81,-0.08785726035774535,0.007857757797101577,0.44948026780109157,1,-0.004031465821890906,-0.057525322259952716,0.39500971245103333,1,0.07104790861388574,-0.09506929825251637,0.3738378741355552,1,0.10522588896859131,-0.013101902370082238,0.3616146301690019,1,0.1391245868881008,0.08388901226509689,0.3467597175548372,1
1588.178162,grid_1871_y592_z578,473.055,589.986,577.627,89.06454356813377,2.823,-0.07621245358384936,0.006540230782075598,0.4001542249124924,1,-0.0029194573788596293,-0.05870075534368191,0.393157156111925,1,0.07003771224859731,-0.09372796621592146,0.3668812139621488,1,0.10555955190908714,-0.013061061630806333,0.36223263466183464,1,0.14208347511079006,0.08552198125094601,0.35360890094229985,1
1588.933112,grid_1872_y594_z578,473.024,592.041,577.488,91.0525068847641,0.744,-0.07469515365025116,0.006870035338541716,0.4014654179910713,1,-0.0013354159884930127,-0.05932948361736826,0.3947456319665912,1,0.07099855474201407,-0.0935730497761659,0.36440116716948656,1,0.10693028209485289,-0.01316013757783655,0.36302597388532165,1,0.14145507636172377,0.08448136537229552,0.3504853840679683,1
1590.362338,grid_1873_y596_z578,473.05,594.117,577.222,93.04234198471143,1.419,-0.07463774766706568,0.007398320861621503,0.41253183852309416,1,0.000490695926066654,-0.058165896333112685,0.38742508691411054,1,0.07363644838722112,-0.09609923022175412,0.3722950123456231,1,0.10793632667948531,-0.013147158572826542,0.36326190285773435,1,0.13840259526860027,0.08239654026646312,0.3427414091541331,1
1590.987306,grid_1874_y598_z578,472.957,596.125,577.197,95.00960684057166,0.616,-0.0718784554969752,0.007488019597836941,0.40538891183899733,1,0.0014878442597922076,-0.05937368113398985,0.39081123110293736,1,0.07406512117992418,-0.09567986714679808,0.36984858596870923,1,0.10846557515642874,-0.013738084614344809,0.36347453281352793,1,0.13912946109771462,0.08249303599553973,0.3432337083622733,1
1593.119617,grid_1875_y600_z578,473.18,598.098,577.313,96.9767647738364,2.122,-0.06781440073893508,0.0074588246071473924,0.39861040047720675,1,0.0037851260476672046,-0.05974346180711922,0.3880647704554681,1,0.07628444404338318,-0.09696437598121276,0.37172684494992325,1,0.10893223133535221,-0.014030266535822225,0.361374430853741,1,0.1399263468626743,0.08250677716909723,0.3431255139137816,1
1596.614673,grid_1876_y602_z578,473.117,600.07,577.465,98.94252291608504,3.485,-0.07929889294375374,0.008921388396444203,0.47761924424495283,1,0.0055913290801093895,-0.06094304166589265,0.39111093956112086,1,0.07655486063917946,-0.09622384594153789,0.3661791842547717,1,0.10865651473750096,-0.014088270125736426,0.35710267771945736,1,0.1381559281025197,0.08098509992257276,0.3376708280187339,1
1597.297767,grid_1877_y604_z578,473.175,602.177,577.05,100.94836948163157,0.673,-0.06531609962391746,0.007793418558469292,0.4042755469519543,1,0.006816744937346239,-0.0606177312657614,0.38866322579290064,1,0.07849821660610731,-0.09746595169075731,0.3696133239608327,1,0.11034846809857554,-0.014375985434170648,0.3612665680492325,1,0.14259847244063537,0.08355187455524207,0.3486865291183418,1
1598.051126,grid_1878_y606_z578,473.005,604.158,577.358,102.94832094793972,0.741,-0.06272731625516405,0.007646583817770282,0.4023346023739748,1,0.008947139483501563,-0.06168742553252783,0.3903825446099736,1,0.08052034845472023,-0.09895575464565065,0.3732677230650698,1,0.11164974897950566,-0.014594105268949659,0.36250465750984834,1,0.14466717878896934,0.08394451924383088,0.35167369547650085,1
1598.689239,grid_1879_y608_z578,473.035,606.217,577.419,104.98914751535035,0.626,-0.06094585391274091,0.007798328805610331,0.4024874666900506,1,0.01023876462053414,-0.06146952647128445,0.3874157281254723,1,0.08078428834394971,-0.09788696461209205,0.3682565653963981,1,0.11171593199362917,-0.014651419606790594,0.35970589105046835,1,0.14464821045284143,0.08375421331488278,0.35088499766820264,1
1602.735335,grid_1880_y610_z578,473.111,608.042,577.641,106.82711508320351,4.036,-0.05661807031765801,0.007001480750953526,0.388810387493277,1,0.012206679741261096,-0.06117853160554985,0.3802338191809069,1,0.08461371895159507,-0.10088644769385458,0.3764423162287945,1,0.11514786162789878,-0.01571771170723408,0.3681616500849273,1,0.14142324902985653,0.0818576665487453,0.3427098919944943,1
1603.581095,grid_1881_y612_z578,473.048,610.075,577.439,108.79908790518427,0.836,-0.05681683302270363,0.0077506091419339285,0.40556522665443684,1,0.013753125966760312,-0.061815784633331906,0.38317184854826053,1,0.08339561877102612,-0.09834058788656416,0.36594318728891306,1,0.1160212485078946,-0.015720481728072767,0.3682010359255898,1,0.14482497343718784,0.08347328149816843,0.349776349725353,1
1604.767208,grid_1882_y614_z578,473.105,611.921,577.578,110.64467315239362,1.174,-0.054718722426469135,0.007928960501533893,0.4039377332001578,1,0.015931377587329695,-0.06222683860982966,0.38269467691439807,1,0.08423854429793831,-0.09818988947340106,0.3643885860587721,1,0.11399650628387918,-0.015573457239169508,0.35851074446205133,1,0.14632282755900042,0.08398674521900365,0.3520309434817442,1
1605.400536,grid_1883_y616_z578,473.137,613.998,577.507,112.68555100366689,0.624,-0.05246591612184128,0.00792848002614933,0.3995186338990173,1,0.0169782509384587,-0.06289664758480973,0.3840804640668423,1,0.08619037482104885,-0.09970501124816486,0.36812846677246136,1,0.11373582258999067,-0.01557439642263266,0.35577419530831494,1,0.14491381231582476,0.08292164814471377,0.3482398814344802,1
1607.527353,grid_1884_y618_z578,473.204,615.975,577.679,114.66655750043256,2.116,-0.05077961360546749,0.007788766259369197,0.4063908524563038,1,0.020970897792959547,-0.06935451972835358,0.4208612392358127,1,0.08678414973192754,-0.09896991587359391,0.36286532385446507,1,0.11509719425329383,-0.015619832422901644,0.35664938497269577,1,0.1392731283794871,0.07944682086971129,0.3339797228669575,1
1608.370442,grid_1885_y620_z578,473.352,617.852,577.706,116.5288573830534,0.833,-0.047989557546701575,0.007798642914475238,0.39972029162670053,1,0.020744483750950806,-0.06418631711938824,0.38493579794257893,1,0.08929956629961464,-0.1005223004522181,0.36829930346741946,1,0.1162936531512521,-0.016163138739467908,0.35778706930307236,1,0.14498108507133275,0.08237679646187043,0.3462173946066294,1
1608.998878,grid_1886_y622_z578,473.386,619.99,577.271,118.57968351281767,0.618,-0.0463641654608493,0.00841289514636544,0.39974537747572236,1,0.021809280672899493,-0.06376806244364545,0.38238598794451606,1,0.08914228306210262,-0.09985626117126808,0.3640353918272491,1,0.11644523292734528,-0.016145823662232633,0.3565356294050392,1,0.14516070218854846,0.08235875238298278,0.34610934276784555,1
1609.744059,grid_1887_y624_z578,473.277,622.091,577.24,120.65174082871745,0.734,-0.044615160766328175,0.008710655623395711,0.4042982236488101,1,0.023937054441225018,-0.06466373955445873,0.38547926691761425,1,0.09174980312468825,-0.10143707921888376,0.3686949864635952,1,0.11842177814005547,-0.016394274301064004,0.3601208307365599,1,0.14690723630774957,0.08312807308847212,0.3503073788350538,1
1610.97664,grid_1888_y626_z578,473.475,624.118,577.02,122.6322273058759,1.223,-0.040662481109418655,0.008811076119037331,0.3922414860706118,1,0.025717333545138353,-0.06406933993532235,0.37992582834797883,1,0.09073328353476481,-0.09902359669249486,0.3579563251898049,1,0.11989585496202075,-0.016617300812488932,0.3616813334429991,1,0.14415258649670598,0.08128845100619093,0.34286189101823467,1
1611.614321,grid_1889_y628_z578,473.353,626.1,577.066,124.59872722463906,0.627,-0.0396031538472084,0.009021094958377811,0.396105595076915,1,0.027358769065751087,-0.06541361025462714,0.38565315983960125,1,0.09348375596501177,-0.10125041514140694,0.36485533473665566,1,0.122132884412787,-0.017100519317235288,0.3666703391560469,1,0.1465829345325075,0.08274152861776433,0.3481067792595199,1
1613.044619,grid_1890_y630_z578,473.351,628.118,576.913,126.57756027432357,1.418,-0.037223805688492526,0.009276312192861397,0.40072079045416176,1,0.032981669123108445,-0.07339435154378318,0.4288080123742679,1,0.09534297695496177,-0.10175145682110413,0.3651436006096707,1,0.12209282879381607,-0.017166233917844782,0.3631852797466487,1,0.14836151519697868,0.08321435249531127,0.35073955405388463,1
1613.845574,grid_1891_y632_z578,473.343,630.074,577.227,128.55730143791908,0.79,-0.03422545943613053,0.00876074848519852,0.38971960027864616,1,0.03132975383296123,-0.06657174034941928,0.38540410665044333,1,0.09769728561948596,-0.1030062016816193,0.36858805329761535,1,0.12255636619238408,-0.01719427287682105,0.36247644880626895,1,0.14810267585414355,0.08283062761713633,0.3496866416011167,1
1614.59598,grid_1892_y634_z578,473.416,632.075,577.226,130.5418563603261,0.739,-0.03296494345256428,0.009001545429822042,0.39536693111454385,1,0.03295219314072948,-0.06691937761831875,0.3862364989187304,1,0.09725092163568713,-0.10187244200543852,0.36355381199516373,1,0.1221940535396743,-0.01715197678536956,0.3593238953159224,1,0.14564140009560228,0.0811730068123604,0.3435416607214638,1
1615.227983,grid_1893_y636_z578,473.309,634.027,577.617,132.5256335204628,0.62,-0.030879081029565957,0.008707523276783983,0.39196544721692217,1,0.034487537778822415,-0.06726798778075434,0.3846854543421131,1,0.0988006895121072,-0.10238663899236318,0.3644849247178947,1,0.12276335841689905,-0.017498805226051697,0.35904839954662837,1,0.14548016088629012,0.08120501148395165,0.34285297489742794,1
1615.851832,grid_1894_y638_z578,473.389,635.997,577.523,134.46780683866302,0.614,-0.028510587632395428,0.008675716500990253,0.3894274217976068,1,0.035757271350604046,-0.0665993481738768,0.3790625674123665,1,0.10104038765377563,-0.10350204877280744,0.3678945971443187,1,0.12329667489887837,-0.017647002634202873,0.35867230250058374,1,0.1484224486985422,0.08296455634877901,0.34891900247925056,1
1617.277184,grid_1895_y640_z578,473.622,637.926,577.444,136.37538515069357,1.414,-0.02655809404745583,0.009046543891787221,0.3961834658681806,1,0.042402465041756196,-0.07519198626429435,0.42356074609690586,1,0.10106298629477524,-0.10219945506595404,0.36179468341713195,1,0.12420345380072259,-0.01765271592249109,0.358765284737398,1,0.14438095577860938,0.08024244028171301,0.33876816627734707,1
1618.034245,grid_1896_y642_z578,473.428,640.005,577.317,138.417585389285,0.746,-0.023965241459389993,0.008867863960273692,0.39081161512001783,1,0.03922884101360301,-0.06756413019391078,0.3787732108069385,1,0.10394506961880909,-0.10424217181040371,0.3678940381497754,1,0.12469865386723693,-0.017622064695070706,0.35805407229928377,1,0.14402155835849934,0.08002032371837409,0.3379233332858345,1
1618.770558,grid_1897_y644_z578,473.79,641.805,576.969,140.1690937439491,0.725,-0.022256083324310113,0.009512766416235083,0.3894692179254892,1,0.04063843053084875,-0.06783369210236838,0.38026770756017536,1,0.10513919181598941,-0.10508234576787383,0.3705679468141673,1,0.1257662093653272,-0.017715747453669516,0.36015220381694873,1,0.14402155835849934,0.08002032371837409,0.3379233332858345,1
1619.405785,grid_1898_y646_z578,473.579,643.887,577.108,142.24775935317922,0.624,-0.020567984774083094,0.009549363294119225,0.39207010757244165,1,0.04225423437574198,-0.0685850718889715,0.38166789187056394,1,0.10536106326246934,-0.10445407865962644,0.3671240017716747,1,0.12542607029626163,-0.017704041918553112,0.3575152246111929,1,0.14574719888465365,0.08075628037900315,0.340818919149268,1
1620.048285,grid_1899_y648_z578,473.748,646.035,576.98,144.36884557964714,0.632,-0.018270410840443774,0.009571382899638886,0.3929584899281204,1,0.043741812467281545,-0.06844483311069287,0.3784046755220443,1,0.10555682422380394,-0.10337476250358543,0.36311613199062276,1,0.12726202361080508,-0.018106897398735354,0.3610248154568821,1,0.14631422096935603,0.08083642393961521,0.34151928971044443,1
1620.797396,grid_1900_y650_z578,473.865,647.799,577.514,146.1854974646938,0.74,-0.016066124244598853,0.009044017356166199,0.38430285600122155,1,0.04552391967536805,-0.06939819758317553,0.3797757463362251,1,0.10786713894138222,-0.10479183101525077,0.36762296352748247,1,0.12842040452177642,-0.018285475133537215,0.3626715795657948,1,0.14686085163351129,0.08122067773811867,0.34259506422533154,1
1621.427477,grid_1901_y650_z580,473.802,648.299,578.28,146.77299633788226,0.62,-0.015253747356049955,0.008418351461574505,0.3882300498000889,1,0.0461081522386124,-0.07002569615692356,0.3776724420670433,1,0.10871704572987148,-0.10489004854197015,0.3674578601084374,1,0.12802372609756554,-0.018214999031235107,0.36052598001130987,1,0.14706593871231247,0.0813532017952416,0.34297352918604285,1
1622.060122,grid_1902_y648_z580,473.802,648.299,578.28,146.77299633788226,0.622,-0.01474369642645588,0.008308843173465122,0.390906518349132,1,0.046782800826557065,-0.07115017175538485,0.38219848886574925,1,0.10853824936770488,-0.1048783234975305,0.36684944787915474,1,0.12787559585365002,-0.018199122585557913,0.3601788508217091,1,0.1477895270618527,0.08179766643055163,0.3446640759189633,1
1622.690989,grid_1903_y646_z580,473.578,647.158,578.187,145.62482479989464,0.62,-0.015799434800233936,0.008463785442592098,0.39162711378095605,1,0.04581458714616607,-0.07046848900173745,0.37981547963618123,1,0.10723827784959154,-0.10406360503103215,0.36470241848538826,1,0.12827999053142275,-0.01831111644193265,0.36145206081342207,1,0.14801486473006994,0.08190069306394905,0.3451905046919589,1
1623.426456,grid_1904_y644_z580,473.19,645.452,578.275,143.93607416488751,0.724,-0.017581792654194347,0.008424755427268237,0.38992341494792926,1,0.044400735179487075,-0.0696874787972434,0.3789529530901069,1,0.10616288726119938,-0.10379236265511568,0.36412787635613925,1,0.12807752305916448,-0.01826176824802382,0.3628804434095473,1,0.1478986588129332,0.08175198995596597,0.34501962391077867,1
1624.056243,grid_1905_y642_z580,472.976,643.521,578.174,142.00440075575122,0.619,-0.019216469114665794,0.008391203739643745,0.3914594710962669,1,0.043381585856896866,-0.0695311938564541,0.3802169712757738,1,0.10519371812371245,-0.10355510995170562,0.3637346094187378,1,0.1256072952066853,-0.017834793542426727,0.35677779469374543,1,0.14669118217785287,0.08112526706510002,0.34245604979365407,1
1624.690366,grid_1906_y640_z580,472.569,641.617,578.239,140.11839680784246,0.624,-0.020999441689581226,0.008291503923626545,0.3882309763235289,1,0.04185082287156486,-0.06943554741366084,0.38337660951036495,1,0.104798124867488,-0.1041166711020941,0.3665007885658299,1,0.12581821497999282,-0.017705225920925875,0.35910712723351557,1,0.14453865645899852,0.08022223852110658,0.3386720382119425,1
1630.655486,grid_1907_y638_z580,472.34,639.776,578.218,138.28739388317356,5.954,-0.023431066463529084,0.008451030155427664,0.38949885175712196,1,0.040994467038680336,-0.07074543650196014,0.3924055018246759,1,0.1032537366478058,-0.10359898530600684,0.36551677096445745,1,0.12455080744372382,-0.017592257056108295,0.3573684884840297,1,0.14366216093838932,0.07979820715503516,0.33707850029432196,1
1631.28732,grid_1908_y636_z580,472.248,637.878,578.282,136.41335082388386,0.622,-0.024922793260739918,0.008128215656754019,0.3910997986991942,1,0.03840209724885672,-0.06813607251194183,0.3793796261767823,1,0.10257547579186352,-0.10359716344240881,0.36634070640841243,1,0.1241900364311574,-0.017621995553459224,0.35806348332876403,1,0.1443809557786094,0.08024244028171301,0.33876816627734707,1
1632.026491,grid_1909_y634_z580,471.997,636.088,578.121,134.61520538557298,0.729,-0.027081995540511362,0.008217877052377493,0.3961984929852646,1,0.03727607872143205,-0.06823554417413571,0.38328273016937875,1,0.10176532298589673,-0.10366019632144516,0.36802029726141194,1,0.12364336447337335,-0.01765719167524269,0.3588902339926074,1,0.14744411894747836,0.0823028438900862,0.3464049214735129,1
1632.665948,grid_1910_y632_z580,471.972,634.239,578.138,132.7850761418617,0.628,-0.028990659611518966,0.008317955797371634,0.3965588118033761,1,0.03546649433688076,-0.06765168754134064,0.3816665253882426,1,0.10072793465208221,-0.10370292114948773,0.3688922346003136,1,0.12226662429240238,-0.01742052402257036,0.35655873318780934,1,0.14722925654843447,0.08229220228306902,0.34648342309354624,1
1633.303882,grid_1911_y630_z580,472.03,632.258,578.09,130.81668020172356,0.627,-0.0315425236562221,0.008234829555194634,0.4000048240808448,1,0.03374087029981433,-0.06717928636557995,0.38229211139261976,1,0.09782201856141053,-0.10179264992157253,0.36282119741713786,1,0.12202227064682403,-0.017226268224292116,0.3575653839081775,1,0.1456919907882715,0.08130032593740585,0.34352377887661084,1
1633.935433,grid_1912_y628_z580,471.935,630.308,578.067,128.88125412564855,0.621,-0.03340876724910478,0.008287833775803971,0.40001574270333196,1,0.032256735945536616,-0.06673962557054895,0.38277168381744264,1,0.09792941206957423,-0.102753113516871,0.36757225903125706,1,0.12317526458677217,-0.01723236307941973,0.3634396233911475,1,0.1462754732233878,0.08163348190360029,0.3452025713681265,1
1634.672529,grid_1913_y626_z580,471.88,628.36,577.726,126.9043480854774,0.725,-0.034972828964753774,0.008368486514091404,0.3896289200091001,1,0.030399769789374316,-0.06692643400145995,0.3866369444442006,1,0.09538287128315218,-0.10154976980325348,0.3642161292358579,1,0.12239274997322828,-0.017225412599291647,0.36411853427165636,1,0.14698622221026406,0.08239584496904433,0.3474820867625458,1
1635.303834,grid_1914_y624_z580,471.974,626.323,577.659,124.87890685379976,0.62,-0.036781458824095205,0.008532693606932821,0.3897410500109307,1,0.028474045648127177,-0.0657071102455296,0.38272793020578927,1,0.09421619012099931,-0.10153205811579533,0.36574626640203944,1,0.12171664645521767,-0.01721816721659365,0.3644252808573172,1,0.14784903615175232,0.08330004258391772,0.3505524543350355,1
1635.932267,grid_1915_y622_z580,471.768,624.388,577.859,122.98990650455838,0.618,-0.03933537362671999,0.008389714978190497,0.39394272469200986,1,0.026857165280872092,-0.06585757036579891,0.3853609178907219,1,0.09249379403793809,-0.1009763141241117,0.36462486376469105,1,0.11945578344386854,-0.01655878459455577,0.35992249846904434,1,0.14419980801349325,0.08137313270159141,0.342838208936102,1
1637.34546,grid_1916_y620_z580,471.567,622.514,578.169,121.1796906622558,1.402,-0.04206947356435134,0.007970741647281107,0.3973072367100185,1,0.027421628191507876,-0.07150158580531243,0.4208306495656668,1,0.09254132332896262,-0.10160869711986067,0.3690814744539438,1,0.11786944664129169,-0.016186837177546053,0.35750521900366017,1,0.1462166048983095,0.08253230629438373,0.3485413669047709,1
1638.366411,grid_1917_y618_z580,471.51,620.542,578.183,119.23165065535245,1.01,-0.04532070161134886,0.007832194693841197,0.40778192076058317,1,0.023191381321413775,-0.06514295139954912,0.38484082258767255,1,0.0919234779648277,-0.10227967686263825,0.3714712777921168,1,0.11666557820824837,-0.016136303641800985,0.356288208984316,1,0.14475684962307622,0.08207319878114072,0.34498348110635035,1
1639.447611,grid_1918_y616_z580,471.281,618.558,578.804,117.36632335555205,1.071,-0.04563577553674858,0.006914214521339312,0.397048203555183,1,0.021913658616550622,-0.06534025780639148,0.38603675272732724,1,0.08823837345806934,-0.09873234158965008,0.3602207100958956,1,0.1168952484064115,-0.016303046853607103,0.35860155509514563,1,0.1452072671115183,0.08246550245078214,0.34659656084118684,1
1640.130223,grid_1919_y614_z580,471.191,616.714,578.728,115.53340291880964,0.673,-0.04793594813354383,0.006800738400946925,0.40162221597302866,1,0.020839438546200767,-0.06549353611810102,0.38768359010875286,1,0.08894729380667517,-0.1002700464497714,0.36738604872003866,1,0.11652009383993907,-0.016074202427427114,0.3595997551189515,1,0.14187431615552373,0.08067631996151457,0.3393572401087459,1
1640.8643,grid_1920_y612_z580,471.205,614.68,578.841,113.54487655988706,0.725,-0.050527608465541586,0.00675157381266996,0.4066719240157381,1,0.019126011306173207,-0.06517291247663967,0.38938127538066186,1,0.08732199486934658,-0.09968718122175421,0.3663274187260317,1,0.1157744843888248,-0.01567348664635961,0.3596595741208832,1,0.14136413319351354,0.08060050209186002,0.3392202760258217,1
1641.492819,grid_1921_y610_z580,471.371,612.516,578.437,111.34490435129932,0.618,-0.05143471453936529,0.006987392496624211,0.39742629871057084,1,0.017301389663530103,-0.0644442503269596,0.3888232483452014,1,0.08612727941983188,-0.09962377511684253,0.3682304180451123,1,0.11510782797139718,-0.015642602662889676,0.36035791106510273,1,0.1447602901643509,0.08296359551930348,0.34811411469970127,1
1642.141559,grid_1922_y608_z580,471.232,610.7,578.344,109.5376352264372,0.638,-0.05348584488344741,0.006963412608864759,0.39617076274436347,1,0.015071981222650402,-0.06330404780414729,0.3851352944915384,1,0.08485140189762187,-0.09942146124062319,0.36949946925486316,1,0.11585469592436379,-0.015705363558836002,0.3663352424556199,1,0.1456740991258537,0.08377058605679524,0.35120685737979235,1
1642.772452,grid_1923_y606_z580,471.46,608.586,578.204,107.43143169017158,0.62,-0.05515286517800525,0.007016457663526288,0.39338356559982346,1,0.013595381971345527,-0.06426507834081738,0.3944524351756775,1,0.0824541793561496,-0.0978427085685796,0.36566387993532357,1,0.1149747211513302,-0.015593986599729182,0.3665303715551613,1,0.14371250706124586,0.08307165554828086,0.34767072840118984,1
1643.507362,grid_1924_y604_z580,471.506,606.636,578.085,105.48974696149384,0.724,-0.058197052839828164,0.007224298088326958,0.3991501120129793,1,0.011454237424142154,-0.06255100633501467,0.3874110528241358,1,0.08145914263255143,-0.09794199672553706,0.3677252443389697,1,0.11223714072038735,-0.014848513789272603,0.3601091161398252,1,0.1435095638369419,0.08315867878607393,0.3484869331217409,1
1644.135054,grid_1925_y602_z580,471.601,604.559,578.114,103.4494294474358,0.617,-0.06015573495269257,0.007031216133368687,0.39994218557819944,1,0.010081160609854058,-0.06274661421873926,0.39027118446463877,1,0.08061630952071161,-0.0982931325668874,0.37025603132643614,1,0.11114943324059738,-0.014598537433000294,0.35970940077742175,1,0.1433482535153241,0.08311179659716086,0.34817682816956375,1
1644.822237,grid_1926_y600_z580,471.583,602.697,578.119,101.61694240627399,0.675,-0.06284099782837149,0.006933014212824437,0.40175513366068627,1,0.00795325795154175,-0.06170522453977238,0.3885705479202982,1,0.07855757515236285,-0.09693555563237805,0.3675285303789798,1,0.11176481250813113,-0.014628345535303344,0.3649012693051312,1,0.1434919847490618,0.0839895626271637,0.3506060141531212,1
1645.559853,grid_1927_y598_z580,471.719,600.543,578.117,99.49862676439311,0.728,-0.065733897774546,0.007062265597905071,0.4073403381783085,1,0.006371966623358543,-0.0615697604366609,0.3894512503015413,1,0.07712346551744943,-0.09644487920450173,0.3675689659829149,1,0.10881281963133582,-0.014138193989086103,0.357706891325798,1,0.1403188652716147,0.08212655710456257,0.3429217863186215,1
1646.189529,grid_1928_y596_z580,471.779,598.388,578.579,97.46670455596622,0.618,-0.06725323814497391,0.006336424234657315,0.40328381838346533,1,0.0049245316317651526,-0.06218294251340438,0.3940724927700294,1,0.0760250847713613,-0.09624752025591658,0.368612291102278,1,0.10919740779684842,-0.014079819050344864,0.3612814405101935,1,0.13978697205923032,0.0822578857504201,0.3424501823521677,1
1647.096945,grid_1929_y594_z580,471.728,596.345,578.415,95.42929900717078,0.896,-0.07145742815081477,0.006339000670098238,0.41176400524440443,1,0.0023562268480682444,-0.06090851846437774,0.390857598042306,1,0.07361676776097308,-0.094648105563327,0.3652331413400893,1,0.1083951390043116,-0.013985012938491073,0.3629769334203345,1,0.13930858897486795,0.08247101103454518,0.34310254106826943,1
1647.906303,grid_1930_y592_z580,471.747,594.301,578.408,93.42278628364716,0.798,-0.0734546946315598,0.0063357187561866035,0.41184142879852537,1,0.0008385466703854122,-0.06077506359791636,0.3925159229925508,1,0.07318439155577972,-0.09570791852676822,0.3706392904944985,1,0.10664520114958982,-0.013159861698501632,0.3593218305096584,1,0.13853948107617425,0.08251265552904918,0.34313333786502087,1
1649.320455,grid_1931_y590_z580,471.602,592.261,578.726,91.4853284521622,1.403,-0.074453333423931,0.005710356614074063,0.4056802065932348,1,-0.0007114675428871491,-0.06671455064787345,0.4336043899706062,1,0.07122908654474518,-0.0941809125777007,0.3669667930333489,1,0.1069856409005924,-0.013145037590477911,0.36323205740334247,1,0.14139376113168795,0.08442887994265508,0.35038536066528514,1
1650.067092,grid_1932_y588_z580,471.806,590.005,578.817,89.29886785956472,0.735,-0.0772932066143932,0.005487329656405325,0.40949840355081085,1,-0.002830784308587371,-0.05964693934754943,0.38973631603274606,1,0.0704131944832593,-0.09418648244613566,0.36963160880113033,1,0.10505349294832919,-0.013060076302773413,0.36033470927365546,1,0.14147681029858522,0.08523075674865388,0.3524192904240605,1
1651.754121,grid_1933_y586_z580,471.714,588.164,578.922,87.52068123020982,1.676,-0.08652692516715102,0.005532892490985682,0.44859962183396657,1,-0.0042317450524562315,-0.05923188466994882,0.3903837765486085,1,0.070435502679049,-0.09490172258100632,0.37540439972191847,1,0.10392055258404198,-0.012516469552526078,0.35967274201824456,1,0.13825400729302084,0.08368667430588578,0.34529553515293365,1
1652.500339,grid_1934_y584_z580,471.963,585.982,578.818,85.37148918696451,0.735,-0.08040991421804092,0.005285818104824808,0.40426205242135865,1,-0.005972082149679981,-0.05863607546960696,0.3907528869429654,1,0.06802623072219187,-0.09337486663522235,0.3700346402398777,1,0.10359051324315774,-0.012557242014917761,0.3616741227943031,1,0.13628199317278683,0.08313921529541364,0.3423698917696082,1
1654.858261,grid_1935_y582_z580,471.864,584.171,578.9,83.62216547064546,2.348,-0.08237121395762255,0.004606026873053207,0.4037440338957893,1,-0.007158884357052947,-0.0586463586307159,0.39568582163161414,1,0.06600070449328695,-0.09180529702498655,0.36557936111979855,1,0.101619538109049,-0.012268914921215335,0.3569447709619293,1,0.13600764485257816,0.08321507427410904,0.3423702656506792,1
1655.4954,grid_1936_y580_z580,471.883,582.194,578.894,81.69569035144997,0.626,-0.08525677192241791,0.004844045426817428,0.4110584315694473,1,-0.008557495994801196,-0.05792443158179432,0.39453799025405845,1,0.06585165298452264,-0.09173787816406284,0.36777520812846554,1,0.10126595065886915,-0.01177997685088791,0.357121065067081,1,0.13631071435846612,0.08369509789227025,0.34445274115355773,1
1656.129311,grid_1937_y578_z580,471.714,580.434,578.791,79.95724691358501,0.624,-0.08708629605468243,0.004855871688196371,0.4101010886386976,1,-0.010183590998015088,-0.05768643951700022,0.3972413312027352,1,0.0656920723112222,-0.09250284740770356,0.37239948931351063,1,0.10109123946389978,-0.011590136613076002,0.35914309364978936,1,0.13661610318678635,0.08410829435766776,0.34597878060519516,1
1656.76156,grid_1938_y576_z580,471.707,578.558,578.608,78.09069884435661,0.621,-0.08965832022435467,0.004825160499115326,0.41497800706020016,1,-0.011551196796697473,-0.056755572837257594,0.3963498925926557,1,0.0655154231443322,-0.09278021712085759,0.3747510808199527,1,0.0997092662680453,-0.011510935305558178,0.3559958859919001,1,0.13602311264673256,0.08391809888471471,0.34523439018500623,1
1657.492603,grid_1939_y574_z580,472.006,576.242,578.591,75.84299138351544,0.721,-0.09180277198644529,0.004876280131324767,0.41255461024136214,1,-0.013455320641775912,-0.055781076812941845,0.3982983631017363,1,0.06416489894643979,-0.09174560904799052,0.3717882907136899,1,0.09985171481819909,-0.011569107607252549,0.3588367687608767,1,0.13585713416949102,0.08436918412536773,0.34610030897240557,1
1658.12586,grid_1940_y572_z580,471.745,574.644,578.332,74.2259806940939,0.622,-0.09335026000859913,0.005090142177035869,0.41238638309225156,1,-0.014438544643794394,-0.0546763319778539,0.3986599963375176,1,0.06434228388634886,-0.09224983182813658,0.3742187384649984,1,0.09997745418741658,-0.011584483179963832,0.35945269816193315,1,0.1356583558911762,0.08437594687621953,0.34557228692116293,1
1658.754717,grid_1941_y570_z580,471.927,572.508,578.286,72.14845532650027,0.619,-0.09505088674397351,0.005032012192084703,0.4124031915812002,1,-0.015488640197850461,-0.053076969091212865,0.39781766835989896,1,0.06386306387062299,-0.09128712732025679,0.37085739591343847,1,0.09955688997357767,-0.011526170039361596,0.35661846353155446,1,0.13603248132917153,0.08426991362673639,0.34554414472760986,1
1659.490113,grid_1942_y568_z580,471.822,570.431,578.448,70.18038687553671,0.725,-0.09551827236978447,0.004798716755711123,0.40597388828178776,1,-0.016810848480328346,-0.05200566608765219,0.39935381455211366,1,0.06486474837268501,-0.09269484310968479,0.3774418942656163,1,0.09905393249670778,-0.011464667748516472,0.3541547459273286,1,0.13708760341933166,0.08465840203229864,0.34800568580497815,1
1660.124619,grid_1943_y566_z580,471.865,568.379,578.642,68.25453541706958,0.623,-0.09793621255224837,0.004548792081546497,0.4076642619728631,1,-0.018159170983231814,-0.05104047793021168,0.3998948790620673,1,0.06388997374652786,-0.09158520025987163,0.37385341020202667,1,0.0990134204140527,-0.011465727870191978,0.35417596550591496,1,0.1371466855271491,0.08474941360764117,0.3478830014671782,1
1660.756594,grid_1944_y564_z580,471.632,566.587,578.696,66.54255989966121,0.621,-0.10180003733883099,0.004237860566749495,0.41618844950103595,1,-0.01933679746743764,-0.0497756553571833,0.39880305526487236,1,0.06369376246029293,-0.09170329459292954,0.3755336248978839,1,0.09899450043130475,-0.011455110492718714,0.35446365830728077,1,0.1373199921506969,0.08486553568583644,0.34837511237719376,1
1661.390705,grid_1945_y562_z580,471.73,564.463,579.045,64.60807123726876,0.624,-0.10422043237973637,0.003955752544638643,0.41889197424488794,1,-0.020312325409113034,-0.04845887714638701,0.3944695808482692,1,0.06298171411519785,-0.09121818805616183,0.3749581669662594,1,0.09908602670565372,-0.011496262932692812,0.3557017362671805,1,0.1363396698676571,0.08459231052584623,0.3468716649239047,1
1662.123816,grid_1946_y560_z580,471.877,562.114,579.553,62.52390391682213,0.722,-0.10603226018719931,0.003234692893385681,0.4168368775507333,1,-0.022092388552709945,-0.047785257668985406,0.3965458213280316,1,0.061356228505399124,-0.08905183969869412,0.36955200009607314,1,0.09988728550109434,-0.01158040656322797,0.3589317822041216,1,0.1358630607669284,0.08445105134336021,0.346006118393486,1
1662.857338,grid_1947_y558_z580,471.752,560.243,579.504,60.73014979398624,0.622,-0.10715733079384362,0.0030933523099000914,0.4138309340225061,1,-0.02330613054335264,-0.04661557708848528,0.3943723985218822,1,0.06095109685799407,-0.08906321519012475,0.37155010988762494,1,0.10005031381017644,-0.01147194629897505,0.36007671891478504,1,0.13424162602517395,0.08355371513639792,0.3420303458726224,1
1663.5461,grid_1948_y556_z580,471.74,558.162,579.543,58.77406841456533,0.678,-0.11078914739181096,0.003040031084409711,0.4207772718874101,1,-0.024792413725907472,-0.04557198749676937,0.3963759219768025,1,0.06049976003805711,-0.0888292219763795,0.37327111008210184,1,0.10081147270385649,-0.011462724260936011,0.3629550941520861,1,0.13415459346036857,0.08345761829664697,0.3420044456427883,1
1664.284565,grid_1949_y554_z580,471.815,556.203,579.373,56.8723937952325,0.727,-0.11241551234774268,0.00318737945467079,0.41947351104351893,1,-0.026583765999607545,-0.044534470626115895,0.4002499380138126,1,0.05868624196620066,-0.08651921305843305,0.3683534162543765,1,0.10060046159754446,-0.01128824466256721,0.36241702442937485,1,0.13496944517600795,0.08393954707633715,0.3437841156128471,1
1664.973712,grid_1950_y552_z580,471.917,554.136,579.363,54.93039046830087,0.678,-0.11454517137500923,0.0031575326946555017,0.4192212509261177,1,-0.027987957064554352,-0.04298470886107,0.4001661204782699,1,0.05808891031088857,-0.08578839829325324,0.36886268607152345,1,0.10084555833636104,-0.01151308129452094,0.36325061273151193,1,0.13419810974277127,0.08350566671652244,0.34201739575770534,1
1665.716926,grid_1951_y550_z580,471.795,552.306,579.308,53.19743886692295,0.733,-0.11514539987543253,0.0032986250420585896,0.4161571502847764,1,-0.029140732135291003,-0.04146280314195831,0.39919734775161564,1,0.05768047898447535,-0.08502228713271637,0.3706431194869117,1,0.09992289547956727,-0.011551668322300307,0.35935193275842026,1,0.13546267924788566,0.08427011619014382,0.3440961021753453,1
1666.403619,grid_1952_y548_z580,471.8,550.363,579.208,51.35265685434401,0.675,-0.11603596564622617,0.003259782234720724,0.4122951733100361,1,-0.030525063063560544,-0.03997568771569189,0.400735780231667,1,0.05682884727721477,-0.08329587136243374,0.37028124113591787,1,0.09923160914037644,-0.011501350180648972,0.35547931826873913,1,0.1371939975597029,0.08514264882279846,0.3479819315383996,1
1667.489246,grid_1953_y546_z580,471.818,548.423,579.144,49.53244373135653,1.075,-0.11959267810503556,0.003270901550648101,0.41745442649263903,1,-0.03196429036385577,-0.03814357664348317,0.39822758837075717,1,0.055237817565307566,-0.08000941490020762,0.3661457781709628,1,0.09989701669055104,-0.011490470037198922,0.35663463848511967,1,0.141550881540973,0.08743201151993585,0.3590055139691168,1
1668.12588,grid_1954_y544_z580,471.72,546.584,579.105,47.82161471552374,0.625,-0.12129064018994865,0.003527697307318494,0.41918356827191267,1,-0.03323029725330435,-0.037092120212434854,0.40438698995533234,1,0.05480988321805991,-0.07853341480667458,0.36641662467465974,1,0.10101993381072032,-0.011603470419641587,0.35967816612104303,1,0.14334526548308513,0.08859805541973884,0.36361547515454956,1
1668.887779,grid_1955_y542_z580,471.933,544.399,579.181,45.860798117782494,0.752,-0.12431994170614687,0.0033932036839117836,0.4221751423994826,1,-0.03533821255209374,-0.036154725105421524,0.40637460824586286,1,0.053386814727708065,-0.07678060791389804,0.3662823512945517,1,0.09961459761304246,-0.01153948500542817,0.35596444274531025,1,0.1388635267619305,0.086001541494113,0.35226664559778736,1
1669.577405,grid_1956_y540_z580,471.708,542.695,579.245,44.33787668574133,0.679,-0.12705219547300084,0.0034521732283035794,0.42613676216768787,1,-0.03650140919553602,-0.03510698434604678,0.4010136034090513,1,0.0524137561584795,-0.07615929562344391,0.36895265522100784,1,0.09996366705132778,-0.01150902617157984,0.3592622304287357,1,0.13613784180707647,0.08454463930955929,0.3452877765536121,1
1670.208472,grid_1957_y538_z580,471.916,540.687,579.101,42.47586887869395,0.621,-0.12997789001012422,0.003527905302117567,0.42900767587026206,1,-0.03785198497559605,-0.034111199304527225,0.3974520467117188,1,0.05145701832203124,-0.07549260413001471,0.3721055432219186,1,0.09993181671970222,-0.011281009074331686,0.3609758657965628,1,0.1352067051376713,0.08406854493159646,0.34341888334296405,1
1670.999172,grid_1958_y536_z580,471.784,538.794,579.164,40.81619025582861,0.78,-0.12924679798502486,0.00326413204389374,0.4201192699980078,1,-0.039751545500647134,-0.03307140243009478,0.39954865229304454,1,0.04947650608010949,-0.07317516763643787,0.3694073085845445,1,0.0991785911504884,-0.011025015095719857,0.3609083368059083,1,0.13284668024838117,0.08259024400415518,0.3380555130781741,1
1671.633646,grid_1959_y534_z580,471.572,537.016,579.082,39.2066067264179,0.623,-0.13000358480767985,0.0031897604596158218,0.41783703579930964,1,-0.04147256076938077,-0.03236102399258067,0.4024192377373719,1,0.04817049078686371,-0.07129284379014693,0.3681717230852593,1,0.09887302853277583,-0.010950523693716307,0.3604053883802418,1,0.13520785661385964,0.08420737371817157,0.3440855998767892,1
1672.487443,grid_1960_y532_z580,471.755,534.789,578.98,37.225226245115024,0.842,-0.13151567832842523,0.003573675901218254,0.4168701726881802,1,-0.043337456759153146,-0.031078282552891072,0.403087975685298,1,0.04741858033918254,-0.06999552586366653,0.3721288216540051,1,0.09850324751265602,-0.010944214873978503,0.35974251203188806,1,0.1362660310529625,0.08494059470342938,0.3468939700757743,1
1673.139322,grid_1961_y530_z580,471.67,532.832,579.073,35.59775917104894,0.641,-0.13363269975178227,0.003722663823372724,0.4171204812422394,1,-0.04495472669595137,-0.02960017322464519,0.4032922616138248,1,0.045831047024425156,-0.06694764834966997,0.36966606700309323,1,0.09863569697580302,-0.010948170775648297,0.3599425876824102,1,0.13585531261400813,0.08470546327220194,0.34594916305071066,1
1673.830604,grid_1962_y528_z580,471.674,530.668,579.177,33.84286125610542,0.679,-0.13644524209131523,0.0038124744889146424,0.4200850951750317,1,-0.04682178368140136,-0.028247226091889982,0.40631398855443407,1,0.04493310452609372,-0.0644921019281665,0.37131142989210736,1,0.09934385821139816,-0.010968696560754406,0.36145116486063394,1,0.1337424485196074,0.08313716265268337,0.34019123635871723,1
1674.572613,grid_1963_y526_z580,471.571,528.651,579.247,32.2330684235925,0.732,-0.13974055149179118,0.003973754832895561,0.4247739144389203,1,-0.048151455419032894,-0.026169095034493405,0.40207155882556966,1,0.04304988568868187,-0.06091242661476241,0.36722517872069654,1,0.09975898656272712,-0.011020761819030157,0.3611341349676731,1,0.13470805209406544,0.0837912065519148,0.34250047863549266,1
1675.199492,grid_1964_y524_z580,471.48,526.708,579.413,30.790003994803232,0.616,-0.14111489116778222,0.004311776553401077,0.42336793739029444,1,-0.05005414655385042,-0.024927602651664476,0.40522268239031006,1,0.041923090941208496,-0.05839806412873039,0.3669782480321575,1,0.10006660613003923,-0.010978665896479172,0.3614480505066284,1,0.1364913323150851,0.08491755950280774,0.3466310394376676,1
1675.835217,grid_1965_y522_z580,471.235,524.875,579.407,29.37208491067669,0.623,-0.14329776764336563,0.004509226227783896,0.42475615616872975,1,-0.0509243335101915,-0.023030582360271282,0.4014044142400926,1,0.04167945110644615,-0.056785409512949594,0.37395968088267384,1,0.10002821940346282,-0.01098696994256911,0.36100537822649886,1,0.13597362462162654,0.08445379115439104,0.34465718996118666,1
1676.468046,grid_1966_y520_z580,471.302,522.666,579.56,27.84847994056408,0.62,-0.1462893144967479,0.005012500983152628,0.4283604079391229,1,-0.05302960931869183,-0.021755864211845412,0.4054417081440011,1,0.04003509711897378,-0.0537236161361778,0.3708537330159034,1,0.0999644790332627,-0.010938628547439277,0.36045408136629514,1,0.13575138960940597,0.08429289289240671,0.3439790905249819,1
1677.261558,grid_1967_y518_z580,471.423,520.686,579.597,26.493922869216636,0.782,-0.14895004298397868,0.006091970962159041,0.42850547454627474,1,-0.054774397326020095,-0.018444247021801762,0.4039110480669903,1,0.038812003607596145,-0.0490376566045569,0.3720384414128339,1,0.10136293029160068,-0.011596648775652897,0.3593502109817054,1,0.13860590355501823,0.0855433800198809,0.3495963723609132,1
1678.009821,grid_1968_y516_z580,471.383,518.621,579.7,25.214711836544964,0.736,-0.15036831418592694,0.00838273650325499,0.4296652572835383,1,-0.055891106941321836,-0.01565147979401001,0.40506426232415277,1,0.03818712816338826,-0.04490846231503773,0.37133096354118134,1,0.10242418059725233,-0.012407090854964525,0.35741333534278075,1,0.13848075755109773,0.08454943020774301,0.34775344033155065,1
1678.928931,grid_1969_y514_z580,471.484,516.569,579.635,23.920722334411185,0.908,-0.1556288579641793,0.008843013650804456,0.4370645373571877,1,-0.058477421786443065,-0.014199367156462672,0.4072365974503228,1,0.03586971099299495,-0.04187235613130947,0.3688110231528087,1,0.10183928983426169,-0.011842245501101174,0.3574071610717863,1,0.14517483071158016,0.0891106301319141,0.3657510223353818,1
1679.782782,grid_1970_y512_z580,471.558,514.498,579.618,22.769164653100532,0.841,-0.1577600548945292,0.009019767518738309,0.43756280932968056,1,-0.06053270348803354,-0.0132427162590542,0.4083832108926234,1,0.03445498936777682,-0.04077937972575818,0.3722035763014081,1,0.10127191057202782,-0.01157299463570633,0.3576954154516064,1,0.1367710373523226,0.08423956982657857,0.34431151927482684,1
1680.425455,grid_1971_y510_z580,471.452,512.74,579.289,21.61272185542578,0.632,-0.1559072245191563,0.008786807128978941,0.4280501090577527,1,-0.06163417104155553,-0.012435337294070217,0.40529317653410574,1,0.03329416810670921,-0.03964501264290781,0.3751450184514729,1,0.10047404664862063,-0.011529593768256931,0.35745940554336353,1,0.13578394566105245,0.08374944831815757,0.3419169719890197,1
1681.062794,grid_1972_y508_z580,471.566,510.661,579.427,20.85901543697593,0.629,-0.16027569291653693,0.00881125592404502,0.4346449363370831,1,-0.063478829836068,-0.011845117864320525,0.4048204453285852,1,0.03163601057147525,-0.03836916111172152,0.37769600137739373,1,0.09951369970058252,-0.011438718351056977,0.3565165805690411,1,0.13617080623059824,0.08416469804740181,0.34381485332004813,1
1681.805853,grid_1973_y506_z580,471.673,508.68,579.274,20.043663188150003,0.734,-0.15928337474585194,0.008681438172267129,0.42680477347353063,1,-0.06569903633214691,-0.011062889692259029,0.4073448362654554,1,0.030387479822598894,-0.037466340617441106,0.3845905946893103,1,0.10000808332717381,-0.011112749899979504,0.36039685688325485,1,0.1367542006652816,0.08469125219186487,0.3457849723314584,1
1682.497441,grid_1974_y504_z580,471.537,506.79,579.149,19.432536658913047,0.681,-0.16232305387305374,0.008736675622357996,0.42994685365454305,1,-0.0670003336343686,-0.010137026294039309,0.40307580950662764,1,0.028507074657945074,-0.035634273716808,0.3830784977368075,1,0.09824627349850208,-0.010823552593483781,0.3581128802264965,1,0.13692530856971508,0.08531635465245482,0.34762865632487533,1
1683.132602,grid_1975_y502_z580,471.646,504.939,579.091,19.07479973682554,0.623,-0.1652504455539198,0.009024934337657716,0.43272599464366623,1,-0.0698437315653258,-0.009544009916337647,0.40895458171814647,1,0.026466037508894102,-0.033429982121714386,0.3768768271005315,1,0.09638025263933739,-0.010246191371526409,0.3544316219129714,1,0.13647128101240402,0.08510903911258323,0.3470100976816612,1
1684.099724,grid_1976_y500_z580,471.739,502.848,578.9,18.755911654728976,0.956,-0.16882740288876047,0.009477431374241141,0.4352315321036886,1,-0.07215181592076561,-0.008484362082791994,0.4095577192612043,1,0.023831900472089152,-0.030662393833150402,0.37216427088035786,1,0.09717623023848906,-0.010040189756041557,0.36090423915373704,1,0.13609690413084946,0.08490105916742353,0.3465646733506408,1
1684.732804,grid_1977_y500_z582,471.453,502.526,579.308,19.148851923809918,0.621,-0.16654660667322385,0.00876507253129699,0.42924515759092685,1,-0.07230233778006394,-0.00845476404380334,0.40902989451719796,1,0.024581976663875155,-0.03187008796366086,0.3875121285530029,1,0.09717623023848906,-0.010040189756041557,0.36090423915373704,1,0.1362554221524493,0.08508058923333998,0.34736750984666254,1
1685.471269,grid_1978_y502_z582,471.59,502.644,580.145,19.990572628116443,0.728,-0.1688214469381932,0.008080325009770174,0.435636494788964,1,-0.07252605795647432,-0.009368945798283929,0.4116180752551183,1,0.02403111393928434,-0.03178885452077381,0.3766888810849466,1,0.09717623023848906,-0.010040189756041557,0.36090423915373704,1,0.136147715045085,0.0851298876947949,0.34756067925375556,1
1686.10739,grid_1979_y504_z582,471.931,503.108,581.544,21.410163894748642,0.626,-0.16929523105271294,0.006743180677914608,0.436876025457224,1,-0.07105573149171403,-0.010276365825383525,0.40413371220238786,1,0.0252783109834173,-0.03357660303687233,0.38729455433634025,1,0.09717623023848906,-0.010040189756041557,0.36090423915373704,1,0.1362531010864864,0.08514647349201475,0.34765122127990533,1
1687.017951,grid_1980_y506_z582,472.305,504.469,581.651,21.612462053176568,0.898,-0.16764563978368802,0.00615884932836935,0.4358228080957597,1,-0.06955439719820088,-0.010874761398032767,0.40296002044689905,1,0.026081779458818143,-0.034109999977358176,0.37869116658750906,1,0.09615535214299817,-0.010033418959131356,0.35375106077704466,1,0.13656456998410246,0.08505953132725577,0.34724869004173897,1
1687.655913,grid_1981_y508_z582,472.182,506.454,581.502,21.71096117172147,0.627,-0.16673893108299898,0.006307035064423086,0.43800506232857456,1,-0.06874638616749532,-0.011628124271696126,0.40734099746801267,1,0.027502525081876707,-0.03546788830446277,0.37769365574877345,1,0.09593694894885546,-0.010287355234394604,0.35192151057474086,1,0.13573350094694744,0.08460306136699433,0.3451227970765356,1
1688.288353,grid_1982_y510_z582,472.168,508.287,581.695,22.28863587122373,0.621,-0.16430662111668465,0.006316700681246619,0.4366738756592555,1,-0.06703002811240931,-0.012472560043210446,0.40850069408331535,1,0.028696145822213685,-0.03650819796251734,0.3704119606176057,1,0.09820894339670516,-0.010757508898182878,0.35698147010459025,1,0.13601501475603678,0.08461256223983396,0.34511985107061655,1
1689.026149,grid_1983_y512_z582,472.099,510.388,581.847,23.04587843845398,0.726,-0.16073975647322117,0.0061596494279603006,0.431787429125997,1,-0.06504918118624707,-0.01334698047863079,0.4070571236332505,1,0.030284852189750917,-0.03789778535980551,0.37011020261895033,1,0.09883660938976621,-0.010957241496512412,0.3562914368820006,1,0.13623057519298173,0.08434454160679054,0.3445331481174291,1
1689.660572,grid_1984_y514_z582,472.111,512.239,582.157,24.01326017016435,0.623,-0.15819952334734455,0.00600803099254498,0.4301322550686161,1,-0.06310267837843339,-0.014140649078724078,0.4084065893953319,1,0.0323445027173659,-0.03994709257756869,0.37301389440018484,1,0.09921946763335039,-0.011306064300603977,0.35558892512208135,1,0.135426826490852,0.08361095969290508,0.34174600197236893,1
1690.29405,grid_1985_y516_z582,472.248,514.093,582.054,24.726894710011553,0.622,-0.15537594266164137,0.00610775811856411,0.42767647741747084,1,-0.06076310666101546,-0.014784477678177563,0.4051133466606613,1,0.0342635186599755,-0.04159726254038153,0.3746365251015732,1,0.10063963160406067,-0.011515971913998776,0.3571926156518369,1,0.13531894325457175,0.08341847979512833,0.34078097821990483,1
1691.146013,grid_1986_y518_z582,471.974,516.188,582.291,25.946963868630206,0.843,-0.1533366157417124,0.005936565968032451,0.4287323839227823,1,-0.05852895164885317,-0.016062317927160015,0.4050544640674644,1,0.036134008945887176,-0.043380252742810585,0.3720281903794029,1,0.10144721350837185,-0.011755865610641977,0.3569017577049504,1,0.1443205863512596,0.08862831225649256,0.36356967087119435,1
1691.786497,grid_1987_y520_z582,472.332,517.964,582.205,26.863774008876767,0.63,-0.1518970914864668,0.006120979632298885,0.4287442387587198,1,-0.05651486933066815,-0.016256279913965277,0.4005799948820566,1,0.037458082839158635,-0.04431923085174917,0.3710723207484944,1,0.10249276903558546,-0.012232661893445452,0.3581055398684817,1,0.14008866056888986,0.085682869715345,0.3518772760657959,1
1693.200372,grid_1988_y522_z582,472.108,520.131,582.3,28.21492013102282,1.404,-0.1486942730669562,0.0062808947577401115,0.42748626121857064,1,-0.05442312288235931,-0.017383224659445067,0.4043432489796855,1,0.040396924958354556,-0.04745306339306936,0.3778603080438746,1,0.10345295780233126,-0.012388664188717386,0.3568420403661601,1,0.14433171506373615,0.08795470827035119,0.3611838647624038,1
1693.832046,grid_1989_y524_z582,472.171,522.103,582.017,29.26671460892049,0.621,-0.14786113598826164,0.006485023825727476,0.4283304349624234,1,-0.052778588457924505,-0.01752248979989891,0.4013637046170985,1,0.040852155467053855,-0.047064822877930824,0.36988049213634416,1,0.10373175947741871,-0.012495242756911499,0.354569642010082,1,0.13960901014793792,0.08454695726985982,0.34771051290835403,1
1694.465134,grid_1990_y526_z582,472.421,524.002,582.001,30.562074815038272,0.62,-0.14687105066677353,0.00682776871839586,0.4308084114783674,1,-0.05066303337276773,-0.017980252071833076,0.40003750417429906,1,0.04332526358241547,-0.048817846558522435,0.37546629975129003,1,0.10571671369263962,-0.013073410859318665,0.35659254831482834,1,0.1381503994436635,0.0829580971413841,0.3417179576835502,1
1695.221555,grid_1991_y528_z582,472.507,526.169,581.648,31.877451921381674,0.746,-0.1439015845985681,0.007128239810832988,0.4280591985599337,1,-0.05028234296767048,-0.023630143111666013,0.40374956025677433,1,0.04356229274119061,-0.052476092559781674,0.36970706270330855,1,0.10366225352538042,-0.012719038347798816,0.3572102006185711,1,0.13728530223903967,0.08318755395951286,0.342545671681416,1
1695.852864,grid_1992_y530_z582,472.699,527.939,581.723,33.26307327953922,0.622,-0.14124743413796076,0.007144367526092347,0.42552096269039347,1,-0.049540633242712295,-0.02696006530345054,0.4062981236363443,1,0.044136951318064,-0.05530441038200118,0.36596230787135464,1,0.10356200483817637,-0.012410579752364691,0.36018842080641855,1,0.13690287505006668,0.08345294199624251,0.34342509644497315,1
1696.480149,grid_1993_y532_z582,472.932,529.905,581.557,34.69148680872584,0.616,-0.13845356177366677,0.007499505103240212,0.4219444924373999,1,-0.04759670464771347,-0.02768316678137882,0.40395898652322704,1,0.045832760127154204,-0.05768010343554517,0.3684852735283958,1,0.10337015020068226,-0.012423321834269302,0.35810299688635805,1,0.1368955925101521,0.08335573975354797,0.34298675310855914,1
1697.111815,grid_1994_y534_z582,472.857,532.108,581.465,36.38733198518405,0.621,-0.13677321232046014,0.007761811193016589,0.4225540947074829,1,-0.04535575665957861,-0.028668294053924025,0.4007599787160828,1,0.047209159823841954,-0.059084126998686815,0.3671255476687344,1,0.10342061811463207,-0.012506521921935746,0.3565117940715397,1,0.13701768223162672,0.08329034104883928,0.3427298633075181,1
1697.847982,grid_1995_y536_z582,472.708,534.157,581.689,38.18084872026814,0.725,-0.13562648150902845,0.007977147381139459,0.42667267867918623,1,-0.043433040284522974,-0.02999701295884926,0.4020281834248999,1,0.04938658668580856,-0.061552174740166186,0.3686950363726142,1,0.10355440067083624,-0.012633409559596614,0.35479229171294185,1,0.13793951961523374,0.08340784135150503,0.3434871862475648,1
1698.492129,grid_1996_y538_z582,472.746,536.024,581.901,39.85120889007005,0.632,-0.13282456318644897,0.007893575594747092,0.42346517963352526,1,-0.04199592974572698,-0.030869335806378205,0.40205103610466564,1,0.05063559179968687,-0.0633165445960331,0.36927519302103884,1,0.10490888369932876,-0.012916340703903262,0.3584363616374241,1,0.13857693303049726,0.08355312091792899,0.3443424438621194,1
1699.126531,grid_1997_y540_z582,472.994,537.698,582.082,41.370955065117826,0.623,-0.13032331231287927,0.00779259888273696,0.42097937264453017,1,-0.04029476830831326,-0.03190546041382498,0.401772667595328,1,0.05191673437729882,-0.06524010631122452,0.36867129134209753,1,0.10548315232106731,-0.013020588711024248,0.3595314903989812,1,0.13907759646170698,0.08366254334233866,0.3450366486280522,1
1699.760383,grid_1998_y542_z582,472.697,539.685,582.176,43.098482026632894,0.624,-0.1283222544763325,0.0078106619618993605,0.42050000548318955,1,-0.03883882335361595,-0.03309966905976354,0.4016996609541117,1,0.05263811145125665,-0.06593767529425855,0.36297864991862533,1,0.1064255163773967,-0.013139586923513389,0.36129971635553054,1,0.13943723766704003,0.08376062489997052,0.34563611334522293,1
1700.508669,grid_1999_y544_z582,472.729,541.839,581.947,44.85132782872771,0.738,-0.12638582907586432,0.008268278762302891,0.42249931157988635,1,-0.036654768675176225,-0.03380503452424675,0.3999845232357512,1,0.0547989549229167,-0.06844287152475739,0.36741055819427176,1,0.10735940471841585,-0.013166605424119035,0.36238737126979015,1,0.14143142470834935,0.08450497223302032,0.34952021882878453,1
1701.141903,grid_2000_y546_z582,472.943,543.506,582.216,46.451020979091496,0.623,-0.12383577026392034,0.00815695880940822,0.41964353332121956,1,-0.0351273895381342,-0.03488918133259461,0.39864173228755784,1,0.055758526087368344,-0.0706102668467145,0.3664606917172847,1,0.10699113825937856,-0.013150743106525023,0.3619686050251162,1,0.1381317588324077,0.08257854096106612,0.3418218648171506,1
1701.831367,grid_2001_y548_z582,472.802,545.664,582.144,48.31932635085054,0.679,-0.12284880464020254,0.008124061283742946,0.42254115953405025,1,-0.033627264298577465,-0.03501627676392375,0.4018427276485381,1,0.05663223988421787,-0.0734833874382693,0.3666812272384325,1,0.10654370787995178,-0.013144456769521312,0.36294624806534725,1,0.13799584106234683,0.08261006726135033,0.3418134534719478,1
1702.577142,grid_2002_y550_z582,472.85,547.693,581.909,50.03238600146908,0.736,-0.1201752978244484,0.008135574543180802,0.4198363338797882,1,-0.03140656848576324,-0.034840265369511826,0.3996936493046655,1,0.05788029609288638,-0.0750739693259178,0.3657646541841086,1,0.10723090185823567,-0.013228204734897608,0.3639616043106411,1,0.13866539073289597,0.0828973212016404,0.3436937283765141,1
1703.767469,grid_2003_y552_z582,472.855,549.789,581.864,51.9075276718127,1.18,-0.11434336466467328,0.008353469502532948,0.4090165912250924,1,-0.028415514710228174,-0.035119021454317445,0.39294718166586184,1,0.059375731005696195,-0.07603588272279947,0.36196242901580494,1,0.10508488719537593,-0.013330070560103272,0.3526623234223127,1,0.13931402323808384,0.08249593828569514,0.3428753278906024,1
1704.406262,grid_2004_y554_z582,473.07,551.63,581.908,53.61101568707686,0.628,-0.11327218135258876,0.008216568397627083,0.4100479289549141,1,-0.027234992217950088,-0.03562226599831229,0.3953900294332306,1,0.06073166920252758,-0.07685913632076084,0.3630473401988384,1,0.10770983712288036,-0.013784349342915541,0.35898774735718597,1,0.13958779236423963,0.08245908180441894,0.34292694355572406,1
1705.151789,grid_2005_y556_z582,473.095,553.821,581.799,55.577266935321695,0.735,-0.11218367423395903,0.008701886135294221,0.4129207624037009,1,-0.02522070203798274,-0.035702520156239766,0.3923580461661676,1,0.06286767903401688,-0.07800616878973408,0.3656368700338895,1,0.10835139397909102,-0.01400952336753738,0.35758857904070973,1,0.1396542619964373,0.08220383864553187,0.3419070726603117,1
1705.781347,grid_2006_y558_z582,473.047,555.965,581.585,57.47413292951888,0.618,-0.11149320115482846,0.009154141507743938,0.41890858718455004,1,-0.023121205980724736,-0.03583459104843796,0.39250317132644086,1,0.06436698015460424,-0.07857667380080324,0.3634197467005449,1,0.11011731637158144,-0.0143672904613383,0.35977447851456973,1,0.13951479275507966,0.08148249229697974,0.33964501469322145,1
1706.41613,grid_2007_y560_z582,473.154,557.872,581.499,59.219839023759576,0.625,-0.10793369171097508,0.00918845881177633,0.41303109059854926,1,-0.020992414200884487,-0.03617526723048468,0.3947297762167948,1,0.06648684470635827,-0.0798170769261266,0.3653834901772649,1,0.11057029495023218,-0.014523353190624038,0.35752322560992733,1,0.14213649280984844,0.08271224367918648,0.3453422502979892,1
1707.049856,grid_2008_y562_z582,473.273,559.75,581.532,60.99044359569786,0.623,-0.10394523287137243,0.00927537336073538,0.4044718563158619,1,-0.01907747260494042,-0.036547682570581,0.3942128389588569,1,0.0677191981741726,-0.08036027488658035,0.3633345310672194,1,0.11102129403588609,-0.014660110913060503,0.35569530541498606,1,0.14290988453695136,0.08281580623911919,0.3463319321226158,1
1707.784265,grid_2009_y564_z582,473.381,561.894,581.181,62.887637775639206,0.724,-0.10481698196768749,0.01005351759085452,0.41693466462124756,1,-0.017187274992531122,-0.03712160930831328,0.3972711553824795,1,0.0700567440931181,-0.08184749798996245,0.36544794069746284,1,0.115313558408436,-0.015532823812232144,0.36559459282597173,1,0.1441235044937666,0.08293530966507918,0.34774972364465057,1
1708.432552,grid_2010_y566_z582,473.279,563.821,581.398,64.77182632132589,0.638,-0.10082078370089165,0.009797142396200751,0.40919449753279036,1,-0.015171486217514024,-0.037345631951626795,0.3954344243083897,1,0.07172337019745971,-0.0825644422069075,0.3649938828965678,1,0.11480386899712385,-0.015623064111303231,0.35984389906047454,1,0.14277922334534204,0.08188381880487586,0.34334769246810515,1
1709.063861,grid_2011_y568_z582,473.158,565.831,581.532,66.71052251331874,0.62,-0.099440975471309,0.0099419824576808,0.4122073014709258,1,-0.012835020495710597,-0.03730138889760322,0.3905107579165579,1,0.07411150999257647,-0.08362675301778029,0.36701161547319366,1,0.1143776613099496,-0.015566137882136366,0.35470113207930776,1,0.1427882105703787,0.08156299029148983,0.34204968484787657,1
1709.694861,grid_2012_y570_z582,473.278,567.765,581.44,68.52004082018634,0.621,-0.09937361756946435,0.010215869109271839,0.41933276388978385,1,-0.011263079028506585,-0.03830073651470798,0.3979995979541109,1,0.07460861234390344,-0.08275403655720384,0.36104027822649176,1,0.11572585178496084,-0.016033110222236115,0.3556600272765225,1,0.14418371981037842,0.08191237250301543,0.34404008945553033,1
1710.429215,grid_2013_y572_z582,473.047,569.915,581.538,70.58676868223957,0.724,-0.09493975117390381,0.009906390528145318,0.4114241738506427,1,-0.00845334634633878,-0.03751214320020402,0.38683453795005734,1,0.07777348007743383,-0.08475591518794404,0.3655749884268741,1,0.1179183190400438,-0.016202335843629283,0.3574037009013982,1,0.143382275456537,0.08118560128435784,0.3408370841386601,1
1711.057492,grid_2014_y574_z582,473.078,571.74,582.028,72.47448275772655,0.619,-0.09192379716479658,0.009524554433368151,0.40633013979080773,1,-0.006654997124218488,-0.038279053820593004,0.3883760347990838,1,0.08009981426225213,-0.08587150159863084,0.368000727827041,1,0.12075846829166267,-0.016801015384896725,0.36234819845197447,1,0.1461049130516306,0.08247893194720866,0.3466279866110603,1
1711.748579,grid_2015_y576_z582,473.186,573.829,581.687,74.3720043363092,0.68,-0.09111812131552104,0.009854780716892882,0.41197398021369713,1,-0.004660212838917386,-0.03904721656394488,0.39314283649177634,1,0.08172772287492105,-0.0860548219386609,0.3660927455976774,1,0.12158506611908344,-0.017132763263685385,0.36115669278586254,1,0.1471710073854855,0.08249070631767419,0.3479797814295438,1
1712.498753,grid_2016_y578_z582,473.03,575.888,581.764,76.36079320567595,0.739,-0.08873362117955721,0.009863027113130203,0.4108451648300642,1,-0.002697218733307865,-0.03883820869340739,0.38818781695494164,1,0.08238870640022211,-0.08603338799541037,0.36175091386970504,1,0.12122938531397957,-0.017117372042757886,0.35804395223513724,1,0.14644311686425998,0.0819817332424448,0.3458535539716109,1
1713.127235,grid_2017_y580_z582,473.11,577.823,581.695,78.20128163272007,0.618,-0.08572668136698854,0.010025642992557319,0.4052272262957885,1,-0.0018588654697175417,-0.04150113843122066,0.393189310078788,1,0.08237711439258491,-0.08884602785609927,0.3629864977947267,1,0.12093174304223853,-0.016890025652376003,0.361568128905293,1,0.1459524590063348,0.08210522124613115,0.34600400529770736,1
1713.760001,grid_2018_y582_z582,473.186,579.822,581.55,80.0875523099564,0.621,-0.08317737825181355,0.010286455457620424,0.40328559868345304,1,-0.0006265332351512207,-0.04301595968790377,0.3912188818157581,1,0.08226352461470407,-0.09118111889409967,0.3620783908293649,1,0.1190817618048835,-0.01638148027983317,0.3594151500370848,1,0.14550146423705546,0.0821846029755025,0.3459824016818268,1
1714.498448,grid_2019_y584_z582,473.006,582.105,581.281,82.21401229109307,0.728,-0.08087333197002519,0.0104203479087613,0.4022097420219355,1,-0.00012387681618468102,-0.04541959493275079,0.39334718900232135,1,0.0819384040045931,-0.09329519348137909,0.3631983177649283,1,0.11663635847851975,-0.01599868680601101,0.35790138768415886,1,0.1444156127339415,0.08208919405135898,0.3453966342152617,1
1715.133037,grid_2020_y586_z582,473.207,583.851,581.209,83.88979842626873,0.623,-0.07997043400317949,0.008583468550130462,0.40313178877921396,1,-0.001358840707316342,-0.05021020276414197,0.38979117625375015,1,0.0788479005908977,-0.09570874620114442,0.3665552028375069,1,0.11278024623694685,-0.014955870359653461,0.36125576289466016,1,0.14276123489537526,0.08271853906789325,0.3457280168503937,1
1715.762376,grid_2021_y588_z582,473.289,585.727,581.449,85.7679893899816,0.619,-0.0807933311238318,0.0024595066413361415,0.4026847404384851,1,-0.0025576332135055987,-0.05685144041239918,0.39364567133066497,1,0.07603952607808376,-0.09574521764402111,0.36731315450651236,1,0.10924703207646022,-0.014139624832983774,0.3594392967064707,1,0.14031247848000572,0.08233636288716958,0.3430257767860954,1
1716.550341,grid_2022_y590_z582,473.272,587.883,581.247,87.80801708841857,0.779,-0.0803482748272143,0.0024201092378470655,0.4089524851216928,1,-0.002870658538031511,-0.060223095259133705,0.39550754262616233,1,0.07310678977260503,-0.09533221314012269,0.3694107445326057,1,0.10673426048687569,-0.013178887762077976,0.3590230211566049,1,0.13866687977762343,0.08252477042428527,0.34315803312816,1
1717.183644,grid_2023_y592_z582,473.288,589.897,581.376,89.79440331111961,0.622,-0.07833936218446907,0.002464007157036269,0.40813649735208263,1,-0.0016310996067946503,-0.06055825820638737,0.39100258821280576,1,0.07336218818618369,-0.0952834891317704,0.3694187770339791,1,0.10704770166670807,-0.013509905316744814,0.3598212988932482,1,0.1389832561136976,0.08251855447262726,0.3430874327687722,1
1717.87925,grid_2024_y594_z582,473.229,591.939,581.485,91.80260983218287,0.684,-0.07546156540752322,0.0023949771385130985,0.40374125394472404,1,9.669803517796539e-05,-0.060654938820989254,0.38823606027586677,1,0.07355915273094667,-0.0944431725599292,0.3643389894171582,1,0.10859105029822565,-0.013976549688709905,0.3625779328584634,1,0.13920151267654143,0.08241065725977964,0.34276409196865776,1
1720.883335,grid_2025_y596_z582,473.132,593.922,581.62,93.75994566444675,2.992,-0.07316501832503242,0.0023258285627004256,0.40561930193998574,1,0.002172434794623323,-0.06279220313487775,0.39366272435914595,1,0.07766242225924237,-0.09827317900791402,0.37720641449926184,1,0.10887650930705137,-0.014004189284368484,0.3606942337532862,1,0.1399263468626743,0.08250677716909723,0.3431255139137816,1
1721.903421,grid_2026_y598_z582,473.154,595.962,581.441,95.7069371884818,1.01,-0.07061045090460624,0.00254824498573854,0.3996814682245033,1,0.0034167798470674145,-0.06310440394913733,0.3942578908607624,1,0.07699752528674736,-0.0965935112796949,0.3692522004324724,1,0.10902027873419891,-0.014044748407395594,0.3583205395046073,1,0.13947055537977088,0.08185682660709052,0.341229382201049,1
1723.042745,grid_2027_y600_z582,472.982,598.023,581.554,97.7371647532299,1.129,-0.06696166740520762,0.0025332270289115623,0.3936905180999256,1,0.006038514308922131,-0.06281160908239597,0.38711719716653753,1,0.07861954210848293,-0.09702614707309853,0.3688274598239347,1,0.1104993038633268,-0.014469561118789252,0.36013508566174635,1,0.14142828383272701,0.08243825241188432,0.3442656269293603,1
1724.075407,grid_2028_y602_z582,473.08,599.949,581.684,99.64719561533076,1.023,-0.06530363257057396,0.002626681963122319,0.39595403617158464,1,0.007618633730228817,-0.06385667003471458,0.38988442209611296,1,0.08043633466236567,-0.09822812021995352,0.37001769411033025,1,0.11147288674964136,-0.014687502421874356,0.3605773421963007,1,0.14243936265103135,0.08270327543823444,0.34602849926677076,1
1773.221951,grid_2029_y604_z582,473.135,601.936,581.422,101.53386177034739,49.136,-0.0642283680938586,0.0028032201579396834,0.39961783538799894,1,0.008905663503654761,-0.06445090530496057,0.39280178270851984,1,0.08243229778508351,-0.0998253386298705,0.37536830339026517,1,0.1101821290446291,-0.014575095521045921,0.35412009675450723,1,0.1429721267271205,0.08306146940482625,0.34726245751765444,1
1773.987576,grid_2030_y606_z582,472.963,604.102,581.597,103.68426749029959,0.754,-0.062275470860937245,0.0027101491091273584,0.4014495971240091,1,0.010712269684193577,-0.06433848060973599,0.38721016036227457,1,0.08286530573474307,-0.09869406494710038,0.36907631975876437,1,0.11247324836166535,-0.014956190577540256,0.3590603956535291,1,0.1434550322340143,0.08306785993941149,0.347301915535314,1
1775.026201,grid_2031_y608_z582,473.154,606.038,581.558,105.57524226351558,1.027,-0.059829303062853945,0.0027775927846661803,0.39983569428505134,1,0.012387737108732073,-0.06456065972719452,0.3870348330566954,1,0.08356687170932747,-0.09831081774417205,0.36583070517656024,1,0.11624815518633318,-0.015732251498400664,0.36863899224942687,1,0.1456678037942247,0.08388730756275356,0.35159264078211316,1
1775.769033,grid_2032_y610_z582,473.244,608.111,581.431,107.58249404526742,0.732,-0.057580863295258286,0.0028417758412705996,0.3938375134435364,1,0.013771113857445241,-0.0646398675035107,0.3846018851050749,1,0.08500270332477733,-0.09923985351935267,0.3680315291861561,1,0.11545877566067766,-0.01568242976546084,0.3634895365437886,1,0.14613965455155778,0.08395137079046258,0.35187345774839035,1
1776.40353,grid_2033_y612_z582,473.266,610.085,581.355,109.50350462428138,0.623,-0.05538990014837145,0.003130988288298302,0.3942211432620356,1,0.015520678465295628,-0.06484343123065445,0.38425181489951743,1,0.0863242702014068,-0.09960178597849238,0.36780426929684495,1,0.11509030329210383,-0.015619723829808923,0.3592670239180053,1,0.14237118280619981,0.0815739989589501,0.3422219552536354,1
1777.031553,grid_2034_y614_z582,473.318,612.071,581.123,111.40948498669226,0.617,-0.05383635014727656,0.0034822218574969686,0.39784709941725815,1,0.01708293054731069,-0.06511830992384769,0.38466951735692023,1,0.08654356188578465,-0.09895351414813228,0.363479158434209,1,0.11533100601324428,-0.015634450148908074,0.3579171473965316,1,0.14137287861153236,0.08079326867046112,0.3390430211061461,1
1777.719605,grid_2035_y616_z582,473.249,614.193,580.991,113.46783863280379,0.677,-0.05230026063695862,0.00375072440413315,0.4021007049873731,1,0.019095769754033133,-0.06663622928986965,0.3912359453825732,1,0.08856938926058933,-0.09999776097835808,0.3664059417834179,1,0.11548654477639853,-0.015952863275787415,0.35592084455379036,1,0.14440074851259538,0.08215926544896957,0.345040705171665,1
1778.52588,grid_2036_y618_z582,473.218,616.208,581.122,115.47170078854816,0.796,-0.0489325979065889,0.003855063611284012,0.3965290087006602,1,0.02084610094149002,-0.06533389715866803,0.3801592452916035,1,0.09133765435488825,-0.10170702097347328,0.36937464768419376,1,0.11638617068243835,-0.016086716936900287,0.35505793305367567,1,0.14441424512416204,0.08181208591716217,0.3441657949544522,1
1779.223695,grid_2037_y620_z582,473.276,618.033,581.126,117.26844302709918,0.686,-0.04670531421021218,0.004006678612932546,0.39107230716404373,1,0.022791537226668712,-0.06679336710349469,0.3872527074520467,1,0.09287813910634866,-0.10215559276567195,0.3711703788125936,1,0.11721867322672008,-0.016104349456688455,0.35549087981507277,1,0.14554598852037162,0.08233231935535115,0.346492739974969,1
1781.040858,grid_2038_y622_z582,473.274,620.044,581.153,119.25183031719052,1.806,-0.04392689134239352,0.003990566289302783,0.38940769788195523,1,0.024862728453907128,-0.06792817393157649,0.3894727492970655,1,0.09336923508834502,-0.10147443133712915,0.3660648488447436,1,0.12108093554331836,-0.01720764646126733,0.36414774389400695,1,0.14399374343881038,0.08134251290714649,0.342347876288668,1
1781.786653,grid_2039_y624_z582,473.222,622.123,581.333,121.3286003422112,0.735,-0.04268754203828988,0.0038594315246274443,0.391543288275663,1,0.02635100376804716,-0.06754908301676656,0.38528829682655563,1,0.09482234125400404,-0.10199311227213322,0.36761076068964027,1,0.12206932347150057,-0.017241249776558866,0.3649278878342339,1,0.14502582357462906,0.08176550432499484,0.34411558634645273,1
1783.202917,grid_2040_y626_z582,473.104,624.106,581.641,123.3320732413106,1.405,-0.040294553049183654,0.00366534408012508,0.3956516348120844,1,0.02830800649554822,-0.06727185062276758,0.37981840608178324,1,0.0963645986248998,-0.10214931451324114,0.365505827789484,1,0.12303459696381129,-0.017243175999813523,0.3640617642577108,1,0.14730725618549673,0.0823395138689389,0.3478045352102317,1
1784.387995,grid_2041_y628_z582,473.225,626.153,581.389,125.30746499710227,1.173,-0.038006526639926756,0.0037968633503411607,0.3932473270399355,1,0.03005573994778158,-0.06852107433699062,0.3843151882767606,1,0.097348536851255,-0.10230926849601782,0.36570172687973723,1,0.12277742363351245,-0.017203677406066785,0.3617999227450973,1,0.14690954635117331,0.08209395699484019,0.3468634820147892,1
1785.224341,grid_2042_y630_z582,473.335,627.889,581.569,127.05085030805581,0.722,-0.03624331277042914,0.003693635867092278,0.3911875894743593,1,0.03136353623616465,-0.06841344758188882,0.38168264282393805,1,0.09843255758898604,-0.1022913348283229,0.36468037702604017,1,0.12105944969942987,-0.01704495257585201,0.3549503263942008,1,0.1459346553996706,0.08161582759425082,0.344140351145747,1
1785.860068,grid_2043_y632_z582,473.335,630.073,581.397,129.17533704233173,0.625,-0.03495791329486767,0.003943862528664249,0.39544559482112185,1,0.03314089854883468,-0.06960452052851412,0.3856349449469808,1,0.09999032717774907,-0.10321209822940877,0.3670376554602145,1,0.12176440333747651,-0.017350265002633924,0.3553690827898743,1,0.14809907466523212,0.08292616682345072,0.34874860943071445,1
1786.497714,grid_2044_y634_z582,473.42,632.124,581.102,131.15284486049094,0.627,-0.03287099009650131,0.004299010677180118,0.39522779106761347,1,0.03474631269473723,-0.06976771049127431,0.3855559803692893,1,0.10104956396083897,-0.10331693612261379,0.3668092782457265,1,0.12352773047831174,-0.01764630274399104,0.358665026603854,1,0.14868422761167172,0.08312278926464194,0.34948259517219993,1
1787.235109,grid_2045_y636_z582,473.548,633.877,581.055,132.87863616473487,0.727,-0.030288615569830424,0.004397579422412569,0.3873423147929174,1,0.03601198680774604,-0.06934489554494266,0.38163363062449085,1,0.10258921114184219,-0.1038951178956696,0.3681203117290463,1,0.1244997265724084,-0.017701147250914585,0.3598588469888462,1,0.14545325256171812,0.08097000585093564,0.34145261582334,1
1787.861576,grid_2046_y638_z582,473.409,636.12,580.947,135.07413314546943,0.617,-0.028474042146543997,0.004598554242330368,0.3901883469928046,1,0.03785030135968083,-0.06972860012804467,0.38137684768088725,1,0.10395062286842063,-0.10438069910163987,0.36851663817990327,1,0.12485807984593919,-0.017654287185117266,0.35877396285867097,1,0.14545914803893947,0.08090878997172979,0.34130266525188474,1
1788.545126,grid_2047_y640_z582,473.532,637.939,581.593,136.9734627619525,0.672,-0.02628243064744027,0.0043068315736815,0.39275991186479847,1,0.039901496420512314,-0.07056960519455538,0.3821648423521408,1,0.10467221317137292,-0.10388814387775425,0.36551764979961987,1,0.12513443242465253,-0.017619112324213808,0.35709286321274647,1,0.14768966834446673,0.08178828782594626,0.3452615114752634,1
1789.290443,grid_2048_y642_z582,473.441,640.119,581.354,139.08813455144193,0.735,-0.023931107565637065,0.004157382331681127,0.3888422364847979,1,0.04138998689972936,-0.07096908257083304,0.3809551458222006,1,0.10576848610067602,-0.10390124460943692,0.3648100661522097,1,0.12535839204466898,-0.017770680873607354,0.355932757573246,1,0.14834933414936774,0.08195804322276082,0.34607248145676994,1
1790.032979,grid_2049_y644_z582,473.622,641.9,581.425,140.86267719307338,0.731,-0.022080366013500014,0.0042557475007669165,0.3906215343173237,1,0.04304063336707166,-0.07154209602353877,0.3816486166850693,1,0.1072588887438386,-0.1046364148178988,0.36709675632219874,1,0.128007063302853,-0.01830236804435135,0.36189639684853675,1,0.14703162342618828,0.08134654260880893,0.3429437190024195,1
1790.65843,grid_2050_y646_z582,473.618,643.885,581.449,142.82832397322318,0.614,-0.020084952223361253,0.004372520288397315,0.3896750300752533,1,0.04410340963207281,-0.07160191069650057,0.3791067910737159,1,0.10801279117304304,-0.10469459632037799,0.36677848388159195,1,0.12848218787030913,-0.018367113370120015,0.3620886658092785,1,0.1477895270618527,0.08179766643055163,0.3446640759189633,1
1791.386564,grid_2051_y648_z582,473.602,645.735,581.809,144.7106003753699,0.718,-0.017634016387851094,0.003857330190068676,0.38938290902799555,1,0.045898058108096815,-0.07224357401187927,0.3779621595071312,1,0.10832908012818902,-0.10377390334673656,0.3627481368220458,1,0.12894192697876708,-0.018268096099803014,0.36106887166082685,1,0.1478477511835698,0.08179378040983645,0.34463927196666977,1
1792.016302,grid_2052_y650_z582,473.566,647.904,581.178,146.76279281548167,0.619,-0.015894463734570353,0.004433532033713137,0.3894067283534226,1,0.047057183240595636,-0.07249254153585294,0.37885501414273814,1,0.10894958442808644,-0.10394761149185014,0.36324164691937505,1,0.1291304277333231,-0.018268580139132247,0.36107169692909985,1,0.14799048754945104,0.08179722808603554,0.34465451634621075,1
1792.648915,grid_2053_y650_z584,473.421,648.272,582.621,147.33703138383106,0.622,-0.014678369426589372,0.0034865547333451244,0.3847723645190031,1,0.048109982327022204,-0.0741010962715042,0.3798009618664278,1,0.11005749980652416,-0.10456648814100318,0.3653528271291309,1,0.12881809962643015,-0.018201542782204073,0.3601929771630744,1,0.14818080270395942,0.0818018249876343,0.3446748421855987,1
1793.280452,grid_2054_y648_z584,473.421,648.272,582.621,147.33703138383106,0.622,-0.014210911699287357,0.003017964126165568,0.3807069067839894,1,0.0489403080780197,-0.07541891554378853,0.38380129381181993,1,0.10974547060112345,-0.10430542135562873,0.3644331631015338,1,0.12881809962643015,-0.018201542782204073,0.3601929771630744,1,0.1482371442000688,0.08180671411891047,0.3447015410734884,1
1794.018546,grid_2055_y646_z584,473.411,647.158,582.113,146.1590384649544,0.728,-0.015562870521378508,0.0035158047888498036,0.38669668574822647,1,0.04696313535855639,-0.07331384012153871,0.376894264646826,1,0.1081776651921984,-0.103646856291573,0.36237043156543763,1,0.1304208974666336,-0.018601791603679835,0.3654160486243885,1,0.14752289046433678,0.081577732563696,0.34382896547219705,1
1794.645437,grid_2056_y644_z584,472.977,645.412,582.023,144.4120596522327,0.615,-0.01701695372052587,0.003947281491878731,0.3884618421757699,1,0.04583438221087387,-0.07283082817493249,0.3767787827994231,1,0.107408591765443,-0.10363721155450652,0.3623398544771924,1,0.12887871740520632,-0.018389491357160892,0.36254525084624223,1,0.1474277328870826,0.08157543411289661,0.343818802552503,1
1795.290839,grid_2057_y642_z584,472.674,643.807,581.834,142.79252996568133,0.635,-0.018648779741814198,0.003991039715316236,0.3869203551363256,1,0.04500212684474327,-0.07307964854666454,0.3818023733713116,1,0.10703299922022982,-0.10398266338483034,0.3643077578000967,1,0.12888658254808183,-0.018479107226494745,0.36336187580099144,1,0.1477895270618527,0.08179766643055163,0.3446640759189633,1
1795.922999,grid_2058_y640_z584,472.576,641.86,581.971,140.8883128651912,0.62,-0.020475432110789202,0.0039840089824988425,0.39029707403486846,1,0.04302744954486704,-0.07168209569268028,0.37709672149280954,1,0.10658821075717348,-0.10419508823540787,0.36551816974906914,1,0.12748036925210177,-0.01815666861597619,0.3611083587524925,1,0.1466698292514182,0.08112431029115393,0.3420984456359592,1
1796.65848,grid_2059_y638_z584,472.285,640.143,581.908,139.17880780133163,0.725,-0.022848468285478207,0.0039246457255598995,0.3944742464760749,1,0.04187723777054358,-0.07179942640677274,0.3805801735907774,1,0.10486848620360185,-0.10333232164319468,0.36284853096174907,1,0.1252865900185933,-0.017664411050969147,0.3561386289924566,1,0.14857467181758505,0.08206106985615826,0.3465989102297656,1
1797.289559,grid_2060_y636_z584,472.3,638.175,581.955,137.24306030178718,0.621,-0.024523726312264328,0.003943767056024094,0.392766673075481,1,0.04021574499188351,-0.07128330079797238,0.37968012639604337,1,0.10410453919159748,-0.10343337256439997,0.3635052483492107,1,0.1258164046314385,-0.017698801888517038,0.359377364450945,1,0.14784058752677337,0.08210645918691761,0.3462559071472303,1
1797.972819,grid_2061_y634_z584,472.126,636.147,581.887,135.2283346085428,0.672,-0.026670324963046062,0.003697648886035138,0.39052522861408057,1,0.038675695381821695,-0.07094129675915273,0.3808988237986841,1,0.10405722853764546,-0.10445702607252424,0.3681958917905016,1,0.12572611035923792,-0.017758623365179357,0.36126902114645776,1,0.14689673771937964,0.08179725622508549,0.34468199721793497,1
1798.610008,grid_2062_y632_z584,471.998,634.179,582.031,133.30852474241846,0.628,-0.028534442394438447,0.003801183855339463,0.3904377330730247,1,0.03732025663471972,-0.0708853412921446,0.3823153052370677,1,0.10302486628708477,-0.10429090822690339,0.3687127360463008,1,0.12431892173454924,-0.017657149936077653,0.3588992213587985,1,0.14581854545904954,0.08113090653506871,0.3421474982433973,1
1799.347987,grid_2063_y630_z584,471.736,632.216,582.216,131.40103793730097,0.728,-0.030834581595142435,0.003439774434088695,0.3918080759660957,1,0.035235458245705356,-0.0700817043105273,0.3805240874747712,1,0.10092532531424118,-0.1031942024038203,0.36626960587422,1,0.12340057016810986,-0.01765551853212839,0.35886422312838917,1,0.14899757744980757,0.08330615958402543,0.35016583148437086,1
1801.043436,grid_2064_y628_z584,471.566,630.413,582.338,129.6434702173619,1.685,-0.033126963669252926,0.0032126866944939504,0.39803249192011714,1,0.03807038670879054,-0.07807686374585963,0.42417257985836504,1,0.10072979340048886,-0.10384044193178277,0.3695214683078575,1,0.12245088685863818,-0.01752996265020072,0.3566622560726984,1,0.14889448534369376,0.08340764965758643,0.3504638984294824,1
1801.948372,grid_2065_y626_z584,471.428,628.447,582.5,127.73418670817928,0.894,-0.035240609232716255,0.0030994925246131426,0.3973832882220935,1,0.03177461505922904,-0.0689376532551635,0.3779513340407199,1,0.0989259138912307,-0.10244858982174906,0.3651063117011927,1,0.12127695991217675,-0.01704946586261382,0.3559522818568456,1,0.1462431164154883,0.08180270687713406,0.34474626843358924,1
1804.61049,grid_2066_y624_z584,471.299,626.697,582.334,125.98148224640002,2.65,-0.03704648627161921,0.0033050847091604754,0.3961897914593072,1,0.034139026419877115,-0.07625357449221895,0.42317593600370823,1,0.09787732920013129,-0.10271021165968727,0.3662810212472294,1,0.1223393782320874,-0.01711138648034019,0.35999398140874517,1,0.14690954635117331,0.08209395699484019,0.3468634820147892,1
1805.511611,grid_2067_y622_z584,471.244,624.757,582.525,124.10619037340558,0.891,-0.03886443798950539,0.002973669883604023,0.39571076336554506,1,0.029100903147516382,-0.068774190100816,0.38288660011690734,1,0.09757181417793784,-0.10326670918639969,0.36963864652031153,1,0.12153141023311262,-0.017160107264823202,0.3599100567299287,1,0.14690954635117331,0.08209395699484019,0.3468634820147892,1
1806.138899,grid_2068_y620_z584,471.268,622.803,582.362,122.15507454870632,0.617,-0.040458709520512726,0.0030463485060217275,0.39565701723352453,1,0.027985479150769148,-0.06894582226208598,0.3848189508267071,1,0.09493435552765891,-0.10124284800152679,0.36347309467945876,1,0.12225642431404168,-0.017230756627578774,0.3637903987579677,1,0.1465777650800608,0.08236391528944513,0.34709120684837075,1
1806.977618,grid_2069_y618_z584,471.253,620.781,582.124,120.12350041936004,0.829,-0.04283112121822606,0.003166274599452322,0.39604362585838876,1,0.025800878860579874,-0.06830038835581796,0.3854018341653844,1,0.09375755056584134,-0.10127676183185881,0.3652659781197305,1,0.1212599665043989,-0.017081161031304727,0.3637763963550948,1,0.14503093787879334,0.08184381129981591,0.34454542905676866,1
1807.664383,grid_2070_y616_z584,471.219,618.874,581.822,118.19328812584921,0.676,-0.04484481822235083,0.003365509036644875,0.3978555324092187,1,0.024409722978830272,-0.06839186983672477,0.38862499187554145,1,0.0931448116137827,-0.10173814420669422,0.36870322682556084,1,0.11885925665669841,-0.016454369516877187,0.35925040326943947,1,0.1455434120179764,0.08228115636376723,0.3465772311823089,1
1808.306319,grid_2071_y614_z584,471.299,616.745,581.815,116.10009519375944,0.632,-0.04705623187148179,0.003357408172002483,0.3973173545256396,1,0.02239286808587767,-0.06720491334722803,0.38512246811649986,1,0.09201028278308743,-0.10199017212630987,0.37050466313130714,1,0.11701961413186443,-0.0161608400137557,0.3568931687176452,1,0.14560735508171438,0.0824771690351434,0.34709076698627894,1
1811.036092,grid_2072_y612_z584,471.262,614.807,581.85,114.20308422280026,2.718,-0.050066538395865626,0.003403049675542352,0.39916219718722323,1,0.02324335072491368,-0.07496196676444135,0.4316318934882952,1,0.08974035738134355,-0.10076127762293896,0.36892707838406313,1,0.1157504287709223,-0.016099128694635235,0.3558745604040559,1,0.14483281355682226,0.08223072767378252,0.34570070730246333,1
1811.886425,grid_2073_y610_z584,471.213,612.669,582.224,112.17734859141574,0.839,-0.05273203018531676,0.00282034188873092,0.4040091421474206,1,0.01839435603088609,-0.06671107470145307,0.38702588510630875,1,0.08896681846818554,-0.10097501116559737,0.37040573621328254,1,0.11516118985596353,-0.015716951110125683,0.3562267586736979,1,0.14228762217268676,0.08115498875443848,0.3407283387733636,1
1813.255355,grid_2074_y608_z584,471.267,610.595,582.472,110.19478343823725,1.36,-0.055168879106418565,0.0026026854049380627,0.4067893772035955,1,0.0168385913359565,-0.06604047154754476,0.38461039268016844,1,0.08721992006160337,-0.09995511652912767,0.36743510597000506,1,0.11605660962348274,-0.01565811486597899,0.3612107819909978,1,0.138889809528133,0.07951071473285784,0.33414227936239815,1
1813.942631,grid_2075_y606_z584,471.115,608.803,582.495,108.44444053984512,0.677,-0.05598155759173042,0.002244411909693343,0.40288116849239586,1,0.01576616995400753,-0.06634367965363715,0.38780783572494787,1,0.08573006814612791,-0.09899701338602547,0.3658560383902242,1,0.1151676472373911,-0.015625513582153555,0.3603897468575183,1,0.14475871363654452,0.08304831414368574,0.3482912519298128,1
1814.903739,grid_2076_y604_z584,471.159,606.562,583.054,106.37146052395823,0.952,-0.058172526258868,0.0015487017129659955,0.39935676827824224,1,0.013956353660481235,-0.06687359171665845,0.39080329274384396,1,0.08522185294996817,-0.10001730567747733,0.3704752239190953,1,0.11606228096479301,-0.015721178640181157,0.366234161864974,1,0.14459460325694343,0.0829482530430928,0.3480305063902256,1
1815.700759,grid_2077_y602_z584,471.221,604.49,582.948,104.32606252514279,0.787,-0.06013324546468786,0.0015539772212132478,0.3990785525077497,1,0.011797262368235825,-0.0655327477108053,0.3878695870797525,1,0.08313833040894555,-0.09849896044698694,0.3673796279298145,1,0.1135342189564215,-0.015253689132869046,0.36138826606719865,1,0.1430790785723665,0.0827853319523609,0.3461848043309682,1
1816.994979,grid_2078_y600_z584,471.263,602.54,582.669,102.36257533395685,1.284,-0.06259469581441801,0.0016063508349911282,0.4022535395946455,1,0.010103843721260502,-0.0654782567518565,0.3905289231167215,1,0.08216427045273479,-0.09852999281328396,0.37030412045607225,1,0.11112411685475701,-0.014632379259985248,0.35697867568672603,1,0.1434550322340143,0.08306785993941149,0.347301915535314,1
1817.629379,grid_2079_y598_z584,471.227,600.589,582.688,100.46424727732753,0.625,-0.06372310172796607,0.0016777525924303964,0.39872711004506833,1,0.008707338132779381,-0.06549360809382006,0.3928411280880177,1,0.0802835697594642,-0.09753273979326912,0.3672021718584769,1,0.11086961855712744,-0.014604825972828384,0.3584724597424527,1,0.1441431957914471,0.08355989776654082,0.34988754347851414,1
1818.818722,grid_2080_y596_z584,471.29,598.608,582.415,98.4730378022329,1.179,-0.0674466864512476,0.0019409073390118394,0.40665553882226824,1,0.006488841056039575,-0.06309945723790196,0.38447984468492263,1,0.07813503099237676,-0.09653340224819813,0.36641762018593943,1,0.110137432103624,-0.014318059376243914,0.35893722785152354,1,0.14168385513243412,0.0828003040772782,0.34532781731243856,1
1819.72682,grid_2081_y594_z584,471.33,596.658,582.455,96.58395588295194,0.897,-0.06865824811241397,0.0017460240312575435,0.4024427554606455,1,0.00485901812973343,-0.06413491565700064,0.3921680922994009,1,0.07766982581609731,-0.09688558178978589,0.369108120983606,1,0.10910983813670791,-0.014130946782764785,0.3575433919710229,1,0.14054178910079645,0.08224897278246161,0.34341387862816186,1
1821.070775,grid_2082_y592_z584,471.348,594.702,582.302,94.64607712419993,1.335,-0.07134437512305183,0.0019051355055789,0.40527027461412735,1,0.003086988199892481,-0.06323542416278449,0.39050973434491537,1,0.07557668579174268,-0.09586346152286833,0.36808592483513125,1,0.10968150313721817,-0.014077963651755615,0.36329394639863904,1,0.1399263468626743,0.08250677716909723,0.3431255139137816,1
1821.707197,grid_2083_y590_z584,471.497,592.717,582.384,92.73815224059621,0.625,-0.07300239877304404,0.0015710174256650636,0.40560513976960266,1,0.0016172423473531084,-0.06260692559986498,0.38789421305633504,1,0.07467894507002992,-0.09549276066220576,0.36790992238694903,1,0.1091811232399235,-0.013964345339810008,0.36379402433450536,1,0.13971060250725573,0.08254414505547615,0.34344555332379717,1
1822.89509,grid_2084_y588_z584,471.519,590.812,582.257,90.85906914006989,1.177,-0.07390764844227474,0.001567148351289569,0.3968860382875475,1,-0.0003349780850067254,-0.06153993880423551,0.38778153447801544,1,0.0733207117789076,-0.09551963653564562,0.37133117304658925,1,0.1078206869429027,-0.01313784942645726,0.3629438673349957,1,0.13840259526860027,0.08239654026646312,0.3427414091541331,1
1823.627167,grid_2085_y586_z584,471.619,588.649,582.427,88.80605839693598,0.721,-0.0772237927802666,0.0013837969761751685,0.40516061163491435,1,-0.0019687318317726217,-0.06235576273613226,0.39319417054833894,1,0.07159175390471335,-0.0943739774137558,0.3676530286752635,1,0.10660099880305607,-0.013098792246438595,0.3616450631480808,1,0.14140914086923953,0.08439797862107341,0.35026051884386866,1
1824.25779,grid_2086_y584_z584,471.669,586.604,582.417,86.82594262661368,0.618,-0.0802572398937023,0.0013227544144473618,0.41061962620074527,1,-0.0038112459146013556,-0.06224651886229039,0.39509450962670684,1,0.07064472331472632,-0.0943703023508656,0.3697694667700394,1,0.10433078926713328,-0.012818752815561874,0.3571055236476581,1,0.13953512345064442,0.08398566901870157,0.34709558914584104,1
1824.889941,grid_2087_y582_z584,471.724,584.445,582.341,84.72170607937502,0.622,-0.08159681024760078,0.0012563013918646501,0.4059086292861675,1,-0.005729302699803352,-0.061513369979473285,0.39421267334751436,1,0.06964051136776275,-0.09433745040169231,0.3722866074431158,1,0.10511133598814011,-0.012626319889756984,0.36308210072124236,1,0.13825588051075371,0.08378504078574078,0.34557928985841563,1
1825.683719,grid_2088_y580_z584,471.831,582.337,582.396,82.70537102873064,0.781,-0.08321420874892045,0.001085091163162323,0.40481873053919937,1,-0.007251954541623987,-0.060791066718031916,0.3940153499036706,1,0.06759269847305219,-0.09272760820709806,0.36828952211944516,1,0.1045757944313371,-0.012446826364445673,0.36448656555307674,1,0.13649884861778738,0.0832763204298063,0.34287289817309075,1
1826.323514,grid_2089_y578_z584,471.813,580.251,582.561,80.7435566469548,0.629,-0.08648342788660865,0.000700981704632042,0.4089535253646407,1,-0.009141139719450134,-0.06070255242544091,0.3967649930175921,1,0.06768693655255378,-0.09390520212626012,0.3750244363315839,1,0.10348151350364572,-0.01219123631875313,0.3640229653834858,1,0.13664425458628104,0.08390653571983195,0.3449191499973335,1
1827.290523,grid_2090_y576_z584,471.847,578.094,583.015,78.8045001824135,0.956,-0.08892379541463388,-0.00024042184625946977,0.4079636061377404,1,-0.01101043760610743,-0.06026677941323484,0.3961343794235332,1,0.06594902551474982,-0.09245699300399343,0.3713672822181419,1,0.10088439190799788,-0.011612305632163807,0.35711484617784583,1,0.13703360858912306,0.0843707655311127,0.34719160857913495,1
1828.309111,grid_2091_y574_z584,471.814,576.094,582.927,76.8661628936947,1.009,-0.09147494334824673,-0.00027463492113886316,0.41033353098982495,1,-0.012300217905176197,-0.05869240979918935,0.39536957226483194,1,0.06548733969564617,-0.09265129705141492,0.37344759001211564,1,0.10116505084683543,-0.011596532343682658,0.36012548285711743,1,0.14155088154097298,0.08743201151993585,0.35900551396911684,1
1828.947948,grid_2092_y572_z584,471.608,574.3,583.048,75.18842258619338,0.627,-0.09244053341217744,-0.00030134277512914654,0.4089611374482779,1,-0.01333949974643377,-0.05796753788073374,0.39364880615940334,1,0.06519602796187104,-0.09249127091356976,0.3746393558218403,1,0.09991648748672265,-0.011491259608774979,0.3566884563721676,1,0.1403456921212605,0.08678624150643832,0.355773370685802,1
1829.583996,grid_2093_y570_z584,471.636,572.274,583.12,73.28408369489246,0.624,-0.09437791878628762,-0.0005119984228716559,0.4093029023074484,1,-0.0150503863164435,-0.0580550810421839,0.3991348882557962,1,0.0646369687083628,-0.09247468011842033,0.3749974221950116,1,0.09975103251314399,-0.011553524736835925,0.358080575557061,1,0.13725341184273127,0.08518924422262288,0.3482191831012357,1
1830.323101,grid_2094_y568_z584,471.902,570.061,583.336,71.26004351668617,0.729,-0.09725852252058757,-0.0008177885798444417,0.4134355144592763,1,-0.016337259727986095,-0.0568049929715085,0.3958487841454458,1,0.06405294289109473,-0.09188864275142436,0.3728352003761491,1,0.09996199916892384,-0.011585336003933987,0.3593336539377603,1,0.1357033042339142,0.08440837663568765,0.3445509962016854,1
1830.952311,grid_2095_y566_z584,471.715,568.381,583.129,69.60199551737003,0.618,-0.09936198951647686,-0.000841220983078715,0.4136527661604544,1,-0.017389270009357225,-0.055063877698241094,0.3954399787675669,1,0.06398517030254128,-0.09150737235828987,0.3718118774791138,1,0.09910341568430868,-0.011466029495806253,0.35528862135314443,1,0.13696088803541911,0.08493274568657347,0.34748264105406945,1
1831.585297,grid_2096_y564_z584,471.743,566.38,582.897,67.6385644806275,0.623,-0.10219307884955417,-0.0006369067232043419,0.4182510023263538,1,-0.018522708033968972,-0.053178501782897916,0.39343113200568924,1,0.06415646784839497,-0.09180734448036222,0.3736097396977546,1,0.09963059052817784,-0.01142249307945868,0.3561215992959682,1,0.13735550083457596,0.08502235614055564,0.34856844501344664,1
1832.269132,grid_2097_y562_z584,471.863,564.322,583.025,65.75056858309289,0.672,-0.10430501831801124,-0.0006669873649105529,0.418036807199288,1,-0.0201510305395398,-0.05239580948285303,0.3983560577431712,1,0.062193197032463766,-0.08947634508130532,0.3656158464659326,1,0.09913313523727027,-0.011456044928159737,0.3545343954435519,1,0.1364295208827026,0.08448196233117677,0.34581928095754877,1
1833.015778,grid_2098_y560_z584,471.907,562.305,582.831,63.7952023901484,0.737,-0.10535967122687581,-0.0005345695776209676,0.4146950195963033,1,-0.021292170835084508,-0.05059987224600376,0.39560269539975473,1,0.06155424111489658,-0.08909007096933969,0.3659658408630566,1,0.09991320437442729,-0.011379772197096672,0.35737140561680086,1,0.1369004761919545,0.08491616534088271,0.3469288154080906,1
1833.648183,grid_2099_y558_z584,471.756,560.505,582.654,62.048962360381175,0.621,-0.10701544215365014,-0.00048220539670507177,0.4148785987731912,1,-0.022568990001882245,-0.049590459112411694,0.3968185036301399,1,0.062164198816026375,-0.09003908515149936,0.37250425564253026,1,0.09990407771407032,-0.01149467241272988,0.35844848379621275,1,0.13696066536218165,0.0850402175768508,0.34739160906536254,1
1834.278678,grid_2100_y556_z584,471.816,558.542,582.669,60.23057371468416,0.619,-0.10934104094751493,-0.0005161725125008637,0.41602297474760935,1,-0.024066348264934305,-0.04853951932697461,0.3969027828304388,1,0.06067016047435762,-0.08835410038888215,0.3686329102339259,1,0.09974652846515084,-0.011470833894823031,0.35893558500630335,1,0.13547585786880081,0.08425555060463857,0.3438391060015222,1
1834.911871,grid_2101_y554_z584,471.671,556.666,582.713,58.50907981672592,0.622,-0.1096823832825135,-0.00037666067034726106,0.41135126106957615,1,-0.025428883483775828,-0.047708885674558756,0.39895477812976476,1,0.05983300451246045,-0.0878947281560682,0.368732295272013,1,0.09986303019979695,-0.011554896018704783,0.35966444159328903,1,0.13577079052093474,0.0845018287252723,0.34488669221014007,1
1835.652265,grid_2102_y552_z584,472.072,554.348,582.802,56.42178014738632,0.728,-0.11368543800102067,-0.0007557848693284918,0.4174330439388874,1,-0.027368016810160028,-0.04630546786768802,0.39858259706672,1,0.058802721423183865,-0.08677853315714654,0.36880054137511237,1,0.0997999423175169,-0.011394953609215034,0.3598774115840846,1,0.136035383675324,0.08468772959260013,0.34567402482067305,1
1836.283655,grid_2103_y550_z584,471.505,552.878,582.894,55.10487631779972,0.619,-0.11439611699786634,-0.0008593190597060913,0.41498077358177854,1,-0.02838374099497526,-0.045220511667149896,0.3982380360092433,1,0.05819024534271773,-0.08573461938654733,0.3674033972972795,1,0.0996765762406728,-0.011497752950863058,0.35937628245996656,1,0.1355061973665455,0.08431592785794448,0.3440993595996071,1
1837.13926,grid_2104_y548_z584,471.784,550.553,582.956,53.02751808259558,0.844,-0.11602817475353518,-0.0008880310296726548,0.4130336851997304,1,-0.029815763535684426,-0.043441754758477336,0.3983326293911782,1,0.05780151332133693,-0.08506604351006423,0.3701882265298845,1,0.09971193382029137,-0.011481112394454224,0.3579989423723717,1,0.13554747545050608,0.08422774653169068,0.3437122651106188,1
1837.778183,grid_2105_y546_z584,471.794,548.579,583.017,51.2798343698573,0.629,-0.11882881497071507,-0.0008433656916144455,0.41666566267238114,1,-0.030970806268887145,-0.041894087376494527,0.3979219957394674,1,0.0570108283364254,-0.08362617850651229,0.3705018841177909,1,0.09944115129641726,-0.011416068911871038,0.3558730885628221,1,0.13793370507746933,0.0854726890901106,0.3496884931651726,1
1838.408744,grid_2106_y544_z584,471.564,546.562,583.361,49.63760616709876,0.622,-0.12100527500582689,-0.0010875431861979707,0.41773969725113663,1,-0.03244870439464048,-0.0403147426389084,0.39754807124107394,1,0.05598514775660625,-0.08112381446108971,0.36896018818445936,1,0.10025453046777862,-0.011633984678881784,0.3573348947380328,1,0.14148912134068395,0.08747836317911957,0.3586954497247501,1
1839.488817,grid_2107_y542_z584,471.661,544.371,583.471,47.767216121519986,1.07,-0.12264491161533524,-0.0012160517238534302,0.41618902545987335,1,-0.034476317864717276,-0.038838422047231216,0.39881692489430703,1,0.0549042835190531,-0.07891224995556054,0.36867220739997547,1,0.10093370955964058,-0.011766123425569817,0.35854739093120297,1,0.13703360858912306,0.0843707655311127,0.34719160857913495,1
1840.284027,grid_2108_y540_z584,471.53,542.484,583.62,46.20220101899912,0.786,-0.12455056606599182,-0.0012787126507372891,0.4175141339968055,1,-0.03598082329378442,-0.0384173015561057,0.4020120307488838,1,0.05347014467349651,-0.0772324991064918,0.36633567202369316,1,0.09961756770507783,-0.011538145916212713,0.3556616220232894,1,0.14017310154121237,0.08664663686330329,0.35529130782826884,1
1840.921058,grid_2109_y538_z584,471.65,540.435,583.446,44.36021819152829,0.626,-0.12586777867072002,-0.001222962109243121,0.4161998937191579,1,-0.037295031129836106,-0.03719095952963601,0.39942647088371624,1,0.05217694547479847,-0.07601274726246235,0.3672516034180366,1,0.09907852233376661,-0.011396542968487387,0.3562409771161019,1,0.13825669354683684,0.08572014622829602,0.3504236623917457,1
1841.55478,grid_2110_y536_z584,471.576,538.461,583.577,42.76263117489382,0.621,-0.12963107518087402,-0.0012689784233020612,0.4217404300199724,1,-0.038974706840371756,-0.03639956347042404,0.3992552066706038,1,0.05050570362583821,-0.07433680013902111,0.3663730307650884,1,0.09982743520625417,-0.011140094830165417,0.36022789245413256,1,0.1363206158716935,0.08482953979680105,0.3462678101867118,1
1842.289408,grid_2111_y534_z584,471.829,536.238,583.558,40.91643623288817,0.725,-0.13205139289242185,-0.0013289703697102239,0.4230183754937694,1,-0.040632642267505445,-0.03502826260418374,0.3964712412775405,1,0.04918167107080905,-0.0730872115580619,0.3683395286433625,1,0.0992504410584127,-0.01097327364833878,0.36096639001535513,1,0.13362394082868384,0.0830339969742175,0.3396636415581716,1
1842.935965,grid_2112_y532_z584,471.674,534.451,583.581,39.47337336737262,0.635,-0.13439887222970598,-0.001390242710767219,0.4246828490915962,1,-0.042685807397896715,-0.034469266096807574,0.39995192847403443,1,0.04824516919816063,-0.07170109790649318,0.37076505410163346,1,0.0987063179313313,-0.010920707792378253,0.35987005983817844,1,0.1350777376868571,0.08406732558284344,0.34355120286638446,1
1843.572304,grid_2113_y530_z584,471.771,532.436,583.636,37.907276425509664,0.625,-0.1369326894769482,-0.0014519507412077686,0.42665416771483117,1,-0.044269971340911485,-0.033207268919414334,0.3996077254931006,1,0.046235574223842724,-0.06891286742023581,0.3661325105106893,1,0.09845450195213491,-0.010842078950781998,0.36002194104483537,1,0.13619326640609505,0.08480586637218757,0.3462990477604897,1
1844.30689,grid_2114_y528_z584,471.902,530.451,583.625,36.36717922797974,0.725,-0.13853101984600863,-0.000982132440390254,0.4262803731183634,1,-0.04602013289119858,-0.03197626070863503,0.40199970441250243,1,0.045205411668017746,-0.06627617629091959,0.3668037367358017,1,0.09860723296250566,-0.010883408554978982,0.35939311416484143,1,0.13359414136004322,0.08303021168671024,0.33965155179174483,1
1844.944065,grid_2115_y526_z584,471.767,528.58,583.596,34.935306467812794,0.627,-0.13902043745858866,-0.0007258627997989735,0.42201335511971577,1,-0.04759582700501191,-0.030116361963235177,0.4021309839902959,1,0.04422026932368106,-0.06366803895659241,0.36791217712448665,1,0.09903750948501211,-0.010884042931859617,0.35914664645690675,1,0.13530286711880452,0.08423353442750643,0.34389374002787443,1
1845.576566,grid_2116_y524_z584,471.588,526.702,583.685,33.623374518331694,0.621,-0.13890375628130988,-0.00021920518836594764,0.41691946639455,1,-0.049388404608737925,-0.028509979275776243,0.40465468931298865,1,0.04348589984267641,-0.061279224769946475,0.3709075705630099,1,0.09977004365158411,-0.010937035353281731,0.35989228173000665,1,0.13619585963384712,0.08461468941637539,0.34533528939739144,1
1846.20567,grid_2117_y522_z584,471.81,524.618,583.389,31.959278371077193,0.62,-0.14367941335337528,0.0005462001954772849,0.425439684990487,1,-0.05116576389920648,-0.02628801438246931,0.40465975089759115,1,0.04162860746631221,-0.05742896168974476,0.36566627699529775,1,0.09882388246735982,-0.01124685303110914,0.3553805007727363,1,0.1361156488471287,0.08439939347434004,0.3445508832456462,1
1846.945282,grid_2118_y520_z584,471.815,522.653,583.231,30.52451434503095,0.73,-0.14410725359999013,0.0014032910103593127,0.4212160858061627,1,-0.05212436264328525,-0.023973243974268293,0.4001832466042202,1,0.04125492633671257,-0.055565199781306286,0.37456070290373844,1,0.09987478012637444,-0.011293987738454027,0.3579162257192145,1,0.13623921445708015,0.08426143248841819,0.34422184155133956,1
1847.57075,grid_2119_y518_z584,471.695,520.767,583.192,29.290007459883,0.617,-0.14559823752794182,0.0032068462198479573,0.42109463909321365,1,-0.053686864762521457,-0.021185069935882737,0.4035683176595306,1,0.03989030649516382,-0.05055271317118741,0.3692600367439556,1,0.10230866562490733,-0.011910510159476825,0.36043467112991745,1,0.13795267097855063,0.08480987496218749,0.34675566647766776,1
1848.200351,grid_2120_y516_z584,471.647,518.86,583.103,28.077990544196673,0.618,-0.14825252745044729,0.004842682536116466,0.42349489726467116,1,-0.0556061422467015,-0.01842222946489936,0.4051672864053241,1,0.03863066086689829,-0.04656632489794832,0.3683743020705344,1,0.10282120218412476,-0.012462185150250002,0.35795872565226877,1,0.13814162859881624,0.0844948515494666,0.3462220062221132,1
1849.157693,grid_2121_y514_z584,471.82,516.678,582.984,26.785542723641072,0.947,-0.1524295368398761,0.005090459636089339,0.4285479287197851,1,-0.05848609540156322,-0.017315380472995967,0.40783092451019154,1,0.036316075191154804,-0.044431811046284804,0.3686333797803744,1,0.10212169084335729,-0.011872491666012359,0.35960993634745597,1,0.1351895797375879,0.0830094261239086,0.3397934090431498,1
1849.796606,grid_2122_y512_z584,471.749,514.784,582.922,25.78847219204737,0.628,-0.15370383570899676,0.004943678469836338,0.4273140795396708,1,-0.059556791388518014,-0.01654062396626762,0.4061254516367062,1,0.03506684318236183,-0.04317605355835584,0.36882747422256174,1,0.1010092438921596,-0.011635295386712624,0.3574870838807076,1,0.1343715205489047,0.08268808710142277,0.3380475734355027,1
1850.540716,grid_2123_y510_z584,471.646,512.9,582.983,25.01103000677894,0.731,-0.15574618380502755,0.004809367878077226,0.42778360457553444,1,-0.06125563680214421,-0.015913294667739806,0.40416899242783566,1,0.03339657521884034,-0.04165323647533401,0.36932683867466587,1,0.10079399695841426,-0.011398847392376793,0.36002929169973846,1,0.1353783136715628,0.0835156667420335,0.34137120981617847,1
1851.168079,grid_2124_y508_z584,471.791,510.66,583.046,24.248259772610524,0.617,-0.1578781699234473,0.004589587043416119,0.42809981689863585,1,-0.06281089319527253,-0.015124678282085708,0.40219304470327105,1,0.03196442389352633,-0.040267467757190464,0.37147461054138836,1,0.10024310088868578,-0.01106770436695569,0.3602175083290654,1,0.13743524034617569,0.084987499914011,0.34691326921978594,1
1851.807819,grid_2125_y506_z584,471.572,508.852,583.311,23.961009118983295,0.627,-0.16092005179182933,0.004228719808345412,0.43134027373207984,1,-0.06459078324979592,-0.01452004728695302,0.40063063734491394,1,0.03018584876632644,-0.03892309533804897,0.37290386133112874,1,0.09853995592900659,-0.010649293890118382,0.35748337182392703,1,0.13651079390866758,0.08464312423351529,0.34546110218418125,1
1852.545369,grid_2126_y504_z584,471.635,506.735,583.405,23.60006220330781,0.726,-0.16150261584822231,0.004007265629348949,0.4284055638252016,1,-0.06654048780373656,-0.014201230442178438,0.40309303872734803,1,0.028886621844033993,-0.03786808391706601,0.3767905430794839,1,0.09752016599644596,-0.010343147271791078,0.3579488447993153,1,0.13487069595649878,0.08399052465038495,0.3425582109166482,1
1853.239275,grid_2127_y502_z584,471.582,504.635,583.442,23.365868740536897,0.684,-0.16514640384443602,0.00395978773123293,0.4324589133874793,1,-0.06941708483937702,-0.013528079758844638,0.40831774580669344,1,0.026845572643576166,-0.03613742530284353,0.3760404148206362,1,0.09734733647370514,-0.010074512933818908,0.360234110986275,1,0.13582815716498842,0.08476915055719281,0.345955857597622,1
1853.873678,grid_2128_y500_z584,471.579,502.712,583.32,23.16202180294288,0.624,-0.16831446216616813,0.004103278289797288,0.4361332203256093,1,-0.07149568684344226,-0.012935545221136876,0.41018100091404275,1,0.025342507767715024,-0.034640209537351765,0.3781767507086323,1,0.09655166627854121,-0.00986380310363697,0.36055518054485464,1,0.13621104378981644,0.08541074030968929,0.34805940748320313,1
1854.611336,grid_2129_y500_z586,471.35,502.332,583.92,23.756147225507696,0.728,-0.16834969533097613,0.0038926426084859404,0.4344135293542609,1,-0.07265175451766329,-0.01279377287542181,0.41224600723706806,1,0.02467339068677657,-0.03396967454865534,0.3770652401532847,1,0.09694965066409038,-0.009795187603577256,0.3636238291297761,1,0.13621165212360403,0.0856650372302872,0.34867359381156776,1
1855.241927,grid_2130_y502_z586,471.45,502.407,584.551,24.388961293995305,0.621,-0.16935113501174714,0.0031503505958951185,0.4370735315457722,1,-0.07243351441734457,-0.013447290225145608,0.41103678812122635,1,0.025047263928827723,-0.03473089962812341,0.3817233539567417,1,0.09694965066409038,-0.009795187603577256,0.3636238291297761,1,0.13621165212360403,0.0856650372302872,0.34867359381156776,1
1855.87314,grid_2131_y504_z586,471.84,502.876,585.874,25.725696006133635,0.621,-0.16808012065632844,0.0018715540038268864,0.4338732304629878,1,-0.0717837656773067,-0.014482520167154173,0.4097354203194855,1,0.0249028766236174,-0.035066185244846386,0.37368495942145896,1,0.09694965066409038,-0.009795187603577256,0.3636238291297761,1,0.13621165212360403,0.0856650372302872,0.34867359381156776,1
1856.667466,grid_2132_y506_z586,472.021,504.434,586.191,26.1094926224161,0.783,-0.16489862712723496,0.000930701927383686,0.42883870226535975,1,-0.07038174583472584,-0.015601534581297307,0.40888016918788983,1,0.026579193516974596,-0.037221825890654606,0.3790544186639613,1,0.09713091432360935,-0.009991189325548697,0.36144815714894485,1,0.13628984655027568,0.08530978265219909,0.34800018598494065,1
1857.303186,grid_2133_y508_z586,472.351,506.182,585.948,26.06387427072188,0.623,-0.16213523476630512,0.0013132837109398122,0.4254852448600867,1,-0.0687965692299539,-0.015840984807850088,0.4079963138011761,1,0.02808753510369245,-0.03825953595953789,0.3787179853260636,1,0.09728508250833741,-0.010024371036679715,0.35915438039555064,1,0.13676539403884863,0.08539075171197563,0.34808662378221744,1
1857.934544,grid_2134_y510_z586,472.186,508.188,585.935,26.385386826802367,0.622,-0.16200673638229676,0.001552195752149019,0.43014275973131044,1,-0.0661962035026479,-0.015952760902754586,0.4036053817155258,1,0.02935998471482214,-0.03921627421195899,0.3739438803399745,1,0.09699193806206408,-0.01042696890256085,0.35481211821781244,1,0.1366451163901167,0.08518454437778192,0.3471982699401276,1
1858.57155,grid_2135_y512_z586,472.399,510.22,585.586,26.562085121465902,0.626,-0.1593464459089937,0.001842372659810676,0.4278148104596447,1,-0.06401396790691762,-0.016449114856518003,0.4021992366005841,1,0.031166122968444808,-0.0406309729983981,0.37411508457483655,1,0.09905999038007038,-0.01081907538472742,0.3584920078600815,1,0.13696768053223848,0.08494489406505612,0.34673318994607766,1
1859.319901,grid_2136_y514_z586,472.514,512.151,585.823,27.402670399068725,0.736,-0.1585224793664404,0.0017168802730846797,0.43130321052526144,1,-0.062011883587538154,-0.017112013817174525,0.40309059894753824,1,0.03278568808513904,-0.041990938089096416,0.3712498288831325,1,0.1002893980948804,-0.011067089642312343,0.3593633090311949,1,0.1347044291412101,0.08317217609944169,0.3402357321733809,1
1859.952987,grid_2137_y516_z586,472.364,514.108,585.823,28.129386306849938,0.622,-0.15602672862222344,0.0018847910458069453,0.4290579879796991,1,-0.060482772555060474,-0.017892651465279383,0.40422175215506106,1,0.03426947599002152,-0.043640080798777375,0.3700740203916607,1,0.10082288119288352,-0.01151820178513947,0.3592955092741349,1,0.1357918034099455,0.08379165402612168,0.3421458411908579,1
1860.587124,grid_2138_y518_z586,472.585,516.029,585.494,28.686211478687817,0.622,-0.15361002247270342,0.002266649631871075,0.42788194035995086,1,-0.05862061790479202,-0.018831386309694113,0.4040390242576123,1,0.03574332398012758,-0.04477912098733811,0.36701756223539117,1,0.10170196728468495,-0.011733067163716096,0.3593887643099186,1,0.1356050528628882,0.08343061843328944,0.3409342870007562,1
1861.215029,grid_2139_y520_z586,472.612,517.985,585.654,29.785479448885823,0.618,-0.15131565354291668,0.0021724959924622955,0.4264361117595417,1,-0.056209682835207796,-0.019281658061137862,0.4005206664055468,1,0.03776747185223926,-0.04664517555858734,0.37016727719512177,1,0.10148965351640135,-0.0118264569432305,0.3555462705920258,1,0.1354933107776502,0.08305009405083937,0.3400685473905103,1
1861.955487,grid_2140_y522_z586,472.442,520.111,585.801,31.042517246512105,0.73,-0.1511521789886868,0.0023227164866957387,0.43231901801747163,1,-0.05463994630127039,-0.02031332674190838,0.40563217239984467,1,0.039770515885109124,-0.048304976857288635,0.3684637713010971,1,0.10419178397465727,-0.012487921515095405,0.3613406802267689,1,0.1419959274088636,0.08672610944334873,0.35527885026778716,1
1862.587582,grid_2141_y524_z586,472.421,522.097,586.149,32.47605641083903,0.62,-0.14746440950964315,0.0018476701884210865,0.4278388290456923,1,-0.052414124384859304,-0.021096596140262085,0.40126468264645376,1,0.04143381256452694,-0.049783781625281145,0.36944235917353774,1,0.10319365658507118,-0.012547603409813562,0.35509644937930096,1,0.1393150733953449,0.0846084544743958,0.34762625117109536,1
1863.218145,grid_2142_y526_z586,472.566,523.812,586.306,33.65931411957175,0.619,-0.14297063747047453,0.001655982579443794,0.4198150381059652,1,-0.05045590873635175,-0.022003213127525827,0.3997642468503073,1,0.04278997204637108,-0.05061159402030925,0.36546956892085986,1,0.10380236584005029,-0.012561450336226642,0.3536281665268487,1,0.1376692056315872,0.0832133443500783,0.34244865373951816,1
1863.964995,grid_2143_y528_z586,472.247,525.961,586.456,35.14432353880213,0.735,-0.1420119832546676,0.0016990444158415641,0.42316916009099687,1,-0.049171541312253556,-0.023428729904170963,0.40520759412008917,1,0.044644780955705496,-0.052492940729982215,0.3652922817004306,1,0.10692039234760978,-0.013001971706914464,0.3613820029070196,1,0.13834276257305342,0.08331327531507687,0.34278703636975194,1
1864.599343,grid_2144_y530_z586,472.55,527.88,586.212,36.282986467489124,0.623,-0.1395620832548859,0.0019112002691592006,0.4210378435175334,1,-0.04806467150040441,-0.027658325727198202,0.40371028484424887,1,0.04591016972136412,-0.05658163953954255,0.36988261027570657,1,0.10478829223699046,-0.012768066273984533,0.3585174607026186,1,0.14159610452288668,0.08581997810000282,0.35250332308398313,1
1865.244795,grid_2145_y532_z586,472.669,529.65,586.268,37.57898383405278,0.635,-0.13861193807349684,0.001917350136809555,0.42436867540346146,1,-0.046980028986131454,-0.031345439361469565,0.4052266947873102,1,0.04712386061503533,-0.06010563799835137,0.36937252640711327,1,0.10349512425513327,-0.012499716263325265,0.3572866613745158,1,0.1431310254071054,0.08724042636428227,0.3578860679374504,1
1865.983596,grid_2146_y534_z586,472.591,531.829,586.384,39.24557622204059,0.727,-0.13581234434917716,0.001927216123181592,0.4200717445655318,1,-0.04524272331260373,-0.03271256243499877,0.4020086936782984,1,0.04791759618856427,-0.061561335521102635,0.3652772435694981,1,0.10345934450322225,-0.012419334910721221,0.3570853358192658,1,0.14386881693856257,0.08769466199611356,0.3600025621695261,1
1868.337926,grid_2147_y536_z586,472.692,533.604,586.318,40.543685217306056,2.343,-0.1354006913021206,0.0024723396622697417,0.4270976033626107,1,-0.0432707347963778,-0.034649488204886184,0.40364860568319083,1,0.04963310710863861,-0.06481440208794584,0.36715714572298863,1,0.10347211790500424,-0.012480676354728892,0.35757192672547733,1,0.13875398692770413,0.08440342360213393,0.34706467517510586,1
1870.245312,grid_2148_y538_z586,472.726,535.815,586.034,42.080798827969076,1.898,-0.13284321902906288,0.003015257250168267,0.42563077669390115,1,-0.04196744643538066,-0.035580623983453075,0.40456455848717343,1,0.051325806597821724,-0.06666311458936505,0.3659337014233465,1,0.10345295780233126,-0.012388664188717386,0.3568420403661601,1,0.13875398692770413,0.0844034236021339,0.3470646751751058,1
1870.878639,grid_2149_y540_z586,472.871,537.574,586.081,43.514498331016036,0.622,-0.13020617495132167,0.0028148320670378334,0.42103383281918755,1,-0.04012343792996324,-0.03626403615114791,0.4009148642896287,1,0.05242507196717068,-0.06815251281992454,0.36737112223365337,1,0.10298182132729669,-0.012482354112268718,0.3541421399330627,1,0.13852813890673782,0.08397596770698393,0.3455995125044586,1
1871.566989,grid_2150_y542_z586,472.88,539.758,585.88,45.17035818985724,0.676,-0.12888348538939554,0.0033595368457636186,0.423567421070261,1,-0.03832371763143776,-0.03740385582704012,0.40217761104996014,1,0.0535001348761819,-0.07019620056962911,0.3654374163210414,1,0.10313837348116381,-0.012517952451945941,0.3541644319016837,1,0.13751044023886655,0.0832868924081533,0.34277969078315124,1
1872.37546,grid_2151_y544_z586,472.709,541.822,586.144,47.01680118851133,0.796,-0.12601641590046278,0.003595606070905321,0.4221667000910737,1,-0.03636063736543389,-0.03835173390995747,0.40092429167607496,1,0.05479122750096817,-0.07180873409126784,0.36174881027361927,1,0.10462883383242541,-0.012717726279379582,0.35785503421229753,1,0.1383536372592565,0.08339981878621713,0.3438628182870672,1
1873.012005,grid_2152_y546_z586,472.989,543.868,585.534,48.4237495656832,0.626,-0.12398097030220116,0.004234780169464058,0.4212770909507634,1,-0.03458702601757757,-0.0384236306091024,0.3985094959445813,1,0.05644328355463328,-0.07317839494222105,0.3637943040020882,1,0.10640632022637009,-0.013018013475159832,0.36098960550053616,1,0.13885580702492584,0.08332256541332983,0.3440806128507422,1
1873.649771,grid_2153_y548_z586,472.985,545.881,585.715,50.23866817502231,0.626,-0.12098978831961546,0.0038907407025094375,0.41742697187001704,1,-0.032172286559321764,-0.03755925469979277,0.39520620485194197,1,0.057604405898781186,-0.07453638931491101,0.3624143474134147,1,0.10713675266578253,-0.013231068733071177,0.36204466751434106,1,0.1402444993706959,0.08397399768554506,0.3471190372107777,1
1874.383957,grid_2154_y550_z586,472.777,548.281,585.332,52.12193896047992,0.723,-0.11912938518198028,0.0044061671776034345,0.4193364628779541,1,-0.029889195506558257,-0.03750214763242757,0.39508926934248406,1,0.059833135653872424,-0.07705098804597595,0.36561925251687116,1,0.10714951585731256,-0.013443151081855977,0.3596294559886643,1,0.13985684399461468,0.083192828552449,0.3446519046449827,1
1875.017602,grid_2155_y552_z586,472.994,549.987,585.439,53.680190843550434,0.623,-0.11757490089555937,0.004711049503922308,0.4201216519038554,1,-0.0281868532953989,-0.03806548003377784,0.39789714910943097,1,0.06139996652320974,-0.07805362475446534,0.36610697034548895,1,0.1076036470597546,-0.013723065941559049,0.3582444843196727,1,0.13891335666942797,0.08215504799612536,0.341604836681746,1
1875.653978,grid_2156_y554_z586,472.876,552.078,585.419,55.51772147702027,0.626,-0.11477553852437346,0.004748818634232572,0.4178106559584161,1,-0.026194326319346956,-0.03860993259092395,0.396061646824844,1,0.062313071736742255,-0.07799917106027165,0.36139522873840446,1,0.10810028778014087,-0.013914287143233802,0.35630327413872165,1,0.13994428326885813,0.08239048685121447,0.3426813295811912,1
1876.290177,grid_2157_y556_z586,472.877,554.041,585.671,57.382866188436495,0.626,-0.11179509985036833,0.0045165226933699485,0.4138451259085711,1,-0.02424472823001797,-0.03899070360491401,0.3965971492717508,1,0.06462462812758743,-0.07965251454570939,0.36474689618572076,1,0.10985599918565334,-0.014317298385237067,0.35892589882650394,1,0.13931363488133908,0.08137666736439317,0.3389949206889744,1
1877.045488,grid_2158_y558_z586,472.857,556.04,585.619,59.1556328763373,0.743,-0.10987419844893129,0.004520799059775531,0.41465045162601777,1,-0.021652649271993857,-0.03874847308242623,0.38944181049538673,1,0.06662835044037747,-0.08050690418464942,0.36522340863677294,1,0.11087656283144169,-0.014515908524315687,0.358186366806296,1,0.1432749655961732,0.08346876241313052,0.3482372173430114,1
1877.677535,grid_2159_y560_z586,473.01,557.783,585.734,60.78653480829455,0.621,-0.10727381853354534,0.004472932641645499,0.4115873267179735,1,-0.020140092138136004,-0.03948764869765621,0.39278600618764886,1,0.06831075040281065,-0.08129423979798765,0.365360432634752,1,0.11097213161939572,-0.014683581096041681,0.35514659576897134,1,0.14477860602952033,0.08378105501067266,0.35044119695456627,1
1878.304806,grid_2160_y562_z586,472.94,559.828,585.872,62.700064074927354,0.616,-0.10459401119334281,0.0044572540802132205,0.4095391621752258,1,-0.018159970092813688,-0.039909841018528916,0.39415290937718583,1,0.07040795746082353,-0.08253564742084811,0.3666888889686106,1,0.11301600184895715,-0.015241695537094873,0.35716082975958124,1,0.14414143299441087,0.0830303554054342,0.3472127075316527,1
1879.048879,grid_2161_y564_z586,472.824,562.045,585.774,64.68428243398851,0.734,-0.10324510385433469,0.004488034727820853,0.4118720407651638,1,-0.016003451612085308,-0.04003543524552489,0.39234817072396205,1,0.07136651019244063,-0.08224010523267124,0.3613856623057622,1,0.11510005303238206,-0.015571937719318668,0.3600081339764264,1,0.14362815548724767,0.08238718119067714,0.34476523942958887,1
1879.681176,grid_2162_y566_z586,472.891,563.948,585.851,66.46699981945928,0.62,-0.10227115772141981,0.004704407026787295,0.41595163773535315,1,-0.014036476106426807,-0.040699695724900044,0.3946342350375375,1,0.0741228039144991,-0.08384061379703331,0.366194805574007,1,0.11544834035045985,-0.01574189340262204,0.35802232751425384,1,0.14559912857518004,0.08312782071594993,0.34841164378973244,1
1880.366875,grid_2163_y568_z586,472.853,565.779,586.208,68.29248501116355,0.675,-0.09863213662474989,0.004444407791077988,0.4099713159895799,1,-0.012017589364615874,-0.04105423917405412,0.3932574547233628,1,0.0756120943411582,-0.08392249805130242,0.3638169719239256,1,0.11643847438978709,-0.01601386057756765,0.35705106084503224,1,0.144473410888108,0.08221309567190717,0.3445862949278165,1
1881.00194,grid_2164_y570_z586,472.852,568.082,585.553,70.18632842655327,0.623,-0.09558987051575407,0.0048573625842530084,0.4049327039939361,1,-0.009911178912454417,-0.04100290452898746,0.3931962254570626,1,0.0777936527313741,-0.08509206589866973,0.36539335253530314,1,0.11848144677532305,-0.01634511483957425,0.3588918635177852,1,0.14289782057176864,0.0810240615583163,0.33978618118201387,1
1881.736334,grid_2165_y572_z586,472.835,569.884,585.967,72.01514385877461,0.723,-0.0951724063701288,0.004851885807410303,0.4137456156687505,1,-0.007388189139908892,-0.04167203931966641,0.39380096676523857,1,0.0796613497067749,-0.0852897353495871,0.3631512660807032,1,0.121477195914565,-0.01699239280950892,0.36345519195757303,1,0.1462978298078706,0.08234258142378435,0.3461116123045178,1
1882.368547,grid_2166_y574_z586,472.748,572.299,585.29,74.03896367454095,0.62,-0.09322134180969519,0.0054058107851151175,0.41395494036033964,1,-0.00542061992008671,-0.04106187929707896,0.38975922885418945,1,0.08074484809474405,-0.08516200903319593,0.3608539215704256,1,0.12277657630672327,-0.017215717298639646,0.3643523532450925,1,0.1466225821506506,0.08225343120149645,0.3464255661724619,1
1882.995676,grid_2167_y576_z586,472.774,574.066,585.726,75.8493198057834,0.617,-0.0896888622955552,0.00543329838999801,0.40823889968975574,1,-0.0031589028511185883,-0.041483154093452275,0.39150586037570845,1,0.08227186653191824,-0.08540852031436828,0.3587322382147323,1,0.12165164409364113,-0.017132989238583186,0.3583942696221028,1,0.14829557229599746,0.08331039797628632,0.35002762901037504,1
1883.627319,grid_2168_y578_z586,472.835,576.259,585.108,77.71801902390463,0.621,-0.0866404741609826,0.005910613931855532,0.4034171075518366,1,-0.0019421925872198612,-0.04315258648342942,0.3955072299204881,1,0.08375628887213449,-0.0882333376416167,0.3625122981214547,1,0.12247960166291907,-0.01719371994142429,0.36125010699428234,1,0.14844002111902962,0.08329859130438719,0.3505316972468525,1
1884.368156,grid_2169_y580_z586,472.84,578.086,585.717,79.64321205225215,0.73,-0.0851181656314238,0.005666065787881614,0.4073493467384819,1,-0.0004960976182695973,-0.04451062088228165,0.3879907617709608,1,0.08351752026973076,-0.09049195936270782,0.36008307077056495,1,0.12279728839586053,-0.017220303823059085,0.3654233362385465,1,0.15071269300394427,0.08450840942705068,0.35608403353737983,1
1884.999975,grid_2170_y582_z586,472.871,580.24,585.377,81.58070471012125,0.621,-0.08316658226740836,0.0060765428313872515,0.4064166446472467,1,0.001080381924963386,-0.04526403286082615,0.38911333108077967,1,0.08507915789896624,-0.09204893487172922,0.3622873112424073,1,0.12257668093948515,-0.017224737034977847,0.364097899823341,1,0.14882913141743076,0.08334193732740977,0.35146044049409736,1
1885.630358,grid_2171_y584_z586,472.909,582.025,585.668,83.36909044124207,0.618,-0.08216592519184007,0.005838004858217558,0.41146123266349155,1,0.0024341163531205368,-0.046069488341043865,0.3872559000137238,1,0.08592087193431235,-0.09287074374225589,0.36115460238280656,1,0.12285059044115494,-0.017176583409876007,0.3643238125975459,1,0.1486290015620133,0.08325237287028633,0.3509987560945955,1
1886.256472,grid_2172_y586_z586,472.779,584.148,585.65,85.38335237035382,0.617,-0.07898064257020508,0.005757431073911881,0.40606003977716904,1,0.0038016080412511056,-0.047639359367095985,0.38835952897686554,1,0.08692489691731382,-0.09470325595590992,0.36315854949000753,1,0.12174536354191937,-0.017061185104701015,0.36270526956350463,1,0.1491630122892905,0.08373241351061016,0.35273830616669694,1
1886.997013,grid_2173_y588_z586,472.837,586.09,585.581,87.21953286391764,0.727,-0.07626592623038816,0.005625304170163518,0.4021336004358759,1,0.0034239463926280522,-0.052765245641792316,0.3937651006942716,1,0.08412059565815125,-0.09608400096473083,0.3622376056322186,1,0.11683741444420774,-0.015959568818371832,0.36017692820531994,1,0.14419949144242222,0.08224642025531319,0.3448352381790782,1
1887.630367,grid_2174_y590_z586,472.695,588.258,585.787,89.35051172209373,0.622,-0.0769650329171914,0.0021668444141426345,0.4088536748436152,1,0.0026118445167313273,-0.05783452743066594,0.39529012251407875,1,0.08178872962734146,-0.09729046978255948,0.36590852737404167,1,0.11364458678535669,-0.015187038982755668,0.3599656737942673,1,0.14298160841851745,0.08257389998451477,0.34522051296088224,1
1888.267719,grid_2175_y592_z586,472.691,590.272,585.724,91.26354688483246,0.625,-0.07685338926888019,-0.0022737350392315297,0.40636644505711955,1,0.0010828383043945768,-0.06404375508677353,0.3971149162789059,1,0.0770833514772202,-0.0963792579356274,0.3672924434563224,1,0.10936891771434734,-0.014086350651153327,0.3582938839088182,1,0.13985003916397576,0.0821776982896528,0.341763593567068,1
1889.002246,grid_2176_y594_z586,472.851,592.129,585.671,93.03640599249312,0.724,-0.0740557005545034,-0.002186810134392674,0.4028728337275077,1,0.0027013689892994444,-0.0642548331827049,0.39118447051018235,1,0.0778819792581816,-0.09702510791068283,0.3687003373855885,1,0.10942757545256007,-0.01409683067099091,0.3581165324788553,1,0.14035906560721098,0.0822980007568441,0.3425719747636804,1
1889.63084,grid_2177_y596_z586,472.683,594.347,585.366,95.08580883076084,0.617,-0.07229025255072238,-0.0019834584585882746,0.40218647436548577,1,0.0039002363405636793,-0.06501729998112907,0.3925794090879325,1,0.07928561582482437,-0.09775115223093361,0.3709094747741575,1,0.11207101898992104,-0.014557971048448571,0.3647664860118365,1,0.1399999837520764,0.08171377056051231,0.34060961474453777,1
1890.261262,grid_2178_y598_z586,472.824,596.379,585.507,97.0859907144177,0.619,-0.07060010769545899,-0.0019758354750395155,0.40574181884570004,1,0.005943577714089118,-0.06484516938961567,0.38991716876920945,1,0.08082475579228954,-0.09835402558227024,0.37113514248244206,1,0.11138678670378761,-0.014609016757216922,0.35933740181452406,1,0.14227002149322637,0.08271295819978228,0.3456086473659533,1
1890.890748,grid_2179_y600_z586,472.875,598.41,585.353,99.00940951747967,0.617,-0.06880163910865082,-0.0019043153045188437,0.406119470290281,1,0.007581251897262801,-0.06595813921542194,0.3919404735731447,1,0.08177251931494259,-0.09835888233838418,0.3695866906778033,1,0.11125634006781997,-0.014797425774508807,0.3564638812617382,1,0.14331016058194618,0.08306594277903591,0.3472900781300161,1
1891.803762,grid_2180_y602_z586,472.79,600.486,585.293,101.00123604194158,0.901,-0.06396021275817299,-0.0015601042534819833,0.39362570883051157,1,0.010037654985659445,-0.06650867441943753,0.3915776394834133,1,0.08253073833031253,-0.0981877595386085,0.36564136410731435,1,0.11618879707389443,-0.01573296164189397,0.3685159571884766,1,0.14502221411367183,0.08361717969040053,0.3501861993103643,1
1892.43632,grid_2181_y604_z586,473.119,602.139,585.169,102.57989233763118,0.621,-0.06351234964305116,-0.0013276000618085751,0.39839143960321344,1,0.010760923311727765,-0.06565882183085175,0.3846415869601815,1,0.08447327813731678,-0.09927308136437427,0.36961711468630515,1,0.11576844629480357,-0.01572382677100631,0.3656791874776156,1,0.14494753077562186,0.08321289030910033,0.349056231538428,1
1895.304355,grid_2182_y606_z586,473.231,604.068,585.278,104.48010370400672,2.857,-0.06070281028454479,-0.0016035223108085024,0.3945263810573905,1,0.013285093961758764,-0.06819232802970565,0.3952844295368617,1,0.08520314803398785,-0.09918844024126597,0.3666417541695407,1,0.11463204260784929,-0.015572050400706259,0.3590377825460931,1,0.14435643728337627,0.0830695820782992,0.3472890422771772,1
1896.33578,grid_2183_y608_z586,473.138,606.051,585.201,106.38511401977259,1.02,-0.059203346719727636,-0.001291572328895721,0.39985805247419776,1,0.014566831224476287,-0.06738940894581322,0.3869175509931291,1,0.08651895908329535,-0.09912023319276794,0.36538006198487094,1,0.11563290958211019,-0.015584960894532821,0.3593313565520447,1,0.14236404758591498,0.08145947021774344,0.3414508009464009,1
1898.033614,grid_2184_y610_z586,473.122,608.048,585.292,108.34723473628667,1.687,-0.056922678385926996,-0.0014919565492065722,0.397075573972962,1,0.0183219425974652,-0.07615723336340122,0.4349477217962926,1,0.08943274259561321,-0.10120363158376629,0.3714572627657489,1,0.11597761215164973,-0.01596488624957004,0.35936150830570596,1,0.1412293969374281,0.08067241029398983,0.3381302339456073,1
1898.897789,grid_2185_y612_z586,473.058,610.053,585.348,110.3094171591891,0.854,-0.05532861030880758,-0.0014798806692074584,0.3994511914223823,1,0.01808961515421732,-0.06761399228569602,0.38334911445685893,1,0.08913072758492716,-0.09981691063946616,0.36414334208524873,1,0.11580800046127482,-0.01603617913076958,0.355236438767037,1,0.14535653788325736,0.08249554449747346,0.3465808061685177,1
1899.526086,grid_2186_y614_z586,473.056,612.054,585.417,112.27351848944612,0.616,-0.053557433860296585,-0.0015127476736442656,0.3988279964390803,1,0.019464483771736242,-0.0678334725720597,0.38302748583106805,1,0.09068292978620159,-0.10057539391254447,0.36577861914432425,1,0.11741170286416598,-0.016297327142861334,0.3577154723658218,1,0.1446292210653094,0.08205502538331182,0.34430058579337375,1
1900.271054,grid_2187_y616_z586,473.072,614.045,585.688,114.27450012141813,0.734,-0.0511022683808086,-0.0014518156071314015,0.398747690234247,1,0.021928626569128983,-0.06901700748586877,0.3859404589265082,1,0.0912773546942313,-0.09979150716496014,0.36098740521461953,1,0.11906803027167026,-0.016565169661571597,0.35913805665961834,1,0.14377650545627363,0.08145657829524125,0.34161199395758224,1
1901.01457,grid_2188_y618_z586,473.179,616.143,585.282,116.23393615033439,0.732,-0.04826170011171386,-0.0011232925857859923,0.3908226975527683,1,0.02314808855970881,-0.06899177691091693,0.3841241382306502,1,0.09335455195924891,-0.10115437456474052,0.36486246086618823,1,0.12089842551702694,-0.01678866919172994,0.3626082271337943,1,0.14581978663418899,0.08242921058979508,0.3459381400133287,1
1901.653642,grid_2189_y620_z586,472.913,618.061,585.713,118.19388173674646,0.629,-0.0470145802832298,-0.0013434713787811167,0.39681873830152303,1,0.02533812007061831,-0.07071465368026786,0.3907472701638067,1,0.09473804211561346,-0.10150403009070708,0.36467181234665624,1,0.12209318324995169,-0.017057637170364983,0.36383359148398975,1,0.1483465352399212,0.08330538740181337,0.35074670058952867,1
1902.279096,grid_2190_y622_z586,472.971,620.456,585.052,120.3957854328797,0.616,-0.04496357868572606,-0.0008610114138771958,0.3979545353901487,1,0.026713831940091408,-0.06976329876170106,0.3838004007955315,1,0.09691144378389129,-0.10284304269306295,0.368203869068284,1,0.12330339099612801,-0.017257173041153984,0.3653532386232138,1,0.14783358189336646,0.0827612591220889,0.34911664970371065,1
1902.906147,grid_2191_y624_z586,473.173,622.159,585.287,122.11435463531714,0.618,-0.04266774238845121,-0.0007533480668246628,0.3948475092307944,1,0.028600079714709164,-0.07059124008541923,0.38615192528732745,1,0.09687430934419086,-0.10180032728844716,0.36324503987620227,1,0.12233076894725312,-0.017171803632043563,0.36021341408020496,1,0.14853242520310328,0.08335049252303861,0.3507618127106846,1
1903.641709,grid_2192_y626_z586,473.207,624.167,585.2,124.06281909178112,0.725,-0.04103426477610392,-0.0006419932399001182,0.40177148315514727,1,0.030310168233671386,-0.07068172654283596,0.3836710317296378,1,0.09857307084268459,-0.10214805118641346,0.363863319924816,1,0.12189989928437558,-0.017124201951379044,0.3562022363231446,1,0.14808942294275024,0.08313711399984562,0.3493856176759235,1
1904.273393,grid_2193_y628_z586,473.192,626.056,585.259,125.92460025745571,0.621,-0.03872285660815756,-0.0006055489955161191,0.39424278084645553,1,0.03173901831733485,-0.0709465245095162,0.3832341541077665,1,0.10027241609935193,-0.1032639596255938,0.3666673490689235,1,0.12459791676148665,-0.017569550629520207,0.36317951836726803,1,0.14892453076694587,0.08345005188786518,0.35066453024408695,1
1904.966881,grid_2194_y630_z586,473.261,628.183,585.308,128.0202466994967,0.683,-0.03629014162293718,-0.0006916917656177229,0.3948134706776548,1,0.03374556542214283,-0.0717416394963768,0.3839126386373418,1,0.10221914452617531,-0.10407187971364666,0.36839738083274726,1,0.12415653449012351,-0.017629801535361228,0.3594801211489434,1,0.14697474818270057,0.0819046620069579,0.34502855986573727,1
1905.770189,grid_2195_y632_z586,473.301,630.06,585.503,129.899543944542,0.792,-0.0342573358260782,-0.0008035511571078936,0.39310228596457863,1,0.03554989088720386,-0.07241349028633634,0.38415327531238225,1,0.10329426090951406,-0.10427129335108516,0.3680056270828521,1,0.12477487403351091,-0.017655815411779203,0.3588701894539886,1,0.14617794287915956,0.08135302309840764,0.3429923312349098,1
1906.458326,grid_2196_y634_z586,473.41,631.896,585.765,131.75328963635022,0.678,-0.032285631068098695,-0.0008362182612546339,0.39387689251468794,1,0.03680207612894808,-0.07242612245155185,0.3803733499947889,1,0.10384387418451965,-0.10367359105815983,0.3648677515830755,1,0.12612082913226125,-0.01774897011386003,0.361059006716095,1,0.1490008983328915,0.08300263424587435,0.34935494227134706,1
1907.35168,grid_2197_y636_z586,473.303,634.097,585.581,133.8753693402935,0.78,-0.02986109120119653,-0.0007433945906656328,0.39468479667806394,1,0.03844978950133484,-0.07235419351036232,0.3776993847386562,1,0.10458843937460838,-0.10347285219003872,0.3634862531832198,1,0.12590443641153204,-0.017674674527022604,0.3588254795691187,1,0.1495039365323601,0.08272754040654362,0.3489354186977979,1
1907.980096,grid_2198_y638_z586,473.442,635.94,585.692,135.7085918687539,0.618,-0.028363341532473062,-0.0009068778376568262,0.3950281645683981,1,0.04014485387879107,-0.07405244181595941,0.3830648261456607,1,0.10571090930277019,-0.10373890414417626,0.3642647364240714,1,0.12607930630889227,-0.017678956630138656,0.3580612866944175,1,0.14846554006650453,0.08210674633074391,0.34624336223795016,1
1908.61113,grid_2199_y640_z586,473.416,637.995,585.37,137.66723092297602,0.622,-0.02595476266556344,-0.0006353621357632823,0.38790890337109785,1,0.04135814350719459,-0.07383164131606024,0.38061222625699537,1,0.10703970175150732,-0.10437178654350313,0.36630903121804426,1,0.1270039132012199,-0.017983342048756713,0.3593300965673329,1,0.1477895270618527,0.08179766643055163,0.3446640759189633,1
1910.411644,grid_2200_y642_z586,473.613,639.904,585.106,139.50067940336348,1.789,-0.023841927411685056,-1.0479896105436811e-05,0.4010604232525908,1,0.04267123529002352,-0.07372596730317585,0.37639191396192423,1,0.10736983315396169,-0.10415585237799155,0.3641369236290807,1,0.12787559585365002,-0.018199122585557913,0.3601788508217091,1,0.1477895270618527,0.08179766643055163,0.3446640759189633,1
1911.040532,grid_2201_y644_z586,473.537,642.044,585.016,141.58887140591239,0.618,-0.021941069850438238,0.000113058075794307,0.3933689896912271,1,0.04406837828386957,-0.07437389000828157,0.3788481870594801,1,0.10730009879346199,-0.10356592526392527,0.36204367572811624,1,0.1281208355965641,-0.018255041939308984,0.3608019936110913,1,0.1477895270618527,0.08179766643055163,0.3446640759189633,1
1911.664835,grid_2202_y646_z586,473.633,643.996,585.278,143.5581467211109,0.614,-0.019683945077989897,-0.00013835258698257242,0.38776650810469254,1,0.0458357431168169,-0.0756159877307743,0.38117563368315427,1,0.10822255513388443,-0.10348663408834421,0.3618568419357797,1,0.1285353484945961,-0.018200816723210222,0.3601887392606648,1,0.14790597530528693,0.08178989438912128,0.34461446801437623,1
1912.419018,grid_2203_y648_z586,473.846,645.905,585.212,145.43086820204297,0.744,-0.01765607335077197,-2.616780364577144e-05,0.39373761822156245,1,0.04719266193395257,-0.07633013888241384,0.38039123949315323,1,0.10950268225617159,-0.10419408977429323,0.36415407278591577,1,0.12881809962643015,-0.018201542782204073,0.3601929771630744,1,0.14803994896368589,0.08178960215944389,0.34460809496587447,1
1913.05658,grid_2204_y650_z586,474.103,647.647,585.324,147.17166238444145,0.626,-0.016023667276537312,-0.00010970695148287636,0.39040058409083256,1,0.047929866292250004,-0.07701202995932917,0.3796475169248609,1,0.10999448875856191,-0.10445695537730279,0.3649286953169723,1,0.12881809962643015,-0.018201542782204073,0.3601929771630744,1,0.14815263195590472,0.08179938042199622,0.34466149274165386,1
1913.694742,grid_2205_y650_z588,473.9,648.079,586.559,147.80801537467443,0.628,-0.015233582907993138,-0.0012684429274901206,0.38867521850878906,1,0.0473645292160884,-0.07869342967552453,0.37813255388720635,1,0.10770294101954177,-0.10350442676822125,0.3617292486868721,1,0.1279248166259234,-0.018141889086391146,0.35952120893213163,1,0.14787592193162452,0.08179622497547454,0.3446526214106146,1
1914.438394,grid_2206_y648_z588,473.9,648.079,586.559,147.80801537467443,0.732,-0.014924788145992515,-0.0015237737389335892,0.3937227978303636,1,0.046712280552483845,-0.07901690163406785,0.3771496293215464,1,0.10721312601823758,-0.10404667433652715,0.3637516839323142,1,0.12835465589982795,-0.018365767500430112,0.3621009752441011,1,0.1474277328870826,0.08157543411289661,0.343818802552503,1
1915.064116,grid_2207_y646_z588,473.874,646.997,585.88,146.62265975626002,0.617,-0.015941028487463347,-0.0009588976708289329,0.39128970215401143,1,0.045431430227796527,-0.07791618286221155,0.37418255518208504,1,0.10692839031983097,-0.10435574123430762,0.3657566006007086,1,0.12649161131208475,-0.017742774444968943,0.35851857165736833,1,0.14801486473006994,0.08190069306394905,0.3451905046919589,1
1915.697647,grid_2208_y644_z588,473.46,645.292,585.979,144.9537418834023,0.622,-0.017213562954477873,-0.0006487581509009999,0.3860226768633401,1,0.044827899256770436,-0.07759785271839116,0.375920616277175,1,0.1069158159060039,-0.1047376391417513,0.36748927976509926,1,0.12507463812232605,-0.01763243877334102,0.35478141444939404,1,0.14751661404874702,0.08155925506203646,0.34402638673203406,1
1916.330512,grid_2209_y642_z588,473.038,643.442,586.261,143.17744161005254,0.622,-0.018745577921305323,-0.0007253600219084002,0.38646010579962453,1,0.04427948472099119,-0.07727263208094767,0.3777817499571779,1,0.10576770426988287,-0.10365875660364163,0.3636776000385443,1,0.12551351568983227,-0.017667517091311598,0.3560400138508051,1,0.14784409293739295,0.08177482819325879,0.344841849914871,1
1917.064881,grid_2210_y640_z588,472.52,641.779,586.303,141.5427572184462,0.722,-0.020857105576927798,-0.0009890440734870612,0.3893407125495827,1,0.04354599706270025,-0.07689375323581149,0.3803421457436965,1,0.10702718547496308,-0.10479932584444462,0.367649607663829,1,0.12634865404688383,-0.01771527022562144,0.35848785863226545,1,0.14810374589173442,0.0818845140130889,0.34539808887148993,1
1917.694726,grid_2211_y638_z588,472.196,639.9,586.165,139.66691852403702,0.619,-0.022579851756441394,-0.001017774183870984,0.3918951827661892,1,0.042845475726743784,-0.07588631175517924,0.3803110304403415,1,0.10659350248510088,-0.10445509632559868,0.3663945418147582,1,0.12471131825558116,-0.017616099829064997,0.3539552114455161,1,0.1478784082235171,0.08178148737969146,0.34487166009849435,1
1918.329543,grid_2212_y636_z588,472.044,637.955,586.308,137.78190246182555,0.622,-0.024545412743821618,-0.0011063455446386349,0.3944257901922079,1,0.04152069644871776,-0.07500299194210895,0.37890635372107745,1,0.10604147239539945,-0.10415115145958545,0.3657794554905383,1,0.125190990692391,-0.01762991695060444,0.3555953857208934,1,0.14869087773472178,0.08220977296414134,0.34676979101094585,1
1919.015186,grid_2213_y634_z588,471.9,636.252,585.842,136.0201799256272,0.675,-0.02605947407479317,-0.0008444731793394967,0.3912863084025433,1,0.04021070842867475,-0.07469831140001429,0.38083621806876977,1,0.10494125910927618,-0.10401224804931045,0.36541044505298914,1,0.125884058462939,-0.01770888654227294,0.35915954165512415,1,0.14867176103420182,0.08264982805244617,0.34804945586135094,1
1919.768724,grid_2214_y632_z588,471.974,634.18,586.043,134.02542238694863,0.742,-0.0288172853831475,-0.000870809789866874,0.3946305831102938,1,0.038091520098756534,-0.07362646809975648,0.37883740048884995,1,0.10427615571855645,-0.10448471062478237,0.36794842662284777,1,0.12473842943334959,-0.017606677838603767,0.3577006652153525,1,0.14689673771937964,0.08179725622508549,0.34468199721793497,1
1920.401367,grid_2215_y630_z588,471.721,632.517,585.826,132.34962975769906,0.622,-0.030328357637029707,-0.0007993397399326822,0.3942603175742042,1,0.037233901236731516,-0.07393581280802877,0.3832506938630001,1,0.10359353816516545,-0.1044725884487226,0.36847995680929835,1,0.12463112441540325,-0.01766918071264808,0.359123842826102,1,0.14689673771937964,0.08179725622508549,0.34468199721793497,1
1921.036935,grid_2216_y628_z588,471.621,630.59,586.082,130.50954641711084,0.624,-0.03221650439689854,-0.0007957545176665168,0.3942228643178847,1,0.03548211674290051,-0.07323780322739117,0.3809728133393882,1,0.10235225221856714,-0.10395641338223276,0.3677207494487599,1,0.12433885792889962,-0.0177058943387741,0.3600073160160764,1,0.1473661084841574,0.0821954381082138,0.34605835882571057,1
1921.777214,grid_2217_y626_z588,471.813,628.481,586.031,128.43458607400112,0.731,-0.034665266675262894,-0.0010520206481561827,0.39607421132716425,1,0.03457145518999731,-0.07439012765026862,0.3892015961763914,1,0.10125797134179834,-0.10403739209611373,0.368970245945128,1,0.12238625146879942,-0.017351335555229233,0.35604675738755237,1,0.1481355383987209,0.08286345440774731,0.34846268519566037,1
1925.865078,grid_2218_y624_z588,471.527,626.708,585.855,126.66033873711217,4.077,-0.03651430871590343,-0.0008972982483588509,0.39705962237360987,1,0.03235709443556727,-0.07246251385331466,0.3819356687347555,1,0.0999334799632992,-0.10370241052498834,0.3689749447239959,1,0.12174876134064874,-0.01716644006474028,0.356476329846055,1,0.14873463581509905,0.08350395185258411,0.35092100200156057,1
1926.717085,grid_2219_y622_z588,471.659,624.475,585.935,124.49212555017287,0.84,-0.03912227879257535,-0.0009523461096792717,0.3948172513832666,1,0.030028217020375038,-0.07188403734845074,0.3833662108907273,1,0.09858375702299553,-0.1031955900109492,0.36859609361850076,1,0.12368343321885877,-0.017194204803886018,0.36371591342457377,1,0.14820690410686216,0.08325607832146528,0.3500013238160301,1
1927.349472,grid_2220_y620_z588,471.593,622.549,585.802,122.58011401936287,0.622,-0.04055375364877565,-0.0008508177325420233,0.39440346682237915,1,0.028923510796225925,-0.07166930528752678,0.3833540041287363,1,0.09718430038793888,-0.10262788531742198,0.36698393253008865,1,0.12349199325769115,-0.01723501067632902,0.36471442256677405,1,0.14884282469596072,0.0833566211270001,0.35143814397627043,1
1928.819534,grid_2221_y618_z588,471.173,620.721,586.264,120.88943788851036,1.46,-0.04295892956836408,-0.00174513930074338,0.3974019034663301,1,0.03106127580991332,-0.0806586390108508,0.4322877020093646,1,0.0968615854641088,-0.10282253755258733,0.3694004807537365,1,0.12189171995160145,-0.017158967415895805,0.3625832316552011,1,0.1496935151914372,0.08381285511353122,0.3534508543828864,1
1929.839309,grid_2222_y616_z588,471.223,618.6,586.457,118.86207000132552,1.008,-0.044758440935717465,-0.001865812541782213,0.39598022978157005,1,0.025636438259375303,-0.0707201281902187,0.3827548564919779,1,0.09291168955579132,-0.09986215056923968,0.3592220746249287,1,0.12182623306139151,-0.01702699797158644,0.3644375967287771,1,0.1480954986994639,0.08354710684272977,0.35119096382307713,1
1930.481694,grid_2223_y614_z588,471.152,616.647,586.665,117.0048051192771,0.632,-0.04655258317454129,-0.0020493015308026665,0.39664186446477107,1,0.024377671800961773,-0.07094527835394414,0.38555244374974124,1,0.09358244550632266,-0.10173497896573783,0.36696464648994936,1,0.12000130899039547,-0.016736031800793784,0.36085891832038475,1,0.14460709591263088,0.0818471617819548,0.3434287492597659,1
1931.88656,grid_2224_y612_z588,471.1,614.759,586.622,115.15653168622266,1.395,-0.049365203904961644,-0.0022946099882550372,0.39964300387944357,1,0.022016545301619467,-0.06995655217745472,0.3820879326449824,1,0.09155500969673472,-0.10077531588314019,0.3647411659479719,1,0.11786944664129169,-0.016186837177546053,0.35750521900366017,1,0.14323590147381812,0.08123399630180514,0.3405980533872806,1
1932.515925,grid_2225_y610_z588,471.091,612.802,586.649,113.25901255529295,0.619,-0.05089498327345441,-0.0022968812599070154,0.3999533155469829,1,0.02102591552022345,-0.07002030409492728,0.3848539089648976,1,0.09132383755456693,-0.10119976330503944,0.36757796733265174,1,0.11724688097633376,-0.016161406305632006,0.35736454624269337,1,0.14448947255604389,0.08191017828232645,0.34413066360228395,1
1933.144802,grid_2226_y608_z588,471.029,610.929,586.298,111.35567650102081,0.617,-0.05219079849270848,-0.002039609509327755,0.396485870990721,1,0.019325076635220144,-0.06985248374041042,0.3882594112031992,1,0.0892584137757647,-0.09995572472383128,0.36499273186760695,1,0.11639045697282198,-0.016141316640265236,0.35788901196681444,1,0.14581585367885463,0.08294015946982157,0.34817602909258244,1
1934.171567,grid_2227_y606_z588,470.969,609.027,585.97,109.4296950055149,1.016,-0.055766168939433,-0.0015196723958121184,0.40301657598103074,1,0.017313095945438943,-0.07049112965068863,0.39508429840318576,1,0.08785006483969646,-0.10009522231655672,0.36796976431210004,1,0.11636570944640767,-0.015645580367117724,0.36100971015618055,1,0.1423777737608416,0.08145583874685133,0.34143042212519736,1
1934.916795,grid_2228_y604_z588,471.188,606.863,585.97,107.32878077198127,0.734,-0.05711967472124487,-0.001606117326434463,0.4005107829536726,1,0.015755700199199682,-0.06970927502686952,0.3935514650998427,1,0.08671152313763413,-0.09962560551206004,0.3677658784807507,1,0.1158808504698855,-0.015691792654400703,0.36165679894634584,1,0.14355868422764922,0.08242967874218761,0.34498334483142984,1
1938.086359,grid_2229_y602_z588,471.009,605.038,585.936,105.54912104797465,3.159,-0.07002689485526838,-0.002121088936932503,0.47313973858071207,1,0.013618973796100439,-0.06829579235822743,0.39001829443719843,1,0.08337987614896422,-0.09739502962377841,0.36056331948610965,1,0.1141753839765409,-0.015577216583995735,0.35907774582888796,1,0.14632282755900042,0.08398674521900365,0.3520309434817442,1
1939.007636,grid_2230_y600_z588,471.188,603.049,585.879,103.60804716333573,0.911,-0.06169086799306957,-0.0018306680693953345,0.4015954847247144,1,0.011704488160932575,-0.06765867973748538,0.38847186067497647,1,0.08411633666279439,-0.0992596440446866,0.3701937208754665,1,0.11618879707389443,-0.01573296164189397,0.3685159571884766,1,0.1456678037942247,0.08388730756275356,0.35159264078211316,1
1939.641026,grid_2231_y598_z588,471.185,600.887,586.215,101.60064869871645,0.622,-0.06325203334997022,-0.0020957153129107214,0.40123858024991943,1,0.010468831735818229,-0.06779543609415781,0.39036630384255155,1,0.0828053668638633,-0.0984457114973324,0.36798771567477273,1,0.11146759115539391,-0.014891231814461703,0.3556295115465102,1,0.14411886370207744,0.0833136942264141,0.34858913310935374,1
1945.27365,grid_2232_y596_z588,471.272,598.844,586.474,99.69580201292335,5.622,-0.06688285735186637,-0.0028870899556245476,0.40556472528972554,1,0.009500781117067144,-0.07557804557037404,0.43996186487687006,1,0.08119535323672675,-0.09746955906155341,0.3667334280074676,1,0.11157083573289259,-0.014641782209008625,0.35851910446281227,1,0.14259051430918454,0.08258168012373321,0.34545876736132825,1
1946.180583,grid_2233_y594_z588,471.104,596.862,586.598,97.817914366439,0.897,-0.06908126801582495,-0.003012921419543646,0.40733084615615256,1,0.006664820565418901,-0.06619400980048802,0.3857397359321161,1,0.07992103891638783,-0.09758473088807226,0.367874296939864,1,0.11172725397115923,-0.01459265377799191,0.36206003848426266,1,0.1411533879040253,0.08209153347514256,0.3428286611537211,1
1946.812072,grid_2234_y592_z588,471.111,594.683,586.843,95.7896886935123,0.62,-0.07019275062860789,-0.003087850410507694,0.40517504990998665,1,0.005642507964071368,-0.06689963383463814,0.39215152022549254,1,0.07925770930172685,-0.09739523082041651,0.36898995426526254,1,0.11028380935580018,-0.014336834225088487,0.3587931081409662,1,0.14189733599364884,0.08270649296645098,0.34529912757076264,1
1947.497939,grid_2235_y590_z588,471.124,592.594,586.849,93.78686710835379,0.675,-0.07236146081809103,-0.0035518346840750824,0.4048763646277104,1,0.0036842680020290294,-0.06611873322929288,0.3901592072271132,1,0.0776266527521385,-0.09665499722720508,0.36775239057930376,1,0.1089379476554716,-0.014089031116743273,0.35711400674447696,1,0.13983476813653833,0.08191746597252472,0.3413450514020777,1
1948.302553,grid_2236_y588_z588,471.151,590.586,586.816,91.85415312330743,0.794,-0.07431077883621626,-0.003297775353327259,0.40295751643002653,1,0.0015706861877478463,-0.06603966705837916,0.39360873753322456,1,0.0755350681594326,-0.0957116826791676,0.36703289996718763,1,0.10936613218617866,-0.01407899831834392,0.3627463283780209,1,0.13974930498665886,0.08235460944444477,0.3425800453242768,1
1948.943221,grid_2237_y586_z588,471.251,588.519,586.695,89.84285540876361,0.629,-0.0764793964820211,-0.0033338040477604073,0.40411302688434264,1,-0.00016766292920887966,-0.06509096225756815,0.3913983273431005,1,0.07437960557328725,-0.09552420466550036,0.3681019638412787,1,0.10891593034756346,-0.013972300715099,0.3639174125303519,1,0.13946359360199162,0.08246900373011677,0.3429517985187807,1
1949.573555,grid_2238_y584_z588,471.294,586.606,586.833,88.05892555556194,0.62,-0.07926250560939865,-0.0036431773878997757,0.4083930052061214,1,-0.0018022465255536375,-0.06559765587962688,0.3973381012478183,1,0.07345016012362098,-0.09538462063716872,0.3701020905820279,1,0.10753275786434482,-0.013333739652109627,0.36188802257672253,1,0.1386951363487061,0.08241658546220218,0.34279532066718554,1
1950.30633,grid_2239_y582_z588,471.348,584.56,586.625,86.04747058455578,0.722,-0.08262289494308384,-0.0036523740819767586,0.4142169781325132,1,-0.003917936745768076,-0.06472339885448217,0.3949656281189862,1,0.07175529710299496,-0.09489370880266353,0.3703315290394004,1,0.1065499604727673,-0.013124987470499205,0.36231090563122564,1,0.13879246276706286,0.08301013662859869,0.34374997018282555,1
1951.049554,grid_2240_y580_z588,471.662,582.463,586.612,84.0536685100656,0.732,-0.08458567662252263,-0.0036487783403943742,0.4133295778440546,1,-0.005506161995154151,-0.06381242920649986,0.39259736650519056,1,0.06999199220352309,-0.09388066062358578,0.3684379931580189,1,0.10336997485666051,-0.01268569497853462,0.35448853679770365,1,0.13717697995320127,0.08256722992930635,0.3412119634037639,1
1951.708326,grid_2241_y578_z588,471.506,580.59,586.679,82.29773089216984,0.648,-0.08577127093252483,-0.003912898564650456,0.4088234946440621,1,-0.007408335177224901,-0.06296450076370293,0.3907321754256494,1,0.06960212545838802,-0.09456453106609397,0.37365885968831636,1,0.10492712584978395,-0.012535997851361636,0.3628957576937194,1,0.13806687590580802,0.08368544820801058,0.3452806192396166,1
1952.44323,grid_2242_y576_z588,471.726,578.481,586.639,80.29355309736891,0.724,-0.08824604568204769,-0.003910567210330283,0.41097289188930014,1,-0.008964193011491269,-0.06302241325410399,0.3956614907343622,1,0.06804639164799564,-0.09327677889121067,0.37163183906129,1,0.10364134700638736,-0.012214902141851391,0.36151439912835104,1,0.13667466038751006,0.08347805705655756,0.34353868573085944,1
1953.074585,grid_2243_y574_z588,471.668,576.642,586.518,78.51835792348189,0.619,-0.08962866003479021,-0.004081178364153289,0.4085022816930852,1,-0.010630797302912446,-0.06255633588056779,0.3969027620214983,1,0.06768303943381396,-0.09401426138062473,0.3755904194251873,1,0.10262801850525032,-0.011813399981026323,0.3609524376651469,1,0.13708592426046246,0.08410164070786388,0.3459054560937972,1
1953.719516,grid_2244_y572_z588,471.735,574.556,586.363,76.50437279659255,0.634,-0.09352891737591235,-0.003976591386809381,0.41635531840090545,1,-0.012384463546762902,-0.06164767889484255,0.39600905397731456,1,0.06605310944629932,-0.09299443170858672,0.3732014193977092,1,0.10171054655422998,-0.011687711617150468,0.3609569557082789,1,0.13637375598294033,0.08386101650799026,0.34515167554245524,1
1954.363669,grid_2245_y570_z588,471.816,572.505,586.418,74.60135174378546,0.633,-0.09517001681763533,-0.004201358439501627,0.415024041789136,1,-0.01372206733401711,-0.060230458743429416,0.3940389692573233,1,0.06525376462196245,-0.09263252404620906,0.373046648951881,1,0.10109848080966714,-0.011615785113818123,0.3597679426815105,1,0.141578066946822,0.0874281457995076,0.35904812811245135,1
1955.09332,grid_2246_y568_z588,471.894,570.395,586.512,72.66559041251915,0.72,-0.09701347520026307,-0.004382709547932498,0.41337557772193767,1,-0.015280488694260519,-0.059466291626013426,0.39582868448647796,1,0.06442863803483896,-0.09203464888696357,0.37269891995133986,1,0.1001073450440991,-0.011422415423222861,0.35828497289479877,1,0.13785574101608272,0.0854492865704464,0.3493858241358963,1
1955.723145,grid_2247_y566_z588,471.765,568.507,586.546,70.92002406231964,0.619,-0.09919868920309108,-0.004425567538122193,0.4147645970579684,1,-0.016570022652033174,-0.05824865405452789,0.3927254468195029,1,0.06397252686109876,-0.0917753908512047,0.37232128688439864,1,0.10057685027186644,-0.011511338138243843,0.36100809539731615,1,0.13532919828912995,0.08402353854381625,0.34296729204415144,1
1956.358714,grid_2248_y564_z588,471.547,566.699,586.74,69.31607410262063,0.625,-0.1016164069325844,-0.0047027021066176995,0.4180855305237934,1,-0.01789181956614741,-0.057781399978724654,0.39792113851560434,1,0.06424937361040652,-0.09214409875660474,0.3733759991151458,1,0.10022206800875073,-0.011410861660006166,0.3585258570736502,1,0.13706886401478932,0.08497914607870935,0.3474475564143083,1
1956.990265,grid_2249_y562_z588,471.503,564.682,586.884,67.51393111054935,0.621,-0.10429410656430668,-0.004934662154686949,0.4218679040009805,1,-0.019093107784530567,-0.056448969317832644,0.3991538190024269,1,0.06413835540217724,-0.09161379638625977,0.3716461459373913,1,0.10104503030209781,-0.011444798481994404,0.36037799909780865,1,0.1403480615139082,0.08688844677927257,0.3558649426551342,1
1957.731798,grid_2250_y560_z588,471.659,562.344,587.664,65.69813590962842,0.73,-0.10577670306860873,-0.005852208998069866,0.41943235364056,1,-0.02031990331642955,-0.055182984020745486,0.39583530487946533,1,0.06446887860830633,-0.09248511862294062,0.37633612365051455,1,0.10084839413430906,-0.011442403330433622,0.35966935281172346,1,0.14194030007747552,0.08781654648353454,0.359858654870367,1
1958.37139,grid_2251_y558_z588,471.439,560.681,587.321,64.04243546274616,0.629,-0.1067098171009095,-0.005734260212659326,0.41596737424675856,1,-0.021492418764424787,-0.053591350591678445,0.39369122566906667,1,0.06293514774149281,-0.09049152486040266,0.37039928841535685,1,0.10069205372642547,-0.011414243190595452,0.3593008931010594,1,0.14031832176370512,0.0868706548798344,0.3557721965265245,1
1959.00428,grid_2252_y556_z588,471.465,558.672,587.518,62.31533790328032,0.621,-0.10829715920031999,-0.005967000213958231,0.4158056278270026,1,-0.023109994806713226,-0.05335656920145844,0.398642067219727,1,0.061595378167291784,-0.088888668783219,0.36567846137916826,1,0.10037327426675362,-0.011391917500131568,0.35849257884837044,1,0.1382454383576143,0.08569017304964574,0.3504480930351928,1
1959.741202,grid_2253_y554_z588,471.731,556.363,587.525,60.25660401980853,0.726,-0.11016055783480239,-0.006090735020283578,0.41434470686224073,1,-0.024526254164601597,-0.05151878510033595,0.39663119478110775,1,0.06133086989902649,-0.08906900222913075,0.369599555341642,1,0.10004370278899051,-0.011383493778142538,0.3581542427491146,1,0.13655675117167987,0.08475085210493165,0.3460345350186268,1
1960.430124,grid_2254_y552_z588,471.456,554.67,587.479,58.72750250095775,0.679,-0.11197087166437643,-0.0059857471989026275,0.41437736773704603,1,-0.026171502596875305,-0.0504811645844221,0.39766653409711195,1,0.06054055507657748,-0.08820349717606493,0.36882096387606256,1,0.10032550563134116,-0.011469396337659062,0.3601040590944943,1,0.13575138960940597,0.08429289289240671,0.3439790905249819,1
1961.061872,grid_2255_y550_z588,471.614,552.477,587.704,56.90627446951694,0.62,-0.11430617131220655,-0.006242942641427738,0.4157193220074607,1,-0.02760939790652254,-0.0495396382459201,0.39861680899876706,1,0.060182403987512914,-0.08832481814902747,0.37149825383231405,1,0.09946593176958629,-0.011408029545765476,0.3571376481594418,1,0.13575138960940597,0.08429289289240671,0.3439790905249819,1
1961.798401,grid_2256_y548_z588,471.583,550.428,587.575,55.05736805369471,0.725,-0.11650255090582803,-0.006113784442780948,0.4173049067552011,1,-0.028533585829380353,-0.04750368019285513,0.3955955263815286,1,0.05871371927489435,-0.08644847674761533,0.36882463327084464,1,0.10030492615279658,-0.011542820647132879,0.3600226410511437,1,0.13575138960940597,0.08429289289240671,0.3439790905249819,1
1962.431468,grid_2257_y546_z588,471.588,548.575,587.198,53.26622274950612,0.623,-0.11887397990841904,-0.005918727259383225,0.41843344880396227,1,-0.030239112921288874,-0.04571676609813914,0.3952355281744113,1,0.057745029064918005,-0.08515780682478243,0.36852893471040044,1,0.10041765245467438,-0.011438245540919703,0.3601774981721849,1,0.13575138960940597,0.08429289289240671,0.3439790905249819,1
1963.120043,grid_2258_y544_z588,471.62,546.544,587.161,51.50783887914533,0.679,-0.11990479844389859,-0.005663623719106439,0.41550997865325723,1,-0.031885146728043004,-0.044312832577751496,0.3970710247407352,1,0.05699021505518322,-0.08354177303414922,0.3688255894384555,1,0.10039800954120488,-0.011413696977291235,0.3585838460532525,1,0.13986741667138464,0.08663606465334588,0.3545345513790354,1
1963.750863,grid_2259_y542_z588,471.576,544.673,587.054,49.86557347509401,0.62,-0.12305974953878862,-0.005413051743363946,0.4212262427244893,1,-0.033106111784008144,-0.042632881637600345,0.3979335152815629,1,0.056329360657920845,-0.08110814351846377,0.36809452332381415,1,0.10103231439338253,-0.011519256217628709,0.35831349525271233,1,0.13901292417868508,0.0857552569321059,0.35201679393996343,1
1964.536029,grid_2260_y540_z588,471.747,542.468,587.18,48.097719426184796,0.775,-0.12407850133403878,-0.005388480713249681,0.41664192176923665,1,-0.03547409758773088,-0.041080229709140284,0.4024256114192094,1,0.0549941813534745,-0.07889580535000185,0.3681408077349474,1,0.10068713392928083,-0.011532782993072355,0.3567308630817334,1,0.13706092194795802,0.08447004888650077,0.346761283433192,1
1968.741116,grid_2261_y538_z588,471.567,540.78,586.823,46.501619251376574,4.193,-0.12877175480242947,-0.00474457290426701,0.4262776544359955,1,-0.03657496006483951,-0.03932783809103142,0.3993436989798883,1,0.05273293838677225,-0.0764066375394866,0.3635807290280698,1,0.10212488519057569,-0.011543821468128847,0.36387817071728057,1,0.13521988880418942,0.08344230791298346,0.34210989643050765,1
1969.435505,grid_2262_y536_z588,471.661,538.776,587.002,44.98299734344071,0.681,-0.1276027613922343,-0.005008930672764261,0.4170984722648975,1,-0.03866170081760948,-0.03933938273229474,0.40218977348038154,1,0.05225984015777121,-0.07618038620888648,0.3685834098916161,1,0.09998838547682712,-0.011451031871300001,0.35846136721684513,1,0.1391237709987309,0.08617302368937765,0.3523783929403154,1
1970.187073,grid_2263_y534_z588,471.704,536.779,586.917,43.345486189452316,0.741,-0.13018316501145596,-0.004913070741105077,0.41955299666491364,1,-0.039944181454681614,-0.0382375558532344,0.399524770622811,1,0.05081911022425871,-0.07504027541524992,0.3692526044143466,1,0.10001160329873489,-0.01113749430191648,0.3605697673328322,1,0.1361219919251261,0.08447416020809972,0.3447439063477497,1
1970.818565,grid_2264_y532_z588,471.494,534.933,586.759,41.80337112004246,0.621,-0.13317852691927773,-0.004795286950806487,0.4234127495841933,1,-0.04227752270165504,-0.037668347669554084,0.4052259134150605,1,0.04949841005711885,-0.07360362812751778,0.3700685237667161,1,0.09921105300935877,-0.010703929432088723,0.359952379297136,1,0.13670307839374446,0.08525208860298852,0.34724650253602984,1
1971.442167,grid_2265_y530_z588,471.389,533.035,586.915,40.45794685843556,0.615,-0.13609732100345567,-0.004755999055821019,0.4269924980777738,1,-0.043437224706583,-0.03623526552501444,0.40221002435322034,1,0.047647987449907905,-0.07081596328887498,0.3663135011813912,1,0.0984264103510463,-0.010666227979977448,0.3581001741702882,1,0.13668983102500457,0.0853504955732618,0.3475693504527001,1
1972.080242,grid_2266_y528_z588,471.347,531.034,587.181,39.16129544588638,0.629,-0.13597914618909207,-0.004796566674636583,0.4209300466019423,1,-0.0457166602921016,-0.035458051647793545,0.40762344776999127,1,0.0467436330291082,-0.06918827791185261,0.3691468089010429,1,0.09796179756273345,-0.010639847861580473,0.35704205026016855,1,0.13564503906580727,0.08465392131686929,0.34489618867383076,1
1972.812487,grid_2267_y526_z588,471.36,528.991,587.064,37.62504259133798,0.723,-0.13790478225168482,-0.004389339536107107,0.42111388602397026,1,-0.04706172122999388,-0.03335074527137032,0.4047133542084169,1,0.045873415539966836,-0.06652952452254797,0.3707235686156543,1,0.09921792269245384,-0.01080421220124203,0.35942637186040394,1,0.13696191680854683,0.08532369951297789,0.34788048141133787,1
1973.442219,grid_2268_y524_z588,471.32,526.915,587.36,36.423389271181215,0.619,-0.14300532439169059,-0.004123979966428991,0.43144510780956746,1,-0.04836016110797153,-0.03160648331802747,0.4028214758033647,1,0.044831673316815895,-0.06406500528376886,0.3723900826397589,1,0.09957000024599433,-0.010942758840595996,0.3595338657628122,1,0.13619585963384712,0.08461468941637539,0.34533528939739144,1
1974.074967,grid_2269_y522_z588,471.252,524.945,587.471,35.228134395678715,0.621,-0.14101950740383346,-0.0033534811056040266,0.41996396480620996,1,-0.05000758866369852,-0.02945788423444563,0.4039538659203883,1,0.04376881552128785,-0.0606083302917836,0.37263721436355046,1,0.10024287991520293,-0.011306315791973718,0.3586857978019143,1,0.13620773397002456,0.08424483520280684,0.3440561403855055,1
1974.921036,grid_2270_y520_z588,471.226,522.832,587.677,34.09772757824193,0.835,-0.14656661309170327,-0.0007544078595062886,0.43100096501549545,1,-0.05088551648972341,-0.025204489739854515,0.39847300764075444,1,0.04281564963871294,-0.05546911271034175,0.3741211357026232,1,0.10225856517141799,-0.011934214931337532,0.35871246723900774,1,0.13679588937712403,0.08394544931945587,0.3435198840092812,1
1975.556368,grid_2271_y518_z588,471.142,521.055,587.788,33.16959749529678,0.624,-0.14774000481222252,-0.00021469077233307116,0.4295136983483732,1,-0.05224032138444289,-0.02382384279665195,0.3989165482214919,1,0.041312002583085906,-0.052885591246548624,0.37100912992600704,1,0.1021566686175247,-0.01192683138016145,0.3583167103126668,1,0.1356876320823885,0.08323812675241948,0.34087431472309254,1
1976.193697,grid_2272_y516_z588,471.236,518.831,587.867,32.06107647912025,0.625,-0.14981633861211144,-0.000492297575039868,0.42952131223660145,1,-0.05460593123012181,-0.02318439104845092,0.4036906825701515,1,0.04003397485256587,-0.051710852717072556,0.3755170546709131,1,0.10150760570928108,-0.011619876059520492,0.3581524972044656,1,0.13524351467601947,0.08325494644837964,0.3401937580086344,1
1976.837629,grid_2273_y514_z588,471.473,516.732,587.894,31.086249596887672,0.629,-0.15073823011582738,-0.0007403797781506034,0.4257777621582082,1,-0.05672642071620422,-0.022590221829481037,0.4044208824845376,1,0.03829977091732531,-0.04961817583647217,0.3751978027450883,1,0.10118903003963817,-0.011622259427708118,0.3593490247528041,1,0.1366323871083746,0.0842874513776988,0.3439375076935072,1
1977.577793,grid_2274_y512_z588,471.413,514.813,587.845,30.22084763867487,0.729,-0.15383987036806265,-0.0007450077253871801,0.42893862323229975,1,-0.05894686278932539,-0.021608648812608443,0.40554623500826886,1,0.03569058918491731,-0.04653306586765548,0.36644374148093417,1,0.1007572673361821,-0.011315983856350914,0.36078411259107257,1,0.13623024284252858,0.0842028024088224,0.3438608395532684,1
1978.207013,grid_2275_y510_z588,471.365,512.867,587.816,29.465116544822965,0.617,-0.15654555459839578,-0.000729253374955719,0.4317250824454377,1,-0.06025128010484774,-0.02062398099108344,0.40384448516412885,1,0.03420219796106495,-0.045295085521796556,0.36774568064125235,1,0.10018381248014936,-0.011042717445415887,0.3608465217851677,1,0.13647442607773633,0.084469347389584,0.34497236185495783,1
1978.839783,grid_2276_y508_z588,471.346,510.9,587.674,28.707734062443826,0.622,-0.15950059498249214,-0.000618244554555557,0.43465421027360723,1,-0.06281293605148605,-0.020104348548216872,0.40835945237315785,1,0.03267413031875032,-0.043963342835029354,0.3705987018073428,1,0.098435882247323,-0.010657121537350007,0.35767165527659317,1,0.13667757945567754,0.08487640586306057,0.3464391549382616,1
1979.574712,grid_2277_y506_z588,471.475,508.701,587.744,28.228982358561936,0.725,-0.16126430289394442,-0.0006452301580786611,0.4340131819952596,1,-0.06504737350724477,-0.019343732555476917,0.4095711846960592,1,0.03109909437740203,-0.04245614307024813,0.3730547379264431,1,0.09735763219195052,-0.010513272358356304,0.3570089619026775,1,0.13520404847482964,0.08423187204336147,0.34357536007095524,1
1980.211963,grid_2278_y504_z588,471.395,506.851,587.689,27.83644301989744,0.628,-0.1633471975106666,-0.0006538501042475051,0.4343815657904556,1,-0.06759308463928963,-0.018419266604832615,0.41303991758110203,1,0.029186558948804647,-0.0404878583574664,0.3713951174795608,1,0.09762015033484805,-0.010229516022164502,0.35924638710253054,1,0.13647128101240402,0.08510903911258323,0.3470100976816612,1
1981.173306,grid_2279_y502_z588,471.447,504.816,587.398,27.31649139256358,0.951,-0.16534951839960435,-0.0005162749470330965,0.432855909974115,1,-0.0688099566591746,-0.01677982101806489,0.40488884436695843,1,0.027013275228600687,-0.03831853894768737,0.37441583519514615,1,0.09717623023848906,-0.010040189756041557,0.36090423915373704,1,0.13623399338836734,0.08556353592226203,0.3484811915753886,1
1981.804038,grid_2280_y500_z588,471.527,502.892,587.171,27.009360470029673,0.62,-0.16392088352055598,-0.00018011997682392585,0.42533828096810067,1,-0.07052931933268239,-0.016086167919521645,0.40734584354020614,1,0.025785705026365523,-0.03691054066900766,0.37382990487193457,1,0.09701762453640998,-0.009868688249316545,0.3628079521369644,1,0.13621165212360403,0.0856650372302872,0.34867359381156776,1
1982.441391,grid_2281_y500_z590,471.284,502.531,587.529,27.359968073811757,0.624,-0.16474427447683482,-0.00032244091824847347,0.4263565788408471,1,-0.07057887495538137,-0.015727850991410892,0.40416312900341367,1,0.02512598256304534,-0.03616022181107733,0.373128526126196,1,0.09699385631841013,-0.009810552777283729,0.36387754315882725,1,0.13658430026901777,0.08587501860363915,0.34963072527278805,1
1983.070008,grid_2282_y502_z590,471.33,502.676,588.233,28.064459410435752,0.616,-0.16358691584873641,-0.0011052574754729968,0.42343815279299724,1,-0.07085879968157409,-0.016510690224915317,0.40606863237391816,1,0.025333869570358148,-0.03693221278419932,0.37448785080020675,1,0.09661803444330375,-0.009740465152366129,0.36252555825422195,1,0.13621165212360403,0.0856650372302872,0.34867359381156776,1
1983.799542,grid_2283_y504_z590,471.691,503.006,589.907,29.75031134290868,0.718,-0.16412101231175838,-0.002857180804575368,0.4262699311412388,1,-0.07110166715734256,-0.018575391034769757,0.40902847627988576,1,0.025974158801118558,-0.03805381078603231,0.3770246973605699,1,0.09696066517097605,-0.009829287072797581,0.3640895498082035,1,0.13695694841443157,0.08608499997699111,0.3505878567340083,1
1984.428799,grid_2284_y506_z590,471.912,504.551,589.988,29.896622919654355,0.618,-0.1626175691543122,-0.0030309054250033714,0.4243807013199576,1,-0.0698535369890401,-0.018919914152006695,0.4087345205204773,1,0.026953400345721697,-0.03913160961296227,0.3750334948574617,1,0.09719666767480896,-0.00999741945771521,0.362227544204651,1,0.13621165212360403,0.0856650372302872,0.34867359381156776,1
1985.062379,grid_2285_y508_z590,471.882,506.527,590.031,30.126286080431417,0.623,-0.16221165959196057,-0.0030259023789811763,0.4280010938360159,1,-0.06808714218033995,-0.019692347524227476,0.4094074879564225,1,0.028646697112585006,-0.040771353894728656,0.3740874067457329,1,0.09771707154218459,-0.01005066750291832,0.3617173069190949,1,0.13625471786980853,0.0853042540531258,0.34797000530955735,1
1985.807513,grid_2286_y510_z590,471.942,508.356,590.238,30.619633358353628,0.735,-0.15777340798073333,-0.003217106089437184,0.4203905565988397,1,-0.06604494044901299,-0.02048223771776838,0.4073867944193202,1,0.030055834192597997,-0.042322934879088524,0.37297787096016716,1,0.09835410987767576,-0.010157182863342135,0.3614686908711301,1,0.13651539962662204,0.08524967258923406,0.3473954829403888,1
1986.437778,grid_2287_y512_z590,472.04,510.245,590.291,31.080931340614654,0.621,-0.1565813612139623,-0.0032493049234423492,0.421979997529613,1,-0.06352260056202383,-0.021188690670867493,0.4041204523495778,1,0.03184711687572442,-0.044099394143667384,0.37172302516885614,1,0.0977985886808143,-0.01050958341265445,0.35723001591142745,1,0.13627863990266756,0.08493223158726121,0.34626061161625127,1
1987.069884,grid_2288_y514_z590,472.075,512.177,590.2,31.521594201435978,0.621,-0.15490311476602264,-0.0031144938842066093,0.4224312919248855,1,-0.06194548214130996,-0.021873830831005327,0.40386578444657734,1,0.03349808298623511,-0.045533202560021,0.37087658142429314,1,0.09917482544471712,-0.01084790214836567,0.3589608206521426,1,0.136578878548697,0.08477593003964057,0.3460159941096461,1
1987.703241,grid_2289_y516_z590,472.05,514.101,590.296,32.24214388033156,0.623,-0.1537171269770409,-0.0031034424426651525,0.4242488881771724,1,-0.059950971631713125,-0.02256869118412308,0.40310158058566914,1,0.03498278087232913,-0.04662284707381485,0.36815766424644625,1,0.10071899355068736,-0.011181467742663518,0.3619834204572968,1,0.13694317902936343,0.08475541105624737,0.3460613971597958,1
1988.438576,grid_2290_y518_z590,472.087,516.3,590.022,32.837358328586674,0.724,-0.1540419325910855,-0.0028918876863562584,0.4310758112477845,1,-0.05800116992537836,-0.023386476991517018,0.40559954085792843,1,0.03704031239402881,-0.04850345994254381,0.3693912534804366,1,0.10065902437212082,-0.011498903006653599,0.3582260857491498,1,0.1367977450011019,0.08444146398996032,0.3445939138891494,1
1989.069268,grid_2291_y520_z590,472.327,518.12,589.846,33.48813040466726,0.62,-0.1513992602734992,-0.0026799929142657755,0.4284923425117014,1,-0.05602522938521404,-0.02350387053880299,0.4026902045232167,1,0.03887807089568368,-0.05032438902185739,0.3724934751053593,1,0.10159594535923286,-0.011671376550183101,0.35897347976420996,1,0.13699917315107343,0.08439469634844593,0.3445119755524369,1
1989.751598,grid_2292_y522_z590,472.356,520.146,589.913,34.52820797550893,0.672,-0.14771282266972385,-0.002412156828310341,0.42380925447480483,1,-0.05426121728489493,-0.024350700239604256,0.40460979667725194,1,0.04048389441648147,-0.05155789675414947,0.3699672608595594,1,0.10174738276515913,-0.011771960946256895,0.3561527820078197,1,0.13477898375999162,0.0826341294763982,0.33816805383787724,1
1990.508393,grid_2293_y524_z590,472.287,522.342,589.714,35.52039704169989,0.747,-0.14661621623159024,-0.0020293636733587834,0.4259797013740815,1,-0.05212461145438639,-0.02511420074624453,0.40391882237763044,1,0.04217650519144585,-0.053049928781122566,0.3689804450897939,1,0.1048043488661736,-0.012377249143085859,0.3637107776526306,1,0.13978478263453684,0.08549156633738167,0.3496749513814166,1
1991.252229,grid_2294_y526_z590,472.327,524.227,589.737,36.61784144375521,0.733,-0.14461559577962055,-0.0019835444103863376,0.4251980619432508,1,-0.04987493207952285,-0.025743161863490727,0.3997024484608847,1,0.043948446634917204,-0.05491073963839541,0.371290908505003,1,0.10481160588727596,-0.012532053278754762,0.3614186512141652,1,0.13852034571961863,0.08426748657171139,0.3457539078605306,1
1991.887014,grid_2295_y528_z590,472.355,526.368,589.571,37.78913866443642,0.624,-0.14125654721022599,-0.0016706053918690961,0.42159783437109366,1,-0.04749397223199312,-0.026246824221999802,0.39569590163616625,1,0.046085232901812934,-0.05653536382297497,0.37232383285071036,1,0.10418965102610192,-0.012560389013527854,0.35515262289646526,1,0.13732089689257881,0.08305273495529852,0.3416881211274065,1
1992.631716,grid_2296_y530_z590,472.509,528.159,589.779,39.1011037184374,0.734,-0.1385285569959193,-0.0020145581850461434,0.4195163765556876,1,-0.04751779141026917,-0.032064649165916045,0.40412629973555053,1,0.046561287644865376,-0.05919640006865914,0.36574555992802477,1,0.10417657412098144,-0.012527167279838474,0.3581423022190744,1,0.14238654425594535,0.08663667956252022,0.3554915452981788,1
1993.272461,grid_2297_y532_z590,472.595,530.176,589.668,40.367217169381426,0.63,-0.13858638168339138,-0.0019276588171256008,0.4247529451739367,1,-0.046321009841889985,-0.03437446582486968,0.40493585119446845,1,0.04751486955030677,-0.06145419599889833,0.36423040346798236,1,0.10339761176450304,-0.012487482013339372,0.35679705942250123,1,0.1426681272819318,0.08698038009004463,0.35670476534457274,1
1993.905259,grid_2298_y534_z590,472.769,531.777,590.182,41.84979838661118,0.621,-0.13608816286962988,-0.002311835146002876,0.42309991408337455,1,-0.0447534471551652,-0.03628710355627441,0.4049805602273106,1,0.049162730733699686,-0.06428542253157304,0.3661295255232436,1,0.10431704165993502,-0.012476350539067654,0.3605725523874998,1,0.14342989494987363,0.08752585526454745,0.3588699337395794,1
1994.641621,grid_2299_y536_z590,472.521,534.079,589.741,43.16710437358517,0.726,-0.13366824999878832,-0.001913342282599886,0.421001928512483,1,-0.04269550905921019,-0.037625158378325765,0.40185897916541186,1,0.05077299989114002,-0.06705597349622829,0.3680855206532528,1,0.10413992940055632,-0.012541194773776446,0.3601432718292017,1,0.14286569613034683,0.08714703869142466,0.35754108974069404,1
1995.413854,grid_2300_y538_z590,472.658,535.844,589.903,44.581250924575954,0.761,-0.1311516410412848,-0.0016455568829942323,0.4209080252300271,1,-0.04072651318574337,-0.038977189675746225,0.4027935077484365,1,0.05211907203539743,-0.06899146141482551,0.36519997216887956,1,0.10340972837129489,-0.012476893882212363,0.35684371526857045,1,0.14372772106796666,0.08755464639703514,0.3595227233853432,1
1996.270852,grid_2301_y540_z590,472.845,537.59,590.147,46.06188008538085,0.847,-0.13129544411271013,-0.0018117256009954215,0.4249478001377544,1,-0.039623355841679635,-0.040460556360236134,0.40139841834977863,1,0.05339154792862055,-0.07199090782370204,0.36786167345062204,1,0.10520208600106991,-0.012550255369800093,0.364145194642426,1,0.1387685520075333,0.08459782808752296,0.3479413618479339,1
1996.897986,grid_2302_y542_z590,472.65,539.648,590.339,47.752920476134285,0.616,-0.12910507855070097,-0.001723321160119445,0.4237361583372758,1,-0.03823118356493027,-0.041420874107162386,0.4038516946883507,1,0.055350483915822604,-0.0741800510570746,0.371645206193798,1,0.10377701588402496,-0.012552062574537864,0.3577286544686376,1,0.13744235420949216,0.08341121788595038,0.34321445825240976,1
1997.747897,grid_2303_y544_z590,472.965,541.624,590.101,49.16710283309361,0.84,-0.12378997374152352,-0.0014840893662579722,0.41446420078035456,1,-0.035601923695537115,-0.041717465901432355,0.4000871330147507,1,0.056304519959116686,-0.07422439668844955,0.36515624258865664,1,0.1045379242307678,-0.012729536103236036,0.3560061298367171,1,0.13917945031524082,0.08372367786418869,0.3452166964203049,1
1998.375485,grid_2304_y546_z590,472.784,543.621,590.208,50.81866792823279,0.617,-0.12304143304589055,-0.001338651081140198,0.4173228426146314,1,-0.03409577494686617,-0.04238874889818183,0.39974391436989876,1,0.0574068017094978,-0.07483900539228294,0.3633313018915659,1,0.10620524442302429,-0.012942324000723695,0.35934794251454416,1,0.13894118735644959,0.08320976569528007,0.3434476376280734,1
1999.017278,grid_2305_y548_z590,472.857,545.738,589.993,52.41955513927992,0.629,-0.12131690677164535,-0.0009279977738003195,0.41925136615824454,1,-0.032118175984610794,-0.043132744694122704,0.4024792958221733,1,0.0594070288913654,-0.07622654565002779,0.3634170296441639,1,0.10602602203096792,-0.013087741715499849,0.35500232032418494,1,0.14078203617211493,0.08372144626868946,0.34665669751239747,1
1999.81025,grid_2306_y550_z590,473.074,547.683,589.943,54.01031613497553,0.782,-0.11997848586947439,-0.0010893535998149433,0.4203737165621934,1,-0.029979715438560185,-0.04207289457159065,0.3968693617704091,1,0.06058704663495954,-0.07807727334521888,0.36328837389102775,1,0.10683270858870889,-0.013332678380787513,0.3569820555081463,1,0.13879276404229435,0.08247680323184761,0.34141158590472465,1
2000.445235,grid_2307_y552_z590,473.002,549.829,589.885,55.77699784857549,0.624,-0.11668769454292156,-0.0009402690608176202,0.4160030539320216,1,-0.0276554354088623,-0.041822380332124084,0.39554145540769037,1,0.062141010496182814,-0.079454719400786,0.3633555803231944,1,0.10854483107946925,-0.013870262091701507,0.361114540706588,1,0.13916484752957253,0.08228011921749578,0.34171379680192826,1
2001.081267,grid_2308_y554_z590,473.055,551.944,589.618,57.4407785984835,0.626,-0.11582950019559883,-0.0006792607094745301,0.42104213158655507,1,-0.02538462615672612,-0.04181091352594188,0.39557552198261126,1,0.06431330348392536,-0.08003593500562914,0.36346201772006126,1,0.10954900505966536,-0.014099115518434024,0.35961396859982614,1,0.14019591274687068,0.08242209428391868,0.34276803861643784,1
2001.71501,grid_2309_y556_z590,473.128,553.725,589.828,59.083474051548464,0.622,-0.1123051434160606,-0.0006463397655158427,0.41532567687046634,1,-0.023359826699173948,-0.04219755578642574,0.39262202085897846,1,0.06502390442394648,-0.07976194436678714,0.35779067678840865,1,0.11174192547853543,-0.01452306099465948,0.36360084371736295,1,0.1394153259793752,0.08140783194330624,0.33914539400563515,1
2002.450034,grid_2310_y558_z590,472.986,556.045,589.379,60.876697717599605,0.725,-0.10892585424114214,-0.0001846000995564059,0.41079688873202735,1,-0.021191236004831016,-0.04237809140536329,0.3931921959231985,1,0.06729574626508505,-0.08113481086837666,0.36010787279071127,1,0.11215635946642384,-0.014722238711988267,0.36101659869222213,1,0.14266531505165328,0.08291753221195439,0.3463085425045523,1
2003.082768,grid_2311_y560_z590,473.224,557.747,589.54,62.458962639480276,0.622,-0.10669622888727673,-4.899520647419474e-05,0.4097311100727764,1,-0.019110945950567133,-0.04261628387498334,0.39261397984735086,1,0.06947001732087292,-0.08249894791744135,0.36268456924117853,1,0.1140580689477692,-0.015194983053361946,0.36312171195712717,1,0.14535582535917543,0.08388062346653,0.35109814860356586,1
2003.713528,grid_2312_y562_z590,473.296,559.657,589.529,64.14712390279088,0.619,-0.1045699181924102,-0.00015694518807310293,0.40794977702164975,1,-0.017258067637426988,-0.0430845410039131,0.39294413549502794,1,0.07199076993360373,-0.08403790342439679,0.3667099759116337,1,0.11477283265367791,-0.015550970991019427,0.3615303995308626,1,0.14351746029098109,0.08271382245757289,0.34569764566650135,1
2004.346418,grid_2313_y564_z590,473.148,561.673,589.672,66.00224343156832,0.623,-0.10244286480085056,-0.0002303244450645386,0.4071700006822615,1,-0.015302415149802568,-0.04359156870949637,0.3923212741651084,1,0.07265523236493114,-0.08318523440575165,0.3599752635151946,1,0.11544014996193727,-0.01561659169517784,0.3601366556435028,1,0.14362815548724767,0.08238718119067714,0.34476523942958887,1
2005.08137,grid_2314_y566_z590,473.201,563.762,589.479,67.79416910767472,0.724,-0.10044433399481265,-7.229409658992677e-05,0.40786292386147016,1,-0.013088366221476966,-0.04345144353338536,0.390155402041316,1,0.07518875773895219,-0.08452795866793891,0.3630063731123093,1,0.11664536094606918,-0.016017905968978518,0.3604576440893187,1,0.14397946779054321,0.0822296698707412,0.3445700041394387,1
2005.711856,grid_2315_y568_z590,473.129,565.727,589.728,69.6724469284666,0.619,-0.0987485603972502,-0.0001818627016787247,0.4093712315536506,1,-0.011219374770068541,-0.04445373684181483,0.39550060386206237,1,0.07666987496469309,-0.08474532779162838,0.36089670820170944,1,0.11696334754353192,-0.016213095407951482,0.35690595483144827,1,0.14424075693377766,0.08198467077654012,0.3439125793943541,1
2006.348076,grid_2316_y570_z590,473.172,567.534,590.078,71.45899083390415,0.627,-0.09723233502996782,-0.00039700610116298184,0.41137483700538446,1,-0.009215001774894885,-0.04445835805654824,0.39043173943098197,1,0.07897737919335787,-0.08660344261466421,0.36374187498847343,1,0.11820863525772854,-0.016313556686031305,0.35808880176674035,1,0.14371691179118234,0.0815485885197881,0.3419048043444451,1
2006.977431,grid_2317_y572_z590,473.147,569.757,589.796,73.36726090702854,0.618,-0.0944536105325034,-0.00010402255759433151,0.40770019159880044,1,-0.007854742694968405,-0.04637780730320993,0.38965391518816583,1,0.08040799449056643,-0.09083514499597445,0.36967268114693164,1,0.11691483580202151,-0.01612240354392931,0.3582503983367217,1,0.14474408547953693,0.08229339594064558,0.34548761703003816,1
2007.708867,grid_2318_y574_z590,473.066,571.811,589.9,75.28807511153413,0.722,-0.09103428173074724,0.00010491830081788746,0.4033171198707259,1,-0.006194908121659795,-0.047820366996518295,0.3947811374247022,1,0.08118980435127512,-0.09150401207475704,0.36679255265454663,1,0.11644008666122414,-0.016110121254531474,0.3563705780881524,1,0.14519139844516596,0.08245575922101525,0.3463434141739961,1
2008.334754,grid_2319_y576_z590,473.116,573.77,589.784,77.04768649998518,0.616,-0.08949506584748337,0.00018746980330369104,0.4045259811035974,1,-0.004422623066732698,-0.0480808614805896,0.3918281136878839,1,0.08206021876131744,-0.09207434465976043,0.36551463630284986,1,0.11686849080647432,-0.016174709555003382,0.35596784832831885,1,0.1451943801971353,0.08235245036931592,0.3460816496156158,1
2008.973178,grid_2320_y578_z590,473.178,575.788,589.749,78.90230035936851,0.627,-0.0885822814500625,0.00048149366247399764,0.41012957469857225,1,-0.0024929939196648614,-0.0487511372427411,0.3898447005109582,1,0.08340545456366441,-0.09295908719147918,0.3645771486272277,1,0.1182204530158778,-0.016282030836729505,0.35797132250342034,1,0.14527715856478873,0.08229664256691241,0.34567983227985233,1
2009.608772,grid_2321_y580_z590,473.134,577.885,589.589,80.78937064366824,0.625,-0.08534310256495252,0.0008076998904268598,0.4048180442334587,1,-0.0009051769711071439,-0.04955194859535345,0.3909969501953984,1,0.0848720596491226,-0.0942338209996034,0.3660239781560211,1,0.11850418254677375,-0.016232477303990155,0.3581047855941272,1,0.14464917368539984,0.08193892843212383,0.3439108761574542,1
2010.349426,grid_2322_y582_z590,473.247,579.868,589.517,82.61634102887886,0.73,-0.08220998522593014,0.0010357013864486589,0.39959358464203243,1,0.0003416307934818352,-0.05060954919073992,0.38849473229223686,1,0.08402213085530014,-0.09414370708861611,0.36099563220669795,1,0.11757587812481965,-0.01621367035164379,0.3576770424373128,1,0.14475402858029493,0.08204769853690433,0.34481237894642713,1
2010.981757,grid_2323_y584_z590,473.338,581.828,589.3,84.37814022008304,0.622,-0.08098653539757909,0.0011977996697093807,0.40312433383391005,1,0.0013513661790518182,-0.05238442637385834,0.38858077065654734,1,0.08452305548908871,-0.09607352952277776,0.3636997076009555,1,0.11663018665479138,-0.01614041019361896,0.3574124315434773,1,0.14406843312604994,0.08180252905927463,0.34360015906839886,1
2011.619269,grid_2324_y586_z590,473.45,583.833,589.266,86.25373908416952,0.627,-0.07953980277820272,0.0013497281535625994,0.40589232857338786,1,0.002101547840378851,-0.05400676048249352,0.38669582251033174,1,0.084945149993911,-0.09740602196670778,0.3663145337478874,1,0.11666425396747786,-0.015835749835228195,0.36025525036051914,1,0.14258841157581875,0.08141513040933725,0.34133929953153275,1
2012.247909,grid_2325_y588_z590,473.373,585.774,589.636,88.20285230081848,0.618,-0.07683942390525389,0.0008369408887801855,0.40132994795918797,1,0.0033329454138451993,-0.05588097932449093,0.38820205453697854,1,0.08505020066766074,-0.0979328817943065,0.3662259309474279,1,0.11546664319086866,-0.015587841854943593,0.3579977809188176,1,0.14300188601012856,0.08184361943576676,0.3427652884286938,1
2012.98356,grid_2326_y590_z590,473.458,587.858,589.352,90.0790621787327,0.725,-0.0738531402072479,0.0008754264411158279,0.39841463411847367,1,0.004884189853303273,-0.057401579658466574,0.38836936826267826,1,0.08649159860538273,-0.09939980184245756,0.36993780013401734,1,0.11639147881867803,-0.015702218053026344,0.3610086542180504,1,0.1424544112851956,0.08153383199147987,0.34166690470257793,1
2013.614662,grid_2327_y592_z590,473.286,589.887,589.477,92.03462642397149,0.619,-0.07473632604135502,-0.0022889996458239957,0.4051673047533435,1,0.0044354451038930405,-0.06187722909210165,0.391263510039139,1,0.08313053175231902,-0.09801707844645365,0.36618206255604896,1,0.11404247299520272,-0.015178350759035439,0.36029299741538534,1,0.14197423904261805,0.08194184736991698,0.34257316384173925,1
2014.244404,grid_2328_y594_z590,473.239,591.937,589.423,93.96122421509845,0.618,-0.07576652459409373,-0.006691005562201163,0.40908980280267304,1,0.0036076469841249273,-0.06683629470190171,0.39224152684368707,1,0.08044411895230433,-0.09796798979504887,0.36953285418344334,1,0.11142587449351504,-0.01459663606540558,0.3591994539035777,1,0.14231041515196513,0.08284927320174482,0.345824597191568,1
2014.982525,grid_2329_y596_z590,473.324,593.9,589.296,95.79154770124553,0.726,-0.07260154337891606,-0.0065340463041546224,0.4041412534393344,1,0.005628724213567271,-0.06725253854302582,0.3899438721897645,1,0.08100968420097959,-0.09756632161213954,0.3668256586186256,1,0.11171132302085977,-0.01488889573191296,0.3575802386017757,1,0.14330664648946892,0.08306447937308264,0.3472876851741242,1
2015.616624,grid_2330_y598_z590,473.25,595.84,589.677,97.75303658710563,0.624,-0.07110960388302542,-0.006835841364368493,0.40553469749127197,1,0.0072970448049767735,-0.0674775851590718,0.3875285176281501,1,0.08211843426888146,-0.09800788102247142,0.36592880645983505,1,0.11393095605712396,-0.01527728407750259,0.3618651668233811,1,0.14500397232616158,0.08364147327575093,0.3503054232080734,1
2016.251102,grid_2331_y600_z590,473.283,597.939,589.405,99.67618929313055,0.625,-0.06851859557227585,-0.0065857817901855045,0.40392367222497266,1,0.009134756934848876,-0.0686287995547294,0.3908938578875787,1,0.08470602434611899,-0.09957886841624694,0.3706067209153863,1,0.11596329118787438,-0.015613593313035601,0.36598063959179045,1,0.14428906716637707,0.08299264172127642,0.3475920865733178,1
2016.989863,grid_2332_y602_z590,473.217,599.895,589.572,101.59361986365087,0.728,-0.06596017615604428,-0.0064427680478746415,0.4006286197837565,1,0.010575315475395659,-0.0676214426289005,0.38262704141094617,1,0.08512041148825233,-0.09925199298751794,0.36706522700885236,1,0.11623505614825291,-0.015730677157218563,0.3642613547849653,1,0.144304617199365,0.0829895199381396,0.34721985694685403,1
2017.622466,grid_2333_y604_z590,473.201,601.915,589.536,103.5175890223492,0.62,-0.06363347192534592,-0.00656749895582046,0.39793939002623,1,0.012532952023784705,-0.06930608841572732,0.3890122575885014,1,0.0862421688819201,-0.09913243928336221,0.36493483669965765,1,0.11609156849817906,-0.015651559206362606,0.36109761158109704,1,0.14450386571344187,0.08298347378319909,0.3468682144413189,1
2018.269103,grid_2334_y606_z590,473.371,603.986,589.417,105.47574851595034,0.635,-0.06213624149776366,-0.006203359784010673,0.40245882288304713,1,0.014740508480661019,-0.07015429636202204,0.391052476664773,1,0.08783524554384287,-0.0996457707529523,0.3656133752893219,1,0.11542166649010446,-0.01566599271539868,0.3564638360682052,1,0.14567093752235183,0.08320017623410167,0.3485264746398492,1
2018.893852,grid_2335_y608_z590,473.319,605.952,589.41,107.36218800862807,0.615,-0.06106242750943101,-0.006277580275273505,0.40830722391905316,1,0.016224264033536596,-0.06942978764339185,0.3858420321062706,1,0.0882054929102706,-0.09885120569908742,0.3610612556911863,1,0.11608170216213105,-0.016000974496848702,0.35620282095439404,1,0.1451678908242629,0.08248352741565615,0.3463448420434438,1
2019.635553,grid_2336_y610_z590,473.337,607.959,589.173,109.2313769756657,0.731,-0.05721634784386202,-0.0057923524816280245,0.3969633584027701,1,0.0178682070129507,-0.06968986746049236,0.38380938986626445,1,0.0903549722795998,-0.10012423617703174,0.36394609380223175,1,0.11709289405037684,-0.01618981301956694,0.3563099556683934,1,0.1442892153987774,0.08193558827833317,0.3434351285689445,1
2020.495975,grid_2337_y612_z590,473.285,610.071,589.272,111.29295512744736,0.85,-0.05506872167091079,-0.005918923284663679,0.4005640651301877,1,0.019828631527563777,-0.06994385822140355,0.38064769317305674,1,0.09099841672922594,-0.09942266288129101,0.3593053131350652,1,0.12107397321410358,-0.01672484945088207,0.36447406967908674,1,0.14376958851493218,0.08148455983728672,0.34154017889448945,1
2021.854373,grid_2338_y614_z590,473.363,612.007,589.364,113.18774018859106,1.346,-0.053479828818949804,-0.006084422391091179,0.4045594835074344,1,0.022383638714820957,-0.07137994877863722,0.3857467460709853,1,0.093488843888219,-0.10101082845698048,0.36328961461646936,1,0.12115356209292279,-0.017054002064473692,0.3617882074963856,1,0.1453460505710696,0.08211957605129831,0.34454851430970257,1
2024.065782,grid_2339_y616_z590,473.28,613.983,589.304,115.08032696338671,2.201,-0.05001435423238696,-0.005581160802815639,0.39377679934189924,1,0.024432499546098604,-0.07338029933325971,0.395118467086286,1,0.09534297695496177,-0.10175145682110413,0.3651436006096707,1,0.12309173407140724,-0.017123576830726243,0.3662765133183314,1,0.14707797054080246,0.08261378922237039,0.3472572237007204,1
2024.976301,grid_2340_y618_z590,473.35,615.896,589.254,116.92068608676564,0.902,-0.048495554618799515,-0.005544673214148378,0.3960840786878444,1,0.025350006872921455,-0.07227340106060123,0.3855935069914091,1,0.09696867889003684,-0.10271700805892711,0.36758759997266965,1,0.12363587165609076,-0.017276403493809652,0.3657224472688237,1,0.14744223190845207,0.08280500578577168,0.3481907482970361,1
2025.614055,grid_2341_y620_z590,473.301,617.996,589.515,119.01824679014557,0.626,-0.04700962211090164,-0.005806845760195635,0.39867321873136763,1,0.026996179446691415,-0.07305308326131807,0.38748622289754636,1,0.09724132776935132,-0.10205839049162609,0.36450055934933473,1,0.12300989380086509,-0.017210618025503936,0.3620325585383072,1,0.1476356451550142,0.0829697661277559,0.3486965606964444,1
2026.259268,grid_2342_y622_z590,473.383,619.902,589.762,120.9278860726508,0.635,-0.04506336547423992,-0.006333836405498204,0.3979248566521615,1,0.028642895185023158,-0.07323270179716239,0.3844186679810983,1,0.09914110829268466,-0.10283824678021128,0.36598395747190204,1,0.12355735136316928,-0.01719881893454591,0.3609267285032116,1,0.14882597840286743,0.08344892202687115,0.350659799960373,1
2026.998055,grid_2343_y624_z590,473.434,621.959,589.608,122.8870452651539,0.728,-0.042502592976209716,-0.006059800321362574,0.3950107682397288,1,0.030389612942159677,-0.07341488903185564,0.3830311993115598,1,0.10014453394595943,-0.10273925493652995,0.3646188407528935,1,0.12385382114365898,-0.017398045987284345,0.3599802794941106,1,0.14870451200449536,0.08321039382191556,0.3497459151462028,1
2027.625335,grid_2344_y626_z590,473.378,623.892,589.651,124.77305144140706,0.616,-0.040205985235100834,-0.005903804642601832,0.39090648712821674,1,0.031886813999032516,-0.07420619791869879,0.38425251502296304,1,0.10123289783372265,-0.10306313040485648,0.3647737276594033,1,0.12451061165332462,-0.01769635006757577,0.3603669033621003,1,0.14715465523320287,0.08205334378432035,0.345558522710098,1
2028.408637,grid_2345_y628_z590,473.572,625.741,589.656,126.57553397872748,0.67,-0.03863819714162764,-0.005834590125613703,0.39696133263145994,1,0.03355550756055855,-0.0745075340899342,0.38256510169969404,1,0.10380670141218773,-0.10480003118209207,0.3700184641892287,1,0.12509452198892965,-0.017682946627611034,0.36011782203062837,1,0.14689673771937964,0.08179725622508549,0.34468199721793497,1
2029.141366,grid_2346_y630_z590,473.633,627.787,589.201,128.46344178792663,0.722,-0.03606066292948597,-0.005287319456718462,0.3914097247218889,1,0.034760527815206596,-0.07415379531633949,0.3798198726563121,1,0.10450683945907191,-0.10483814453187952,0.3693623716084381,1,0.12497252706082096,-0.017644494933322246,0.3585725354650454,1,0.14715452264235332,0.08196455586619815,0.34528739302095984,1
2029.827602,grid_2347_y632_z590,473.764,629.572,589.353,130.23946401148925,0.675,-0.03432967714109138,-0.0053037857627200756,0.39175180128417686,1,0.03652508805346018,-0.07518267166808779,0.3827987180442718,1,0.10397338587326672,-0.10355531150199422,0.3640325111753694,1,0.1258971763785782,-0.017691423517475352,0.3596577926964718,1,0.14874893105376535,0.0828507767940506,0.34839270417487195,1
2030.457689,grid_2348_y634_z590,473.787,631.756,588.892,132.26792568873225,0.619,-0.03256666708099164,-0.004957059734495911,0.39249667178754966,1,0.03733880034686203,-0.07437346603352331,0.37657410832814026,1,0.1046606957820015,-0.10346506888701597,0.3635012863277992,1,0.1258646352249418,-0.01766795802518872,0.3582360324652731,1,0.14877172992057833,0.08245995679816395,0.34733596438950476,1
2031.192085,grid_2349_y636_z590,473.682,633.821,589.241,134.35647873102363,0.722,-0.030227747552267877,-0.004995298938821503,0.3928927743959233,1,0.03929488875651669,-0.07526165781315601,0.3768440075572529,1,0.1072760670508817,-0.1049619903554937,0.36834208943227537,1,0.12687968137161681,-0.017716651310045305,0.35978475926233255,1,0.1477895270618527,0.08179766643055163,0.3446640759189633,1
2031.817564,grid_2350_y638_z590,473.749,635.874,589.343,136.3843483285381,0.615,-0.028203558766087794,-0.005167836518666774,0.3916422169115775,1,0.04082961780338341,-0.07612819324452078,0.37820570302579043,1,0.10750675841612445,-0.1044896687694667,0.365698415173019,1,0.12649974319932858,-0.01776956291501004,0.35700054237641493,1,0.1477895270618527,0.08179766643055163,0.3446640759189633,1
2032.458133,grid_2351_y640_z590,473.891,637.748,589.464,138.24393425391227,0.629,-0.02593876298828285,-0.005159439365912276,0.38665022374606983,1,0.04239038940685509,-0.07679821269056095,0.3777281884106814,1,0.10818545818043179,-0.10426508372400212,0.3645077718348454,1,0.12764206549408935,-0.0181411630273973,0.359516971029722,1,0.1477895270618527,0.08179766643055163,0.3446640759189633,1
2033.084772,grid_2352_y642_z590,473.755,639.773,589.459,140.2189323308376,0.614,-0.02413112478352003,-0.005168271888764897,0.39288454653244015,1,0.04353209828697731,-0.07674627020156323,0.3747768470951334,1,0.10912676443213401,-0.1042651664044639,0.3644871541358222,1,0.1285874504849379,-0.01821095631464926,0.3604070591185365,1,0.1479253833458593,0.08178859904888289,0.3446062000302784,1
2033.82238,grid_2353_y644_z590,473.903,641.551,589.775,142.0266142242362,0.728,-0.02169687599878469,-0.00534774437044973,0.39138288745883515,1,0.044906260418247905,-0.07774704436177161,0.374316970869037,1,0.10974597698216264,-0.10440721735646233,0.3647931754214775,1,0.12897618347375114,-0.01823745639109472,0.360975333434282,1,0.1480205409231135,0.08179089749968228,0.34461636294997233,1
2035.009617,grid_2354_y646_z590,473.877,643.73,589.049,144.01001521074846,1.175,-0.019363202468209995,-0.00453098961289725,0.39003072799834343,1,0.045512970538072586,-0.07991922247625667,0.37781453513303803,1,0.10714181619204644,-0.10360490331668429,0.36200698123789293,1,0.12644572864035758,-0.017885532317395588,0.356313375964699,1,0.1477895270618527,0.08179766643055163,0.3446640759189633,1
2035.648428,grid_2355_y648_z590,473.862,645.659,589.408,145.9710063197483,0.627,-0.017852622242009862,-0.004592257709620734,0.387953422416032,1,0.045875089081288054,-0.08112976251286322,0.3790628637074917,1,0.10709274273624633,-0.10385680832868849,0.36321371146333337,1,0.12645185644433843,-0.017878344593751018,0.35677642308714186,1,0.1477895270618527,0.08179766643055163,0.3446640759189633,1
2036.441077,grid_2356_y650_z590,473.977,647.743,589.527,148.0389652760381,0.783,-0.01578457303422929,-0.004595353660577366,0.3872594236031646,1,0.04713294806963034,-0.08245256933274278,0.3800385055733403,1,0.10707645559899488,-0.10383944449747247,0.36328832581528586,1,0.1264200117072612,-0.0178353715985525,0.3568812647104128,1,0.1477895270618527,0.08179766643055163,0.3446640759189633,1
