t,label,ee_x_mm,ee_y_mm,ee_z_mm,displacement_mm,stability_elapsed_sec,marker_0_x,marker_0_y,marker_0_z,marker_0_stable,marker_1_x,marker_1_y,marker_1_z,marker_1_stable,marker_2_x,marker_2_y,marker_2_z,marker_2_stable,marker_3_x,marker_3_y,marker_3_z,marker_3_stable,marker_4_x,marker_4_y,marker_4_z,marker_4_stable
0.0,start,472.912,496.573,560.608,0.0,0.727,-0.0897176064225984,-0.09829391709948145,0.5115209532013397,1,-0.008584552225820817,-0.036786453500162936,0.5113645594107922,1,0.06507482296057042,0.0009945224650083787,0.4952189292950002,1,0.139926599255011,0.008559542994920247,0.49130088329270727,1,0.22274991565025032,-0.015111435346477825,0.49568822061408013,1
36608.555316,grid_0001_y400_z450,481.03,442.511,485.645,92.77959439984629,40.478,-0.1401985701444408,-0.01239767617181211,0.5070547379875213,1,-0.04570806756424389,0.03219263630638216,0.5111749665307547,1,0.04459641274524548,0.04702658009948922,0.49799387522109895,1,0.13295616576960176,0.030185941766131562,0.48225280461895675,1,0.2274471016204181,-0.013101260205745268,0.47877654375626005,1
36799.284419,grid_0003_y410_z450,473.189,405.682,450.513,142.7661011409921,65.137,-0.1783854478399003,0.025481132890998473,0.5065783465068772,1,-0.07775442096782949,0.06263988341719708,0.5075573011604195,1,0.022217227252936133,0.07073655293389308,0.519305850453096,1,0.1209089440591116,0.04115740826164006,0.4876986973139794,1,0.22957339896093704,-0.01240121758277455,0.48931968712125157,1
36827.667121,grid_0004_y415_z450,473.013,410.641,450.581,139.60751969002234,28.116,-0.17361797347667468,0.025602796246708248,0.5082772408918081,1,-0.0730545914874682,0.06170638927103192,0.5042816866150938,1,0.024882878522694156,0.07073491370717334,0.5192871849231777,1,0.12246779034836422,0.04120075952604982,0.4887201960503434,1,0.2257810175696599,-0.012005828716619836,0.4805832311276311,1
36857.401559,grid_0005_y420_z450,472.957,415.512,450.103,137.04832275879915,29.541,-0.16747493949991427,0.02675252673840082,0.5062053778811271,1,-0.06910278495152933,0.06260016366876169,0.5066001537674552,1,0.026782089151121867,0.06819800021200305,0.49958693477671584,1,0.12314948176741618,0.04112910142630332,0.4864720670533774,1,0.23070766403444506,-0.01245734080257949,0.490367330031257,1
37016.476695,grid_0007_y430_z450,473.013,425.438,450.34,131.22206464615618,38.444,-0.15670237113783791,0.02672093971760679,0.5058989322608544,1,-0.06163696408193091,0.06286264206021393,0.5118884129294617,1,0.034211372532004625,0.07072853916372737,0.5192076211415712,1,0.12606791339823023,0.04085966293623672,0.4848811740355655,1,0.2279052614339859,-0.012328467937948465,0.48378975856580975,1
37039.262849,grid_0008_y435_z450,473.004,430.285,450.132,128.83731596086588,22.493,-0.1522179807435997,0.026802108398135367,0.507273219436831,1,-0.05776302819059286,0.06286300826314888,0.511727413023739,1,0.03507573875297511,0.06804909214538944,0.4992694407381639,1,0.12703258391702227,0.040608296874213544,0.4838425388198356,1,0.2312176420530342,-0.012465108141225763,0.490181110268304,1
37062.645015,grid_0009_y440_z450,473.052,435.34,450.073,126.36251862795389,23.166,-0.14620976213204906,0.026716155977620688,0.5060118858476389,1,-0.05271585566008907,0.0624234927415448,0.5054728228402168,1,0.03954106447736032,0.07072462290331766,0.5191535628160281,1,0.12705241699084058,0.04047446406559234,0.4787109537428427,1,0.2284990876251565,-0.012259428596555346,0.48368058541972814,1
37090.993982,grid_0010_y445_z450,473.251,439.994,449.941,124.29192673299416,28.166,-0.14550809549929275,0.027722377726916526,0.5191714332032371,1,-0.0488179974221982,0.06242057393316145,0.505489425788387,1,0.04220568593993941,0.0707226283535202,0.519124496159301,1,0.13265592042963775,0.04130167321413561,0.49383355076765506,1,0.2319868492890555,-0.012459182108382504,0.49035445481661005,1
37111.643625,grid_0011_y450_z450,473.213,444.693,450.295,121.90399078783264,20.447,-0.13695554437214805,0.026786638374515247,0.5070869223703872,1,-0.045452144711127206,0.06255667138000354,0.5117670304549993,1,0.04240706567783338,0.06611237111944074,0.4900324335991286,1,0.13537402189909986,0.04101956162256616,0.4978974319056052,1,0.2246656849212969,-0.012358549414919366,0.4742316366652411,1
37133.775225,grid_0012_y455_z450,473.17,449.857,450.243,119.84525207533248,21.917,-0.13113213128855578,0.02676377521962838,0.5067671620907874,1,-0.04078788480514538,0.06247106751312688,0.5106305681839529,1,0.0459100842628447,0.06597506937873124,0.4892121771677429,1,0.13336480240961898,0.039900951005601676,0.4837914365633188,1,0.22449047822422097,-0.012351231364211918,0.47349987251791437,1
37152.983879,grid_0013_y460_z450,473.039,455.121,450.348,117.79453312017492,18.965,-0.12519624134420804,0.026792404721418146,0.5073937102335415,1,-0.0349995401472019,0.060113932548862,0.49232103173321456,1,0.04947537205182599,0.06712459999629763,0.5008022402798882,1,0.13425898643981204,0.03979454285707662,0.4823489959589359,1,0.2285025317986825,-0.012287255289620234,0.4812377998362649,1
37288.880797,grid_0015_y470_z450,473.294,465.071,449.913,115.0908552101338,15.301,-0.114778555202006,0.02800248002556701,0.5062592518277357,1,-0.028129322187637775,0.06238268526371423,0.5088384234109213,1,0.055076400677737,0.06658968568958543,0.49965863509662034,1,0.13982659862670757,0.04028012338612987,0.49203288814151164,1,0.22886633709911688,-0.012348886240353192,0.480466896251403,1
37322.255717,grid_0016_y475_z450,473.382,469.514,449.658,114.20294602592344,33.083,-0.11370292296183476,0.029319624935612812,0.5241266292358622,1,-0.024159276897801635,0.06244085389095147,0.5058532296589128,1,0.0581299233771993,0.06738908359571369,0.5017497381584917,1,0.14105819262030633,0.040076098870323554,0.49049577376118086,1,0.22648880864785428,-0.012357629697999906,0.47545428001858137,1
37349.197256,grid_0017_y480_z450,473.432,474.915,449.023,113.66860423617412,26.695,-0.10429360895277938,0.029416645968661618,0.5078903020011412,1,-0.018847327318671503,0.06095465096788383,0.49382946680533024,1,0.06073866592191213,0.06722324306076569,0.4987093318143815,1,0.1396984248862228,0.039179327233780786,0.47992063062324386,1,0.22602541828744524,-0.012357685671904164,0.47370180661047084,1
37370.494306,grid_0018_y485_z450,473.392,479.834,449.297,112.56359643330512,21.049,-0.09906791425584714,0.02941877966573731,0.5080061134013308,1,-0.0149707782545426,0.06096573416439314,0.4938315597678806,1,0.061884711818682804,0.06477451781605983,0.48533864538628274,1,0.1442430904002399,0.03982338202533387,0.49071412690697574,1,0.22656528013091573,-0.012367508841099934,0.4742266458814271,1
37385.381179,grid_0019_y490_z450,473.417,484.68,449.371,111.87210842296658,14.653,-0.0938423340868889,0.029420845009424827,0.5081180192733326,1,-0.010690671510691318,0.06069291580677169,0.4943811651844531,1,0.06661498892801035,0.06648083290366287,0.49996304005825026,1,0.14265902094233035,0.03893592656641977,0.47992703421111127,1,0.22700578504200325,-0.012354834830393945,0.47399990620202137,1
37411.745127,grid_0020_y495_z450,473.129,489.447,449.484,111.35245996833655,26.138,-0.08798894853831316,0.029309166726162465,0.5060978984490861,1,-0.006896550124542846,0.06122665288433583,0.4987430198720379,1,0.06927787367198465,0.06654149711002186,0.5003554242422791,1,0.14740597714078904,0.039495252824710864,0.49170510961659697,1,0.22709967922907232,-0.012412206725350615,0.47445864098726814,1
37440.030205,grid_0021_y500_z450,473.31,494.751,450.034,110.58972630402876,27.876,-0.07945870598443942,0.027571971562740705,0.4926065338242475,1,-0.0018337994999667437,0.06179500057864624,0.508831023779074,1,0.07242283197641101,0.06586467251436226,0.49969356998127734,1,0.14919515023690275,0.038894212761909575,0.4917040100546026,1,0.23200510984755252,-0.01291904848224604,0.4845355799166538,1
37521.339088,grid_0022_y505_z450,473.223,499.807,449.43,111.2254609385818,81.054,-0.0768599876387408,0.029427163646188827,0.5084547994140597,1,0.0017398455905671703,0.060243294001889165,0.49359120800399975,1,0.07377330109684004,0.0644627626260999,0.48959997838144576,1,0.1561114837585165,0.04027981796760375,0.5087872331011343,1,0.23529215531354775,-0.013115771239087417,0.49075677717577243,1
37632.598613,grid_0023_y510_z450,473.321,505.198,449.022,111.9195840860749,110.94,-0.07175291160010216,0.030409815215568212,0.5140845768511775,1,0.006437737804737462,0.0626241875575327,0.510796123408716,1,0.0767907460719443,0.06404756987147439,0.48839010539997757,1,0.15014447680282367,0.038232743992948015,0.483648249500919,1,0.22741942185332834,-0.012312997346926322,0.4727960227451017,1
37644.930148,grid_0024_y515_z450,473.32,509.911,449.256,112.14872541406788,11.968,-0.06400847249373781,0.029211581670554376,0.49772322994375495,1,0.010275665957216035,0.06018978579814543,0.491170723646591,1,0.07898655931134776,0.06368511506282667,0.4854992259573475,1,0.14923517397918087,0.037293970415549396,0.4766316018142186,1,0.22835162008199952,-0.012362342076861033,0.4741395803732956,1
37667.037875,grid_0025_y520_z450,473.356,514.307,449.27,112.7423706332273,21.876,-0.05924389627708236,0.029398707701312022,0.492315015870932,1,0.014063906476887766,0.06018304718894307,0.49135634908384485,1,0.08115077026782866,0.06332066214122585,0.4825937114431065,1,0.14922764029251012,0.0367695578680093,0.47241307394122134,1,0.23337740692710113,-0.012927451801902329,0.48474946525948415,1
37671.558657,grid_0026_y525_z450,473.602,519.606,449.081,113.88268928155844,4.2,-0.05465483462366739,0.03074301379385616,0.508839206051961,1,0.01861900885152567,0.05941519940779738,0.4846687468808909,1,0.08566791759503972,0.06406767416379827,0.4922858447499461,1,0.15402516609971673,0.03761871998101491,0.48254257807855216,1,0.23497323559346966,-0.01302236424857201,0.4877440428643359,1
37690.189606,grid_0027_y530_z450,473.677,524.322,449.196,114.81823012919152,18.364,-0.049103667867717485,0.02940868376542463,0.4925522289949794,1,0.022177107943269946,0.05927346458866673,0.4826475211125359,1,0.08977094429900638,0.06470665315043653,0.4996257108308222,1,0.15610624897966957,0.03782363480315419,0.48513431617466396,1,0.23607634985280873,-0.013057606661294668,0.4890736477958042,1
37732.389599,grid_0028_y535_z450,473.815,529.348,449.302,116.03465719344364,41.883,-0.04350774744793679,0.029484137792868993,0.49318377814371916,1,0.028076253817190918,0.06202447473633028,0.5107059423123738,1,0.09101418826377289,0.06284192579229289,0.48813562646025543,1,0.16081800452294853,0.03790307789229017,0.4945092913345635,1,0.2356733167874271,-0.01313504494761161,0.4868032967042715,1
37737.42135,grid_0029_y540_z450,473.667,534.093,449.217,117.54265313493647,4.775,-0.037750816317924714,0.02949876933440643,0.4878245352200165,1,0.03160460357561537,0.06060309975914447,0.499564536406067,1,0.09273698102848621,0.06219501706294354,0.484510349256214,1,0.163865806961927,0.03797508044724986,0.4982702215841393,1,0.23474735610446343,-0.012935655029247381,0.48495588751371255,1
37750.52266,grid_0030_y545_z450,473.641,539.631,449.661,119.0115944519692,12.746,-0.03264535487627008,0.02935293675938459,0.49181746405019733,1,0.03542126120294793,0.058696476052646315,0.4892042993469272,1,0.0987721119727654,0.06331540408354522,0.49952466030643317,1,0.15709318490836868,0.03523205766316662,0.47155929046400213,1,0.2370100488680661,-0.013065622144452733,0.4890728059779374,1
37761.088987,grid_0031_y550_z450,473.832,544.941,448.839,121.78924084253089,10.228,-0.026483400574243615,0.030523660224625597,0.4956281999629132,1,0.04060363719752595,0.05971290547176328,0.4917037382478233,1,0.10078963200751802,0.06274458868291083,0.4922110594734371,1,0.1615627083245757,0.03586767035127468,0.4797445847505339,1,0.2377231486310149,-0.013078442825167251,0.48965415147410185,1
37860.222506,grid_0032_y550_z455,474.505,545.62,449.928,121.07108762210733,98.985,-0.026244446490709582,0.029213003157270004,0.49012339516657377,1,0.04196352776865256,0.06026284946113948,0.501398305659984,1,0.10251675900646627,0.06325154041399415,0.49933072974097464,1,0.1630881448186049,0.035904141014924756,0.4834154185340585,1,0.23940508471892777,-0.01323716495287893,0.4925552194313234,1
37864.75258,grid_0033_y545_z455,474.464,545.565,450.258,120.74662425094955,4.482,-0.026197981926536947,0.02877078111518078,0.49192475691577703,1,0.040923691073646656,0.05786084801543427,0.4855400016714796,1,0.10222935751517084,0.06302897411097698,0.4978748484031834,1,0.16369036546236412,0.0360004086887812,0.4852108465152105,1,0.23793476911919068,-0.013125831867132731,0.48954695207317084,1
37877.788617,grid_0034_y540_z455,474.244,544.405,451.6,119.04796727370015,12.985,-0.026221627857197314,0.026529585675230567,0.4790801482295628,1,0.0399683486835872,0.056938951986359336,0.48651322626258353,1,0.09937337233193275,0.060129331037339806,0.4853530389546052,1,0.16218916572544045,0.03541538054159103,0.480844721053141,1,0.23260980157786604,-0.013074257999159197,0.4784078772959306,1
37889.012465,grid_0035_y535_z455,472.667,540.471,452.689,116.50581526258674,10.915,-0.03244684742016433,0.02682682475363145,0.5091647398499595,1,0.03608396338773387,0.05573407470362873,0.48531254446553607,1,0.09646177195643911,0.05996609576766099,0.48553397459656417,1,0.15697595775961576,0.03401219949059729,0.4712054036335641,1,0.23046611820160465,-0.013028544187467406,0.47491509431248047,1
38017.62712,grid_0037_y525_z455,472.488,530.118,452.464,113.22796269914951,7.816,-0.04145999042600859,0.02552627762438725,0.48338642195967235,1,0.027075408555057887,0.05570337929639628,0.48119835269804445,1,0.0920918647311054,0.06137977352291796,0.4936183612489011,1,0.16055543129175381,0.036860614756183796,0.49286775672574035,1,0.23638292573187278,-0.013212821670897401,0.4882780440697114,1
38023.706207,grid_0038_y520_z455,472.381,525.364,452.496,111.88122356320562,5.704,-0.04903899944219598,0.02673483075230193,0.5071188259969189,1,0.02406165442545607,0.05905930415193811,0.50844688088613,1,0.0883514241830956,0.06166158509735267,0.4896033605283586,1,0.15765148172800292,0.03709360300248866,0.4889175855057477,1,0.23754924405702932,-0.01313306154206555,0.49143351804964513,1
38032.112381,grid_0039_y515_z455,472.304,520.247,452.411,110.75838003961591,8.086,-0.05465221311778486,0.026819045738535077,0.5088333961140431,1,0.019143529766682134,0.05715621246064634,0.49198280646597903,1,0.08569459371864425,0.06181134880321927,0.4915654126062097,1,0.15582900849030135,0.036987305724266534,0.4878192747117049,1,0.23656906425983817,-0.013117276695241691,0.49073862046918776,1
38036.050021,grid_0040_y510_z455,472.314,515.197,452.176,110.02140520825932,3.636,-0.05987703402608922,0.02681734596696752,0.5087498313285226,1,0.014995525249653252,0.058243545625462904,0.4983180746218514,1,0.08411050320601808,0.06316895482374425,0.49871710763152305,1,0.15079588902080493,0.0363508204185609,0.47718329390606873,1,0.23337740692710113,-0.012927451801902329,0.48474946525948415,1
38040.279547,grid_0041_y505_z455,472.339,510.164,452.431,109.02892707442366,3.948,-0.06510193809099613,0.026815645714569365,0.5086631500301207,1,0.010412271875371953,0.05748388029698713,0.4925152612520158,1,0.08125754457873903,0.06347633596934077,0.4992855133934524,1,0.1497940230164737,0.03657501304795403,0.4783677680426018,1,0.22835162008199952,-0.012362342076861033,0.4741395803732956,1
38093.732512,grid_0042_y500_z455,472.199,505.183,452.797,108.1566095529995,53.157,-0.07036248428272249,0.02555355330620261,0.508842323413908,1,0.006524994270618909,0.057140756214628524,0.49108268757456025,1,0.0784763460261258,0.06350518592214947,0.5014205530088792,1,0.1574553793970171,0.03897696212214959,0.5088659736211361,1,0.22741942185332834,-0.012312997346926322,0.4727960227451017,1
38138.90855,grid_0043_y495_z455,472.147,500.343,452.774,107.90259348597692,44.907,-0.07594980425219224,0.02591387618850006,0.5112248991312178,1,0.0021225316488484,0.05837228154637505,0.49991359540287506,1,0.0745927887052108,0.0628905892088901,0.4941405540244072,1,0.14848717053598515,0.03757414790083417,0.4837851873968011,1,0.23529215531354775,-0.013115771239087417,0.49075677717577243,1
38162.65902,grid_0044_y490_z455,472.174,495.319,452.534,108.08379451148072,23.436,-0.08208282251793754,0.025502288566046756,0.5083570585174039,1,-0.0021030451959828016,0.06019057538711184,0.5120377840023643,1,0.07269109628521488,0.06419014580706496,0.502000248165544,1,0.144558197936483,0.037522368070459,0.47702756433011756,1,0.23200510984755252,-0.01291904848224604,0.4845355799166538,1
38177.412929,grid_0045_y485_z455,472.314,490.186,452.419,108.37901593020668,14.376,-0.08739665007514533,0.025561080583578123,0.5087793230976296,1,-0.006159952142296126,0.05777918539000599,0.489497419007428,1,0.06983323812752043,0.06464047213855846,0.5013702825562338,1,0.14320703735464962,0.03754606262794327,0.47702535554414854,1,0.22698480246645988,-0.012358249683738429,0.4739577401080102,1
38193.435348,grid_0046_y480_z455,472.239,485.264,451.963,109.23407176792406,15.774,-0.09303776851494934,0.026728267895653766,0.5103574384838296,1,-0.010564674633414529,0.058240460374617914,0.492301424758534,1,0.06653483730203746,0.06473324231303448,0.499356952594622,1,0.1469192647047209,0.039324368682579006,0.4944834692116672,1,0.22712306956317552,-0.012361079602893841,0.47417043407475334,1
38214.772725,grid_0047_y475_z455,472.409,479.999,452.245,109.62431415520913,21.041,-0.09900024360542381,0.025655561440740184,0.509032135430209,1,-0.014970218820307808,0.05842878771120899,0.4938571226807512,1,0.0631628525843318,0.06453211946347773,0.49567239721178724,1,0.14164389508922862,0.03844814128306227,0.482277951003637,1,0.22627991507807702,-0.012325218277445985,0.47316131979003,1
38261.723326,grid_0048_y470_z455,472.433,475.111,452.696,110.02657237685804,46.669,-0.10389684999752007,0.02543951105833342,0.5066952466951189,1,-0.019725674232410763,0.060092901366613924,0.5114316233021607,1,0.0598351005599241,0.06372702826198341,0.4905701012949883,1,0.13927824520767776,0.038181980618074235,0.48027719488150566,1,0.22645730776222162,-0.01236554420726078,0.4741216780272358,1
38285.685165,grid_0049_y465_z455,472.631,469.862,453.373,110.51199802283908,23.731,-0.10951673728361583,0.024184401894958924,0.507777478279695,1,-0.023830725505139747,0.05918673892457399,0.508656899431088,1,0.05668152217645127,0.06345660855500079,0.4893755087044452,1,0.1429704611889217,0.03977579902675718,0.4979960836369442,1,0.22589442653503863,-0.012359815562411586,0.474201125960376,1
38305.490364,grid_0050_y460_z455,472.541,465.023,453.046,112.09426383629088,19.436,-0.11474273821076574,0.024182190924580012,0.5076545808211225,1,-0.02797073147604806,0.05999849914609677,0.5105130438977039,1,0.05412669395387701,0.06413303553180992,0.49050781490543827,1,0.14018711159503766,0.03949849948072934,0.4934649930694711,1,0.22696514205044183,-0.012349121387194193,0.47653428340813353,1
38352.568449,grid_0051_y455_z455,472.615,459.984,452.974,113.68342485164665,46.781,-0.12102100069080446,0.024536848988701333,0.5120246210856565,1,-0.031941790798197034,0.05982650335285994,0.5056972132361794,1,0.05419447074377842,0.06804471819529617,0.5190006932395579,1,0.13558030083033945,0.03857389083618103,0.48261318640821244,1,0.2332657684599152,-0.012461003764339212,0.4903408263156733,1
38375.586755,grid_0052_y450_z455,472.608,454.847,452.803,115.59874357881226,22.714,-0.12562436577419311,0.024272021469601283,0.5086560834458713,1,-0.0366298586489457,0.059891382819520014,0.5083999774151963,1,0.04823864710276361,0.06455446321499494,0.49150827342069764,1,0.13284738710417968,0.03848922957604537,0.47814752378184733,1,0.2285025317986825,-0.012287255289620234,0.4812377998362649,1
38424.794393,grid_0053_y445_z455,472.595,449.961,452.862,117.39667605601097,48.94,-0.13046856567236248,0.02433262896207245,0.5076117650774572,1,-0.04032131476788184,0.05973156390171771,0.5057084015025803,1,0.04624759931086056,0.06580955755112851,0.499468595469459,1,0.1334596353867072,0.039631708121993486,0.4851315163186176,1,0.22451550775237467,-0.012352276800027267,0.4736044102532468,1
38458.206218,grid_0054_y440_z455,472.541,445.16,453.105,119.16513424236126,33.073,-0.1356593821467976,0.02408999427557979,0.5058740822486092,1,-0.04503792015161443,0.05996129316824764,0.5100950406328174,1,0.042396423357802,0.06483653592895912,0.48991919774747933,1,0.13323191902536496,0.040001490319052826,0.49007500378816077,1,0.2246656849212969,-0.012358549414919366,0.4742316366652411,1
38592.943495,grid_0056_y430_z455,472.692,435.211,453.393,123.532990205046,14.052,-0.15432759038955918,0.024815384000606816,0.5343878872938782,1,-0.05296149635246324,0.05984302513509064,0.5071552152204907,1,0.036911730355065266,0.06469884860764302,0.4897216315885765,1,0.12787492463951228,0.039693987214835524,0.4818209114039079,1,0.2284990876251565,-0.012259428596555346,0.48368058541972814,1
38605.099258,grid_0057_y425_z455,472.676,430.177,453.075,126.37970802704042,11.869,-0.1513888992179722,0.02409737175843179,0.5057425815460966,1,-0.05725704249685861,0.060147732829658004,0.5085950526437202,1,0.03534215106548444,0.066407614592527,0.5005166460393569,1,0.12734947894093737,0.04001896904464988,0.48524599330171936,1,0.22885165589657114,-0.012367507996027692,0.4856158590522367,1
38612.758867,grid_0058_y420_z455,472.84,424.892,452.89,129.38832431483138,7.403,-0.15830442904670733,0.024021466518848712,0.5083103321363454,1,-0.06175721286251924,0.05991186391672357,0.507120017713298,1,0.031668881207286365,0.06587898189852234,0.49620496078789594,1,0.12568104285007597,0.04010229674980282,0.48572695302673485,1,0.2279052614339859,-0.012328467937948465,0.48378975856580975,1
38646.690153,grid_0059_y415_z455,472.848,420.031,453.155,131.9273628516844,33.709,-0.1666605522367467,0.023697218758915256,0.5186225100123232,1,-0.06572817205886722,0.059848712655951555,0.5055487197578278,1,0.029183435374832013,0.06653730892040702,0.5008518745529589,1,0.1277836062283846,0.04162466285498827,0.5000014818219011,1,0.23000706338433027,-0.012425122586421734,0.4887229371648952,1
38664.169528,grid_0060_y410_z455,472.889,415.083,453.418,134.64886456632294,17.226,-0.16786343638141754,0.022860214484967584,0.5066685231945456,1,-0.07017556013905671,0.060131289807710486,0.5095867282875286,1,0.025981847877487516,0.06512453018453454,0.4912523723065344,1,0.121663515990796,0.04002884330311719,0.48155208440908764,1,0.22990663850461235,-0.012378083455815155,0.48866025980981487,1
38700.991325,grid_0061_y405_z455,472.726,410.424,453.607,137.37139002718138,36.564,-0.1760587009309964,0.02302438056696393,0.5164354107757593,1,-0.07432312195175725,0.06010822010968021,0.5110067595663219,1,0.02375313507286453,0.06665762281932308,0.5015626386358247,1,0.12056583867494008,0.03994888734386432,0.48256889386996726,1,0.22687525030193217,-0.012203134701816422,0.48292026004445776,1
38732.42473,grid_0062_y400_z455,472.604,405.555,453.712,140.39631762977257,31.083,-0.18884070463741137,0.0235659997621218,0.5375683449786848,1,-0.08214552638336814,0.06252237528305686,0.5340677836541253,1,0.020906759552023525,0.06651457188370646,0.5002406844967398,1,0.12264129506633864,0.041544409752044084,0.4973561116234537,1,0.22957339896093704,-0.01240121758277455,0.48931968712125157,1
38739.526948,grid_0063_y400_z460,472.48,404.234,455.58,139.84834045851238,7.057,-0.17881086630473791,0.020179528908269982,0.505151474550082,1,-0.07902082473416244,0.05786779519924106,0.5085110661446547,1,0.02003434356282223,0.06531437723247777,0.5008711896348166,1,0.11893154775403969,0.0398887875666013,0.48341294861942896,1,0.22944394416024289,-0.012442816629942854,0.4892292749148719,1
38750.299244,grid_0064_y405_z460,472.52,403.679,457.218,138.992593327846,10.72,-0.19157445382907243,0.019485835756457605,0.539906821239037,1,-0.0799531674952094,0.05668524954434285,0.511246596309918,1,0.019734707194377737,0.06430151626857022,0.4997142275928957,1,0.11932376690894861,0.03972856155414785,0.4850271403181825,1,0.22750154934655148,-0.012361802227119327,0.48545059913836386,1
38765.3768,grid_0065_y410_z460,473.126,406.24,459.222,135.7910810068172,14.823,-0.18154521886440775,0.01637215907916527,0.5185337030254169,1,-0.07796836087387549,0.05550568836853629,0.51430948413011,1,0.02157759221281354,0.0634616992231033,0.5003379121495909,1,0.1206102730299885,0.03934476534468251,0.48628804588739855,1,0.22687525030193217,-0.012203134701816422,0.48292026004445776,1
38779.760814,grid_0066_y415_z460,472.908,410.592,460.336,132.08787363342626,14.103,-0.1759459356464811,0.01499980639453536,0.5159937806680424,1,-0.0752926159523185,0.05489923441821726,0.5208569944674803,1,0.023869321358457884,0.06237385602724271,0.5000136275575813,1,0.12165492644464768,0.03853250205967389,0.4856185966226646,1,0.22714880848500021,-0.01225246119811557,0.48350451727366445,1
38854.015248,grid_0067_y420_z460,472.963,415.135,460.784,128.8292723762732,74.078,-0.1773758386071349,0.01523717675600015,0.5368457240452166,1,-0.06864906479661166,0.05217733033293363,0.5006566132262597,1,0.026590587339875738,0.062236270908588846,0.5015829313404536,1,0.12379816614759005,0.03835027235390827,0.48786923820642,1,0.23070766403444506,-0.01245734080257949,0.490367330031257,1
38876.345822,grid_0068_y425_z460,473.01,420.194,460.475,125.93799638711099,22.03,-0.162618965254638,0.01498359126859996,0.5074088525809768,1,-0.06728028691767068,0.05462807279937241,0.5204868090228352,1,0.029354797567086942,0.06229522294522684,0.5003493904858691,1,0.12475771792332946,0.03829500123735305,0.4866770979575994,1,0.2289561624091581,-0.0123767952621851,0.48625634786535243,1
38883.084832,grid_0069_y430_z460,473.115,425.135,460.255,123.18341471967722,6.54,-0.15659964548769043,0.014955138066466577,0.5052354171830817,1,-0.060671422646204995,0.05323609583453824,0.5052347351037857,1,0.03275069299436788,0.061853979267524145,0.49926231591180975,1,0.12527649729034118,0.03775354782922438,0.48189282891003227,1,0.2279052614339859,-0.012328467937948465,0.48378975856580975,1
38900.075356,grid_0070_y435_z460,473.064,430.195,460.452,120.15525924402971,16.773,-0.15116932438178177,0.014942041009374499,0.5050228440898044,1,-0.05701882767424763,0.05286093803287541,0.5072273604188587,1,0.035183327390280336,0.06175652172523244,0.5006513714982384,1,0.12738628862281004,0.03792809445159737,0.4854177541369774,1,0.23049393241213795,-0.012400178330124115,0.48831406985209647,1
38910.453393,grid_0071_y440_z460,472.999,435.164,460.24,117.66396336177014,10.182,-0.15056035075259655,0.01582444314558174,0.5214666171807276,1,-0.05270903795343515,0.05252892624984781,0.50386379096968,1,0.03776651041680207,0.061394805876965206,0.49856504075098207,1,0.1288569803770749,0.03760091782844388,0.4851119903308288,1,0.230242968457106,-0.012359305352468925,0.4870175201181691,1
38918.834598,grid_0072_y445_z460,472.893,440.188,460.27,115.0955378370508,8.195,-0.14100632879870134,0.0151070662773502,0.5075579042753613,1,-0.05003678761898862,0.05496017668998647,0.5218532715984313,1,0.040951164652104376,0.06193987722642477,0.5010218909335968,1,0.1308637317760531,0.03790882535488571,0.4866467771377842,1,0.22371514989734773,-0.01230734066674719,0.47282513405832244,1
38931.877901,grid_0073_y450_z460,473.066,445.567,459.963,112.83196256823676,12.777,-0.13651788101909273,0.016247555913103534,0.5104621585322837,1,-0.04381616885568095,0.05311298555181253,0.5040637715788195,1,0.04396927596109855,0.06191994594485116,0.501305893405967,1,0.1319621211988859,0.03752980372403325,0.48393283016228006,1,0.2246656849212969,-0.012358549414919366,0.4742316366652411,1
38944.374626,grid_0074_y455_z460,473.227,450.086,459.68,111.11976231976014,12.302,-0.13031624784529755,0.01627652706431583,0.5060274041673762,1,-0.03921621113872059,0.05223383550655504,0.4948258435779835,1,0.04695328499075653,0.061795404616419976,0.5006519310357953,1,0.13305050414850958,0.03739638861750693,0.4830537524036205,1,0.22456556680868206,-0.012354367671657967,0.4738134857239116,1
38955.214591,grid_0075_y460_z460,473.126,455.033,460.02,108.82813579217459,10.601,-0.12504323299317868,0.016253851024296183,0.5055665651388874,1,-0.035751745551708146,0.05315317349898256,0.504025672996627,1,0.0497168475693572,0.06161571930641277,0.5022122120826117,1,0.1344606062515981,0.037267614985851294,0.483094337877472,1,0.22518114030408057,-0.01235724918054185,0.4739727122020686,1
39119.943639,grid_0077_y470_z460,473.319,464.8,460.674,104.8641670638736,44.119,-0.11626189897508152,0.01553523570525479,0.5144711153994208,1,-0.027416478636141876,0.05198187468766735,0.5026870211013215,1,0.055010807355640005,0.06038489826436409,0.4992179221009426,1,0.13444294771718696,0.035839613693314384,0.4718352452491787,1,0.2288545476503347,-0.01270396306439911,0.4805219421124528,1
39162.43523,grid_0078_y475_z460,473.322,469.763,459.879,104.23663291281039,42.293,-0.10951354122191266,0.016339666820437127,0.5077811064608013,1,-0.024660200171929096,0.05521510433986294,0.5240355896812627,1,0.05655690444835297,0.0593051473421689,0.48800295422186096,1,0.13853545772875028,0.036224557945865814,0.48084575430526894,1,0.23063062031951231,-0.012910451565591625,0.48431443180369893,1
39181.579534,grid_0079_y480_z460,473.119,474.783,459.325,103.60064207329987,18.941,-0.1042880138763493,0.01764915642095453,0.5078992289422314,1,-0.018845663301616036,0.05207638847821679,0.4939243189292021,1,0.05937641251978923,0.05937436482378125,0.48647645591979977,1,0.1376577662489769,0.0355926923867502,0.47250103069174787,1,0.23401504193132847,-0.013114260203105584,0.4907743572923469,1
39193.232262,grid_0080_y485_z460,473.157,479.81,459.258,102.72721496273513,11.404,-0.09895079124933634,0.017641784139414786,0.5077076135437442,1,-0.014852820085332737,0.05195763785079994,0.4909624871661084,1,0.06222423587193192,0.05938972746788186,0.48632280108884673,1,0.14181257330123734,0.03620043710517978,0.4821210808321738,1,0.22618479339379743,-0.01231112142289467,0.47280621109289767,1
39205.258429,grid_0081_y490_z460,473.134,485.225,459.837,101.40818916142814,11.722,-0.09274647092512797,0.017508472596951208,0.5094925900766292,1,-0.010023084809203851,0.052140775701536544,0.4944527867365732,1,0.06522963389819336,0.058701155428093635,0.4871577043374121,1,0.1476697883017463,0.037152086416904415,0.4970776559211805,1,0.22698480246645988,-0.012358249683738429,0.4739577401080102,1
39234.947419,grid_0082_y495_z460,473.138,489.564,459.321,101.52947121895191,29.396,-0.08547208016414341,0.017100505088934567,0.49380538568557014,1,-0.006114181289755585,0.05190747079783387,0.49222953420649246,1,0.06819669316128182,0.05930321153077714,0.490335294753549,1,0.14902999836312686,0.03717068114949777,0.4973142558215797,1,0.2313948548120054,-0.012849302372327016,0.4832399366864163,1
39249.024503,grid_0083_y500_z460,473.258,494.93,459.627,100.99495792365077,13.75,-0.08207880243557783,0.017656880413188913,0.5083547014752072,1,-0.0019458868001173651,0.05202994077056397,0.4964655898683246,1,0.07119278601624578,0.05843702094763621,0.4888317229886324,1,0.14493163448580212,0.03515191452755505,0.4766260996589765,1,0.23323775189730073,-0.012992819516061557,0.48686852888882326,1
39275.57201,grid_0084_y505_z460,473.341,499.637,459.341,101.3142508534707,26.33,-0.07685340416364916,0.017658471982143792,0.5084506339176292,1,0.0018121071867999486,0.05323434378982895,0.5052568096517391,1,0.07395360904859488,0.058555307027440856,0.48926065871799584,1,0.14772683552093327,0.03530324830004732,0.4803346614977447,1,0.23529215531354775,-0.013115771239087417,0.49075677717577243,1
39279.508267,grid_0085_y510_z460,473.358,504.74,459.725,101.21402320824909,3.642,-0.07162812254495306,0.017659984105886196,0.5085423088042788,1,0.006385439047758226,0.051782851533694454,0.49692007345897277,1,0.07738431938062706,0.05848412165569662,0.49129762940301613,1,0.14816561302859357,0.03502667749842609,0.47704976202943594,1,0.23627620026104146,-0.013131693833720237,0.4914635046631704,1
39290.845674,grid_0086_y515_z460,473.514,509.273,458.862,102.53731476881958,11.124,-0.06640361730981646,0.018969023449419517,0.5086318839135606,1,0.010310187852860779,0.051940967564866936,0.49257248721884994,1,0.07919899922310886,0.05834091980556655,0.4878412568719086,1,0.14961696666075558,0.035127752404047426,0.4778459127400549,1,0.23274918357146343,-0.012856813086272166,0.4834232296487106,1
39301.628691,grid_0087_y520_z460,473.524,514.657,459.281,102.9299107597009,10.457,-0.05986465846760901,0.018950665303303256,0.5082921940860756,1,0.014842659298529785,0.05137576559532081,0.4937576400904381,1,0.08421362288428398,0.05880653778478557,0.49827824609945576,1,0.15789119885854105,0.03595969762046647,0.49885081914407,1,0.233337750522201,-0.012968672072872181,0.4844790276304961,1
39313.729554,grid_0088_y525_z460,473.55,519.52,459.87,103.320455365818,11.787,-0.05464675735655323,0.01766441401892804,0.5088122307185349,1,0.019144067793116476,0.0506080635953388,0.49231912181093607,1,0.084610567973074,0.056661938171643,0.4840701624773558,1,0.15835143872062613,0.03533796960931193,0.4942315339540226,1,0.23573149352175377,-0.013111040742876702,0.48897089403777383,1
39316.587768,grid_0089_y530_z460,473.734,524.86,459.891,104.61713120708285,2.545,-0.04929108700833684,0.017893015991164787,0.5075093580343115,1,0.023945608089926514,0.051426398397039205,0.4999384886547077,1,0.09036670513504785,0.058049242315144585,0.49873130928811815,1,0.15442616529868344,0.033846367511008606,0.4770506089285927,1,0.2370479465553466,-0.013377532515554503,0.48970941787936617,1
39320.292833,grid_0090_y535_z460,473.435,530.283,459.504,106.57699772934114,3.399,-0.04134979464273262,0.01791008235094444,0.4897942268453064,1,0.028045992678093632,0.05075459749791597,0.49332574883275626,1,0.09127446290462385,0.056486492611033404,0.4856838428215597,1,0.16010205077002382,0.03470269153042706,0.48955860811351737,1,0.23638292573187278,-0.013212821670897401,0.4882780440697114,1
39330.410208,grid_0091_y540_z460,473.539,534.466,459.017,108.42971852310598,9.9,-0.038947792154617446,0.01909681762265212,0.5086828034149428,1,0.031773877137338064,0.05086638756820126,0.49267260361973153,1,0.09611105634398703,0.05816400161776319,0.4993158399713227,1,0.1613089719047975,0.034699131890809164,0.4894941043240863,1,0.23429337369786352,-0.012952342752655856,0.4839102981284361,1
39372.139671,grid_0092_y545_z460,473.406,539.462,459.129,110.17122037083908,41.316,-0.03154444503714672,0.018474038972787866,0.49145977240093464,1,0.03458913559647663,0.04883265179282706,0.47442879251618064,1,0.09964965885702272,0.05767044749460624,0.5011479750160651,1,0.16094560983591705,0.033474512073217874,0.48190879336463377,1,0.23079080752663447,-0.013048850501991293,0.4757531333719909,1
39377.459707,grid_0093_y550_z460,473.686,544.647,459.326,112.11490568162642,4.974,-0.02721770008744986,0.01897886284416729,0.5091911290738101,1,0.040617865893943686,0.050396790507979475,0.49233464739971233,1,0.10169246498182788,0.057194510987290614,0.49812222964009956,1,0.1645360291424181,0.03348453754820479,0.48760674357719114,1,0.23255670071126217,-0.013149954636978566,0.47827159959747567,1
39396.203381,grid_0094_y550_z465,474.21,545.326,460.503,111.35327044141988,18.696,-0.025348738576136898,0.017055718018041274,0.4900792768244211,1,0.0420474840123065,0.04957896462504307,0.494196142555424,1,0.10042274687681257,0.05507508218670774,0.4876700267903905,1,0.16536342416291108,0.033411426437491724,0.4890401157340857,1,0.2366067570651471,-0.013649401046928836,0.48617746601736994,1
39413.016197,grid_0095_y545_z465,474.058,545.498,460.567,111.36952285971236,16.763,-0.02591084817649043,0.017671041232060456,0.5091985374836295,1,0.0420474840123065,0.04957896462504307,0.494196142555424,1,0.10142945549700588,0.05576134772806102,0.492234768872035,1,0.16501706496558532,0.03333710356254996,0.48790060405872604,1,0.236009857161336,-0.013619201191121805,0.48479887370702507,1
39429.864764,grid_0096_y540_z465,474.02,544.143,461.74,109.72244067646324,16.802,-0.026223551951665813,0.015460295470745051,0.4791706251179106,1,0.04072888871721231,0.048270554197760704,0.493553906456333,1,0.10038273862994593,0.05484989332966033,0.4908312361096566,1,0.16449706204753,0.0329138888315437,0.4872204061874321,1,0.23255670071126217,-0.013149954636978566,0.47827159959747567,1
39434.413581,grid_0097_y535_z465,472.462,540.303,463.121,106.84676208945218,4.228,-0.030814541127322657,0.014508239865931857,0.48893630423350004,1,0.036946186530018625,0.04700408595048907,0.49385530664873245,1,0.09765386164296798,0.05350610911649771,0.4890728503459433,1,0.15990139294892713,0.031518570124187434,0.47862717041863206,1,0.23037962480608737,-0.013017954222453183,0.47449109883291973,1
39436.860075,grid_0098_y530_z465,472.26,535.452,463.178,104.90284383657095,2.136,-0.03730991048829765,0.0142979518314645,0.5044513984320478,1,0.03317057640440999,0.04784499739710116,0.5003383234107344,1,0.09483554642759709,0.05439104049548505,0.49089394322240976,1,0.16045609145209486,0.03312963822474908,0.48548630356420347,1,0.23338540888466375,-0.012985718199472805,0.48181911935788335,1
39439.688798,grid_0099_y525_z465,472.373,530.416,462.675,103.61713979356887,2.508,-0.04288971045717579,0.015051630689661534,0.5089662153203962,1,0.02842480863803587,0.048579834704398986,0.4972083050128788,1,0.09238915418263284,0.05550186392331548,0.4917860259621994,1,0.16065945174308652,0.03360555975785194,0.4903689021707507,1,0.2360558118063909,-0.013157388342567397,0.4876136127585116,1
39452.404945,grid_0100_y520_z465,472.262,525.587,462.076,102.71703714574319,12.399,-0.0467087654574139,0.01539260991558912,0.49368309852292536,1,0.02424206827638223,0.049053215888840485,0.49930713588421305,1,0.0917509527564545,0.057525869103304,0.5070205731258506,1,0.15422986514216747,0.03261489695184362,0.476445491830733,1,0.233084673682243,-0.01340678950209078,0.481594485031127,1
39489.444019,grid_0101_y515_z465,472.327,520.571,462.037,101.45190126360372,36.633,-0.05173074378743575,0.015033954993867681,0.4938266708591562,1,0.01998800786408098,0.0485979094520303,0.4930547914464525,1,0.08870841800047596,0.05778785604255049,0.5048666311344707,1,0.15393815875959627,0.03398236683690253,0.4802681975417447,1,0.2301067890128981,-0.013066114843896783,0.47669174848249085,1
39506.919129,grid_0102_y510_z465,472.359,515.272,462.271,100.10056932405524,17.183,-0.0573711025189254,0.014555366392026623,0.4904748844601168,1,0.01545913234623033,0.04955789555116234,0.5036022823040884,1,0.08220182450773515,0.055493159082012626,0.4848041547639331,1,0.1564120112950488,0.03471689354377834,0.49360303580652654,1,0.23030711192665526,-0.013049896917019351,0.47761589104807745,1
39515.796078,grid_0103_y505_z465,472.317,510.084,462.984,98.5563114265139,8.62,-0.06509489970212669,0.013739087939037237,0.5086437464074507,1,0.010799082782373704,0.04900502699620994,0.5004541009290222,1,0.07993224850188059,0.055889465023677073,0.4884475853485353,1,0.14961798546931807,0.03380248157993547,0.4775339489493986,1,0.23337740692710113,-0.012927451801902329,0.48474946525948415,1
39517.52651,grid_0104_y500_z465,472.35,504.77,463.011,97.94223329085357,1.389,-0.07073937826093493,0.013659278123170141,0.5050920707766168,1,0.006405201275680186,0.04950899183121309,0.5016802284386026,1,0.07732687751170465,0.05688535028574082,0.49253429082587646,1,0.1491334073503437,0.03433956777002853,0.4810873645022433,1,0.23508991772158144,-0.013060654673170205,0.4889066096639533,1
39557.667863,grid_0105_y495_z465,472.41,499.952,462.766,97.90161698868914,39.823,-0.0753036212254202,0.014417504833649742,0.5019791363933905,1,0.002209139036749699,0.05151695915366272,0.5211981147936485,1,0.07547634623965746,0.057721079820547194,0.4984775318917328,1,0.14619887694554448,0.03401453942458088,0.47622049187887694,1,0.2329285458073843,-0.013024313385729996,0.4853008579385434,1
39591.635279,grid_0106_y490_z465,472.398,494.955,462.611,98.011704040895,33.704,-0.08180637579693623,0.014776751343918159,0.5066405528541154,1,-0.0022953137946782245,0.04955856669893621,0.49406872556730774,1,0.07132920129002593,0.05728818751729104,0.4901420033596068,1,0.14739842350836185,0.03498758073039139,0.4844753553314913,1,0.23488127463029834,-0.013091180894482246,0.4899791275183826,1
39611.02233,grid_0107_y485_z465,472.354,490.065,462.579,98.24637534789764,19.009,-0.08692404738234644,0.013962225634552485,0.5064211595676869,1,-0.006080113393253862,0.049045226786378654,0.4906227486601712,1,0.0679344345253946,0.0567611760765557,0.48548538798875607,1,0.14388463491738257,0.03478437317793156,0.4789941374131744,1,0.23200510984755252,-0.01291904848224604,0.4845355799166538,1
39637.2047,grid_0108_y480_z465,472.453,485.245,462.597,98.66453459070281,25.951,-0.09330132424324022,0.01412643527833611,0.5124602458680031,1,-0.010070761936242146,0.049075904176037494,0.4921192606979016,1,0.06516411518573935,0.05690182097109361,0.4864036906087293,1,0.14309818396896784,0.034993603648662525,0.48069153783958274,1,0.22698480246645988,-0.012358249683738429,0.4739577401080102,1
39662.173183,grid_0109_y475_z465,472.289,480.324,462.816,99.13472345248154,24.67,-0.09775428202560049,0.013729248830173357,0.5080397291346835,1,-0.015244577261516429,0.05252731524608667,0.5241544293027598,1,0.06406802621663339,0.05878954749028063,0.49976140346160186,1,0.1430810400655929,0.03577965332653056,0.4867776811688007,1,0.22618479339379743,-0.01231112142289467,0.47280621109289767,1
39697.599242,grid_0110_y470_z465,472.166,475.172,463.086,99.84537946745449,35.119,-0.10276398152433454,0.013627571292951801,0.5051339905975549,1,-0.01853554977465915,0.04847617329033418,0.4877371021914319,1,0.061070382606405765,0.05897412148579323,0.5015072621453257,1,0.14089060221321575,0.03575214859739767,0.4836908545334971,1,0.23401504193132847,-0.013114260203105584,0.4907743572923469,1
39708.582133,grid_0111_y465_z465,472.393,469.973,463.085,101.08691750172221,10.749,-0.10907442300694255,0.013684594525733854,0.5078263160368415,1,-0.022925522004584014,0.049847393012350014,0.4981763211101754,1,0.05853834387670896,0.05924601364253481,0.5015054513835078,1,0.13979454629958396,0.036099395404112194,0.4846119147414293,1,0.23316893652837445,-0.013063308043727094,0.4891593759201849,1
39741.901014,grid_0112_y460_z465,472.376,465.114,462.91,102.63944261832283,33.05,-0.11416412112028188,0.013571910507453717,0.5058485695325857,1,-0.028693675843799792,0.05251910139582534,0.5239985155019474,1,0.05519920674929885,0.059372241251672966,0.5007915388978745,1,0.14011062318554296,0.03672800833745775,0.4919456017747783,1,0.23004095398620955,-0.012770606700384938,0.4830392594010736,1
39765.16815,grid_0113_y455_z465,472.495,460.137,463.066,104.12587454134535,22.901,-0.12241230309691989,0.013385524808443594,0.5180112240958966,1,-0.03272759257750527,0.052516305682620744,0.5239426088727046,1,0.052710111010790914,0.05972389328739243,0.5021828961516381,1,0.13562281375410623,0.03604468245534172,0.481839276955645,1,0.22515108518443638,-0.0123518707064363,0.473634681603178,1
39905.026762,grid_0115_y445_z465,472.488,450.211,463.389,107.70862909256614,19.24,-0.1304175893642788,0.012408326737244332,0.5072693984763961,1,-0.039797558176739446,0.050299383849376836,0.5025756554275465,1,0.04637423811779896,0.05910872836484634,0.4968632580484134,1,0.13340095154892215,0.036535455411565484,0.484939500114168,1,0.22586883645310543,-0.012453084437427403,0.47648399550615234,1
39922.086344,grid_0116_y440_z465,472.585,444.985,463.551,109.91583107996769,16.811,-0.13541023450274003,0.01233109165160063,0.504961065633125,1,-0.04613742887177481,0.05220178787675707,0.5233018749451004,1,0.0434796051333408,0.05956007237849173,0.498072096926828,1,0.13238435265453868,0.036861542375666176,0.4872331289558386,1,0.2246656849212969,-0.012358549414919366,0.4742316366652411,1
40189.008858,grid_0119_y425_z465,472.873,429.973,463.061,118.11426133198306,25.789,-0.15188809616172644,0.012435983931730923,0.5071856260847308,1,-0.05700882837215445,0.05051438756557032,0.5042430176021853,1,0.03479003555851365,0.06029577610454155,0.4990379929869866,1,0.12725876728463115,0.03718259902289135,0.4845637233207694,1,0.2288980565825528,-0.0122875785432691,0.4846072823062018,1
40194.570509,grid_0120_y420_z465,472.785,425.197,463.26,120.71115362301856,5.198,-0.1564662133914433,0.012338758951408985,0.5050186046607572,1,-0.0607869573949634,0.05074647985416752,0.5021361244177829,1,0.03237187635235515,0.06063889883480733,0.5001012740367092,1,0.1256569789978404,0.03746439819058121,0.4841608795397593,1,0.22734670851043826,-0.01233206951652071,0.4825987818987718,1
40214.03923,grid_0121_y415_z465,472.797,420.108,463.263,123.7859381149571,19.242,-0.16158310254251915,0.012330638595823628,0.5047075155448776,1,-0.06767925361815712,0.05249356466415395,0.5233672675486383,1,0.029402687287707396,0.06051912202806404,0.4985724705597448,1,0.12301188835664051,0.037226376272238085,0.47980158207405754,1,0.2279052614339859,-0.012328467937948465,0.48378975856580975,1
40273.592065,grid_0122_y410_z465,472.76,414.984,463.668,126.70497869065757,59.318,-0.16821570715251083,0.011154520127229634,0.5079927735922803,1,-0.07171169973345688,0.05249124379817224,0.523292228659313,1,0.02572955424321119,0.05872900238821323,0.4882488892622535,1,0.12108770522091418,0.03684738591865453,0.47708208813671055,1,0.23070766403444506,-0.01245734080257949,0.490367330031257,1
40458.337086,grid_0124_y400_z465,472.689,405.066,464.093,132.99896993210132,64.103,-0.18185162353466455,0.010994105086240666,0.5174760281366882,1,-0.07863814143094901,0.050648557348246546,0.5111247200449804,1,0.020331840592321293,0.05899798101904794,0.4886227999148998,1,0.1203154237611937,0.03842818896671891,0.4889386845208836,1,0.22714880848500021,-0.01225246119811557,0.48350451727366445,1
40466.691789,grid_0125_y400_z470,472.518,403.874,465.939,132.49709203601404,8.309,-0.1785084804339756,0.008412264870023011,0.5041805328926533,1,-0.080781867513743,0.04997183725405515,0.5209125134176957,1,0.019867266759138885,0.057917467620700505,0.48998707448547374,1,0.11965130864138226,0.03730290150138355,0.48640274232690717,1,0.22755710012026126,-0.012281319027270452,0.48445627921484713,1
40508.652428,grid_0126_y405_z470,472.496,403.848,466.773,131.92083196371973,41.91,-0.19010868708047274,0.008267055816514112,0.5370598495463713,1,-0.08022389836963255,0.04893521886565291,0.5172659235737747,1,0.019558969725251753,0.05694502203263941,0.4866175172649266,1,0.11990387507337597,0.037056363897565184,0.4874255158545383,1,0.22714880848500021,-0.01225246119811557,0.48350451727366445,1
40525.154938,grid_0127_y410_z470,473.263,406.271,468.837,128.74972173173808,16.235,-0.1804064014734973,0.005637984150712077,0.517092727410276,1,-0.07654020023958347,0.045531301117476816,0.5055391820796571,1,0.021482552240907504,0.05666984101274436,0.4914677807878386,1,0.11842705236050953,0.0355813197423578,0.476591144180474,1,0.22714880848500021,-0.01225246119811557,0.48350451727366445,1
40551.740868,grid_0128_y415_z470,473.184,410.494,470.205,124.82936607225074,26.233,-0.17716123380222878,0.0037041107164325023,0.5199896090213934,1,-0.07249695220496676,0.04410001148368753,0.5005802257212155,1,0.02371378104967858,0.055428282757273045,0.48818027964660354,1,0.12252736619245652,0.03583428585684744,0.48784567091622316,1,0.22714880848500021,-0.01225246119811557,0.48350451727366445,1
40576.586307,grid_0129_y420_z470,473.076,414.926,471.008,121.22054077176851,24.671,-0.17113662766744447,0.0029769884796267704,0.5177295419155528,1,-0.06849880557628978,0.04310164998439206,0.4999507048418931,1,0.026130373164041723,0.05485456045073994,0.4907071232091029,1,0.12388915014454238,0.03571365205284402,0.4882433784416591,1,0.22717737069374747,-0.012946829477170987,0.48373229353605013,1
40605.65755,grid_0130_y425_z470,473.095,420.044,470.799,117.99312611758363,28.886,-0.16137915730991473,0.003206088537168542,0.50406449707924,1,-0.06478438335686737,0.04316543713351049,0.5007535897244325,1,0.030812218623166156,0.057924032295477074,0.5181900557627341,1,0.12488446448825785,0.035455240175750746,0.4871885747299972,1,0.22728337239760604,-0.012569022276793643,0.4824813433477935,1
40659.783441,grid_0131_y430_z470,472.948,425.042,470.177,115.30156554878164,53.889,-0.16041938562599645,0.004319820409405494,0.5179627274369125,1,-0.06091164036979513,0.044093171422700826,0.5038887539738031,1,0.0316713001355627,0.055295122641510985,0.48949004495739556,1,0.12644918404849895,0.03587673387215555,0.48837698476611513,1,0.225656137827054,-0.012384479959534622,0.47899456862160145,1
40688.273057,grid_0132_y435_z470,473.0,430.152,470.104,112.2618857894343,28.191,-0.1550618001737497,0.004322521767029549,0.5180729157643156,1,-0.05826537812059695,0.045767688716326485,0.5235540639166374,1,0.03448141551223892,0.0549358631506289,0.4892320801659408,1,0.12983887583866838,0.036009278367558205,0.492212733260402,1,0.2284990876251565,-0.012259428596555346,0.48368058541972814,1
40735.876014,grid_0133_y440_z470,472.95,434.998,470.431,109.19420038628422,47.398,-0.14970472201282287,0.004325110394760488,0.5181783399709504,1,-0.054232962427036804,0.045769910831536406,0.5236226895765597,1,0.03710240170970407,0.054536635755710564,0.48740482547028646,1,0.1272203977055124,0.034386858288175934,0.47694941599605145,1,0.22853074333848372,-0.012953265079550007,0.48391562970010743,1
40754.139981,grid_0134_y445_z470,473.108,440.362,470.205,106.45382729615685,18.015,-0.1415364066724697,0.00435828639802853,0.5093968250145746,1,-0.047561971257475806,0.043982445978386284,0.4995563070364087,1,0.0427758894245766,0.057915669123626716,0.5180589749264819,1,0.1289513985631558,0.03436523754722341,0.4786573471725839,1,0.23245693146342972,-0.013127575308581009,0.4915530135021024,1
40779.248081,grid_0135_y450_z470,473.222,445.334,470.457,103.69539055329311,24.838,-0.1376864934234877,0.004310595254902587,0.5141358842011017,1,-0.04316252496129005,0.0433810490540843,0.5009620870553191,1,0.043769124435067405,0.055143950932230415,0.4948137926443169,1,0.13182175432961485,0.03432841244106706,0.48277135899839385,1,0.22925410784237904,-0.012901668463102055,0.48408625528498456,1
40802.713408,grid_0136_y455_z470,473.224,450.158,470.487,101.37181171311866,23.279,-0.13199539833944338,0.004306372384981211,0.5129145927594225,1,-0.040790902125916226,0.04577788885480236,0.5238409335749401,1,0.04586989976688566,0.05373645848805755,0.486258001616521,1,0.1341733361616253,0.03462749055733626,0.4859775966766957,1,0.23273771080703998,-0.013112742903309457,0.4907913184818216,1
40841.892264,grid_0137_y460_z470,473.273,454.849,470.243,99.5331890476739,38.887,-0.12518982353360295,0.004566343484282733,0.5073964848009801,1,-0.03675793146264749,0.04578045834880386,0.5239032175488134,1,0.04819429315446502,0.0535797213937522,0.4849104656632609,1,0.13971048314989312,0.03546954063550253,0.5008308158730829,1,0.23095347757330648,-0.013017018382516395,0.4866055779341715,1
40872.24436,grid_0138_y465_z470,473.139,460.132,470.101,97.56800222921441,30.146,-0.12043113746214054,0.0047429340871775775,0.5102127855602769,1,-0.031079607397359828,0.0436178078419387,0.5013712772007293,1,0.05159832687339106,0.0538970859408733,0.48775707189556367,1,0.13486107333539635,0.033505796173514804,0.47812565819088254,1,0.23045236240148703,-0.013014345546544782,0.48501371580222524,1
40892.848583,grid_0139_y470_z470,473.199,464.629,470.384,95.71244266551756,20.401,-0.1147370791450474,0.004570851982354127,0.5076512598966229,1,-0.02735668313604543,0.04315126641853724,0.49945850384503326,1,0.05488813163995933,0.054595420091545784,0.49609113862122,1,0.1369318417528162,0.03370036010373799,0.4807725611091258,1,0.23063062031951231,-0.012910451565591625,0.48431443180369893,1
40923.550803,grid_0140_y475_z470,473.23,470.252,470.385,93.98449815794088,30.385,-0.10639893709509576,0.004431512508420376,0.49663574344529193,1,-0.022308463990609255,0.04270718187412329,0.4965915103234042,1,0.05911750849414659,0.05491488717526525,0.501683120550422,1,0.13958776382430083,0.03366578694307124,0.4835290923831968,1,0.23401504193132847,-0.013114260203105584,0.4907743572923469,1
41087.551251,grid_0142_y485_z470,473.423,479.605,469.305,92.86771211782913,43.443,-0.09853971200370902,0.0058737801058785155,0.5064038264626618,1,-0.01485327994043229,0.043958415811848416,0.5000114281169781,1,0.06384886968607706,0.05479384919063013,0.49816119900695466,1,0.14241806091927037,0.03372644957438693,0.4845272487196191,1,0.22886562288664045,-0.013069343334389628,0.4784467191349939,1
41127.971704,grid_0143_y490_z470,473.282,484.499,469.08,92.32168304358403,40.194,-0.09578224326082312,0.0070231022661223245,0.5204793136296547,1,-0.010357330096062036,0.0439513132718134,0.4959134926756227,1,0.06719018641381608,0.05494378533354194,0.4999207293506933,1,0.14810499685612782,0.034653973191266854,0.49808490925907845,1,0.2311242628598998,-0.01291575359416092,0.48267308748410387,1
41135.612051,grid_0144_y495_z470,473.447,489.45,469.376,91.5112079365145,7.36,-0.08836212813531602,0.006281027587953007,0.5132177274266327,1,-0.0064431016743417835,0.04380021007573404,0.4985548385081816,1,0.0676367735918613,0.05267752695899071,0.4836666602628029,1,0.14570716074293516,0.03346052512960443,0.48302948489297826,1,0.23200510984755252,-0.01291904848224604,0.4845355799166538,1
41159.696269,grid_0145_y500_z470,473.293,494.427,469.767,90.86714344580218,23.839,-0.0820750746339999,0.005889781453475208,0.5083403711294251,1,-0.001959394591007403,0.043148370333147015,0.5012194267344768,1,0.0711513728209303,0.052566696564130835,0.48715624382399303,1,0.14312817203704795,0.032112668448712176,0.4703488765945901,1,0.22862133165928056,-0.013065611749944073,0.4766018422106733,1
41175.525033,grid_0146_y505_z470,473.574,499.568,469.829,90.83080485165806,15.51,-0.07684951258341724,0.005891266720372508,0.5084339289626014,1,0.002405586418532633,0.04267830924664841,0.49543778707837927,1,0.07604884960888182,0.0536579337418284,0.49980986157966883,1,0.14952154452827401,0.03273042908488733,0.48707325448286515,1,0.22992642276576916,-0.013103641542886187,0.4787111917727729,1
41226.737779,grid_0147_y510_z470,473.429,504.356,469.836,91.10652206071741,50.885,-0.07162406198336198,0.005892653749568726,0.5085227884643825,1,0.0062199970950188865,0.04269066395720582,0.4955877891591774,1,0.0783417148715558,0.052744022795458076,0.4974650598576338,1,0.14917422434461233,0.03209765090633301,0.48012960226503354,1,0.22923343478882668,-0.013062314196760539,0.47657281756212994,1
41249.058079,grid_0148_y515_z470,473.391,509.597,468.766,92.7620988389115,22.072,-0.06309694006806461,0.006891139779823493,0.49063654965063613,1,0.010809850964387403,0.043705834755731914,0.5011449902313729,1,0.08205136505217489,0.05365818452933903,0.49969116859382107,1,0.15318876364177703,0.032656762833505784,0.48704811860640373,1,0.23248480233993957,-0.012923658100232355,0.4828724330666242,1
41253.657853,grid_0149_y520_z470,473.571,514.664,469.139,93.24321167248578,4.286,-0.05986754015537478,0.007202862728116663,0.5087087332028132,1,0.015114389519793318,0.04257536525091903,0.4942316383181693,1,0.08444634010057336,0.052877149144904476,0.49857296905492743,1,0.15347982075156824,0.03240606312352418,0.48387527756101834,1,0.229868498355163,-0.013067389076321783,0.4765968090178765,1
41276.511879,grid_0150_y525_z470,473.345,519.929,469.867,93.69962276338143,22.558,-0.0515697169594309,0.005621349336492274,0.48864033331190504,1,0.020423210253315793,0.042089701896373566,0.5000131681468941,1,0.08815938590255468,0.052349336026013785,0.500030612951168,1,0.15412728815470783,0.03162853053440655,0.48087161085415603,1,0.23047792425959285,-0.013063990927165403,0.47656229847397213,1
41299.18676,grid_0151_y530_z470,473.483,524.866,469.594,95.31195143317542,22.365,-0.04795830450014307,0.007056715129640376,0.5030059698699205,1,0.02426124664962685,0.04274017730348893,0.5005497904476117,1,0.08741578781129679,0.050021706815621424,0.479991640844036,1,0.1558294444491668,0.031252910856909406,0.48033867639248634,1,0.2346487233358331,-0.013612468647046004,0.48461379696541995,1
41329.523563,grid_0152_y535_z470,473.542,529.875,469.788,96.73516684226057,29.928,-0.040355130943181626,0.006148879645470811,0.4782596422987581,1,0.028081874387938677,0.04054831363589717,0.4829751411823114,1,0.09379066361900708,0.05183705799698449,0.5009398675835607,1,0.1632632488468776,0.03205809430925245,0.49751449312449736,1,0.23638292573187278,-0.013212821670897401,0.4882780440697114,1
41334.990331,grid_0153_y540_z470,473.552,534.202,469.329,98.7330090800437,5.247,-0.03710287732048978,0.006977520405301366,0.48911305912121533,1,0.032183840293925875,0.04230395661908514,0.4971038065645959,1,0.0934094448078173,0.050464837003089465,0.4842851047760222,1,0.16511506075912383,0.03215507625814267,0.4990834836030014,1,0.2311154968516643,-0.01306915681651518,0.4765911724315013,1
41354.574182,grid_0154_y545_z470,473.665,539.521,468.814,101.34710725521467,19.252,-0.03132006176107189,0.007866584180230379,0.4908767284751813,1,0.03709265282649023,0.04272939202784394,0.5004113847134438,1,0.09895157378548851,0.05155254297125374,0.4980590796642305,1,0.16060530530171732,0.030497330914760108,0.48078436059659385,1,0.23756306305296362,-0.013655708331868306,0.4885930081839861,1
41387.898967,grid_0155_y550_z470,473.588,544.705,468.881,103.59048667228087,32.997,-0.02627878530208623,0.00786579587695664,0.490844878186889,1,0.04162155730277163,0.04268868995707749,0.5006340699566798,1,0.10216535810217654,0.05118175279959612,0.500470849546635,1,0.16101487833406353,0.03023359523000838,0.4782294572560704,1,0.2314732636474297,-0.013597760565050312,0.4754440640653654,1
41394.990657,grid_0156_y550_z475,474.256,545.372,470.204,102.74255181277125,7.041,-0.02494003653656867,0.006548132497635929,0.48925276109775484,1,0.04209172725001861,0.04107429604444229,0.4961444968130605,1,0.09976362774728337,0.04920669968773167,0.4842264574026539,1,0.16260716042308418,0.03018217284086115,0.48019712456144487,1,0.2353617723736351,-0.013616138244540162,0.4834624723296451,1
41402.33122,grid_0157_y545_z475,474.256,545.372,470.204,102.74255181277125,7.294,-0.02440061386891028,0.006150526056337221,0.4783986113382489,1,0.042156527924260875,0.04125633842136331,0.49823501566427086,1,0.0999908552750266,0.04933759366191545,0.48541693472009606,1,0.1631880564185201,0.030252147706191314,0.4820322919132277,1,0.236009857161336,-0.013619201191121805,0.48479887370702507,1
41536.617199,grid_0159_y535_z475,472.925,540.622,473.407,97.69508161110257,13.854,-0.029306241945721984,0.002464962470709162,0.47830420955553565,1,0.03676727825903903,0.03692029613392081,0.48311075177223123,1,0.09737164200648955,0.04757445538416191,0.4867066304274381,1,0.16010641529210778,0.02902964642214851,0.4790630815772461,1,0.23839745677658053,-0.013740000614349929,0.49031324294840456,1
41597.176287,grid_0160_y530_z475,472.353,535.22,472.772,95.9638785481287,60.137,-0.03570746559408569,0.0031136653177307213,0.49072081315955907,1,0.03285323944464815,0.03886168056939909,0.49515674346746674,1,0.09372824284271312,0.047999544628309465,0.4848007210087365,1,0.16510031052721552,0.030863621358510344,0.49904120056085693,1,0.2311154968516643,-0.01306915681651518,0.4765911724315013,1
41618.836199,grid_0161_y525_z475,472.457,530.44,472.461,94.43026169083718,21.355,-0.04098269701442127,0.0034611048872359128,0.48898235281174024,1,0.02808209829195079,0.03806805259245962,0.48298812701876487,1,0.09151617402668957,0.048803586388899416,0.48654253822482985,1,0.15894414002991059,0.0301385437409682,0.48492899702357795,1,0.237025472595769,-0.013580941330465394,0.4889993699333646,1
41627.694914,grid_0162_y520_z475,472.205,525.435,471.987,93.20513147890509,8.539,-0.04811068072835237,0.004590234230973314,0.5088611432488623,1,0.025111322260647453,0.04124136826770004,0.5096722908108182,1,0.08781366409302835,0.04896371678485061,0.4817772960346076,1,0.15699108576328005,0.031066469835509702,0.4832326765856981,1,0.2346487233358331,-0.013612468647046004,0.48461379696541995,1
41638.829493,grid_0163_y515_z475,472.136,520.571,472.951,90.8859495686764,10.868,-0.05333537269411204,0.0032818615597652524,0.508789892434375,1,0.020757803207819267,0.039980081594320246,0.5052008334981817,1,0.08578254606109538,0.049065598878605454,0.4870040599962183,1,0.15936149289896412,0.0320555407429093,0.49745260676063974,1,0.23047792425959285,-0.013063990927165403,0.47656229847397213,1
41640.722062,grid_0164_y510_z475,472.427,515.255,473.235,89.34927799372521,1.605,-0.058294954806892965,0.003145759857102368,0.5040576258508582,1,0.015749076480169027,0.0388960042863354,0.49261263478296935,1,0.08338577479920165,0.04946272459706438,0.4887208685302767,1,0.1535160931426574,0.03116582224322534,0.4839949118796074,1,0.229868498355163,-0.013067389076321783,0.4765968090178765,1
41643.111288,grid_0165_y505_z475,472.378,510.127,473.208,88.44634572439941,2.089,-0.062305141546765426,0.0021994105436119633,0.4889224801102568,1,0.01138449222764738,0.039764665324917195,0.4983486482168212,1,0.08183828569452417,0.05076193075588045,0.49864127074928294,1,0.15276050817165887,0.03138121351370776,0.4855733214953305,1,0.23293879335560885,-0.01294494396120476,0.4837303832292832,1
41680.679239,grid_0166_y500_z475,472.341,504.999,473.002,88.01212844261858,37.252,-0.0703172704203282,0.0032781409098960167,0.5085389406779804,1,0.006520116393229358,0.039728771745994554,0.49541408460267755,1,0.07643860106490867,0.04973533963454102,0.48345771657492753,1,0.15443680905329937,0.03204610705734873,0.4968490913488469,1,0.22923343478882668,-0.013062314196760539,0.47657281756212994,1
41687.252624,grid_0167_y495_z475,472.406,500.191,472.487,88.19669268742443,6.209,-0.07554271645805835,0.003276784961291918,0.5084516207516308,1,0.0027616662064638333,0.040679464739589735,0.4975269053289102,1,0.07577344126787085,0.05215418711315393,0.4980219517522113,1,0.1495126479654688,0.0325967375214099,0.48675862363612543,1,0.22992642276576916,-0.013103641542886187,0.4787111917727729,1
41698.218111,grid_0168_y490_z475,472.278,495.396,472.544,88.07414706370986,10.669,-0.08076827348078006,0.0032753297443075687,0.5083595382506121,1,-0.0013957580921758242,0.0404572312322546,0.4975705901761124,1,0.07217346563544633,0.05172076090433689,0.49488276162145217,1,0.14750810235853357,0.0324664190338631,0.48484808127201096,1,0.22862133165928056,-0.013065611749944073,0.4766018422106733,1
41708.172153,grid_0169_y485_z475,472.487,490.237,473.234,87.60445991500657,9.722,-0.0857993263268273,0.0021310560849088583,0.5028773050790156,1,-0.005441572354037411,0.04008594405619013,0.4957661747730727,1,0.07010795021105967,0.052047151062733915,0.4977223524823853,1,0.14624480867606615,0.032416103560027235,0.48482922051753663,1,0.23158213757401852,-0.012937368890708295,0.4835438627034062,1
41723.192958,grid_0170_y480_z475,472.491,485.059,472.924,88.4377368152306,14.732,-0.09283702298118555,0.0024197195336420584,0.5101155583531688,1,-0.010284880697961468,0.040916502134882585,0.49970589858572656,1,0.06576338329796838,0.051513346579843675,0.4895235903857276,1,0.14547060889811927,0.03302763281263497,0.4880561023772896,1,0.2249583339463307,-0.012892689377565087,0.46963564045625417,1
41736.302544,grid_0171_y475_z475,472.404,480.279,473.052,89.06068513098238,12.821,-0.09775196103899172,0.0019625019443236273,0.5080257639741733,1,-0.0142252379445439,0.041405408947171624,0.5089399828701121,1,0.06437450875551408,0.05251107502208771,0.49985060647632884,1,0.14164238295111858,0.03232918503851389,0.48037720478986967,1,0.22816332519081103,-0.013071086333416033,0.477123155889016,1
41778.400025,grid_0172_y470_z475,472.472,475.038,472.843,90.36949181001289,41.793,-0.10417006294329365,0.0025950427055668893,0.5139806367524924,1,-0.019277433782280452,0.043098359618127,0.5241546849885417,1,0.059159363650461226,0.05122986697454296,0.48379736424238046,1,0.1407729187651653,0.032733655708451714,0.48341927725318423,1,0.22868679354355445,-0.013102449862867599,0.478743909013498,1
41928.835862,grid_0174_y460_z475,472.432,464.974,473.142,93.00015245686423,29.822,-0.11153883017887178,0.001873655886837018,0.49664422788869766,1,-0.02705091704575243,0.04120897727956882,0.5011102028773149,1,0.057393847860084675,0.05524311017807508,0.5178847293565275,1,0.1394229516686007,0.03352426944287698,0.489095404074661,1,0.2310180481420242,-0.01293776402672635,0.48521553492587655,1
41959.021834,grid_0175_y455_z475,472.317,460.022,473.599,94.3763514181386,29.924,-0.11778594949082283,0.0013193345342869547,0.5010633538352778,1,-0.031076511889870435,0.04041892011021665,0.49891396511677244,1,0.054736177467584864,0.05524476736009778,0.5179207602383591,1,0.13492548924175313,0.03296075352735359,0.4780070765792299,1,0.22796885314041593,-0.013088852827012554,0.47955088328614076,1
41980.511645,grid_0176_y450_z475,472.322,454.972,473.216,96.79025242760756,21.236,-0.1259818904242432,0.0016659089938655058,0.5107822238584253,1,-0.03533802876984136,0.04118786925399977,0.49949309963087707,1,0.04899374314184891,0.05265748818682421,0.49176666525438695,1,0.1358592556123246,0.03369300468620415,0.48714693557269356,1,0.24119391965898684,-0.013234951768691754,0.5077992235710568,1
42044.313235,grid_0177_y445_z475,472.426,450.167,473.536,98.66755401853231,63.554,-0.13156788089519422,0.0009346960949329553,0.5130003989881788,1,-0.0392934293019068,0.04079580927134777,0.5008708613700207,1,0.04666641262199316,0.053594434498123025,0.49968569740385915,1,0.1342000157032244,0.033510338234389855,0.48607729333414135,1,0.23273771080703998,-0.013112742903309457,0.4907913184818216,1
3947.533888,grid_0178_y440_z475,472.437,442.767,474.166,101.82107161584968,18.941,-0.15643654592984735,2.081821941036837e-05,0.5239466235143325,1,-0.058347526775896205,0.040240724686084375,0.50080678596767,1,0.03081216787555655,0.05526076196073356,0.5182055184651255,1,0.11690461639732748,0.033255316017694256,0.4796852890883415,1,0.21887792756607688,-0.012943544697664677,0.495551524934732,1
3953.066254,grid_0179_y435_z475,472.561,437.812,474.247,104.45669266734413,5.314,-0.15920861766734762,-0.0003700293431412239,0.5158696580541061,1,-0.06230492752624281,0.040222458012760774,0.5013618565537856,1,0.026356424895992523,0.051628684754350306,0.4859774286300469,1,0.1173606143695258,0.03365253945904794,0.4873426173501615,1,0.21928702890596652,-0.01292382552380789,0.4966433533509118,1
3964.41007,grid_0180_y430_z475,472.768,432.785,474.396,107.24476035685838,11.175,-0.16129871204006302,-0.0006974834916926902,0.5038061078233877,1,-0.06605393523943151,0.04029283440745323,0.49913260260196735,1,0.023817735603837358,0.05298017521884381,0.49394774808945713,1,0.11418069051476629,0.03351028317348546,0.4801541238014891,1,0.21916064799992713,-0.012932041929981233,0.4970425213940712,1
3994.0162,grid_0181_y425_z475,472.919,427.532,474.387,110.45687199536293,29.422,-0.17055963524877452,-0.0005502553736304199,0.5151622094090142,1,-0.07090797752016519,0.040204746481520094,0.49909947682116135,1,0.020838755499353087,0.053600301479905285,0.4983985952574155,1,0.11542006668699957,0.034631176356654705,0.4932205858360998,1,0.21807597141266288,-0.012998207890383015,0.49530591512032673,1
4060.900056,grid_0182_y420_z475,472.732,422.55,474.471,113.57385129509339,66.676,-0.1755466832638603,-0.0010556193421736707,0.513775706291695,1,-0.07546755108380895,0.04027744827215632,0.5012930269137239,1,0.018094748530590763,0.053564456905992174,0.49932592759666206,1,0.11214308731389473,0.03447753242215907,0.48654485167246103,1,0.22449993259464088,-0.013280458258770677,0.510580464200787,1
4074.09365,grid_0183_y415_z475,472.682,417.482,474.419,116.9785574453711,12.899,-0.18179397826860488,-0.0010539192889318623,0.5158984720586393,1,-0.07982438005946593,0.04074082702234164,0.5039920175995534,1,0.014951461942528319,0.0531838523231815,0.4943621920433694,1,0.11086626829481222,0.03431677905515962,0.4864541237766073,1,0.21744036492476393,-0.012772805637854781,0.4953548635055581,1
4108.586672,grid_0184_y410_z475,472.604,412.572,474.752,120.11459362209067,34.301,-0.1865741513360259,-0.0012331996546891923,0.5147454684524551,1,-0.08648905454167038,0.041716006034446855,0.5230371137535003,1,0.01203745836734961,0.053527731877443654,0.49893396594694545,1,0.10958142998002862,0.03420404887836848,0.48632477205397007,1,0.2142801923051288,-0.0124170804907094,0.488730512223186,1
4129.461449,grid_0185_y405_z475,472.744,407.475,474.714,123.75888276806633,20.694,-0.19168540519743946,-0.001689093326367074,0.5141992647357909,1,-0.09099232128429899,0.041473329468511656,0.5201145413576713,1,0.009471444398788283,0.05366340957366271,0.49828062047004357,1,0.10673383595480186,0.03402868879084238,0.48198808556722084,1,0.2137885945223283,-0.01273950337120034,0.48777282438814795,1
4397.657604,grid_0188_y405_z480,472.374,402.993,478.761,124.32392067900685,27.409,-0.19323351536023167,-0.005980816819002926,0.5047513300080672,1,-0.09274104321372768,0.037393927996230716,0.5098374661296672,1,0.0069756539653710765,0.051490035692075206,0.49776824158794203,1,0.10545441127277679,0.033124655355341814,0.4820628605132679,1,0.22317576098356223,-0.01327903998791752,0.5106080826678675,1
4409.630211,grid_0189_y410_z480,472.88,407.749,480.049,119.91437145313311,11.6,-0.1931426435177207,-0.007531227602186864,0.517805185116844,1,-0.08871147067197457,0.03603239047129799,0.5091742070022243,1,0.00970501861194624,0.0506935705282956,0.4979156480913312,1,0.10768569222509174,0.03290867716199793,0.48495392054347497,1,0.21531571061140253,-0.012803358610982018,0.4911621868670463,1
4425.463907,grid_0190_y415_z480,472.594,412.906,480.243,116.01207367338965,15.621,-0.18641936470553178,-0.007662395948651682,0.5150163951218627,1,-0.08353328273734661,0.03564978126334846,0.5042647179563011,1,0.012742770567635255,0.050330347591174704,0.49726758381971703,1,0.10985786453944837,0.0330056505625277,0.4875151413763932,1,0.21750720793003175,-0.012939417517893726,0.49658406144308354,1
4435.647547,grid_0191_y420_z480,472.725,417.753,480.264,112.55125812268821,10.023,-0.17821007355512855,-0.007386030540534564,0.5067294354796925,1,-0.0801648072788817,0.03597005722882322,0.5085336432069711,1,0.01554659543936645,0.0503758051718832,0.49733162832087674,1,0.11117130637041413,0.03285297749500452,0.48671555769465735,1,0.21660567688610644,-0.013016463874682013,0.493049515080807,1
4453.200338,grid_0192_y425_z480,472.778,422.819,480.404,108.96032345766962,17.402,-0.1722325001238581,-0.007268506010287186,0.5050462140374731,1,-0.0753219982332747,0.03557020712829482,0.5049054467272087,1,0.018368465970061594,0.050504426246164455,0.4988217202912151,1,0.11178494026957345,0.03239539122693682,0.48291246182224745,1,0.21560142253427017,-0.013089520167900163,0.49051949043413573,1
4456.864418,grid_0193_y430_z480,472.793,427.937,480.175,105.73732617198141,3.482,-0.1702872852767296,-0.0070696361110201104,0.5158009753521342,1,-0.07030010983632456,0.03521396186587665,0.5012868271876314,1,0.021814981242177355,0.04977660256895321,0.4977471129798326,1,0.11476854688392114,0.032513071746472465,0.48789238812149993,1,0.21770220335211096,-0.01304338667317652,0.49449785331448176,1
4464.069948,grid_0194_y435_z480,472.829,432.933,479.944,102.74598476339592,7.026,-0.16684052598758894,-0.006956308180543314,0.5218118379007046,1,-0.0659012673543413,0.03517215728756717,0.49750177601621004,1,0.024140011141657522,0.04970485504065099,0.49644499637557526,1,0.11538710351524274,0.032222919921616536,0.4854466863889829,1,0.2190537844793665,-0.012940763584146699,0.49697307414440217,1
4476.88186,grid_0195_y440_z480,472.814,437.819,479.559,100.10485762938771,12.661,-0.1601594604920802,-0.006363151893124197,0.5172407885264128,1,-0.06269444679609054,0.03589184029059719,0.5040421504208626,1,0.026858787786431616,0.04967567420735765,0.4959518707261171,1,0.1170387293117918,0.032122121608578164,0.48608149656771554,1,0.21958810208216967,-0.012897155313319367,0.4973203103927473,1
4493.439875,grid_0196_y445_z480,472.959,442.805,479.983,96.90918768620439,16.339,-0.15620584110605995,-0.006694016161658028,0.5231391872749207,1,-0.0574397727341413,0.03507962451837268,0.4956083995811422,1,0.029923361134297558,0.049920002008203304,0.4989217254396849,1,0.11809423611825892,0.03207632310718289,0.4848631043894587,1,0.21745757853389125,-0.013036323466355297,0.49201395401870135,1
4534.248371,grid_0197_y450_z480,472.912,447.757,480.041,94.20214087269986,40.636,-0.14810883284230664,-0.006330476372989608,0.5139827193752539,1,-0.05489355592976446,0.03613020850852702,0.5110315270820724,1,0.0325648067471611,0.0497542126955603,0.4997406305383495,1,0.1199669820281697,0.0320545451723308,0.4877085208365155,1,0.21674740401779846,-0.013082712850700607,0.490245168560686,1
4546.621509,grid_0198_y455_z480,472.849,452.569,479.933,91.8956560997308,12.088,-0.14406930460128808,-0.006350476320105375,0.5174093074416548,1,-0.04966655921427759,0.0350160035817615,0.4947635863654704,1,0.035047460376714024,0.049472252225098906,0.4973690132770292,1,0.12176182933670271,0.03189037537056437,0.4867168927116688,1,0.21738632016038534,-0.013093733546696025,0.49092631464073555,1
4560.140925,grid_0199_y460_z480,473.133,457.695,480.218,89.29781534281781,13.297,-0.13369660445893383,-0.006405452817731434,0.5018516462331826,1,-0.04539127966771736,0.03475146064395976,0.49635419390037033,1,0.038672813050615255,0.049213990977203866,0.4989386275592126,1,0.12105713560102799,0.03088309446300793,0.47750172207264907,1,0.2170502965696216,-0.013034187950012968,0.4893822483986491,1
4577.038789,grid_0200_y465_z480,473.03,462.936,480.051,87.29772014205179,16.675,-0.128935633006019,-0.0059744224774628055,0.5049373734742373,1,-0.041056814190203524,0.035113455183353,0.49785467342714285,1,0.04150378695786148,0.04918309798375522,0.4979028379329985,1,0.12298529643614314,0.031111140205116343,0.48004622348965126,1,0.21845738851810284,-0.013065918339160838,0.4913729560732333,1
4619.381291,grid_0201_y470_z480,472.982,467.86,479.608,85.9385901036315,42.163,-0.12720549772203446,-0.00569646190129682,0.5199711681479691,1,-0.03695044262667553,0.035004253751157045,0.49470248951300266,1,0.0441220180936556,0.04871051073596129,0.495412659466477,1,0.12404554955950325,0.031103940712073154,0.47920694503280703,1,0.21802881541487606,-0.013084520845953997,0.49024356323771284,1
4687.200189,grid_0202_y475_z480,472.671,472.633,479.528,84.54080719392256,67.658,-0.11802011205437772,-0.005216187599951623,0.5024264509074664,1,-0.03390344477139961,0.03614043651044269,0.5113629547465547,1,0.04731360383471769,0.04905684744654824,0.49917548822007063,1,0.12807745168272663,0.03175838320221274,0.48882911364714976,1,0.21802881541487606,-0.013084520845953997,0.49024356323771284,1
4695.646926,grid_0203_y480_z480,473.08,477.659,480.235,82.56867898301383,8.074,-0.11294308743021872,-0.005865460139549616,0.5039153643501212,1,-0.029513935425086082,0.03484282754998502,0.5073008133720207,1,0.049568239291543,0.048153742958724065,0.496772048459453,1,0.12979606714103395,0.030785145273427572,0.48701871415972003,1,0.2182585203526783,-0.013041592055217398,0.4894626226794103,1
4701.826447,grid_0204_y485_z480,473.261,482.501,479.959,81.86821230489885,5.968,-0.10802863680976127,-0.00587717647439676,0.5063411009291949,1,-0.024085764161239483,0.03365127936332587,0.48291587512773326,1,0.052777173407403115,0.048334143097553905,0.4979290875900919,1,0.13132837495592584,0.030887491920890315,0.4878700732219394,1,0.2188817087865132,-0.013069949415123155,0.4901201040956401,1
4723.170853,grid_0205_y490_z480,473.028,487.341,479.564,81.56821204366311,21.183,-0.10554268012171371,-0.005006946130060389,0.5188618701127483,1,-0.02044533607439797,0.035004109243555556,0.49480483502881634,1,0.05540472964222251,0.04831691325408208,0.49778400354186714,1,0.1319486572999657,0.030480496818222368,0.48643439636507246,1,0.21956968124385867,-0.01310328763650876,0.4912444081742359,1
4735.109775,grid_0206_y495_z480,472.913,492.396,479.407,81.30836199924332,11.728,-0.09648840813610031,-0.004917209788529973,0.5048958451101098,1,-0.016589671479536786,0.034775568530142194,0.4984538047234836,1,0.057574838343461776,0.04736181331867689,0.4910305300495593,1,0.13150378800875573,0.029895014398517508,0.47943914920244657,1,0.21449555227687797,-0.013093917070762783,0.4791731528476054,1
4743.046161,grid_0207_y500_z480,472.916,497.789,479.585,81.03212450010179,7.674,-0.09121958273512447,-0.0045724257589884005,0.5081451774197042,1,-0.01189455660853277,0.033891400244767785,0.48657592425445667,1,0.06052359700707358,0.04711340927343262,0.4914658875895439,1,0.134887935003221,0.030121349343557056,0.48517881006136854,1,0.21931008597346166,-0.013086318410139904,0.490241247858037,1
4749.455553,grid_0208_y505_z480,473.094,502.472,479.524,81.29850171436121,6.178,-0.08599378822885102,-0.004570773254070256,0.5082464609869075,1,-0.007752150214751043,0.03449586035404995,0.49575902939275884,1,0.06351266518161433,0.04691996169476692,0.49069931240884423,1,0.13599204360520864,0.029943213640151595,0.48401158193010674,1,0.2212407354517632,-0.01321437999117172,0.4935776466644767,1
4763.136959,grid_0209_y510_z480,472.753,507.523,479.647,81.69829436408078,13.459,-0.07934836897032832,-0.004555068754562639,0.504611867008512,1,-0.0037161496075913568,0.03484107330446525,0.5117347574636182,1,0.06488233469968273,0.045844564726517,0.48182386175295044,1,0.13727271110152345,0.02991363568801627,0.48406411145776007,1,0.21990928762544812,-0.01302361845504349,0.4901126745179933,1
4769.719856,grid_0210_y515_z480,473.02,512.613,479.493,82.68576956768314,6.302,-0.07243451096426118,-0.004465697504405331,0.4916518541963666,1,0.0008551585229969257,0.032902096403348305,0.4826544735735231,1,0.06892135700594164,0.04627396436346434,0.4896209503335528,1,0.14025784260093055,0.029784748262179278,0.4869717488335328,1,0.21998001373690038,-0.013015715379043589,0.4901998511706124,1
4788.910579,grid_0211_y520_z480,473.231,517.31,479.649,83.57322903298633,18.948,-0.06901069591167003,-0.004566092192586197,0.5085429091083168,1,0.005474961990474302,0.03483994404046971,0.5117302182332102,1,0.07259981760506942,0.04601015682321745,0.494874247652486,1,0.14139874022952392,0.02879512587181924,0.48561182310901685,1,0.21621387598557318,-0.013165528085823344,0.4802901462302352,1
4795.530608,grid_0212_y525_z480,473.355,522.469,479.43,85.20954611427052,6.338,-0.06343651371229192,-0.004507181673266375,0.5070371111066136,1,0.00934002379750326,0.033307723736757625,0.4884933300580344,1,0.0744576982549919,0.04517302041778205,0.48662433691766394,1,0.14344449780544052,0.02889483107234369,0.48750738353833856,1,0.22085346137967934,-0.013703773810402234,0.4893112009105691,1
4850.012498,grid_0213_y530_z480,473.282,527.328,479.785,86.47753612355054,54.211,-0.05800810794424049,-0.004537692182247099,0.5074337724934871,1,0.013364786633516573,0.03197060748544288,0.48393955600157257,1,0.0774837866435024,0.045044721940979186,0.48980344324031255,1,0.14530091772474624,0.028529024689763368,0.48682873023744566,1,0.22191196672604446,-0.013693216256679259,0.49003461533663845,1
4865.775909,grid_0214_y535_z480,473.249,532.359,479.706,88.46403206388455,15.399,-0.050852098028200565,-0.004452415879674608,0.49087420589737635,1,0.018063194753638028,0.03235186871472448,0.48875464601754515,1,0.08008187615742696,0.04372478614284165,0.48595456015793886,1,0.14629870314578416,0.028060633563830623,0.4851696097533656,1,0.22243452903151617,-0.01372412501000388,0.4907266575509545,1
4875.19932,grid_0215_y540_z480,473.408,537.239,479.442,90.78485076266853,9.152,-0.04565697956393784,-0.004353654109079242,0.48963950034650405,1,0.022469907145456536,0.03313203298044873,0.49660169502561397,1,0.0827305610022711,0.04378089441487314,0.48649523267673606,1,0.14680598303892567,0.027697200433155808,0.48256027029021653,1,0.22192584282980501,-0.01369156055878528,0.4886617716183575,1
4891.870859,grid_0216_y545_z480,473.394,542.373,479.343,93.28382790709222,16.391,-0.04060724129990809,-0.0038624594437585164,0.49667341412489163,1,0.02624180474601228,0.03211699363697994,0.48927743640417026,1,0.08724817917478886,0.04494732012163796,0.4961560379607317,1,0.15325124075643132,0.028309647066291906,0.49787151839288923,1,0.22206618233440117,-0.013694782012821191,0.48888791004693366,1
4897.616229,grid_0217_y550_z480,473.021,547.643,479.344,95.97913563374071,5.453,-0.03479806923103069,-0.0037124125288092403,0.489108537751512,1,0.030978146861723767,0.032152478608968416,0.489101363266051,1,0.08723425372902911,0.04326697662389756,0.48187924037521745,1,0.15471518729680983,0.028232774590496147,0.4980157514900574,1,0.2231924824882356,-0.013695282031581083,0.490029039077119,1
4904.848059,grid_0218_y550_z485,473.774,548.132,481.558,94.38207470171436,7.22,-0.03386409369385034,-0.0065763302198670335,0.48958339517512833,1,0.03152352388880916,0.02987646900430549,0.49147886321465584,1,0.09115716841924941,0.04295092863348949,0.4982520859848306,1,0.1508301721447154,0.026251838464594585,0.4832741249481626,1,0.2237062539162335,-0.013772154311589103,0.491080861081552,1
4909.80902,grid_0219_y545_z485,473.282,547.592,482.878,92.97864357474782,4.951,-0.03626300484752133,-0.008469225974030069,0.5083601758616088,1,0.031096730376915828,0.029378642434493427,0.4939892849779741,1,0.08776808038847281,0.04092210754721952,0.48252681758848026,1,0.15193540895002536,0.02639692431740282,0.4873141286984359,1,0.2231924824882356,-0.013695282031581083,0.490029039077119,1
5057.889176,grid_0221_y535_z485,472.445,537.546,484.23,86.67527734019659,27.355,-0.04680476378284762,-0.00979157642227998,0.5088456743562308,1,0.022276772239612965,0.027754226937103735,0.486119521302195,1,0.08217240253712645,0.04087528820235086,0.481477024812647,1,0.14762673247799477,0.02628643353633386,0.48526333189701354,1,0.22192584282980501,-0.01369156055878528,0.4886617716183575,1
5067.561678,grid_0222_y530_z485,472.468,532.693,483.955,84.73803127875934,9.409,-0.05202967879444418,-0.009792446049441543,0.508778953384454,1,0.017844610617712777,0.028609687047910642,0.48348735022085404,1,0.08026438588019526,0.04138345934437899,0.48734625518395014,1,0.1423186995084216,0.026057327197339036,0.4718589428715453,1,0.22274806641479916,-0.013742670261998652,0.49114188287954413,1
5117.114241,grid_0223_y525_z485,472.638,527.685,484.015,82.67115137095885,49.312,-0.05750251575456389,-0.009827856731516108,0.5104853562364449,1,0.013606711126093,0.02851468301511564,0.4882569608349954,1,0.07815885557779026,0.04279202317799906,0.4947877201612269,1,0.1453004435215749,0.02727406280417192,0.48683075490694777,1,0.22191196672604446,-0.013693216256679259,0.49003461533663845,1
5146.68134,grid_0224_y520_z485,472.319,522.627,483.793,81.1153918193088,29.275,-0.06112572052759408,-0.009531128937220308,0.49258822248207274,1,0.009799082932380025,0.029424037201563155,0.49793336389635817,1,0.07352346327502003,0.042118713189208457,0.4816309653502794,1,0.1436673231141069,0.02761039098240032,0.4878930092877022,1,0.22064379873206927,-0.013689472857882704,0.4886559029717358,1
5168.105851,grid_0225_y515_z485,472.273,517.68,484.35,79.12772165303375,21.192,-0.06677719614960986,-0.009821812979646953,0.4941965683612178,1,0.005475463251785109,0.029582054410075862,0.511729958235137,1,0.07105246185583021,0.042120486530825715,0.4816771001215933,1,0.14233953397830346,0.027591373786249103,0.48801663481845636,1,0.22064379873206927,-0.013689472857882704,0.4886559029717358,1
5196.190694,grid_0226_y510_z485,472.183,512.815,484.363,77.95918181971894,27.74,-0.0711514451918566,-0.010289036131892948,0.48919973840183084,1,0.0014881469505256288,0.02861422892611387,0.4896553307905772,1,0.0708393987502123,0.04383878110177067,0.4977790679341979,1,0.14015122341751807,0.027648968464592017,0.4855522453078857,1,0.2200191172274587,-0.013616613040004635,0.4886768018766676,1
5219.225595,grid_0227_y505_z485,472.274,507.891,484.192,77.25224413568833,22.793,-0.07939877662557496,-0.009823250156548762,0.5076593164304981,1,-0.0032539145368900763,0.029276820742566823,0.4891419634664019,1,0.0654080999282374,0.042083272704357515,0.48198929605679913,1,0.1394843529759513,0.028496042140395052,0.48933158673563826,1,0.21929797429557413,-0.013558615661091093,0.4876476943554065,1
5232.592456,grid_0228_y500_z485,472.224,502.87,483.963,76.90631689269736,13.136,-0.08410309094955379,-0.009711690333692239,0.5023987823171584,1,-0.0076546510767765445,0.030896735097610428,0.5117120165711669,1,0.06453714962267651,0.04455239753737772,0.49900434441067204,1,0.1356828391360364,0.028183757438145475,0.4807064007160072,1,0.21954614485510537,-0.01332043226356754,0.4887346046507882,1
5239.662142,grid_0229_y495_z485,472.076,497.884,483.786,76.83773357537292,6.819,-0.09353867836882243,-0.010172178434224521,0.5266094305394727,1,-0.01159301210927155,0.03089508751387513,0.5116694910818381,1,0.05995985782398579,0.04342470536819963,0.4824652575372436,1,0.13478891799983833,0.028333262467444796,0.4826775811722573,1,0.21936157625983915,-0.013687369611618058,0.48864917142799075,1
5325.389027,grid_0230_y490_z485,472.276,492.594,484.273,76.44127917558671,85.506,-0.09663934572865526,-0.010809071130570622,0.5093682182235768,1,-0.015385837029315595,0.029407591360789125,0.4821307386066402,1,0.05843069409977723,0.044280263970479516,0.49523585597156666,1,0.1343463853695597,0.029235732971826935,0.48864507392933626,1,0.21523735258801585,-0.0131017163743435,0.48083452838052343,1
5339.894085,grid_0231_y485_z485,472.197,487.613,484.528,76.60913277801798,14.169,-0.10118777610337346,-0.011042775641552833,0.5037358238513422,1,-0.02078009552491191,0.030890329881814983,0.5115445037566635,1,0.055396546381637546,0.04475217408129224,0.49426844051623603,1,0.1321998254634122,0.029334948956961017,0.48655673544142686,1,0.21449555227687797,-0.013093917070762783,0.4791731528476054,1
5353.054278,grid_0232_y480_z485,472.523,482.542,484.385,77.50461928814303,12.978,-0.10696210259248577,-0.011007235409195992,0.5038973867911456,1,-0.02454553768929485,0.030841923259171098,0.5077089819938421,1,0.052819294541170764,0.04547325726578119,0.49665266781415734,1,0.13180210474216073,0.02965978306710425,0.489517817955298,1,0.21514928804303035,-0.013096361083458696,0.4807572967871492,1
5416.428919,grid_0233_y475_z485,472.511,477.479,483.998,78.95463087748554,63.125,-0.1153417638276096,-0.010667633929483129,0.5159997338619107,1,-0.0283708454103115,0.030724499396847828,0.48965632155504707,1,0.04969947178985315,0.045710107299504345,0.49795587462100077,1,0.12748976271771506,0.029257881309330405,0.4779823091145417,1,0.2182585203526783,-0.013041592055217398,0.4894626226794103,1
5432.376287,grid_0234_y470_z485,472.595,472.518,483.944,80.34993721217204,15.745,-0.12160441959350105,-0.010360450554303619,0.518669992781951,1,-0.03390127047844266,0.032197921146267586,0.5113548065274137,1,0.046889440323679504,0.046223696770745386,0.49664476403947583,1,0.12543713920669664,0.02968559467751552,0.47924198040165245,1,0.21802881541487606,-0.013084520845953997,0.49024356323771284,1
5589.318514,grid_0236_y460_z485,472.386,462.597,484.196,83.62678396303416,36.389,-0.11914875443882227,-0.011045825341221591,0.5200281513717016,1,-0.02889748494930515,0.03211541685285986,0.510403843729033,1,0.05430703585961135,0.04749883515566535,0.4991231973289962,1,0.13971214897273646,0.030993548849656816,0.4905855133517566,1,0.23286621445089456,-0.013081819771758263,0.4884660308870796,1
5597.074643,grid_0237_y455_z485,472.495,457.486,484.446,85.60734607497179,7.583,-0.12069550987654265,-0.011056317114623465,0.5035908534422711,1,-0.03354596917965916,0.0320315566284104,0.5094097216301237,1,0.05154190742237265,0.04707011576607025,0.4982948421978637,1,0.13822133199024825,0.030978787763896953,0.4903678110723827,1,0.23654298311873898,-0.01310802322194423,0.496949587876628,1
5601.678033,grid_0238_y450_z485,472.404,452.646,484.363,87.99511019369194,4.372,-0.12671449631152995,-0.011332181460626497,0.5060671515775904,1,-0.037439797650868384,0.03184273211900088,0.5072072044622006,1,0.048463444881470745,0.047144382110387906,0.4976134405062702,1,0.135729822007909,0.03110922613095717,0.48872839292106207,1,0.23038908106075706,-0.012988871613981608,0.48474468568438767,1
5607.437432,grid_0239_y445_z485,472.741,447.495,484.136,90.8660888835873,5.578,-0.13170847630676677,-0.011029773187901028,0.5037600387820653,1,-0.04221243281487699,0.03228251561797481,0.5049796089220784,1,0.04513743420652941,0.047703878978088844,0.4974275805542687,1,0.13443038628414516,0.03156249242683377,0.48941097351038365,1,0.23125871888533792,-0.013040938983375163,0.4868335125538648,1
5665.897455,grid_0240_y440_z485,472.668,442.686,484.156,93.53489514079754,58.22,-0.13732200911135028,-0.011279033424682373,0.5057197983920972,1,-0.04515460173620037,0.031109420835083352,0.49489374935165364,1,0.04286702348187141,0.047495637594005935,0.49606293052595396,1,0.13309094160411752,0.0317903450647693,0.4895790748949267,1,0.23125871888533792,-0.013040938983375163,0.4868335125538648,1
5672.89054,grid_0241_y435_z485,472.74,437.623,484.113,96.57441228917725,6.802,-0.14563252866277404,-0.011631133631328696,0.5161237004384986,1,-0.05010650588591775,0.03241494093443408,0.5074523317056308,1,0.03954639851092839,0.04789766988433125,0.49719163842291714,1,0.13095074876290463,0.03180909846978911,0.48794355478647033,1,0.23699212923865245,-0.01302698753020015,0.5010944392194793,1
5684.074058,grid_0242_y430_z485,472.523,432.797,484.255,99.48522556641255,11.022,-0.1500643837488066,-0.011630232741584886,0.5132266768314255,1,-0.0542894568683676,0.0321583002310447,0.5083903008635964,1,0.037071340245699774,0.04807362218977788,0.49894221150182994,1,0.1294786010962529,0.031749226413179614,0.4873016009943908,1,0.22633861202966205,-0.012531431199291058,0.47834208434703296,1
5701.389079,grid_0243_y425_z485,472.615,427.638,484.542,102.65553462916647,17.041,-0.1563319934170342,-0.012281680546939178,0.516121151951145,1,-0.05882626920313448,0.03218741669011528,0.5109647056971404,1,0.03396402097262956,0.04782782526200753,0.49685998813688725,1,0.12755781593838908,0.031630297216575974,0.485736846753075,1,0.23991766709940213,-0.01323642323567583,0.507911948599868,1
5717.90848,grid_0244_y420_z485,472.58,422.696,484.716,105.91278023449287,16.358,-0.16183174869877315,-0.012390554817344843,0.5163180539092993,1,-0.06262458737901967,0.03203533617236896,0.5083941169612358,1,0.031138288849225062,0.04761442626560487,0.49401013631553947,1,0.1259496997630381,0.031793928186036165,0.4858518963386076,1,0.2297025865601594,-0.013026441599903679,0.48631770386714246,1
5870.761573,grid_0246_y410_z485,472.801,412.5,484.696,113.27362179254261,32.314,-0.17281733454829473,-0.012362585447315232,0.5165043883217192,1,-0.07194472493832474,0.03218247137748066,0.5107370954866474,1,0.024970798390021507,0.04806256625253447,0.4959647130657783,1,0.12186373906752536,0.03196277780936154,0.4829755577329647,1,0.23554020853656624,-0.013016571450429965,0.5007977150697711,1
5874.537152,grid_0247_y405_z485,472.925,407.494,484.472,117.18258789598387,3.575,-0.17869343102836976,-0.012394960329174122,0.5174203182561717,1,-0.07485418687205338,0.03220720635467135,0.5036074068058836,1,0.022680006721206274,0.048389142253809095,0.4977808177008852,1,0.12251438739649695,0.03258680794847452,0.4895855316471245,1,0.2370836981802859,-0.013126546476278745,0.5043942121498388,1
5884.727082,grid_0248_y400_z485,472.99,402.473,484.161,121.23926712497064,10.007,-0.17735620016388393,-0.01162779739956853,0.49797570602005203,1,-0.07913617157134084,0.032498641868685604,0.5049994202082652,1,0.019355531407230498,0.0485223781279293,0.4952808597622464,1,0.11915546291660065,0.0323970192739091,0.48477083908385143,1,0.23862718782400555,-0.013236521502127525,0.5079907092299065,1
5911.646927,grid_0249_y400_z490,471.588,402.029,487.61,119.4530406310362,26.548,-0.18332227156014835,-0.015699232983015635,0.5149909121804261,1,-0.081208242459194,0.03012758312148275,0.5158600855030118,1,0.018613124802395964,0.04679772947049409,0.496074915862806,1,0.11978754872647987,0.03177429438131535,0.48885532912544405,1,0.23862718782400555,-0.013236521502127525,0.5079907092299065,1
5932.811418,grid_0250_y405_z490,472.363,402.918,488.986,117.90365265758304,21.155,-0.18296567748052814,-0.017648395121970202,0.5167882349407245,1,-0.07949326275369414,0.028194097191240823,0.509711730748152,1,0.020703516645528053,0.04762803058102251,0.5149275539281113,1,0.11760010945606253,0.030749234869981375,0.47692030642034894,1,0.23862718782400555,-0.013236521502127525,0.5079907092299065,1
5975.481061,grid_0251_y410_z490,472.963,407.684,490.095,113.46074251035016,42.449,-0.18368180534717096,-0.01933440247421169,0.5325709634778562,1,-0.0754624737782486,0.027424698743618713,0.5094750037560715,1,0.022026520674276562,0.044187757593223444,0.4845592821860245,1,0.1201014478285335,0.030353293005474017,0.48174424436964636,1,0.23862718782400555,-0.013236521502127525,0.5079907092299065,1
6004.25094,grid_0252_y415_z490,472.891,412.756,490.179,109.47846350310182,28.416,-0.1655873870164865,-0.0179519996889787,0.4949751795712718,1,-0.06940462096820672,0.02708619337433571,0.49891962743215573,1,0.025328146628257678,0.04421326923792032,0.48999637150543085,1,0.12437037007663862,0.031497088030570344,0.49227863877720934,1,0.23554020853656624,-0.013016571450429965,0.5007977150697711,1
6033.521709,grid_0253_y420_z490,472.885,417.69,490.391,105.6075542137019,29.06,-0.1670893095161988,-0.0190100187680613,0.5161585416552861,1,-0.06684714426014293,0.026956628146932476,0.5099166775579898,1,0.0281995443231822,0.04430954665672935,0.4924433332282093,1,0.12367661359647039,0.03042368189265899,0.4832805881002721,1,0.22843901809066802,-0.012975029028219967,0.48418256634906315,1
6058.679572,grid_0254_y425_z490,472.779,422.702,490.282,101.99357139545606,24.926,-0.16184028548187476,-0.018344813139141054,0.5155604110129248,1,-0.0624133265556491,0.02753838274555848,0.5082614702334582,1,0.032589786067575274,0.046297511377918654,0.5148119612545129,1,0.1283048544773966,0.030847909007739285,0.494209550468035,1,0.22988309634151533,-0.013033786253001353,0.48662272351258234,1
6093.308457,grid_0255_y430_z490,472.673,428.018,490.314,98.18906039880405,34.399,-0.1510433419587855,-0.018060278929018708,0.4991651767754668,1,-0.0586450274948523,0.027265578915754332,0.509540969647923,1,0.03523069120319698,0.046295854426003445,0.5147824436913176,1,0.12953376264703206,0.03060888460357246,0.49241663684237863,1,0.23991766709940213,-0.01323642323567583,0.507911948599868,1
6159.007416,grid_0256_y435_z490,472.763,432.967,490.04,95.00309500747852,65.468,-0.14768439732974822,-0.017745879828686167,0.5061357934495816,1,-0.05254345761193761,0.02616472002996338,0.4888105061321991,1,0.03626418622807863,0.04364164241453659,0.4846722606213739,1,0.13108636926256084,0.030746466725328846,0.49250803427713696,1,0.23991766709940213,-0.01323642323567583,0.507911948599868,1
6176.802982,grid_0257_y440_z490,472.745,437.878,489.874,91.9153396882152,17.543,-0.1450629850125149,-0.017797445907968685,0.5152976060451344,1,-0.04987634340132286,0.027474216320447643,0.5053540279862028,1,0.039977835180889765,0.044682805003035626,0.49659611335585885,1,0.13085117339764574,0.03008577459981766,0.48630921054319387,1,0.23699212923865245,-0.01302698753020015,0.5010944392194793,1
6267.18242,grid_0258_y445_z490,473.106,442.982,489.663,88.91133753352261,90.138,-0.13581289464418117,-0.01683063129541876,0.5005850517218304,1,-0.045027006661463836,0.027482730556468972,0.504129514759783,1,0.044472807424849096,0.04629029104992713,0.5146733186495981,1,0.13042806832670442,0.029892768189364663,0.47881126783956185,1,0.23125871888533792,-0.013040938983375163,0.4868335125538648,1
6304.495771,grid_0259_y450_z490,472.937,447.898,489.898,85.84381369673638,37.082,-0.13486566297896802,-0.01769461259845155,0.5181342593163847,1,-0.0399800144218659,0.026412722141037518,0.4887830605577177,1,0.045823912853478865,0.044433803929838964,0.4974587547270397,1,0.13304129094913159,0.02956121855318688,0.48353306939252394,1,0.23125871888533792,-0.013040938983375163,0.4868335125538648,1
6342.484668,grid_0260_y455_z490,472.803,452.927,489.89,83.1024712087432,37.726,-0.12745004921467593,-0.017500846734558366,0.5114332496296886,1,-0.035984931659853045,0.026177643193000387,0.49047222039891225,1,0.04753127529742192,0.04282937085686424,0.48305974507184835,1,0.13498685791300896,0.029624068497727467,0.4851113173426884,1,0.23111856807527548,-0.013029267436903323,0.48635685406642726,1
6366.344861,grid_0261_y460_z490,472.681,457.927,490.118,80.38909613249791,23.68,-0.12320206131753364,-0.017655812821834576,0.5169031237077856,1,-0.03213436227065311,0.026915520138303103,0.5039361630497676,1,0.051686462970914414,0.04371237822152848,0.4964624601585039,1,0.13792455052756694,0.02957604777886312,0.48891338734411366,1,0.23785430482306685,-0.013048745889874737,0.5001534952681334,1
6399.713516,grid_0262_y465_z490,472.811,462.683,490.01,78.31104586838303,33.188,-0.11912921674817774,-0.01773674968644513,0.5199113076473335,1,-0.028253710262746357,0.02691441212484602,0.5039381175103903,1,0.054262554619584145,0.04359569745000833,0.4950952576791425,1,0.13973707472639774,0.029734963005573517,0.490678526614751,1,0.23375434779526288,-0.013130289117514182,0.4904894100798859,1
6437.023155,grid_0263_y470_z490,472.826,467.788,489.938,76.30748666415369,37.118,-0.11415419310057337,-0.017574899885558937,0.5235301925423415,1,-0.02471480227604026,0.02694548734481826,0.5114691611867438,1,0.057571051798373005,0.043568883744662355,0.4993014561959209,1,0.13658569161523507,0.028758782409105524,0.4741844415991821,1,0.22868679354355445,-0.013102449862867599,0.478743909013498,1
6451.41702,grid_0264_y475_z490,473.026,472.099,489.323,75.36936311924093,14.141,-0.10504492488157144,-0.016225644273616616,0.5034828612337995,1,-0.02050492472740255,0.02705666458344213,0.49947333010013983,1,0.05960621019187279,0.043575446491971905,0.4950423021945906,1,0.14272238940680376,0.029677096432878622,0.491226482984616,1,0.22851230409263998,-0.01309199535305041,0.47820365797200404,1
6458.731292,grid_0265_y480_z490,472.949,477.652,489.948,73.14944435879192,7.052,-0.09835412582442932,-0.016796240373435578,0.5008946955695346,1,-0.015721814539772803,0.02610399108567655,0.49773723190033453,1,0.06325215634900723,0.04326824500476314,0.4989900206444563,1,0.1455454301211231,0.028857444139625262,0.49374005774066554,1,0.2277499530504446,-0.013050705449419175,0.476160495812627,1
6473.787788,grid_0266_y485_z490,472.83,482.815,489.726,72.20489742392819,14.855,-0.09619588678202685,-0.016938774998525374,0.5189462041246202,1,-0.011592291346951805,0.02695157442057157,0.511656496578963,1,0.06542551511496311,0.0427699711817916,0.49349893087889846,1,0.14641721088118037,0.028537364801861316,0.49176625491314996,1,0.2260947721189179,-0.012955667794827746,0.4722408646029796,1
6501.542347,grid_0267_y490_z490,472.653,487.782,489.988,71.1655335257173,27.562,-0.09085269936429241,-0.0170207056965546,0.5190599309656285,1,-0.006913180890587701,0.025548686447346307,0.4935343782879412,1,0.06932988249314323,0.04241033049653335,0.4964528241101946,1,0.14775239388704817,0.028549738542610295,0.49196659876665416,1,0.2283798157562083,-0.013055376673866253,0.47617505142503236,1
6518.866129,grid_0268_y495_z490,472.68,492.811,489.496,71.2118179237126,17.112,-0.08338348963015171,-0.016337645258115912,0.5082627890662955,1,-0.0029237018858350875,0.02564847073782247,0.4964648904159975,1,0.0720509718253178,0.042371275540342666,0.49551810269178376,1,0.1504267182658619,0.028574528857108563,0.49236792212741143,1,0.22983979926865133,-0.01309847562462048,0.4784438949964425,1
6525.571715,grid_0269_y500_z490,472.818,497.771,489.371,71.24713474238803,6.473,-0.07664631830595052,-0.015824556005248264,0.502816143194714,1,0.001539271317571475,0.02666723042459901,0.5089863179779526,1,0.07455770840667467,0.041957106351270354,0.4956821789928037,1,0.15213257954987808,0.028606420096004427,0.49389139920285935,1,0.22923343478882668,-0.013062314196760539,0.47657281756212994,1
6542.339726,grid_0270_y505_z490,473.07,502.68,489.372,71.49746924891811,16.517,-0.07135748320936289,-0.015759741426170096,0.502300170189151,1,0.005529305050253926,0.02551585819586328,0.48929193514427916,1,0.07652646959087044,0.04134670931217874,0.4873497369579991,1,0.14881507645693676,0.02742339274845675,0.479192815548245,1,0.2313016063689563,-0.0131107326984534,0.4803047331832254,1
6551.608672,grid_0271_y510_z490,472.96,507.493,489.541,71.90109312799072,9.078,-0.06612473897967064,-0.016198721877737663,0.503711529085119,1,0.009799130888802944,0.025586694481193897,0.4979188674342776,1,0.07833421926044803,0.040521255798267375,0.4825996322182067,1,0.15044384776848302,0.02720082377165297,0.48012984829962824,1,0.2305909500986584,-0.013107738250558136,0.4787106229718047,1
6584.86481,grid_0272_y515_z490,473.112,512.803,489.885,72.5616677661146,32.956,-0.06117567432411359,-0.01633223052892905,0.5086377734245037,1,0.014291013750778481,0.024848408707522154,0.48848017491681595,1,0.08206598463350703,0.04008291723558269,0.4828562751672933,1,0.15717070117398552,0.027370657066391496,0.4934894685015839,1,0.23130814956725576,-0.013148269490452714,0.4782832831415128,1
6592.588641,grid_0273_y520_z490,473.033,517.418,489.794,73.81836669826822,7.42,-0.05595061322132081,-0.016331259762469477,0.5087144514399696,1,0.018041844586345793,0.024401678349452154,0.48655018929209104,1,0.08655241837256564,0.04055200051178494,0.49647442226665744,1,0.15851675947251967,0.027382526871652615,0.49369139698894526,1,0.23628950141323313,-0.013653940870176573,0.4886091911467568,1
6714.698342,grid_0275_y530_z490,473.314,527.493,489.35,77.67825028925402,1.466,-0.042711792031492064,-0.01473992320408378,0.48914330006639384,1,0.027118871601091697,0.02493854357086963,0.4916815898625404,1,0.09222314235986356,0.04033418020294384,0.4955894733337137,1,0.15975398913858777,0.026398805144591142,0.4875562328350781,1,0.23811263815419648,-0.01376102291699454,0.4908898497985896,1
6715.797975,grid_0276_y535_z490,473.303,532.31,489.651,79.4492410221771,0.85,-0.039012934523657644,-0.01630416276167994,0.509681781339466,1,0.031690252751836484,0.024396127891613002,0.4988347053427652,1,0.09499738027237907,0.039509890741642135,0.49313340966986163,1,0.1621177912986427,0.02611171450913687,0.48945105239276154,1,0.23839745677658053,-0.013740000614349929,0.49031324294840456,1
6722.112627,grid_0277_y540_z490,473.02,537.476,489.819,81.75664862260435,6.043,-0.033745299539450935,-0.016328644483916802,0.5089989272701353,1,0.035345745033755864,0.023845427912450243,0.4913813284207877,1,0.09793467492314682,0.03928468605396974,0.49518401441943977,1,0.16530538440714426,0.026171957698047355,0.4948229951327763,1,0.23839745677658053,-0.013740000614349929,0.49031324294840456,1
6755.938249,grid_0278_y545_z490,473.264,542.502,489.262,84.85192196408983,33.545,-0.027024624583133625,-0.014353442060043173,0.48845321024842975,1,0.0404361524590122,0.024296707439342275,0.4975995123240915,1,0.09841099477760615,0.03823099675409583,0.4840469718228658,1,0.17073954579970904,0.026726368999831582,0.5061438061531297,1,0.2393471028712963,-0.013765377347278245,0.49094633282879435,1
6763.638191,grid_0279_y550_z490,473.243,547.649,489.097,87.87883964868902,7.419,-0.021989397834458763,-0.01502045078298658,0.5091282397523431,1,0.04421944177295943,0.024382382694286144,0.49674756573170087,1,0.10419195621241976,0.0393976104972559,0.49828888137743854,1,0.16619356767309784,0.02518344868745067,0.4879852117583787,1,0.23857747636358018,-0.013717516823769146,0.48867025646959517,1
6787.176003,grid_0280_y550_z495,473.701,548.156,491.668,86.10547026757352,23.525,-0.020721746207536466,-0.017189139588120562,0.4784049353077758,1,0.045194226266674103,0.021945535279467465,0.4954096657948517,1,0.10439654237289979,0.03725409305103841,0.4954732282441924,1,0.16414862655978077,0.024228738609167143,0.4811436507795066,1,0.24757348840442792,-0.014546055799851526,0.5072369508831212,1
6925.832649,grid_0282_y540_z495,472.496,542.728,494.309,80.78375134889434,18.193,-0.026423475459940948,-0.020732022377645494,0.4882878579097243,1,0.040403887029439284,0.01975942307440098,0.49761063275129486,1,0.09954986445117488,0.03538667160191594,0.4892508398201535,1,0.16452568282085916,0.024149112687724295,0.48783821581668235,1,0.236009857161336,-0.013619201191121805,0.48479887370702507,1
6937.254771,grid_0283_y535_z495,472.382,537.816,494.034,78.3157929475275,11.142,-0.031495379848994504,-0.02034701210723648,0.48513074443900794,1,0.03602322309911808,0.02023801045108472,0.4934370606501043,1,0.09749296155499611,0.03658717495549678,0.49253808946819766,1,0.16471149868558382,0.024759831841926636,0.49307800388225703,1,0.23027187517006104,-0.013563623788115101,0.47333811424825706,1
6950.765924,grid_0284_y530_z495,472.196,532.843,493.722,76.0904892348577,13.24,-0.03897183245078262,-0.020252829926868554,0.5089382958723229,1,0.031478691292111366,0.0205867136913698,0.4975324188528687,1,0.09281896106874238,0.036500284300273377,0.4828411616884783,1,0.15964721279235408,0.02449291181872841,0.4815500014836639,1,0.22862712241127728,-0.0133976626526323,0.4702548071302276,1
6953.391731,grid_0285_y525_z495,472.373,527.767,493.991,73.5607289659367,2.393,-0.042434817555592634,-0.020347838042389356,0.48808939830578585,1,0.027632876266177418,0.02038329647766715,0.4946954909676637,1,0.09211167632180745,0.03717315402945018,0.4934447164835384,1,0.15794431788743285,0.024573780198775624,0.4810369382131575,1,0.2342434708319976,-0.013386448407918436,0.48244276517167245,1
6962.677569,grid_0286_y520_z495,472.251,522.621,494.402,71.14892593005179,9.024,-0.04734142546852827,-0.021006607394041116,0.48815510465327017,1,0.02301951075282875,0.020258220803234295,0.4930859772905831,1,0.08767096547066486,0.0365827608617414,0.4845763456422571,1,0.15475716778808296,0.024361371113193253,0.4763029449861109,1,0.23507662664130022,-0.013631413329051083,0.48540860012046233,1
6967.181015,grid_0287_y515_z495,472.154,517.619,494.374,69.50144916474757,4.223,-0.054465040364181594,-0.021369162024840703,0.5036915082104133,1,0.01873648513425751,0.020467673361104333,0.49779586996338093,1,0.08418576140831643,0.03660799004326987,0.4816782254774675,1,0.15356502120692161,0.0248159915824816,0.4783767385588092,1,0.23152062402865292,-0.013201110357135552,0.47857517309683406,1
6989.465575,grid_0288_y510_z495,472.255,512.671,493.972,68.55606281723009,22.043,-0.05861938051128965,-0.02090427092385383,0.492074174708208,1,0.014266786971372016,0.02077859230765774,0.4866663652116167,1,0.0840053951216479,0.03831882579384444,0.49618932273971966,1,0.15720695871334314,0.02610420552343887,0.4936078195844996,1,0.23116599281792352,-0.013104835509173376,0.4786784044654576,1
6993.716416,grid_0289_y505_z495,472.404,507.731,494.035,67.5035062570826,4.05,-0.06640321053595279,-0.021564250712294515,0.508543167721974,1,0.010109165986686163,0.021208674817102667,0.4952083223338689,1,0.07924862751735148,0.0378248863739552,0.4869515651870734,1,0.15373351700795435,0.025989016383219245,0.48988499059628143,1,0.23003068516300806,-0.013072069880428232,0.4768570084488241,1
7000.762468,grid_0290_y500_z495,472.411,502.755,494.011,66.8851891976093,6.816,-0.07162843627225483,-0.021565356933195647,0.5084561355484055,1,0.006027588777080414,0.021700612969392886,0.4975147797156979,1,0.07605745281724258,0.03780658531470818,0.48261341096939747,1,0.14757541974333988,0.025568402370039857,0.47430115500791703,1,0.22940312420255565,-0.01306799220348524,0.4768400432383393,1
7035.642989,grid_0291_y495_z495,472.278,497.622,494.378,66.24134099638982,34.639,-0.07659842808848553,-0.02168370884405855,0.5024256502317646,1,0.001482589641790284,0.021748687708828828,0.5043050958031405,1,0.07255206071701849,0.03763428559863816,0.4798034899237089,1,0.14684478758191477,0.025775874069562672,0.47649111480378753,1,0.22923343478882668,-0.013062314196760539,0.47657281756212994,1
7051.267619,grid_0292_y490_z495,472.115,492.676,494.424,66.30342128427458,15.311,-0.08163262325398853,-0.021868307952604235,0.5000473796213643,1,-0.002707198658288282,0.021705398122701666,0.49675908312820877,1,0.07092089758100009,0.0387164461408501,0.4892190639256707,1,0.14800163463743055,0.02663812930549694,0.48577856967786626,1,0.22923343478882668,-0.013062314196760539,0.47657281756212994,1
7066.884501,grid_0293_y485_z495,472.24,487.638,494.18,67.02958296901446,15.365,-0.0881367450446508,-0.021387913113555156,0.5033976502964742,1,-0.0070165467276364375,0.021741724178652513,0.4891385757060253,1,0.0677255279426278,0.03887116844742982,0.4871422398590047,1,0.1475784947169948,0.027194517786822726,0.4911185582457445,1,0.22862133165928056,-0.013065611749944073,0.4766018422106733,1
7093.024801,grid_0294_y480_z495,472.508,482.652,494.147,67.90450631585502,25.959,-0.09773145754323177,-0.0223930549674679,0.5271711649798843,1,-0.011385850538216079,0.022294119488370505,0.5041318254036593,1,0.0658620609009387,0.03970604638565392,0.494550097363144,1,0.14644597844991705,0.027275389602547988,0.49186777776481466,1,0.2273437325082336,-0.013064879643724912,0.4749325743150879,1
7104.716004,grid_0295_y475_z495,472.395,477.818,494.118,69.08644884490731,11.49,-0.09897273620067655,-0.02178117774308483,0.5041768609682912,1,-0.015628193121424043,0.02269982720886124,0.506216819031263,1,0.061870661910572985,0.03922584528502783,0.4840277759406967,1,0.14430639222516897,0.027355894146010508,0.48974792230724595,1,0.22798883573989656,-0.013060631823598843,0.47658290484752197,1
7132.045227,grid_0296_y470_z495,472.343,472.706,493.894,70.85700562400298,27.098,-0.10391838507985536,-0.021051853056212898,0.5030970695205874,1,-0.019486135300720228,0.022853238108555766,0.49646855922560196,1,0.05936299449143106,0.04027071361295957,0.4895339044732171,1,0.1439872018940374,0.028234212520417287,0.49329357522456163,1,0.22798883573989656,-0.013060631823598843,0.47658290484752197,1
7171.969541,grid_0297_y465_z495,472.346,467.675,494.242,72.38688220941684,39.733,-0.10874586176575993,-0.02189012106595464,0.4998210519261103,1,-0.02471293402853584,0.023003079160356706,0.5114449390565327,1,0.05649161371992317,0.04015196443823067,0.4877420819526305,1,0.13975989690130108,0.027766652593078825,0.48405550794019825,1,0.22868679354355445,-0.013102449862867599,0.478743909013498,1
7180.744253,grid_0298_y460_z495,472.5,462.479,494.393,74.47816327622478,8.472,-0.11451739084020898,-0.021866332825368442,0.4994847815380017,1,-0.02834975833559966,0.022778265850520167,0.5030892017644417,1,0.054160351476220586,0.04065502809075164,0.4935322945940791,1,0.13877334417280557,0.02792845755187991,0.4871962786220405,1,0.22811479587438138,-0.01310554435392254,0.47878135661141635,1
7240.342869,grid_0299_y455_z495,472.594,457.546,494.31,76.93265013633673,59.418,-0.11970381903348765,-0.02186702015182229,0.4993789907803873,1,-0.03330529763306178,0.023628606345780085,0.5174666253055529,1,0.05166208919306002,0.04121299727836415,0.49756121274062326,1,0.13776978363001013,0.0279402057428346,0.4883532251162366,1,0.2274294605608653,-0.013082243933369594,0.4776869507195358,1
7281.677673,grid_0300_y450_z495,472.628,452.6,494.182,79.66253109837766,41.134,-0.12485796607381883,-0.021871570506135064,0.49929467909384145,1,-0.03715429107408017,0.022982733194498773,0.5055241271692091,1,0.04664449190168567,0.04001671831003007,0.47891669582186663,1,0.1346096348308714,0.028300120148119293,0.48390232881146,1,0.23045531337299657,-0.013033193116056566,0.48512819585315015,1
7341.979873,grid_0301_y445_z495,472.762,447.555,494.134,82.59285380709392,60.131,-0.13044346170340046,-0.021915117823025992,0.4997119723690918,1,-0.041403472499957336,0.023694239114506185,0.5066613943690581,1,0.04436125726972748,0.04041893377473144,0.48403814279536667,1,0.13333993480265616,0.02829513936524545,0.4838395150724876,1,0.23078226672722296,-0.013048479136171427,0.4858263914541642,1
7382.15265,grid_0302_y440_z495,472.874,442.39,493.982,85.87678853450441,39.88,-0.135050704652654,-0.021807300927205172,0.4967880172409351,1,-0.045447264679633184,0.02350562411345583,0.5009720545048257,1,0.04447200614890644,0.04364492394028112,0.5146781095629093,1,0.13054583284367646,0.028435067451546656,0.47917895083229295,1,0.22612647915827208,-0.013062026489067489,0.4766100099772326,1
7424.272647,grid_0303_y435_z495,472.802,437.371,494.262,88.91951765501202,41.929,-0.14314915768867523,-0.02259165882584723,0.5082518051213613,1,-0.048536520622130735,0.023048225708366364,0.4900168842251126,1,0.03991354637842161,0.042058675071376866,0.49596517546160823,1,0.13180673198377024,0.02907314747355818,0.49196548682176033,1,0.22687671045408772,-0.01310445662060839,0.47881679913253417,1
7574.27522,grid_0305_y425_z495,472.721,427.484,494.911,95.33846134168515,29.447,-0.15336495274871564,-0.023286299178404506,0.5059932705163136,1,-0.05882022940432371,0.02299274796102482,0.5109527055664854,1,0.03523015157760385,0.04365020706302669,0.5147872337281708,1,0.1298986884094049,0.029312091079127748,0.49433476890813777,1,0.22988309634151533,-0.013033786253001353,0.48662272351258234,1
7587.889418,grid_0306_y420_z495,472.677,422.712,494.746,98.96113171341563,13.442,-0.15904071036842343,-0.023380549103025346,0.508132367683705,1,-0.06208462332180733,0.023221638190260435,0.5054047204206733,1,0.03258933527917555,0.04365179298227936,0.51481695741168,1,0.12581427602013284,0.029061006055190207,0.4837477549494585,1,0.22988309634151533,-0.013033786253001353,0.48662272351258234,1
7618.800902,grid_0307_y415_z495,472.685,417.799,494.476,102.85346872614454,30.731,-0.16658322386114338,-0.02368313136000153,0.5158240671728176,1,-0.06661694610361171,0.02378410487228657,0.5101127314102474,1,0.029948365205128287,0.04365340740357645,0.5148459561744076,1,0.12445523000332034,0.028975195175673568,0.4830085599386397,1,0.2255043247413132,-0.013056913676417113,0.47786430204111796,1
7620.478549,grid_0308_y410_z495,472.979,412.567,494.391,106.96589930440443,1.477,-0.17302455639657555,-0.023644160317582562,0.5171568811615246,1,-0.07109799473082132,0.02388125759069857,0.50889282102796,1,0.02504257951029326,0.0419649002199745,0.49070001295473387,1,0.12168956108073693,0.029041004728311816,0.4801312394842178,1,0.22873067440682918,-0.013039134833882512,0.48614759517183237,1
7621.542659,grid_0309_y405_z495,472.974,407.754,494.45,110.75061881994154,0.875,-0.1769842957905757,-0.023581767990984014,0.5128049080708913,1,-0.07617496669191298,0.023955303769494785,0.5114770451091821,1,0.021468690377484966,0.04218080270069154,0.49043947200604954,1,0.1203116405099589,0.0293537376383425,0.4833427712168036,1,0.22646311751394455,-0.013074244128615804,0.48199113025323004,1
7650.342259,grid_0310_y400_z495,473.108,402.575,494.565,114.87967735417779,28.628,-0.17754113891897855,-0.0231944520497864,0.4990355687721671,1,-0.07919188910919177,0.023882299644341694,0.508315926158107,1,0.019535045994003204,0.04168654690791072,0.48443319335952273,1,0.11914773631160362,0.029138812332881504,0.4817400837304621,1,0.2249675138249652,-0.01309888577633187,0.47884151157140414,1
7658.741354,grid_0311_y400_z500,471.674,402.078,497.971,113.37650302421572,8.018,-0.1877723206613525,-0.02813338752526852,0.5293072797255023,1,-0.07894673679692898,0.020501054381812815,0.5050113471519293,1,0.019439631452553403,0.04065758013891724,0.4951160267817547,1,0.11899121832616032,0.02868150187869345,0.4834786417937038,1,0.2249675138249652,-0.01309888577633187,0.47884151157140414,1
7674.932424,grid_0312_y405_z500,472.557,402.765,499.287,112.07288668540663,16.179,-0.18323173713078833,-0.029133632185478073,0.5174227356931467,1,-0.08201307351256674,0.020366734137666362,0.5267891771405757,1,0.01983232220736305,0.03973312718648262,0.49485625677685735,1,0.11914734998202761,0.027898414028949232,0.48174263564227804,1,0.2249675138249652,-0.01309888577633187,0.47884151157140414,1
7686.64028,grid_0313_y410_z500,472.735,407.752,500.167,107.43517045641987,11.393,-0.1767121468017513,-0.030254376742118852,0.513711635879063,1,-0.07539090978430513,0.018874065715830682,0.5125559916754611,1,0.022997627173639623,0.039382484800759954,0.4972052273745003,1,0.12095617537911373,0.027919420484665274,0.4839304437437467,1,0.2249675138249652,-0.01309888577633187,0.47884151157140414,1
7750.956262,grid_0314_y415_z500,472.739,412.963,499.97,103.28421502340028,64.143,-0.17643215410166674,-0.030146935867051604,0.5297173337657979,1,-0.0697652882826661,0.018458401377832123,0.5049660742119598,1,0.02730688174888672,0.041009221490704656,0.5148772348348846,1,0.12378786348939014,0.02791802423549921,0.4882648934446154,1,0.23031762037787287,-0.013117364503968453,0.48971115236710977,1
7770.219536,grid_0315_y420_z500,472.635,418.016,500.12,99.14674539287705,19.101,-0.17084570857932466,-0.03079963726144299,0.5302186105944755,1,-0.06585070929230943,0.018452099995078127,0.5048388495261892,1,0.028715815954797615,0.03870697388940961,0.4936065847401224,1,0.12708897778618292,0.027830977532886263,0.493344943606249,1,0.22487878594128433,-0.013060217594047937,0.4766130989737659,1
7783.778006,grid_0316_y425_z500,472.615,423.031,500.009,95.29298386555008,13.338,-0.1601943714544279,-0.029538864831897417,0.5142290772706117,1,-0.06275085635502782,0.018919779974627376,0.5145770461312948,1,0.031594648266865796,0.039062822873951256,0.4931866525734769,1,0.12805038547385048,0.028064582041396304,0.49219001922184397,1,0.22666681228074193,-0.01309178652899293,0.479785787802658,1
7807.166192,grid_0317_y430_z500,472.634,427.899,500.335,91.37302714149287,23.224,-0.1550794899365022,-0.029565092594393445,0.5148694327503639,1,-0.05900896478291626,0.01898688342858197,0.5181579217232831,1,0.034136050111927926,0.03817937677059891,0.49110350507940403,1,0.12991556585217703,0.028042886104709987,0.49440429784230183,1,0.22620734312920288,-0.013100072282706014,0.47880908270124023,1
7820.750523,grid_0318_y435_z500,472.874,432.644,500.339,87.85938109274382,13.321,-0.15087409577021665,-0.030006275200812886,0.5166356615090482,1,-0.053198558914471256,0.01799121398353514,0.4982199223003966,1,0.03667529973170851,0.03844759536802264,0.49479531273482147,1,0.12855301495776794,0.026877860407199326,0.4843466246279977,1,0.22620734312920288,-0.013100072282706014,0.47880908270124023,1
7832.765314,grid_0319_y440_z500,472.945,437.901,499.955,84.38714998149891,11.836,-0.1400642370963608,-0.028341038861803412,0.4990217271534586,1,-0.049270341370427365,0.018577230499058413,0.5068216336012656,1,0.04017063281003651,0.03850031105220645,0.4913719259724821,1,0.13359403169090564,0.027761740698101084,0.4937918635112884,1,0.22687671045408772,-0.01310445662060839,0.47881679913253417,1
7850.053865,grid_0320_y445_z500,472.886,442.922,499.726,81.14831114077477,17.147,-0.1392981454233858,-0.028933895054687533,0.5152738932427154,1,-0.04515258455344716,0.01848991304585186,0.5060026225912602,1,0.04317859925302306,0.038589980438337786,0.49624084290401965,1,0.13239905632209692,0.026934023329797673,0.4847018784396717,1,0.2274471016204181,-0.013101260205745268,0.47877654375626005,1
7863.842914,grid_0321_y450_z500,472.96,447.941,499.597,78.02189339537972,13.568,-0.13361261570673946,-0.02887312182693331,0.5142813518392088,1,-0.041428633932676595,0.019084355958234336,0.5152229749678496,1,0.04575548840579312,0.03826173764235778,0.4920814080253067,1,0.13332298875219306,0.026883358938489706,0.4834960758327306,1,0.2274471016204181,-0.013101260205745268,0.47877654375626005,1
7897.032463,grid_0322_y455_z500,472.925,452.92,499.985,74.70430179715214,32.988,-0.12458513608163743,-0.028335104807896534,0.49941261910493817,1,-0.03581128256289299,0.017868056008020508,0.4962745524152877,1,0.05107106846697394,0.039673841843592905,0.5146000105301708,1,0.1342728490636728,0.02661656061178134,0.48116936050372233,1,0.2273592295737845,-0.01309597061912919,0.47850354389018446,1
7934.710516,grid_0323_y460_z500,472.779,457.728,499.823,72.13714673453612,37.537,-0.12252781953865888,-0.028792738735588762,0.5125110624148808,1,-0.031992131904722776,0.017868988278593408,0.49632436857216844,1,0.053711111704558535,0.03967261668902937,0.5145662860163038,1,0.13818972577959276,0.02675793332932262,0.48968729029324926,1,0.22674412524734922,-0.013058943512816647,0.47659254482765534,1
7951.315116,grid_0324_y465_z500,472.926,462.947,500.185,69.1494540903975,16.27,-0.11385085021434704,-0.02835042586583054,0.5007280872043514,1,-0.02753284861414643,0.01750761143643467,0.4975543554368519,1,0.054226281989543254,0.03701483303432895,0.48998627004245254,1,0.13892838431977617,0.02613561234809105,0.4857578660306684,1,0.22868679354355445,-0.013102449862867599,0.478743909013498,1
7981.708764,grid_0325_y470_z500,472.995,467.76,499.778,67.30887577429883,30.233,-0.11034553929328172,-0.028339900774389547,0.5082191917815219,1,-0.023300199301885385,0.01789483711668136,0.49568936923943585,1,0.057550872905247956,0.037105755198786006,0.4940545469822182,1,0.13975211586317382,0.025836953564622813,0.48436232194610934,1,0.22868679354355445,-0.013102449862867599,0.478743909013498,1
8015.321382,grid_0326_y475_z500,472.908,472.871,499.97,65.10569763085249,33.403,-0.10420478885356103,-0.02828263291199811,0.5042326107006375,1,-0.01976727773249777,0.01771391279345274,0.5091953095632786,1,0.06068148751812074,0.037187888644982965,0.4948074143578142,1,0.14038651440932792,0.02587592310571811,0.4811734634574817,1,0.22868679354355445,-0.013102449862867599,0.478743909013498,1
8034.462074,grid_0327_y480_z500,473.111,477.226,499.461,64.1350264598058,18.999,-0.10220285920220622,-0.02839058123310023,0.5191943743454707,1,-0.01605216483118109,0.018936404970854595,0.5171816486760659,1,0.06187497882368899,0.036733438481343084,0.4850222352978581,1,0.1444497086338476,0.026298434810223648,0.4893781966355557,1,0.22798883573989656,-0.013060631823598843,0.47658290484752197,1
8038.908342,grid_0328_y485_z500,472.742,482.706,499.548,62.61506359495287,4.225,-0.09710014604211065,-0.028817334427659845,0.5239450821423441,1,-0.010997408842773592,0.017413643296192778,0.4970824471243467,1,0.06630610665470626,0.036907985929421516,0.4952544002665814,1,0.14562300117260957,0.02581425984315376,0.48791849793620834,1,0.2262528960987639,-0.012956912776414054,0.47224559894376744,1
8045.454714,grid_0329_y490_z500,472.941,487.638,499.962,61.300671953902715,6.295,-0.08868333916408098,-0.028235496975658782,0.5085110953075627,1,-0.006799176649504014,0.016647563462537075,0.496902413179586,1,0.06800328484437561,0.03547340779991475,0.4836513472949446,1,0.14564263027510282,0.0248820446129274,0.48235408420761394,1,0.22976328637745808,-0.013098887818768423,0.47844752307751043,1
8048.1461,grid_0330_y495_z500,472.853,492.305,499.773,60.98455976720657,2.52,-0.08338901759309679,-0.028107303325561883,0.5082183170641562,1,-0.002343968506681467,0.017099817991682243,0.49679806574010876,1,0.07171528990647277,0.036172266745608035,0.4913995684823122,1,0.1480157799849075,0.02513221474985311,0.485194843086646,1,0.22975317577153354,-0.013093309706354774,0.47817659822011216,1
8061.775898,grid_0331_y500_z500,473.096,497.756,499.658,60.96175723353118,13.378,-0.07631458121565772,-0.027359202998369678,0.5007531982450404,1,0.0021114864732462604,0.01729049589489528,0.49661073302007447,1,0.07227510537064583,0.03493288665619428,0.4764497168754217,1,0.14739421454104634,0.024675435938958393,0.478287700495998,1,0.22923343478882668,-0.013062314196760539,0.47657281756212994,1
8103.785565,grid_0332_y505_z500,473.098,502.671,499.088,61.82176477584566,41.706,-0.07350752106526962,-0.027699692126266193,0.5193075369798186,1,0.005907887135512782,0.017277229881594268,0.4911166272707038,1,0.0768964936632677,0.03551822474870889,0.4859444777171946,1,0.14860632334219614,0.024748385481873615,0.4778492831383785,1,0.22923343478882668,-0.013062314196760539,0.47657281756212994,1
8226.303312,grid_0334_y515_z500,473.206,512.495,499.755,62.90217904810608,1.906,-0.060278706368530485,-0.0278442783079315,0.5035280089190213,1,0.01469328249730691,0.016253464186032955,0.49379720139269206,1,0.08405594656984729,0.03540662749130974,0.4959085315812023,1,0.15656105842343798,0.02458934159604913,0.49145260392984247,1,0.23090796710854952,-0.013089518790920386,0.47788486471865055,1
8231.099618,grid_0335_y520_z500,473.075,517.378,499.728,64.33699553134258,4.596,-0.05448541140747323,-0.027077551848903994,0.50122305005935,1,0.018610244207611627,0.016027677107914546,0.49463108164906533,1,0.08625502905047161,0.03457073058753854,0.4936978369855157,1,0.15297745034905796,0.023315162571687722,0.4763369126746287,1,0.23130814956725576,-0.013148269490452714,0.4782832831415128,1
8235.106761,grid_0336_y525_z500,472.876,522.733,499.483,66.48768698789267,3.756,-0.04906239001494263,-0.026938678366705958,0.5054694239242501,1,0.023701352168451977,0.016330789567012553,0.5006157246678111,1,0.08963466046194414,0.03452009183326396,0.4952095717655129,1,0.15563728105544872,0.02319908246819446,0.47812644648827735,1,0.2346487233358331,-0.013612468647046004,0.48461379696541995,1
8238.443889,grid_0337_y530_z500,472.942,527.869,499.26,68.86956962258438,3.064,-0.042130745394145186,-0.025723795040925354,0.4890093069874073,1,0.027315171470508333,0.01603787134539822,0.49095011834961033,1,0.09279813704481733,0.03458276103958867,0.4955764357697321,1,0.1575158965939779,0.023229193020949623,0.47886088577060404,1,0.23534624918550273,-0.013554698251941692,0.48472108905158917,1
8245.205391,grid_0338_y535_z500,472.973,532.784,499.487,71.04235977921898,6.51,-0.03738209028379537,-0.026950964633067072,0.5001580407344308,1,0.032374371350388745,0.016022800292259456,0.4968495879841652,1,0.09197043633142188,0.03254964354784569,0.47724095254470045,1,0.16388910035848497,0.023552614460787172,0.494432584398374,1,0.23062178093512006,-0.01363260383822299,0.47439099640896193,1
8248.542007,grid_0339_y540_z500,473.124,537.569,499.592,73.50965389661411,3.065,-0.03133087821296158,-0.026425144290268886,0.4909319876446388,1,0.036587724731993794,0.015744539003743688,0.49772952023344563,1,0.09831285166319972,0.0333215729321507,0.4945700591006148,1,0.16459911974130434,0.02342475688464694,0.4927404314171156,1,0.22993989295626038,-0.01354497948990296,0.47287638518442004,1
8252.235036,grid_0340_y545_z500,473.348,542.085,499.806,75.95008521390875,3.431,-0.026576903179415738,-0.026429512509431853,0.48464985241584224,1,0.03984030623884463,0.014754615768427126,0.48969611613507846,1,0.10107422949937807,0.032908344396020583,0.4953490137410596,1,0.16158105291615138,0.022116555891867593,0.4779195501907505,1,0.23577892808738013,-0.013634410264059718,0.48423090471986624,1
8272.672265,grid_0341_y550_z500,473.365,547.243,499.164,79.64307405543813,20.156,-0.021994343804145222,-0.026796289247063964,0.5091718701675253,1,0.04395644273090904,0.015259684211426105,0.4829664831112717,1,0.10391685248120827,0.0327451060407616,0.4944451348992479,1,0.16414597512254153,0.021981364793773134,0.4800585240028313,1,0.23594036693264575,-0.01356462784633948,0.4834412811781854,1
8334.428263,grid_0342_y550_z505,474.408,547.748,501.938,77.86711463127423,61.664,-0.020664420572077458,-0.028240325174782983,0.478293730742296,1,0.04549300803002751,0.013057083599969557,0.4968478912349209,1,0.10017769871981788,0.02991417369171384,0.47417768095842927,1,0.1627898835215737,0.020852042161644508,0.47607955443402905,1,0.24757348840442792,-0.014546055799851526,0.5072369508831212,1
8470.118636,grid_0344_y540_z505,472.706,542.693,503.808,73.16650077733658,15.109,-0.0272223287224645,-0.0320302626663636,0.5091062682365458,1,0.04016644597709994,0.011251522440384704,0.485549632224738,1,0.09811063304392897,0.029444105327809417,0.4791120055018345,1,0.1613209289043628,0.020819472986244127,0.4762006445635654,1,0.23809563573006118,-0.013710561288719579,0.4886410356581309,1
8594.337069,grid_0346_y530_z505,472.454,532.751,504.064,67.1288416703282,3.546,-0.03740227174707132,-0.0321080288391899,0.500385555725094,1,0.03200048700075758,0.011387617349613882,0.4915364629906761,1,0.09479897292017966,0.030667134323477473,0.49212360750318784,1,0.16178937763945822,0.021670579058069534,0.4877252059886543,1,0.23539499678713785,-0.014245974276463192,0.4849932749807551,1
8612.537657,grid_0347_y525_z505,472.287,527.678,504.387,64.25505809661988,17.94,-0.0425815388434083,-0.03233102682193294,0.4977624594270449,1,0.02825454120699458,0.011276927786095342,0.5025017248311092,1,0.09248408606033814,0.030797637939633304,0.49409336028823037,1,0.16069571539138217,0.021691226032887582,0.48887693008542293,1,0.23534624918550273,-0.013554698251941692,0.48472108905158917,1
8625.833318,grid_0348_y520_z505,472.179,522.611,504.245,62.09108230655988,13.034,-0.04942935999783126,-0.033335447830533535,0.5087788658367239,1,0.023751930058734723,0.012072382755507816,0.5028720486216789,1,0.08903777030210033,0.03127769568236984,0.491272419055873,1,0.15739656362869672,0.022123509804203717,0.48452561039595926,1,0.23678823986316877,-0.013707192057071393,0.4885878127406318,1
8638.561664,grid_0349_y515_z505,472.236,517.769,504.032,60.419956703062915,12.497,-0.0538905888372819,-0.03219687503970385,0.5011364113136355,1,0.01879711318205278,0.011915892289115474,0.48304898488512293,1,0.08691759214390163,0.03170253191245938,0.4947395660917713,1,0.1558372203677501,0.022771215048210544,0.48370569947960873,1,0.23047792425959285,-0.013063990927165403,0.47656229847397213,1
8642.384173,grid_0350_y510_z505,472.291,512.689,503.841,59.01358645261269,3.561,-0.059646254079273014,-0.03220340147335126,0.5011638150005796,1,0.014812339572953886,0.01224890679592858,0.4966765493070696,1,0.08358715989654808,0.03199860620257415,0.49321376006703915,1,0.15635898496309097,0.023049525743265634,0.4909169511907403,1,0.23377582474190342,-0.013434353766228653,0.4841945839464519,1
8646.424597,grid_0351_y505_z505,472.612,507.621,504.027,57.65030672077986,3.839,-0.06478241966361208,-0.032481063255888926,0.5013237246697928,1,0.010539649164448155,0.012493547590777046,0.5002239594831206,1,0.08076298403695582,0.03226091138201814,0.49293362360657,1,0.15371729303578544,0.02296290141509253,0.48766522007879143,1,0.23593066049798744,-0.0136757660913321,0.48919772144895457,1
8652.542926,grid_0352_y500_z505,472.404,502.49,504.245,56.67500967798765,5.887,-0.07163540126227604,-0.03333689805001881,0.5084126167982486,1,0.005911100097567805,0.012227225799871084,0.49185361176492026,1,0.07772302860403127,0.032864822127039284,0.4928067489949658,1,0.1503943802739105,0.02327800716352118,0.48318315817902824,1,0.22923343478882668,-0.013062314196760539,0.47657281756212994,1
8656.42044,grid_0353_y495_z505,472.275,497.454,504.531,56.087537466000356,3.627,-0.07632005912642886,-0.03314990248457157,0.5004786928299961,1,0.0018776187635024743,0.012257638006233381,0.49589556437513377,1,0.07469734853760517,0.03228132569720457,0.4919596414551505,1,0.149196244594059,0.023113533794182038,0.48433094721983416,1,0.22923343478882668,-0.013062314196760539,0.47657281756212994,1
8681.34435,grid_0354_y490_z505,472.402,492.674,504.323,56.42219001421335,24.723,-0.08153016385416274,-0.03317731743841705,0.5007883078422015,1,-0.0019385024061756668,0.013062247698259179,0.49728422708642667,1,0.07218266862277894,0.03334234953916991,0.4943432066141362,1,0.14731137050502202,0.023535090375324058,0.4831498042052845,1,0.22975317577153354,-0.013093309706354774,0.47817659822011216,1
8682.526543,grid_0355_y485_z505,472.524,487.589,504.204,57.116320049526934,0.922,-0.08727405073345929,-0.032872843642400604,0.5029637461768949,1,-0.006393968358894166,0.013187045499234712,0.49675125267362596,1,0.06955887990489557,0.03374055017542499,0.4937089857945286,1,0.14688912450462194,0.024085460633695058,0.4855037092151329,1,0.22896902828079266,-0.013062186961571874,0.47677848561028485,1
8689.928801,grid_0356_y480_z505,472.239,483.041,503.998,58.20876268226284,7.22,-0.09218208197843977,-0.03258429497570745,0.5027744778188423,1,-0.010546596172007035,0.01343693278217761,0.49476446439913,1,0.06641101419421383,0.03398939430908281,0.49443859053761186,1,0.1438064960134252,0.024082517648394322,0.48206592729458075,1,0.22701052154715537,-0.012998898387922491,0.4739824150415844,1
8767.526377,grid_0357_y475_z505,472.23,477.801,504.036,59.6090957153352,77.357,-0.10088095290206613,-0.03373816768462295,0.5192452348171637,1,-0.014444120836197158,0.013465640985330802,0.4965560222459226,1,0.06317864165811593,0.03373029506860886,0.49029581370986397,1,0.14454292386091397,0.024441705485105908,0.4896060575653375,1,0.22798883573989656,-0.013060631823598843,0.47658290484752197,1
8775.547942,grid_0358_y470_z505,472.274,472.715,504.343,61.11760329888593,7.738,-0.10659066584479926,-0.034293945425440064,0.5170829375847851,1,-0.019258067440971933,0.013406830162011519,0.498518405295081,1,0.06010589536318212,0.03422171932710833,0.4920671609282553,1,0.14080189570385493,0.02441050603648271,0.4825682484106283,1,0.22859954881809721,-0.013097222607959005,0.47847378349275105,1
8789.799421,grid_0359_y465_z505,472.436,467.488,504.55,63.15586405869206,14.011,-0.1090070945863852,-0.03349886283416609,0.5022632949368846,1,-0.023366944779745633,0.013469369810789085,0.49667041455485683,1,0.05688949673110612,0.03416770477345711,0.4909732597477349,1,0.13923345980824753,0.024541989075231037,0.48271720564585524,1,0.22868679354355445,-0.013102449862867599,0.478743909013498,1
8822.079698,grid_0360_y460_z505,472.529,462.507,504.328,65.78812541028962,32.088,-0.11371198716554923,-0.03350535428130736,0.5000684640585418,1,-0.028256038574541505,0.013749700354334813,0.5110857605573362,1,0.05464471682238185,0.035045365258020905,0.49605841806220213,1,0.14201300325031183,0.025605970159266172,0.49643787162313185,1,0.22811479587438138,-0.01310554435392254,0.47878135661141635,1
8860.890409,grid_0361_y455_z505,472.685,457.398,504.18,68.69389592969662,38.629,-0.12303752719694272,-0.034189738295868057,0.5147950016187419,1,-0.03329629100148158,0.014952651659551014,0.5170438141184399,1,0.05170387463111593,0.03527570405399166,0.4949883987884843,1,0.13473874488939952,0.02458414362576391,0.47851397746237834,1,0.22674412524734922,-0.013058943512816647,0.47659254482765534,1
8880.278876,grid_0362_y450_z505,472.857,452.39,503.937,71.85918699094773,19.217,-0.12817664576618568,-0.033453685467831035,0.5143230742262299,1,-0.03614872861925084,0.014650481443312697,0.4971571878255691,1,0.04869651260285464,0.035573051910608215,0.49492214661407746,1,0.1340674567882712,0.025400609225662223,0.48132208734267884,1,0.2274471016204181,-0.013101260205745268,0.47877654375626005,1
8897.285979,grid_0363_y445_z505,472.815,447.446,503.978,74.96951672513295,16.834,-0.13496831291195938,-0.033764257068080256,0.5187510476597653,1,-0.04192619642177628,0.014898758909742175,0.5160058265509117,1,0.04587611619040038,0.03571628280909918,0.4949767153827827,1,0.13276988167933942,0.02541090099816025,0.48143501492621404,1,0.2274471016204181,-0.013101260205745268,0.47877654375626005,1
8910.825585,grid_0364_y440_z505,472.623,442.637,504.481,77.84224910676716,13.237,-0.13488631811396296,-0.033491485221497065,0.49914515184593783,1,-0.0459717328771286,0.014757968496979261,0.5157012183678813,1,0.04299838450060698,0.035508372119295695,0.4934012851340549,1,0.1316068028402625,0.025450396783189107,0.4829158643608232,1,0.2273045038288355,-0.013102059309461048,0.47878660760032854,1
8991.095995,grid_0365_y435_z505,472.658,437.621,504.786,81.18804409517446,80.089,-0.14489107830822898,-0.034912277152702204,0.5167211052473779,1,-0.05009224246454625,0.014632086163535271,0.5140407011710829,1,0.04182945183278585,0.03703311716857931,0.5147128261394217,1,0.13035210637411576,0.025694083039141072,0.48346309351362937,1,0.22687671045408772,-0.01310445662060839,0.47881679913253417,1
9024.052474,grid_0366_y430_z505,472.572,432.606,504.904,84.82233376298953,32.773,-0.1547104636140736,-0.03637307677862589,0.5315981050913623,1,-0.05473973817914832,0.014508493881945396,0.5191124485773244,1,0.03697986493767247,0.03567977433705459,0.4941359997055175,1,0.1303668553856183,0.026204346801326082,0.4911075001707182,1,0.22620734312920288,-0.013100072282706014,0.47880908270124023,1
9072.247922,grid_0367_y425_z505,472.741,427.527,504.457,88.99614687164829,47.922,-0.15896978711804374,-0.03541693000547393,0.5266648813405035,1,-0.059125971486921794,0.014914987142633404,0.5164946146237979,1,0.035503306747442225,0.03729243845214082,0.5092521730269643,1,0.12946997814765016,0.02641435397624025,0.4927008743609309,1,0.22620734312920288,-0.013100072282706014,0.47880908270124023,1
9080.267961,grid_0368_y420_z505,472.78,422.603,504.291,92.96871954049917,7.849,-0.16149885354239252,-0.03447782844817318,0.5168428401599571,1,-0.06325647618054016,0.015105526557489651,0.5158869349040993,1,0.03110291716937538,0.03597503752332863,0.49263218085111227,1,0.12631811424445172,0.026276557995809503,0.48727640430822217,1,0.2257091341837334,-0.013085126774459235,0.47798558880343733,1
9099.066538,grid_0369_y415_z505,472.898,417.643,504.392,96.90296049141118,18.628,-0.1605963323626149,-0.03350141295408244,0.4983622487156977,1,-0.06616145603747947,0.014641152295233311,0.506791775470899,1,0.028842354407456437,0.036352191896785936,0.4946773686940171,1,0.1262009836428877,0.026483591234059536,0.4906875543313048,1,0.22516372352517156,-0.013076401632627684,0.4774527946243339,1
9109.257504,grid_0370_y410_z505,472.918,412.688,504.36,100.99767702774153,9.99,-0.17271282428151355,-0.035183926927219056,0.5185605955298592,1,-0.07205760322112059,0.015099761575386617,0.5161451309318071,1,0.025218814894374532,0.036681022921617706,0.49437598998886456,1,0.12317542722307086,0.02682179776919538,0.48800903521963734,1,0.22551997804216076,-0.01306087170154165,0.48006420706256564,1
9133.917643,grid_0371_y405_z505,472.779,407.793,504.508,105.01959859473845,24.479,-0.18232991735809437,-0.03644119469954884,0.5314936706003157,1,-0.0758004252044575,0.015062923893588842,0.5155973584384583,1,0.022947808372998063,0.03643802151022171,0.4924030588838138,1,0.12128785734988591,0.026752452020986472,0.4854332448730464,1,0.2249675138249652,-0.01309888577633187,0.47884151157140414,1
9142.072944,grid_0372_y400_z505,472.928,402.6,504.786,109.30242755309685,7.983,-0.18690229400617164,-0.03618258249798814,0.5276976463561046,1,-0.0802040275543254,0.014763259953585645,0.5168179924068828,1,0.020114239441358813,0.03620690396844341,0.493824516508698,1,0.12061756415823464,0.026802719288123132,0.48743599936392223,1,0.2249675138249652,-0.01309888577633187,0.47884151157140414,1
9171.103043,grid_0373_y400_z510,471.711,401.954,508.019,108.25802733746809,28.718,-0.18901052354119635,-0.04003657265112767,0.5339385451869457,1,-0.08017116893962081,0.01204906938645632,0.5125100840247593,1,0.0198274717407679,0.03599232227274131,0.5094205161608789,1,0.11998362252569872,0.026134881667488064,0.4875216593548507,1,0.2249675138249652,-0.01309888577633187,0.47884151157140414,1
9275.134444,grid_0374_y405_z510,472.309,403.059,509.313,106.66024953092875,103.917,-0.18414518257389126,-0.04130301237804193,0.5229742077523941,1,-0.07917730146644777,0.011209997279944706,0.5128234598916916,1,0.020412060858733004,0.033758236664947774,0.4909321686210788,1,0.11904448562191594,0.025401807313313134,0.4802951741071054,1,0.2249675138249652,-0.01309888577633187,0.47884151157140414,1
9289.437409,grid_0375_y410_z510,472.365,408.147,510.251,101.76091653478753,14.102,-0.1782507817476039,-0.042537303956893306,0.5216922356491865,1,-0.07474369614344242,0.009896759887338725,0.5129563525618149,1,0.022957428561397368,0.033159211260245416,0.49215636171395943,1,0.12171601728074087,0.025101784837812283,0.48484248773698163,1,0.2249675138249652,-0.01309888577633187,0.47884151157140414,1
9312.610474,grid_0376_y415_z510,472.475,413.11,510.184,97.51329711377821,22.992,-0.16520521197549812,-0.039915934757850616,0.49734150054364595,1,-0.07069385077668636,0.009751338627401063,0.5136927447483541,1,0.025619227075677244,0.033244654932682485,0.4933373505735218,1,0.12317524767007383,0.02509130234713103,0.48548260727728165,1,0.22559861035049517,-0.013056576765805593,0.47978801410250543,1
9384.769972,grid_0377_y420_z510,472.743,418.098,509.824,93.47389390626662,71.915,-0.16545295554951758,-0.04083135649490554,0.5134218419224306,1,-0.06664637030527693,0.01008246804242851,0.5151020722584918,1,0.028914634723531896,0.033562098669085313,0.49232534931144417,1,0.12723312805689918,0.0255859992600367,0.49502650457650554,1,0.22523481397903228,-0.013075988789183361,0.47744739404007885,1
9430.797294,grid_0378_y425_z510,472.81,422.869,509.927,89.44749175354212,45.795,-0.16012452863263593,-0.04082169613486195,0.5134899317088547,1,-0.0626655115392929,0.010081236081392976,0.515054330490399,1,0.03163176942607606,0.03306460691051116,0.4908128171642818,1,0.12427409271165088,0.024536972216175634,0.4774966124631124,1,0.22620734312920288,-0.013100072282706014,0.47880908270124023,1
9443.03944,grid_0379_y430_z510,472.855,427.698,510.213,85.3429838885423,12.03,-0.15034059402541297,-0.03994071935831342,0.4987204989374636,1,-0.05904902724021946,0.009760635300808576,0.5165615137630141,1,0.03415264028676441,0.03251951999706,0.489128439173808,1,0.12748076143894269,0.024742133108207102,0.48484547052942467,1,0.22620734312920288,-0.013100072282706014,0.47880908270124023,1
9488.053442,grid_0380_y435_z510,472.839,432.626,510.213,81.41793514330853,44.7,-0.14519956291483727,-0.039939394839836585,0.49888330024253125,1,-0.05396906429558785,0.00991347218247643,0.5115258970876,1,0.038114077877333334,0.033365863034459056,0.5092180751591281,1,0.12576007323747768,0.02369912001031981,0.4714431422674818,1,0.22620734312920288,-0.013100072282706014,0.47880908270124023,1
9510.384343,grid_0381_y440_z510,472.963,437.712,510.28,77.44370539947063,22.089,-0.14415262239533305,-0.04079391515271847,0.5136843516908554,1,-0.04995256168152048,0.009780280523572701,0.5120868226741431,1,0.03958148915128856,0.03188281008147976,0.48413483243246264,1,0.12993969224746896,0.0240478608671871,0.48080494840074645,1,0.22687671045408772,-0.01310445662060839,0.47881679913253417,1
9530.572337,grid_0382_y445_z510,472.818,442.932,510.097,73.67989439460396,19.956,-0.13791089132444168,-0.04045524532501715,0.5130736242516051,1,-0.04360158889732741,0.009482116542264055,0.49471299340142805,1,0.044643747509813696,0.03336308857911986,0.5091428111503994,1,0.1322912758295872,0.02423954945861537,0.48431924481883326,1,0.22733755633820185,-0.013094906289192463,0.47862182565160294,1
9564.994233,grid_0383_y450_z510,473.081,447.913,509.635,70.47035468904632,34.21,-0.1306651431677009,-0.03941053302045444,0.5057425723880475,1,-0.04080432158084577,0.00990792840508346,0.511245585474972,1,0.04612129950039075,0.03227272789393281,0.4934158342345851,1,0.13245651068541975,0.024111074839468977,0.48016655156626004,1,0.2274471016204181,-0.013101260205745268,0.47877654375626005,1
9585.306491,grid_0384_y455_z510,473.134,452.927,509.427,67.26453271226961,20.121,-0.12450186935529439,-0.03892641210599164,0.5018529967800363,1,-0.03653920219650879,0.009956842716599808,0.5082748377735229,1,0.0490734792799889,0.032379339757356025,0.4912681751706143,1,0.13498917539393857,0.024007553170636763,0.48328252087647194,1,0.2274471016204181,-0.013101260205745268,0.47877654375626005,1
9623.418998,grid_0385_y460_z510,472.905,457.887,509.804,63.856503670338824,37.839,-0.12153441595011898,-0.0402446536504772,0.5113146308048119,1,-0.03171481877727125,0.00975715404110792,0.5037216206331895,1,0.05175689333466987,0.031793438832321295,0.49054591103635714,1,0.13539710440807617,0.02335468956240506,0.4788906331659881,1,0.22674412524734922,-0.013058943512816647,0.47659254482765534,1
9648.533629,grid_0386_y465_z510,472.814,462.881,509.893,60.8865477178662,24.963,-0.11809976104063236,-0.04064116058522818,0.5210791862422074,1,-0.026739543363676455,0.008637404553345992,0.48966988530955924,1,0.0541245220651357,0.03166287944329883,0.4890372004782871,1,0.14074710012929442,0.02368147690674357,0.49195901691180355,1,0.2279289502730254,-0.013072295233960505,0.477998186439049,1
9674.388344,grid_0387_y470_z510,472.785,467.928,510.02,58.13516920075141,25.663,-0.11472650656385404,-0.041614723686749094,0.5301086496746853,1,-0.0224720804509257,0.00886879347956441,0.49409022372634726,1,0.057226234960820674,0.03074025531959957,0.48588688157041016,1,0.1389615040986313,0.02292695395885806,0.48128942663932256,1,0.22868679354355445,-0.013102449862867599,0.478743909013498,1
9704.923105,grid_0388_y475_z510,472.89,473.004,509.706,56.09377727520221,30.343,-0.10616490331448011,-0.04038136322668884,0.5185972347375535,1,-0.018841379395025386,0.008872819516501769,0.5007115987047508,1,0.06291448115903828,0.03207912997855372,0.5088794445901658,1,0.1400792832928896,0.022816091283864467,0.47943956591848463,1,0.22851230409263998,-0.01309199535305041,0.47820365797200404,1
9714.977671,grid_0389_y480_z510,472.875,477.951,509.91,54.00988295673293,9.853,-0.0975348906149328,-0.03922426185503003,0.50305913756832,1,-0.014613865718477217,0.008585938745666238,0.5016171787755388,1,0.06288195929909501,0.03047354673957191,0.4862820891525693,1,0.14280515740894384,0.02291027774612597,0.4816327005843132,1,0.22798883573989656,-0.013060631823598843,0.47658290484752197,1
9722.605328,grid_0390_y485_z510,473.067,482.779,509.491,52.94569057062147,7.344,-0.09262392070045737,-0.03869711314503467,0.5032280353849459,1,-0.010422688660285874,0.008640246000257916,0.501389748423164,1,0.06616252830968006,0.030750495399977797,0.49151555142659786,1,0.14418093996296816,0.022895956804352857,0.482059439189124,1,0.22693145955723237,-0.01299827589712934,0.47398004787119047,1
9771.732554,grid_0391_y490_z510,473.187,487.73,509.844,51.52919531682981,48.896,-0.08693335778999299,-0.03905142012184238,0.5024042077429552,1,-0.0059139957622487424,0.008485001235834748,0.5040933121172995,1,0.0696028690031747,0.030765919374797546,0.493820758531369,1,0.15018288271853236,0.023119448190195173,0.4979378675733728,1,0.22992642276576916,-0.013103641542886187,0.4787111917727729,1
9806.43713,grid_0392_y495_z510,473.014,492.49,510.022,50.750612695808854,34.533,-0.08165708178036157,-0.0396043365820148,0.5015458647097204,1,-0.0020385872121002216,0.008241962613278496,0.5026808101488887,1,0.07198898719371623,0.029950504202309772,0.4902232892844078,1,0.1436188870521938,0.02186251897228318,0.4701415084950841,1,0.23396680072014217,-0.013623693652625503,0.48730087258225574,1
9838.864128,grid_0393_y500_z510,473.013,496.947,509.733,50.87647493685067,32.236,-0.07640604762955862,-0.0387334001994024,0.5010656461937215,1,0.002078094145455167,0.008381527864302542,0.49753989625059974,1,0.07728650735424379,0.03073505658679276,0.5087068785865124,1,0.14938080110817825,0.021792120644531884,0.48270742147207624,1,0.22923343478882668,-0.013062314196760539,0.47657281756212994,1
9844.020577,grid_0394_y505_z510,473.207,502.503,509.746,51.20737221338346,4.783,-0.07071107466774529,-0.0385406867051961,0.4998328256815585,1,0.007006550706620048,0.00818056197836518,0.5011478737210283,1,0.07846397944276232,0.02982308367757131,0.4928902365170356,1,0.15025868338755116,0.021738191306100975,0.48153923125163833,1,0.22923343478882668,-0.013062314196760539,0.47657281756212994,1
9845.996992,grid_0395_y510_z510,473.125,507.466,509.26,52.491141366901104,1.776,-0.0634039078310674,-0.03718341674028203,0.48984413912759095,1,0.010898203285503495,0.008448351634072338,0.5015010444142449,1,0.08052838002656662,0.029573582824111436,0.4895668534518808,1,0.15185971209557214,0.02149911550169683,0.4809363494647755,1,0.2354897208059705,-0.013637628620120048,0.48822164462061934,1
9885.317432,grid_0396_y515_z510,472.9,512.882,509.594,53.557556152236764,39.07,-0.05996999146381485,-0.038872343050223995,0.5089194394993446,1,0.01502413172881864,0.007503324204161842,0.48198426412613193,1,0.08097187757737571,0.028036673812144104,0.47430519182209413,1,0.15576437145701066,0.02111820597885855,0.4872572634463833,1,0.2351799443032055,-0.013708010954184644,0.48717056592333396,1
9904.016725,grid_0397_y520_z510,473.208,517.75,509.545,55.280945306678625,18.429,-0.053054309108544806,-0.03826870052678641,0.497650127024301,1,0.018756250279742467,0.0072411250183119225,0.48247731188712334,1,0.0854401448795142,0.02808952122425612,0.48461570966619916,1,0.15646538348441233,0.02091033949814926,0.48557416408017684,1,0.23711972672089604,-0.013738219433463884,0.49033017581429755,1
9920.671892,grid_0398_y525_z510,473.105,522.312,509.938,56.8329329702418,16.443,-0.04900593307373253,-0.039220216204636574,0.504718071632297,1,0.02375229817832071,0.007304709754206743,0.5030792179518357,1,0.09053443365318374,0.02880694145619358,0.49729835890167073,1,0.1567127281374865,0.02024487279491484,0.4816752626972032,1,0.2380719497795702,-0.013764026103086626,0.49097222220575887,1
9931.098689,grid_0399_y530_z510,473.188,527.599,509.356,59.91207187203594,10.166,-0.04205933272865442,-0.037306378471851365,0.49107966657906077,1,0.02873298516531178,0.007485958134621485,0.5002912027238033,1,0.09556491996559142,0.029420564408688576,0.5084052667060524,1,0.15854881594082415,0.020598016471587946,0.48122860527300293,1,0.23534624918550273,-0.013554698251941692,0.48472108905158917,1
9933.485928,grid_0400_y535_z510,473.113,532.686,509.315,62.73086177472775,2.126,-0.037676632994086884,-0.03857177197877298,0.5089444587814191,1,0.03264266599572563,0.00705741175861387,0.49653147836409517,1,0.09444630540839916,0.02757440912131546,0.48677089778188753,1,0.1614755360382325,0.02024336731730684,0.48536053407887725,1,0.23539499678713785,-0.014245974276463192,0.4849932749807551,1
9980.545223,grid_0401_y540_z510,473.211,537.552,509.574,65.45102747856596,46.788,-0.032451277568530314,-0.03857333660457916,0.5090226224060879,1,0.03619374359225863,0.0066085762878127455,0.48373087150699023,1,0.09697565024067706,0.026931568475247795,0.48612728775497627,1,0.1680571663708478,0.020686526668400696,0.5011355296560466,1,0.23949085268961623,-0.014402775368902158,0.49276859944292783,1
9995.297708,grid_0402_y545_z510,473.303,542.589,509.608,68.69224946818964,14.378,-0.025601924738543096,-0.03716169822676223,0.48987861600976706,1,0.042766359334116454,0.006566420029974177,0.5101712857803803,1,0.09874585128692423,0.02592263413751668,0.479207872411865,1,0.16665429085515765,0.01994500496408001,0.4914061322693067,1,0.2357938892954498,-0.014260692300288839,0.4836392521897959,1
10013.608582,grid_0403_y550_z510,473.152,547.748,509.52,72.31128521192251,18.039,-0.02069257042203768,-0.038578193755021695,0.5091922593691801,1,0.044943659275831424,0.006276335279563687,0.48419867156362084,1,0.10419543627094806,0.027171731118156853,0.4922018202366697,1,0.1648187123986007,0.01941590278026472,0.48121006745288325,1,0.2347396909359784,-0.014344288157860353,0.4808591637619527,1
10069.205513,grid_0404_y550_z515,473.742,548.216,511.538,71.24291718479807,55.585,-0.020693461310947566,-0.041196602191033986,0.5091829708650549,1,0.04683783130358535,0.004838544520799331,0.5017254106687764,1,0.10257878914713606,0.024991176863067406,0.48309897956801195,1,0.16103314289233944,0.01815583375812059,0.46928655946039055,1,0.2336498523337079,-0.014348192296090023,0.4786183391415999,1
10073.665641,grid_0405_y545_z515,473.18,547.539,513.045,69.71258099511164,4.447,-0.02103519260327727,-0.042528574286517296,0.5017148765607456,1,0.04492200035466329,0.003011003707083257,0.4865131127801626,1,0.103656112973273,0.02440753977805208,0.48923390683775386,1,0.16471385374151729,0.018068320807114287,0.48030540938660116,1,0.2347396909359784,-0.014344288157860353,0.4808591637619527,1
10087.772065,grid_0406_y540_z515,472.569,543.073,513.647,66.0886009081747,13.795,-0.025165246691373943,-0.04203886983409085,0.48794996823384373,1,0.04271177478146382,0.0027943837249024698,0.5086679602278036,1,0.10177036502791625,0.02470283349813895,0.4925190132626076,1,0.1641013635469622,0.018282349532670984,0.4825423147553133,1,0.2367207011723543,-0.014274129279660555,0.48539206014941194,1
10096.977464,grid_0407_y535_z515,472.478,537.772,513.923,62.26584281931788,8.913,-0.030631169655113602,-0.04219595564204199,0.4897777863436499,1,0.03616296558722107,0.002664414105675449,0.48341922903303935,1,0.09824084209968889,0.02461560956511518,0.4913628306633939,1,0.16293625628217429,0.018429600163019463,0.4860741935362681,1,0.23949085268961623,-0.014402775368902158,0.49276859944292783,1
10099.673975,grid_0408_y530_z515,472.139,532.784,514.289,58.79867184724496,2.444,-0.03654266994019495,-0.043804566167351774,0.5014008368544203,1,0.03344705038046891,0.002676999144397038,0.5071602912726695,1,0.09509141460455006,0.024842327379270685,0.49059174470149297,1,0.16126071086388222,0.018959640347783385,0.48459485457382717,1,0.23502191954694585,-0.014258601805779335,0.4842005215197578,1
10113.85733,grid_0409_y525_z515,472.214,527.711,514.604,55.55565015369718,13.952,-0.042905951987494105,-0.045114920826385116,0.5088386982304873,1,0.0283480019242432,0.0026000598396347828,0.49431499906644893,1,0.09184239012492647,0.024765330936180163,0.48781292693530154,1,0.16020347360604698,0.019117566887820542,0.48513038559228416,1,0.2328296372771385,-0.01426043289614258,0.479517626835065,1
10135.029297,grid_0410_y520_z515,472.412,522.602,514.286,53.1364895810779,20.807,-0.04807022283831371,-0.043808580476681326,0.5013049060955259,1,0.02427353134254625,0.002726376136048058,0.49976562748649894,1,0.09295267299174066,0.02680634104047747,0.5084540867290815,1,0.1564621757900766,0.018937165121428477,0.4806546772926905,1,0.2343964676695382,-0.014173977288026482,0.4833724477756872,1
10136.628273,grid_0411_y515_z515,472.448,517.68,514.018,51.15025752623335,1.349,-0.05315558936198589,-0.04354493462567453,0.500609689244015,1,0.019861120574702816,0.003633422980081012,0.5015752209077807,1,0.08537040330449505,0.02574891656255969,0.4845961931396149,1,0.1555964742667463,0.019621925900494053,0.48215257828845226,1,0.24447810665413106,-0.014504842219967121,0.5061759758501168,1
10163.200243,grid_0412_y510_z515,472.291,512.777,513.948,49.39747824535174,26.35,-0.05978200260007572,-0.0439924886916042,0.5076315485992671,1,0.015023337674623384,0.0037914920591317048,0.4819573130444151,1,0.08288805362075596,0.025971921081686535,0.4862541426771506,1,0.1592294574318054,0.020507198614423183,0.4979797115567882,1,0.23120833091068094,-0.013815183933871494,0.47897596155184474,1
10190.053165,grid_0413_y505_z515,472.127,507.779,514.301,47.65006726123261,26.622,-0.06476900361439658,-0.04380490309582466,0.5010355818911024,1,0.010968624065871435,0.0034781056412448927,0.4954096387376869,1,0.07923852249890187,0.025881918487527654,0.480781266467843,1,0.15246356222750976,0.01978677700431299,0.48183381319443513,1,0.23504980271457676,-0.013628404236652585,0.48697980903412225,1
10206.237978,grid_0414_y500_z515,472.261,502.848,514.651,46.387986321891574,16.002,-0.06997593674662385,-0.04483067354644977,0.5010971889868912,1,0.007074568471109617,0.0034096995899590577,0.49912054677124623,1,0.0770192959377485,0.025901328625940148,0.481957191743402,1,0.1496993635950626,0.020116922897409788,0.4790363282608991,1,0.2312498956845967,-0.013187725730631927,0.48020141667658045,1
10210.570908,grid_0415_y495_z515,472.299,497.715,514.437,46.18918892987832,4.082,-0.07562596611651998,-0.0444949366281847,0.5026035933516657,1,0.0023985735199473475,0.0037141868370399508,0.5005350487766751,1,0.07486301818889082,0.026905109234932417,0.4893897577009704,1,0.1487611773049231,0.02043745861426424,0.480949355030341,1,0.23396680072014217,-0.013623693652625503,0.48730087258225574,1
10312.23301,grid_0416_y490_z515,472.476,492.568,514.013,46.7688373385526,101.44,-0.08129230466843608,-0.04381634005712218,0.5010132801804215,1,-0.0016188216757333732,0.004130267508817532,0.49250355048525873,1,0.0727291123022715,0.027299417976946898,0.492046245485719,1,0.14512587473686545,0.020144878341850962,0.47424039645015315,1,0.23396680072014217,-0.013623693652625503,0.48730087258225574,1
10329.132366,grid_0417_y485_z515,472.444,487.653,514.0,47.456201786489345,16.534,-0.08668531332010439,-0.04380889353927234,0.5006025886812211,1,-0.005914585331001396,0.004632472808123547,0.5037748103682731,1,0.06797231208603366,0.02714976689690453,0.4794111053943392,1,0.1456671430282207,0.021283667409244346,0.481346328927842,1,0.23228776884365746,-0.013418317874163343,0.48371862433047397,1
10342.798824,grid_0418_y480_z515,472.418,482.706,513.922,48.704417879695384,13.466,-0.09183428974488667,-0.04380989307756405,0.5004949140464542,1,-0.010238278411264436,0.004646216128370403,0.5029014167926151,1,0.06630104857551225,0.028247189634822627,0.4899279906127214,1,0.14719747561886184,0.0219234501844905,0.49239283698220826,1,0.22918237075460363,-0.013100887429634844,0.4784755810556678,1
10368.33933,grid_0419_y475_z515,472.338,477.616,514.61,49.75453073841611,25.307,-0.10099883078176027,-0.04648400595743344,0.5193516182362415,1,-0.014384327347756649,0.004270277798627964,0.4958185716368142,1,0.06277481078755157,0.027833511022826156,0.48661187749267104,1,0.14634920614903685,0.021951921981997646,0.4938710021366135,1,0.22961341109554328,-0.013260321629233157,0.4802337741105579,1
10388.334003,grid_0420_y470_z515,472.379,472.626,514.483,51.973632959415106,19.813,-0.10287175600620707,-0.04462809151761122,0.5019640854734906,1,-0.018679667221484286,0.004540087824277412,0.5017329415708597,1,0.0629232079328478,0.029432233487301417,0.5089123171238031,1,0.1420558927696018,0.021588923052603355,0.4855750961601276,1,0.23161445182185633,-0.01348698428006444,0.48500474091338575,1
10409.566856,grid_0421_y465_z515,472.396,467.594,514.35,54.588013894993395,20.981,-0.11180442763400651,-0.04563406035081079,0.5175027838647762,1,-0.023074726337743587,0.004847432448560098,0.5018309266546119,1,0.05673875212487089,0.027993505863263983,0.4836335241167796,1,0.13906474227855603,0.022053207024564887,0.48068045555488537,1,0.23210239486823997,-0.013551073349597247,0.48604821289670036,1
10520.664262,grid_0422_y460_z515,472.448,462.721,514.147,57.48737009987489,110.905,-0.11315634945174463,-0.04381560420659408,0.5000327176788886,1,-0.027826733950193798,0.005811972245549257,0.5140223148450109,1,0.05401159577348698,0.028551024469109447,0.4876740998399246,1,0.14113463500591258,0.02251048695857964,0.4933248657717908,1,0.2278174429122118,-0.013052345761983282,0.4775282843356286,1
10544.706258,grid_0423_y455_z515,472.616,457.565,514.118,60.68798711441984,23.759,-0.11899736012229653,-0.043902023993067314,0.5004509869779263,1,-0.032096175190666404,0.005691164045606963,0.5067507485946149,1,0.05146070717846937,0.029009531545484697,0.4871904017554032,1,0.13684686919782857,0.022054029873996198,0.4838032835367263,1,0.22811479587438138,-0.01310554435392254,0.47878135661141635,1
10577.686924,grid_0424_y450_z515,472.679,452.742,514.031,63.95801575252313,32.81,-0.12446172008317029,-0.04409748866336406,0.5017908725761819,1,-0.03766558483800303,0.006112140330686027,0.5273518800654928,1,0.05117186850900227,0.030744269787556445,0.5090621020241383,1,0.13640980146516113,0.022890014136514057,0.48810588046537084,1,0.22727135752715089,-0.013090681032513114,0.4782305440241089,1
10607.894269,grid_0425_y445_z515,472.538,447.652,514.404,67.29200348481233,30.027,-0.1325988672793326,-0.04569975995852114,0.5130477198017915,1,-0.0408111006649511,0.0059699111882868736,0.5113337581274217,1,0.045521022594830214,0.029394968364235524,0.48591780970943377,1,0.13498855149920352,0.022926514419194174,0.48819932925670595,1,0.2274471016204181,-0.013101260205745268,0.47877654375626005,1
10630.116642,grid_0426_y440_z515,472.523,442.698,514.679,70.79646874668254,22.031,-0.13761868552366702,-0.045689866390056594,0.5118801667822788,1,-0.04462413375403115,0.005296705115914206,0.5031066013110109,1,0.044642670422817866,0.03074666288132273,0.5091391246911533,1,0.13243445036982787,0.02288291180288924,0.4858557739739357,1,0.2274471016204181,-0.013101260205745268,0.47877654375626005,1
10665.554308,grid_0427_y435_z515,472.742,437.438,514.772,74.81922226941408,35.255,-0.1405941827246357,-0.045222095383357815,0.5009078787619444,1,-0.05001554482066541,0.005598260072353501,0.5134736633905808,1,0.042030896103520336,0.0307476530880902,0.5091689751575867,1,0.13013168030323918,0.022747267379994787,0.48235952138175137,1,0.22672372490838794,-0.013077442746965613,0.47817779902576857,1
10696.169731,grid_0428_y430_z515,472.796,432.529,514.689,78.80483457885053,30.331,-0.14943063834025974,-0.046091772048505696,0.5134183343083982,1,-0.05398201028477015,0.005972520441758587,0.5116514059348966,1,0.03696132722969221,0.029624346882328997,0.48926119794045586,1,0.13075055000670716,0.02358594015416634,0.48997215047432524,1,0.22609893930118605,-0.013091971213898929,0.4781510902771604,1
10720.492018,grid_0429_y425_z515,472.91,427.65,514.622,82.85585150730152,24.172,-0.15091961565737783,-0.045225308424073886,0.5005970216107658,1,-0.056852300494442315,0.005850025466155365,0.499834006661138,1,0.0355011499118575,0.030750242640861646,0.5092417419682768,1,0.1276735324639714,0.023400666907820264,0.4840381700625406,1,0.22620734312920288,-0.013100072282706014,0.47880908270124023,1
10745.8727,grid_0430_y420_z515,473.036,422.628,514.544,87.1192888917259,25.209,-0.15608276801633014,-0.04522725448394713,0.5004394808651141,1,-0.0619788053360564,0.005963669686334718,0.5119032223782181,1,0.031078234475953564,0.02958619701678661,0.48040272901859005,1,0.12671270511950875,0.02359983727708484,0.48465269234650354,1,0.22620734312920288,-0.013100072282706014,0.47880908270124023,1
10786.055708,grid_0431_y415_z515,472.791,417.857,514.423,91.26487562036112,39.991,-0.16539789764847532,-0.046120992125504676,0.5132001481371158,1,-0.0664680566178336,0.005890071240114144,0.5121220770604694,1,0.03027733185030075,0.03206095110808906,0.5093021794372953,1,0.12524551064512623,0.02369548169196752,0.4872378464912963,1,0.22604127348071307,-0.013095090446623756,0.47853458473530597,1
10849.501337,grid_0432_y410_z515,472.897,412.499,514.418,95.92681481733868,63.253,-0.16997489051006903,-0.045912261269481905,0.5106337305719849,1,-0.07111645849386244,0.006664415294839122,0.5125035555222002,1,0.025338417019806745,0.030545684975696995,0.4908572284360427,1,0.12295389440640712,0.023692734973152742,0.484485038559522,1,0.22529255485997193,-0.013091418218341939,0.47829181960225287,1
10903.872927,grid_0433_y405_z515,472.861,407.379,514.635,100.34485022162318,54.089,-0.17673037802326805,-0.04683506995247949,0.5152017989434032,1,-0.07514735908750143,0.0059780922562036425,0.5123643177920468,1,0.023746225232525613,0.03206408765069916,0.5093724247823602,1,0.12170818136916037,0.023693327680508587,0.4845128360815431,1,0.2249675138249652,-0.01309888577633187,0.47884151157140414,1
10930.514923,grid_0434_y400_z515,472.824,402.51,514.714,104.66190782228264,26.47,-0.1813224899190609,-0.046781595913196784,0.5131806043058461,1,-0.07913048720947263,0.005979272198029877,0.5125212353099056,1,0.02107193438667613,0.032028349455447885,0.508769879827593,1,0.11967030864980968,0.023544376089694757,0.48174687658897136,1,0.2249675138249652,-0.01309888577633187,0.47884151157140414,1
10946.314888,grid_0435_y400_z520,471.701,402.03,517.928,103.7373017289345,15.438,-0.18783023548203298,-0.05155868758277219,0.5312146939544768,1,-0.0800033603855006,0.0033511525872703973,0.5162637664387013,1,0.019583685706530043,0.029149800282021358,0.49133241677543926,1,0.11754298935210648,0.023119504981084456,0.47659405428721674,1,0.2249675138249652,-0.01309888577633187,0.47884151157140414,1
10954.367053,grid_0436_y405_z520,472.178,403.098,519.138,102.26375350533534,8.04,-0.1843363568172462,-0.05217699015693602,0.5235102941639898,1,-0.08072535830737289,0.002065638717886026,0.5254577528305354,1,0.021009537230150362,0.029380051873708193,0.5081217524377613,1,0.12035130327274872,0.022530710512150935,0.48515482301512286,1,0.2249675138249652,-0.01309888577633187,0.47884151157140414,1
11111.247726,grid_0438_y415_z520,472.708,412.701,520.227,93.08694409529186,36.389,-0.17726538103137057,-0.05444114809128321,0.5329266989154642,1,-0.06958504317264357,0.0009842899830499055,0.5029645362136533,1,0.02595525544434134,0.02711607639024244,0.48941636913813813,1,0.12351667655310783,0.022477347348958017,0.486778620214542,1,0.22563861949831698,-0.013103375030260598,0.47885228737528035,1
11137.849824,grid_0439_y420_z520,472.871,417.756,520.166,88.58711268576255,26.43,-0.17208630662406316,-0.05455299543538933,0.5342614585207214,1,-0.06525116110266695,0.001104015467025862,0.5021873214278116,1,0.03027610251762338,0.028135588509477654,0.5092896523892113,1,0.12454077323841664,0.02218863553608437,0.48252457963779266,1,0.22620734312920288,-0.013100072282706014,0.47880908270124023,1
11180.422867,grid_0440_y425_z520,473.016,422.771,519.942,84.26428410661299,42.4,-0.16586588658139798,-0.054294451555098225,0.5318454861434719,1,-0.062350454266888775,0.0017598998959142279,0.5156006589834778,1,0.03288819220388463,0.028134579835518238,0.5092620092812227,1,0.126994611392245,0.022391987411104167,0.4855711407341574,1,0.22620734312920288,-0.013100072282706014,0.47880908270124023,1
11209.874303,grid_0441_y430_z520,472.651,427.969,520.071,79.6857911173629,29.28,-0.15508924987874695,-0.05277337727178825,0.5168582992198284,1,-0.056666055708641604,0.0009872217785705498,0.503146007172757,1,0.03443927263905032,0.0270557847598549,0.4888628174205977,1,0.13153166480154377,0.022480993040446345,0.4981326246471299,1,0.22620734312920288,-0.013100072282706014,0.47880908270124023,1
11355.599946,grid_0443_y440_z520,472.794,437.855,520.444,71.14045504493203,25.212,-0.1434508544641048,-0.05245584559845855,0.5136623871290178,1,-0.04846855309425701,0.0006850106897380871,0.5050965102996661,1,0.04032254436210066,0.026640086832286587,0.48914362703054337,1,0.1270420628286942,0.020857032025617245,0.4698518109505419,1,0.22657073936268818,-0.013050428873322834,0.47753879891900297,1
11363.425174,grid_0444_y445_z520,472.868,442.628,520.185,67.40982042699713,7.541,-0.13816972918089898,-0.05242227098167173,0.5138822768566482,1,-0.04416069606422396,0.0006451280227008149,0.50128797387818,1,0.042693720763201215,0.02619835779990491,0.4874238202239217,1,0.13225945049174498,0.0212476771567163,0.48475296196239165,1,0.2274471016204181,-0.013101260205745268,0.47877654375626005,1
11367.086129,grid_0445_y450_z520,473.008,447.366,519.737,63.96699700626877,3.528,-0.1281056827380984,-0.04973428906630432,0.49410296692474237,1,-0.04010093624089266,0.000783082729604361,0.5017906901868081,1,0.04567052883473885,0.0263415472682216,0.4872234293842306,1,0.13375905584801664,0.021220455695467287,0.4831913727045446,1,0.22838843842876153,-0.013227564067890392,0.4808016249059076,1
11374.607578,grid_0446_y455_z520,473.145,452.812,519.643,59.943395257526,7.31,-0.12488775605710795,-0.05039899231136434,0.5032054405285723,1,-0.03584416539380553,0.0009837033944789329,0.5028062388636532,1,0.04833328358835305,0.026112349739497734,0.48260227866460537,1,0.1357498428305035,0.02133765081152363,0.4851566263272452,1,0.2298839054230221,-0.013417555379630236,0.48383984823727344,1
11460.971869,grid_0447_y460_z520,472.976,457.873,519.921,56.152703096110976,86.173,-0.11888520350818321,-0.05034638067432528,0.5008150565193641,1,-0.031617413783820644,0.0007181914347652784,0.5112712945202096,1,0.05202567362170745,0.025834709688572693,0.4894470219664041,1,0.13566221470851142,0.02090446894610188,0.47823514757095154,1,0.23596566345236547,-0.013858597745652908,0.49494308280719784,1
11525.202954,grid_0448_y465_z520,472.894,463.041,519.838,52.788144956988184,64.028,-0.1118356399407842,-0.049833496622009185,0.49586605704260994,1,-0.028192078798413928,0.0006947976315535045,0.5274263225678929,1,0.05726273837567782,0.026693919789027586,0.5064155649358464,1,0.1396087534525141,0.02100186799018217,0.48618506293088143,1,0.2352641926221538,-0.01380525933087404,0.49321274766386586,1
11569.087463,grid_0449_y470_z520,472.889,467.628,519.724,50.09306349186473,43.631,-0.10800276234704602,-0.0502744972552396,0.5002403263802907,1,-0.022642779771649788,0.00036534743838950446,0.5019523826235752,1,0.060310562302426804,0.026817362224083378,0.5089446641232571,1,0.1416136283509553,0.020401078243920564,0.4886215520612489,1,0.23259033791462363,-0.013615162419130054,0.487091684880015,1
11571.265272,grid_0450_y475_z520,472.982,472.673,519.909,47.19770652266904,1.965,-0.10209615440998501,-0.04999223089437925,0.4974874576869497,1,-0.01851561729170978,0.0001588127741352131,0.5046513510635464,1,0.060649281862715836,0.025241435546254486,0.4892106763903957,1,0.14232290594583752,0.020239772188034473,0.4855424720077738,1,0.2324893499547477,-0.013606903251440164,0.48680176163086597,1
11586.716448,grid_0451_y480_z520,472.922,477.178,519.701,45.271942458878364,15.31,-0.10115011119933356,-0.051624861223470195,0.5172047687892618,1,-0.014838634193205805,0.00022481877706559942,0.500085557466056,1,0.06310474564699622,0.02516965255601853,0.48715959135939485,1,0.14426227837056477,0.02038112034706223,0.48733750489899896,1,0.23250194619153824,-0.013565285195337186,0.4864688594659683,1
11640.738747,grid_0452_y485_z520,473.029,483.234,519.608,43.11545674117346,53.742,-0.09128964945506499,-0.05028341458786458,0.5007481995532301,1,-0.0095994473334259,1.7823064802613242e-05,0.5103330413403881,1,0.06667701914940774,0.024816308276295825,0.48881302374546004,1,0.14537512734989277,0.019938497430832265,0.4839558715962185,1,0.24376366732141402,-0.01455172624299699,0.5076047166888819,1
11649.813234,grid_0453_y490_z520,472.969,487.612,519.62,41.956154661741756,8.914,-0.08687620814817124,-0.050115476084799694,0.5016499867430462,1,-0.00573644647038222,-0.0002237454651443316,0.5006663329601413,1,0.06958389779388352,0.024500170129760586,0.48858065008182444,1,0.14754039174883032,0.01972035180362386,0.4865825691258692,1,0.23396680072014217,-0.013623693652625503,0.48730087258225574,1
11657.12105,grid_0454_y495_z520,472.945,492.638,519.513,41.2829788048294,7.024,-0.08427280953032504,-0.05180073006053426,0.5194408015833619,1,-0.001740316426944933,-0.00026040157294250583,0.5013856243807484,1,0.07241691118060611,0.02445874918062669,0.4899169915341021,1,0.14921020185644146,0.01975805986005772,0.48737173961828034,1,0.23396680072014217,-0.013623693652625503,0.48730087258225574,1
11768.759468,grid_0455_y500_z520,472.9,497.363,519.857,40.75865852797413,111.437,-0.07622753399242246,-0.0503108875478446,0.5015899353764077,1,0.002694830608296307,-0.0009929390102053944,0.4827140754799243,1,0.07408592446116244,0.023301344750753572,0.484116677341104,1,0.14829061963160844,0.0191244262951409,0.4789389477380225,1,0.23396680072014217,-0.013623693652625503,0.48730087258225574,1
11806.433686,grid_0456_y505_z520,473.031,503.026,519.615,41.49796885390893,37.393,-0.06995721398733432,-0.05014877612934735,0.5008905990127146,1,0.007560544461376001,-0.0013005132951345742,0.4955331199759373,1,0.08065647717099984,0.02448531991887275,0.5011970910621106,1,0.15117818668936644,0.018539557681383642,0.4817224971296726,1,0.23676808450496073,-0.013727086567238575,0.4916242400356845,1
11828.286054,grid_0457_y510_z520,473.12,507.529,519.231,42.80342660348581,21.568,-0.06476757581291684,-0.04994103994420915,0.5006659780077239,1,0.011315298260848216,-0.0007486886296489104,0.5056577208748341,1,0.08061108962689051,0.02351707271270212,0.48724700326364845,1,0.1569820757155403,0.019418176066640307,0.4950848944272195,1,0.2328419768397554,-0.013912763024924387,0.4821577783651487,1
11873.008984,grid_0458_y515_z520,473.346,512.49,519.728,43.87155849750497,44.451,-0.05943351047847787,-0.05027878989437918,0.5015880594687339,1,0.015749992783370408,-0.0012107070274951462,0.49565386734150385,1,0.08470056135304747,0.023427214908377684,0.4933431901359072,1,0.15382147722584005,0.017957320629481396,0.48091868713765135,1,0.24507612323803973,-0.014552559598629767,0.5075667944756931,1
11876.988375,grid_0459_y520_z520,473.305,517.494,519.46,46.162761984092704,3.748,-0.05203025261531781,-0.048471434737899555,0.48940861538781516,1,0.020517355432454008,-0.001292881030626232,0.5102927667972427,1,0.08683881923645109,0.0227737859148142,0.48919787133538295,1,0.15290262284134645,0.01767997290210823,0.4726347748838555,1,0.23875711320441584,-0.014478167444724995,0.49327307447558827,1
11885.637879,grid_0460_y525_z520,473.128,522.048,519.782,48.122599233624044,8.447,-0.04807451602386652,-0.05025740256158965,0.5012667280932329,1,0.023645125760185993,-0.0013969587095660034,0.48922604349651533,1,0.08985967521811342,0.02268986117776978,0.4899259156792743,1,0.15757226074520192,0.017878823016873158,0.48108402721583765,1,0.23664227049773034,-0.014325573746420461,0.487400165903139,1
11891.308818,grid_0461_y530_z520,473.315,527.432,519.28,51.579490827265836,5.389,-0.04165493737216916,-0.04839936427088064,0.488654219212707,1,0.029678470511094856,-0.0012935878327464357,0.5102398655192315,1,0.09209589048918884,0.022362439290936002,0.4875925180683615,1,0.15966245002690393,0.01789872048983027,0.48356436686519716,1,0.2324103788656019,-0.014346994510992337,0.47865124729277686,1
11899.386222,grid_0462_y535_z520,473.201,532.594,519.236,54.85652509957226,7.834,-0.036062081074111504,-0.04819151619112122,0.4913006397130408,1,0.03249716945917293,-0.0011816418814329164,0.4882634632089723,1,0.09453957031926725,0.02208346316293825,0.48632953858626726,1,0.16131403354594942,0.01776006490935881,0.48404607554570706,1,0.23711166458572971,-0.014326566235629203,0.48820235062010614,1
11914.214086,grid_0463_y540_z520,473.132,537.807,519.372,58.315511247008736,14.547,-0.03030453538172732,-0.04762062276473142,0.4843090498198334,1,0.038301039970386586,-0.0015972743549407366,0.5028769505578927,1,0.09890320133040748,0.02184692878896151,0.49092809149143396,1,0.165158437319964,0.0172904464447437,0.4894716698070266,1,0.23762064023428142,-0.014369269260138958,0.4877788389427451,1
11920.281599,grid_0464_y545_z520,472.996,542.773,519.705,61.704963049984855,5.802,-0.025923758887890568,-0.050358536975924406,0.5090582989285973,1,0.04101845896754337,-0.002188582983649263,0.48553268746084954,1,0.10131548107165983,0.0211499377089164,0.489983839978001,1,0.16432043241879907,0.01680835424875996,0.48240324350056396,1,0.2363744488393841,-0.014338431950515852,0.48422040069248184,1
11923.731178,grid_0465_y550_z520,472.962,547.743,519.594,65.57834700569998,3.188,-0.01949831231095491,-0.0481929272441965,0.48793178967960565,1,0.047999796616378224,-0.00260624278681662,0.5100987115293976,1,0.10347086647059017,0.020724452091058103,0.4871445082961561,1,0.16556560391726907,0.016733467882872305,0.4824054977011085,1,0.2336498523337079,-0.014348192296090023,0.4786183391415999,1
11931.632082,grid_0466_y550_z525,473.902,548.231,521.898,64.55999662329604,7.83,-0.01968206164848909,-0.052357610575765996,0.49962863907254973,1,0.046289852004565646,-0.004135608968131432,0.4881086679431144,1,0.10462604575951295,0.019516762932764928,0.48751359377563613,1,0.1644744324722171,0.01532019661842544,0.4764153185462461,1,0.2336498523337079,-0.014348192296090023,0.4786183391415999,1
11944.198496,grid_0467_y545_z525,473.261,547.71,523.167,63.37935824067644,12.453,-0.019750790228897554,-0.05413987194103502,0.5016408713816183,1,0.04779073223367207,-0.005578291573800546,0.5113633581535466,1,0.10373199330164903,0.018827672734305214,0.4868612397896523,1,0.16290474014903056,0.015277963959029835,0.4737500151232915,1,0.2336498523337079,-0.014348192296090023,0.4786183391415999,1
11995.153501,grid_0468_y540_z525,472.466,543.007,523.973,59.14759924967366,50.634,-0.02553990537938188,-0.05523675758279553,0.5056223512312534,1,0.043858206326479535,-0.006255315625687728,0.5118908613256818,1,0.10027754070461006,0.018339310413591634,0.48421173032776893,1,0.16372805668067278,0.015470690914982533,0.48065737848677137,1,0.2336498523337079,-0.014348192296090023,0.4786183391415999,1
12003.489012,grid_0469_y535_z525,472.123,537.777,523.732,55.30127948791061,8.034,-0.03047650485538274,-0.05307475765879367,0.48706300652734413,1,0.038556206741809915,-0.005594083890612111,0.5095129891359197,1,0.0971356121049746,0.018659315694341354,0.48310501570740444,1,0.16455059416986417,0.01606959488710466,0.48840990117031857,1,0.23390326038296044,-0.014364067163482673,0.480356643566759,1
12013.71346,grid_0470_y530_z525,472.228,532.696,524.364,51.17583923102774,10.003,-0.03649131619679388,-0.055421640622763765,0.5014082442848687,1,0.03297824869949975,-0.006275246935024803,0.49134991775158415,1,0.09716459273228162,0.01926922270396233,0.4996085316302329,1,0.16233249249668474,0.016256301871266674,0.4869092122865033,1,0.2351340989658578,-0.014324152843994627,0.48421955241743875,1
12048.571991,grid_0471_y525_z525,472.244,527.637,524.453,47.67181919121606,34.597,-0.043838657429420794,-0.05732926947990134,0.5216574321118563,1,0.029678550489066945,-0.006534719661365953,0.5102289355002828,1,0.09162859328215534,0.019005988331974925,0.4840221705347661,1,0.16294646413896452,0.016855102661374542,0.4935767152631155,1,0.2324103788656019,-0.014346994510992337,0.47865124729277686,1
12072.531737,grid_0472_y520_z525,472.342,522.654,524.039,44.9203208136362,23.719,-0.05044038259400451,-0.057852156483094955,0.5293814654866981,1,0.023920090933896264,-0.005271343320058341,0.4901329004730125,1,0.09163856468180509,0.02051233924409803,0.49828884164483195,1,0.15903649385833987,0.01670532328646296,0.48627121707842186,1,0.23558429758969823,-0.01433092893756343,0.4852129362505485,1
12208.841886,grid_0474_y510_z525,472.368,512.794,523.946,40.09387759995277,15.713,-0.058223761087845,-0.054782104051977254,0.4998161465960971,1,0.016591008566163433,-0.005223587974433204,0.51030569037548,1,0.08452745041046199,0.02053429772312732,0.49080570592672595,1,0.15599279377541755,0.01738313273198269,0.4860633703323536,1,0.24507612323803973,-0.014552559598629767,0.5075667944756931,1
12216.518601,grid_0475_y505_z525,472.356,507.669,524.576,37.70590638083104,7.363,-0.0650888388998108,-0.056633911980054116,0.5084531280852361,1,0.011109610370430236,-0.005229660129939432,0.48659141434996317,1,0.08265507566308071,0.020702054830297432,0.49794736665567696,1,0.15409283558195597,0.017357592267208226,0.4858614609288584,1,0.23219655704949937,-0.0143389535608176,0.4808163182967516,1
12342.98373,grid_0477_y495_z525,472.398,497.763,524.266,36.36511047693928,5.902,-0.075109519297712,-0.055412160500271944,0.5007440229072312,1,0.0033684522826896574,-0.004992806852686169,0.5033618080666524,1,0.07477185784541493,0.020889865704916976,0.4847613543652638,1,0.15113909578550247,0.01786467689599705,0.4876230902328582,1,0.23160049579988273,-0.01369540906780609,0.48173954371481204,1
12485.355829,grid_0479_y485_z525,472.574,487.61,523.915,37.77334856747543,21.77,-0.08963657703017755,-0.05716417133991856,0.5193924965944895,1,-0.005546169079141982,-0.0041518310327284666,0.49534682868603425,1,0.06984643079620044,0.02196841877776583,0.4891512688086038,1,0.14793768805235388,0.01856285103321505,0.48782738959451566,1,0.22662328745902524,-0.013565397240390428,0.47181183156448137,1
12498.516615,grid_0480_y480_z525,472.531,482.457,524.308,38.94992448002944,12.949,-0.09194194556984642,-0.05536597640310512,0.5009474196560953,1,-0.00977498069546174,-0.004132989820441413,0.5017344841022608,1,0.06646069298658497,0.022103619726637,0.48903942373714177,1,0.14466940031342634,0.018635506993494817,0.4822651825175642,1,0.23142557695990462,-0.014012827945338055,0.48230166171551936,1
12509.993475,grid_0481_y475_z525,472.604,477.369,524.411,40.97696046560797,11.295,-0.09717629709601582,-0.055750753185530064,0.5012845036957931,1,-0.014085812173209217,-0.0040228593430592045,0.49724537819848186,1,0.0634778582883482,0.022256854923393347,0.4879193296772274,1,0.14320914747924224,0.01883036157489689,0.4836759665531275,1,0.23285462207413976,-0.013666451708436157,0.4871226756452445,1
12511.650285,grid_0482_y470_z525,472.443,472.504,524.362,43.51217344605986,1.466,-0.10173448166075813,-0.05510790105011369,0.49733072405923884,1,-0.01802784329155651,-0.003938305850755808,0.5002771122691021,1,0.06088872521300048,0.022619340228605376,0.48790467466821397,1,0.1426918025584328,0.019040925908424003,0.48634942825247873,1,0.2320200640610789,-0.013622556773483886,0.4857020495978155,1
12536.521609,grid_0483_y465_z525,472.513,467.663,524.211,46.48321105517554,24.651,-0.1065294195939738,-0.054880358575636654,0.49509454918551954,1,-0.02268858531060468,-0.0039134690075276245,0.5101988940325497,1,0.057685586497220304,0.022601453487067304,0.4868686781676034,1,0.1414003784035462,0.019171542623877092,0.48757657711425717,1,0.23259033791462363,-0.013615162419130054,0.487091684880015,1
12670.064634,grid_0485_y455_z525,472.394,457.991,524.078,53.13454571180596,13.006,-0.12017281729573989,-0.056175575039107334,0.509886129510777,1,-0.03225156990535104,-0.0033692820132081728,0.5273762084088598,1,0.052066918917723165,0.023440765127544328,0.4892800296972385,1,0.13701292904320864,0.019816270020055638,0.48313658355156397,1,0.23508946332815736,-0.013828610744579422,0.4935224182906828,1
12709.159494,grid_0486_y450_z525,472.361,452.879,524.243,56.84964786170613,38.923,-0.12347436199920435,-0.05544461794223429,0.4998820615505121,1,-0.0352338387745443,-0.0032403256215928667,0.5024565394371217,1,0.05116900017834763,0.02420437636286178,0.5090513660900378,1,0.13540990316821708,0.01994384893544738,0.4842003755294985,1,0.23172910201821456,-0.013638491753551505,0.48788177141177724,1
12735.190859,grid_0487_y445_z525,472.529,447.595,524.539,60.82732884156588,25.849,-0.1368119073616247,-0.059631071345613545,0.5313783240903027,1,-0.03917633210014232,-0.003617670463992246,0.49896706090335896,1,0.046011840739950516,0.023238619719743385,0.48742308053882744,1,0.134164228075448,0.019944491800686342,0.48423012235096025,1,0.23074178044962013,-0.0135433237232532,0.48586432778002653,1
12767.488814,grid_0488_y440_z525,472.625,442.463,524.751,64.91301039082992,32.106,-0.13815686447822856,-0.05771907357510253,0.513764555151149,1,-0.045784076900540226,-0.003371000694156435,0.52723174962711,1,0.04463054902368507,0.024496356637068076,0.5016702765501717,1,0.13291854812152334,0.019945128905544278,0.4842596796981342,1,0.23074178044962013,-0.0135433237232532,0.48586432778002653,1
12772.136364,grid_0489_y435_z525,472.691,437.661,524.632,69.0285822033163,4.446,-0.143757340029385,-0.05784169410190709,0.5147061422864463,1,-0.05018231616977957,-0.00337170727167697,0.5271789849435495,1,0.04154547771677736,0.024347213659384647,0.49791987180053765,1,0.13097814667433866,0.01992872255214092,0.48294219587364956,1,0.23305548273923848,-0.013749370940505306,0.49127600006124517,1
12830.723507,grid_0490_y430_z525,472.724,432.716,524.568,73.325530294707,58.377,-0.1493904847482349,-0.05796831613046012,0.5156791707636398,1,-0.052609465799592955,-0.003145021861977117,0.5051472678306235,1,0.03890206933977564,0.02533891017722368,0.5053210331874554,1,0.13275365430210143,0.021137783082481175,0.49787710501423077,1,0.23101590868702404,-0.01364977550918981,0.48798904232969703,1
12864.387356,grid_0491_y425_z525,472.795,427.691,524.492,77.77601859828002,33.39,-0.1533336056777821,-0.05701666838970411,0.509834701806442,1,-0.056669432276297185,-0.002891346207741027,0.5031684995459357,1,0.03494549540439384,0.02462411117086513,0.49263164182608776,1,0.13057185533228013,0.021308587471005676,0.49462868174732133,1,0.22620734312920288,-0.013100072282706014,0.47880908270124023,1
12920.435833,grid_0492_y420_z525,472.877,422.613,524.366,82.36240276363964,55.877,-0.15913959548338452,-0.0569765504972153,0.5102011181281798,1,-0.061414059070188896,-0.002343865575304542,0.5077642845621839,1,0.03288723921223203,0.025517992749666443,0.5092519435925745,1,0.1288133981283534,0.021302308138337982,0.49277709799721287,1,0.22620734312920288,-0.013100072282706014,0.47880908270124023,1
12980.318509,grid_0493_y415_z525,472.984,417.601,524.407,86.87401434836536,59.711,-0.17375617256852027,-0.06071243898110229,0.5400072875393047,1,-0.06464607223621384,-0.0024342647447502907,0.4980735372557681,1,0.03027521136161591,0.025518881429273246,0.5092787544713295,1,0.12395244384168408,0.020795040153443967,0.4821532043655553,1,0.22620734312920288,-0.013100072282706014,0.47880908270124023,1
13018.340087,grid_0494_y410_z525,473.05,412.433,524.94,91.38799083030543,37.737,-0.16588844673015765,-0.056724282133572085,0.4984227413268047,1,-0.07266425377940615,-0.0033664889101633734,0.5258689525142533,1,0.02616062065352965,0.024691081716665883,0.49192229129538806,1,0.12261433996434093,0.02082896381584098,0.48209233718688865,1,0.22617798525373142,-0.013177990512724155,0.4800292854345525,1
13039.290107,grid_0495_y405_z525,473.079,407.442,525.05,95.96215094504706,20.768,-0.17164119393882799,-0.05688828325252579,0.5000309504722908,1,-0.07691181455007527,-0.003377489752937414,0.5267888513588493,1,0.0233588689586518,0.02461999744892434,0.4897593532771969,1,0.12332050336920222,0.021267749360540492,0.4911575993309244,1,0.22583885533687376,-0.013221328478448688,0.4807388829732251,1
13044.697054,grid_0496_y400_z525,472.895,402.734,525.217,100.29098210208133,5.244,-0.17674074302841936,-0.056948534074960776,0.4996799054492054,1,-0.08017600698951652,-0.002771979896927924,0.5193464579300211,1,0.02062871093024641,0.025314912758007374,0.5002829653834331,1,0.12089294437224946,0.02133671593230822,0.48688027455932803,1,0.2249675138249652,-0.01309888577633187,0.47884151157140414,1
13063.355331,grid_0497_y400_z530,471.877,402.291,527.764,99.84435429707577,18.318,-0.18030840926658795,-0.06059006950351914,0.5108827106969988,1,-0.08002345580809636,-0.005346760173030695,0.5207105149016487,1,0.020769652039932165,0.023908881365916665,0.5062210058914973,1,0.11974460793517444,0.02035079680594267,0.4836547296853846,1,0.2249675138249652,-0.01309888577633187,0.47884151157140414,1
13106.215233,grid_0498_y405_z530,472.684,402.958,529.126,98.76708223391024,42.848,-0.18375065796693324,-0.06414864042731744,0.5215857499937885,1,-0.07735275072979399,-0.006776460132049134,0.5029244316554363,1,0.020740231968440534,0.02307273703660074,0.491753426312876,1,0.12072733177269868,0.020030081918814762,0.48562263181684584,1,0.2249675138249652,-0.01309888577633187,0.47884151157140414,1
13146.88785,grid_0499_y410_z530,472.685,407.829,530.406,93.74278569041991,40.359,-0.18674314425475766,-0.06841381292350304,0.5451664316827596,1,-0.07337781226642759,-0.007437157580324389,0.5048192700278974,1,0.02403993999453746,0.02192448778140044,0.5018686849292124,1,0.12356019064929895,0.020007764024250974,0.49215207496804814,1,0.22583885533687376,-0.013221328478448688,0.4807388829732251,1
13169.655652,grid_0500_y415_z530,472.627,412.77,530.303,89.11462875981695,22.618,-0.17105885465574702,-0.06464595662710781,0.5160679768922479,1,-0.07146241638206427,-0.007505683502328768,0.5215495706726962,1,0.026901085657749676,0.022167940434286736,0.5018372806057859,1,0.12293237186543975,0.01963415027260533,0.4828970056725669,1,0.2307596610584536,-0.013740846771218854,0.4899832120676555,1
13214.065379,grid_0501_y420_z530,472.762,417.925,530.133,84.34604927914519,44.229,-0.15740577526433525,-0.06081135071198028,0.48978997013530406,1,-0.06743815471552252,-0.007438908590215159,0.5269322134174275,1,0.030348093994501363,0.021908564254580567,0.5004151138305226,1,0.12845332967489664,0.019951450198966464,0.49625715741439236,1,0.22711382084465137,-0.013224463838514187,0.48077095726593905,1
13220.718155,grid_0502_y425_z530,472.747,422.77,530.163,79.83613254034789,6.441,-0.15984500655892306,-0.0639650153461197,0.5143506920226977,1,-0.061793411606591624,-0.0076606791732168064,0.517993152429418,1,0.03341209160299502,0.0220518952669677,0.5015217181366405,1,0.12700358720458077,0.01948175451909736,0.4853110952629086,1,0.22666058198692712,-0.013162268060610102,0.4797900199835896,1
13236.256905,grid_0503_y430_z530,472.957,427.825,529.619,75.4095991900235,15.328,-0.15501446512373923,-0.06341776356854134,0.5164677088657268,1,-0.05891069910741668,-0.007395905823407907,0.524586671095889,1,0.03573489258063014,0.021989401794551916,0.5022782591544558,1,0.12999167127005412,0.01994417930947763,0.49228300538362746,1,0.22619379265070078,-0.013099059649105127,0.47872683364823027,1
13263.705619,grid_0504_y435_z530,472.887,432.723,530.203,70.71977905791275,27.185,-0.14821308781610604,-0.0638046553660181,0.5108933896762727,1,-0.052611150991775865,-0.007494984646379735,0.5057385083448341,1,0.037762730314172696,0.021089063125005518,0.4896081156679256,1,0.13029062832574279,0.019058816015796044,0.4858455877700142,1,0.23132819290233472,-0.013707520462513225,0.48847079695345835,1
13407.322035,grid_0506_y445_z530,472.765,442.665,530.045,61.96927498365618,23.074,-0.13608082007373945,-0.06239840674840312,0.5059973002399585,1,-0.04377025630640912,-0.00805914250411667,0.5030496700070839,1,0.043795338703288486,0.02079536779057794,0.4916026755956517,1,0.13291827788205496,0.018697581578334156,0.4842606552424059,1,0.2240571563922959,-0.01355620348142081,0.47161697703724026,1
13418.200181,grid_0507_y450_z530,472.894,447.938,529.926,57.5043361234611,10.637,-0.12932640051310562,-0.062175227985945644,0.5023004529483452,1,-0.03952064165687426,-0.007807080030807912,0.5080118923611197,1,0.04726411686589855,0.020788804745762043,0.4903952697216513,1,0.1337281916420366,0.018568502659671436,0.48055868051463857,1,0.23121244885379183,-0.013606475654325762,0.4868768683548503,1
13515.444716,grid_0508_y455_z530,472.716,453.186,529.779,53.22496994832404,97.074,-0.1256619470142695,-0.06273180362772579,0.5116533573535191,1,-0.034810406693255344,-0.008049076224368009,0.501868676366381,1,0.05106248096184728,0.02062833424620421,0.5015892907898443,1,0.1360140976736234,0.018566849373168045,0.4844939065450755,1,0.2278957880396003,-0.013750069210799513,0.47901054648510744,1
13528.976226,grid_0509_y460_z530,472.929,457.953,529.479,49.60362214596828,13.279,-0.12159836698563509,-0.06309990566529168,0.5156264799695025,1,-0.030780254742163008,-0.007800914213586342,0.5062226296495564,1,0.0527863968444252,0.020701959040093414,0.49102065325037364,1,0.138585554764028,0.018548263747897677,0.48769614509793396,1,0.2294921558530063,-0.013772791467146302,0.4815069191800516,1
13559.316773,grid_0510_y465_z530,473.324,462.612,529.85,45.82110680679802,30.119,-0.11326136400265341,-0.061935103278077,0.5004452724037308,1,-0.028192658248471288,-0.008787475372377753,0.5274112213966318,1,0.056296473375683456,0.020606603817981795,0.5009505327986854,1,0.14377694587374837,0.01871708255368854,0.5003687985380854,1,0.2286149585688711,-0.013753017654603903,0.4792002891891594,1
13642.457846,grid_0511_y470_z530,473.07,467.418,529.763,42.44352735105782,82.991,-0.11090882208308239,-0.06323373951819401,0.5136099951945033,1,-0.02266019086821563,-0.008894871085747411,0.5095539132613556,1,0.060069186383984306,0.02062596175225117,0.5014832055931375,1,0.1405530761273498,0.017501938463676134,0.48467790618387874,1,0.22534032187084066,-0.013560822448422495,0.4717153114290603,1
13657.145087,grid_0512_y475_z530,472.916,472.366,529.749,39.22061633885927,14.424,-0.1036680110046592,-0.062314953164434125,0.5075988449336393,1,-0.018223324630417245,-0.008823982208723566,0.4983704582695877,1,0.060712570880968666,0.01958484293762225,0.4872094348589472,1,0.14013262576511537,0.017204709014675443,0.4774657659053143,1,0.22534032187084066,-0.013560822448422495,0.4717153114290603,1
13665.058844,grid_0513_y480_z530,473.13,477.657,530.004,35.9787075365416,7.672,-0.09715054823043567,-0.061815408218333034,0.501025245552366,1,-0.013718379392269322,-0.009102316921350394,0.5078549744021829,1,0.06412206088708299,0.01927004611220161,0.48766358417541905,1,0.14407106378725676,0.017486726932259493,0.4839450143977654,1,0.22816848167914788,-0.013684026564486081,0.47635393094475104,1
13683.063603,grid_0514_y485_z530,473.049,482.739,529.666,33.894036186326254,17.833,-0.09452244474871813,-0.06362948830475254,0.5173245968887352,1,-0.009599746244258694,-0.00915488827519499,0.510330041213429,1,0.06881346528421341,0.019314258025517637,0.4998433979328062,1,0.14508674051695863,0.017408560307638897,0.4828755733856156,1,0.23037172365736447,-0.013824327079009827,0.4801704574933383,1
13854.984323,grid_0516_y495_z530,472.809,492.663,529.713,31.141607761963712,51.404,-0.0809494832249863,-0.061883683900069784,0.5050887463397207,1,-0.0007908775848425976,-0.009021025422564938,0.5010676717979416,1,0.07203357625365378,0.01868728267214721,0.4845520283984278,1,0.15197540977814875,0.01684403579832791,0.49336273223733,1,0.2261037655540199,-0.013565843972438724,0.47076351356310536,1
13892.188451,grid_0517_y500_z530,472.838,497.267,529.639,30.97686351133691,37.013,-0.0782359823326047,-0.06382865941325386,0.5192507731273744,1,0.003118984038853848,-0.009038188175378045,0.5022634439138169,1,0.07510912751734851,0.01843710172723345,0.4873120670254779,1,0.1503569550892301,0.016193098033480027,0.48383197090917834,1,0.23085083478472446,-0.013737626591900013,0.4800439664836841,1
14018.671122,grid_0519_y510_z530,473.02,507.716,529.372,33.164224836410696,5.86,-0.06625227301395581,-0.06320232477479,0.5201531139410168,1,0.012363884815968625,-0.00945286236886883,0.5052569633490298,1,0.08103772063165343,0.018010884806909565,0.4861313149080717,1,0.1540153463486571,0.016101086766644235,0.4840664508684014,1,0.23270940940905502,-0.014335530601064957,0.4818824233422142,1
14083.049811,grid_0520_y515_z530,473.142,512.858,529.161,35.41423349445812,64.147,-0.05837948319518575,-0.060573498272014206,0.5010066207403735,1,0.016103073280726004,-0.008978968469902343,0.4866527565429238,1,0.08708700751588573,0.018040975683199307,0.5010930366188395,1,0.1553393958900363,0.01619019963676478,0.4837031296742569,1,0.24507612323803973,-0.014552559598629767,0.5075667944756931,1
14113.105458,grid_0521_y520_z530,473.329,517.801,529.431,37.72011667532322,29.784,-0.055982348726898515,-0.06477867795086119,0.5302382980832059,1,0.02074727894243594,-0.009478887236560374,0.4939589906729534,1,0.0896601263765703,0.018040108537099465,0.5010502486195656,1,0.1576255578966215,0.015285336851999702,0.48615458100737413,1,0.23773304128188283,-0.0144510791719442,0.4909765428534623,1
14136.39579,grid_0522_y525_z530,472.918,522.42,529.622,40.35095588706665,23.12,-0.050479078600869975,-0.06470980358184499,0.5297292807018016,1,0.024302809113088193,-0.010455472731850116,0.49372898679884825,1,0.09216456346157641,0.01681801798902998,0.5006855677983678,1,0.1572717839756294,0.014874277363801551,0.48070725120938945,1,0.2324103788656019,-0.014346994510992337,0.47865124729277686,1
14137.972414,grid_0523_y530_z530,473.264,527.512,529.889,43.60048836882443,1.173,-0.041530788828098394,-0.061445875841887626,0.4998364293461611,1,0.028859660641527247,-0.010393972654253389,0.4891886100280666,1,0.09211435436476684,0.016289749788932693,0.48466344934529937,1,0.16058645287751183,0.014842740553579961,0.48441171473080913,1,0.2324103788656019,-0.014346994510992337,0.47865124729277686,1
14156.086654,grid_0524_y535_z530,473.008,532.588,529.61,47.51805388481303,17.893,-0.035667176591643535,-0.059824439552985144,0.4895625754280262,1,0.03308573307111236,-0.010484983115776518,0.4930217347369764,1,0.09546589890414667,0.01632615329051499,0.4875011582672679,1,0.16197441246644217,0.014880611551761402,0.48457623675117834,1,0.23464884230675387,-0.014271229335095479,0.4834077680587605,1
14167.761279,grid_0525_y540_z530,473.126,537.663,529.194,51.72304410995163,11.413,-0.031343201516369774,-0.060584503374970004,0.5014306365382974,1,0.03766368419743415,-0.010401071028727466,0.48938098725969176,1,0.10091306443510387,0.016692938745789296,0.4990508351426225,1,0.1637555625116017,0.014504411095430901,0.4840299165966163,1,0.23306714104915222,-0.014350368019474249,0.4786358698358876,1
14176.093362,grid_0526_y545_z530,472.888,542.782,529.551,55.67593291539891,8.06,-0.024799494633899424,-0.06060504969897337,0.49986397171594676,1,0.044014210040172544,-0.010934565542464568,0.5127358541262733,1,0.10082462563187353,0.015079771927315935,0.4850354055738544,1,0.16648925958376376,0.014167797935777488,0.4879855352587631,1,0.2336498523337079,-0.014348192296090023,0.4786183391415999,1
14207.11442,grid_0527_y550_z530,473.134,547.541,529.608,59.65556393162341,30.759,-0.019493082717355698,-0.0602331178141816,0.49482433621065897,1,0.04785016744389438,-0.010871484985662358,0.508094905516411,1,0.10370580799662711,0.015019232890403307,0.4851434312942664,1,0.1665492500432164,0.013688292603301499,0.4834054226554432,1,0.2336498523337079,-0.014348192296090023,0.4786183391415999,1
14229.506466,grid_0528_y550_z535,474.181,548.085,531.772,59.04753509673372,22.289,-0.01893649124706924,-0.0625951551258899,0.4890581333705814,1,0.04708375883265679,-0.013042339124462104,0.4938566631982098,1,0.10540404176573198,0.013872825405922226,0.48897863851234735,1,0.16413011584692427,0.01307949935241548,0.474721086849051,1,0.2340832823647461,-0.0143258334363503,0.47885267733673015,1
14235.253111,grid_0529_y545_z535,473.527,547.611,532.847,58.102743394783,5.735,-0.019245495563504737,-0.06316620393779171,0.4875908166234037,1,0.04671493211145253,-0.01387968959295981,0.49017821399261685,1,0.10553517245929868,0.01353723123338152,0.49270605748099183,1,0.16649068398430195,0.01271821533859834,0.48283101418830016,1,0.23337688834680526,-0.014330002911882486,0.477803022840362,1
14243.981901,grid_0530_y540_z535,472.774,542.885,533.833,53.49505596781818,8.417,-0.02490590117860344,-0.06574813591348852,0.5014485345099833,1,0.04396442369498932,-0.014912774967225045,0.5115402480319138,1,0.10255665229845205,0.01327984582107556,0.4916855120096166,1,0.16649949920136625,0.012799406618371973,0.4874917904721941,1,0.2336498523337079,-0.014348192296090023,0.4786183391415999,1
14245.552681,grid_0531_y535_z535,472.124,537.801,534.335,48.89416587896761,1.239,-0.02942299420500102,-0.06498031388850711,0.48865336387751634,1,0.03771921122759979,-0.014873849119550177,0.4893077714529468,1,0.09942322921307645,0.013251707227416204,0.49225287534736073,1,0.16287240480470316,0.013240494334328723,0.482366825495039,1,0.2331399799597217,-0.014350096054051222,0.4786336784991016,1
14252.645098,grid_0532_y530_z535,472.091,532.886,534.565,44.69391299718557,6.861,-0.03607706205766829,-0.06726995215988422,0.5031561187425058,1,0.034908625711336086,-0.015247247739174276,0.5109460833579402,1,0.09723570010611943,0.013604938794016811,0.4953317897592912,1,0.16205295296096317,0.013553064959430547,0.48479727801227046,1,0.23297333351612454,-0.014309475824137021,0.479687641744896,1
14264.863633,grid_0533_y525_z535,471.935,528.095,534.181,41.14580588589799,11.976,-0.0436104411496001,-0.070059499527258,0.5289568393074497,1,0.030769881099462333,-0.014800974649450871,0.5127236230102699,1,0.0929637160889224,0.013820505848404208,0.48755676654356495,1,0.16032139923522806,0.01369216391739127,0.4835724426064562,1,0.2324103788656019,-0.014346994510992337,0.47865124729277686,1
14278.485377,grid_0534_y520_z535,472.111,522.995,534.028,37.4867988097143,13.297,-0.046628778732620585,-0.06579910261995514,0.499740760439138,1,0.02457368047179951,-0.01350931707389853,0.48081973099280484,1,0.08900646161539796,0.014000769494513593,0.4819697578966723,1,0.15915867240431691,0.013747927685799036,0.48399673284765865,1,0.2324103788656019,-0.014346994510992337,0.47865124729277686,1
14346.40037,grid_0535_y515_z535,472.274,517.949,533.947,34.178199791680015,67.683,-0.054131011917550875,-0.06839080363201265,0.5189496698385194,1,0.021070630327340814,-0.01417769627874456,0.5014418376568284,1,0.08953232134886434,0.015069896952856592,0.5007195553436667,1,0.15751887145250595,0.014437161127549657,0.4856934573932819,1,0.23182907811907352,-0.014349255771336774,0.47867108092367566,1
14357.74326,grid_0536_y510_z535,472.183,512.773,534.438,30.787015785879596,11.071,-0.05748896303593816,-0.06634081147473482,0.4957262854025182,1,0.016134796100176676,-0.013945134313361661,0.4864025420266336,1,0.08571230423537521,0.01474457655805248,0.4952833757902012,1,0.15709970237324475,0.014653075680794195,0.48889527163398816,1,0.23116391947220494,-0.014344295201430143,0.478566995395597,1
14382.715647,grid_0537_y505_z535,472.12,507.618,534.518,28.34267787277688,24.721,-0.06281375311124524,-0.06650227149935546,0.496880738493658,1,0.012364746347907178,-0.014285069088565272,0.5058116938070172,1,0.08081974954881015,0.015008715347486752,0.48486134658281477,1,0.15420701882962176,0.01491379886170286,0.48424501134805,1,0.23219655704949937,-0.0143389535608176,0.4808163182967516,1
14426.889136,grid_0538_y500_z535,472.468,502.499,534.401,26.87231774521878,43.982,-0.06982899280346297,-0.06692605000751117,0.5000745912124048,1,0.007780918527023038,-0.013894797756997958,0.4903902493769561,1,0.07828861508340913,0.0150018281565688,0.48463882454252544,1,0.14939404882805418,0.01466871705125889,0.4746356849105683,1,0.23059100964969487,-0.014348149668204751,0.47870635206012113,1
14446.230532,grid_0539_y495_z535,472.593,497.582,534.264,26.36524564649449,19.028,-0.07509584970029602,-0.06671323255907928,0.500480869547941,1,0.0036246382956362736,-0.01276267455137875,0.4866225636574254,1,0.0780801189745583,0.015467038938635267,0.5012321830485053,1,0.1503567556080366,0.014945571717167256,0.4838323331097933,1,0.2379557424156937,-0.01451043578589669,0.4947432400123074,1
14484.468247,grid_0540_y490_z535,472.493,492.675,534.091,26.805246762527602,38.006,-0.08039418732594777,-0.06680131585220728,0.5013470352400837,1,-0.0005408365020383703,-0.01369613586618931,0.5039945435216414,1,0.07254387145188311,0.015793004266657716,0.48396337719358623,1,0.1491111304838736,0.014946280654869026,0.48386415443960257,1,0.23390348738573485,-0.014311103466127847,0.4870200499793002,1
14509.158507,grid_0541_y485_z535,472.48,487.753,533.859,28.16891948584459,24.498,-0.08617249031026705,-0.06692175229925887,0.5050725033604571,1,-0.004469134226727399,-0.013010185872185522,0.5069031127287886,1,0.06945296896976795,0.016221059621536575,0.48386450323884517,1,0.14629316199834203,0.015652606383582388,0.4808417000535089,1,0.23291043297976277,-0.01431947934559182,0.48494426521215817,1
14547.388595,grid_0542_y480_z535,472.23,482.734,534.29,29.74256493646772,38.008,-0.09174393735497743,-0.06730088424616762,0.5070011589910892,1,-0.008854738728417536,-0.012723579595486546,0.4865180151337287,1,0.06907422553439356,0.016758020973298534,0.501361313930703,1,0.1461572690215647,0.01613333179415765,0.48627104996886295,1,0.2318853366838089,-0.014032945530631835,0.4831059971301791,1
14577.955656,grid_0543_y475_z535,472.366,477.636,534.549,32.21769026482185,30.386,-0.09660514174876464,-0.06715854582989483,0.5012564811355092,1,-0.013246481449355547,-0.013220622394722404,0.5012987062179654,1,0.06650095713735354,0.01675871598629071,0.5013954796253606,1,0.14494144313107585,0.016214978534726643,0.48679235954602745,1,0.22758265688172613,-0.013683734823166063,0.47526055498042064,1
14583.549446,grid_0544_y470_z535,472.337,472.819,534.411,35.3675833214541,5.299,-0.10384481313248634,-0.06829387786176716,0.5117062258754108,1,-0.01754008333068966,-0.013056354561034569,0.5041811655681794,1,0.06344517695735415,0.016759516641143272,0.5014346732317343,1,0.14229480984447196,0.01612544417449284,0.48311657140583214,1,0.2253058674139324,-0.013585469268257357,0.4715911086266645,1
14596.603621,grid_0545_y465_z535,472.536,467.742,534.092,39.17226305691306,12.863,-0.10944024561951876,-0.06780461256669201,0.5104310352065581,1,-0.02256422626643173,-0.013045358953512429,0.5083963209720187,1,0.05942099658533595,0.0179078566081073,0.4981318809513681,1,0.14105364038938023,0.01641465226783035,0.4849868800443035,1,0.22623925737818035,-0.013653674496433559,0.47360359169969735,1
14605.871837,grid_0546_y460_z535,472.525,462.726,534.026,43.039190303722,9.066,-0.11468984359802936,-0.06775646068140696,0.5099340514933258,1,-0.026471917628250984,-0.012542098635116771,0.5070052458290544,1,0.05651849347559866,0.018013459628767214,0.5005393720084717,1,0.14032440875139462,0.016634642565189157,0.4887683851481941,1,0.229104564488957,-0.01382184530184229,0.4801529472397841,1
14630.242997,grid_0547_y455_z535,472.697,457.564,534.011,47.213861470970535,24.189,-0.1215328021386644,-0.0683796541067654,0.5152735135050854,1,-0.030387885385383333,-0.011846060676386702,0.502059428069491,1,0.053634826207767404,0.018050474433584388,0.5015542057497233,1,0.13797448312305138,0.01654144850031012,0.48539033359439454,1,0.22888976913897968,-0.013771450738447764,0.48004272224673417,1
14632.274943,grid_0548_y450_z535,472.568,452.512,534.593,51.16903635989247,1.841,-0.12360758358125648,-0.06711850386269815,0.5002619275925911,1,-0.03506827092382754,-0.012571846500234135,0.505812683722338,1,0.050815441805598195,0.017897554906727838,0.5001867529832927,1,0.13599254965928925,0.01672874591736387,0.48348796294164603,1,0.22858005958985078,-0.013733225682666942,0.48006499023284477,1
14665.751572,grid_0549_y445_z535,472.432,447.702,534.777,55.279703345803085,33.305,-0.12723663109373826,-0.06652609741520166,0.4953818855187313,1,-0.039590563623088715,-0.012997155247133914,0.5091103971589078,1,0.04623387088421278,0.017330191390263178,0.482510618154934,1,0.13441115072654403,0.017179327581271994,0.4841635014221139,1,0.2240571563922959,-0.01355620348142081,0.47161697703724026,1
14685.105411,grid_0550_y440_z535,472.408,442.833,534.732,59.64737204605073,19.042,-0.132134182907575,-0.06638490411138817,0.49440719699130165,1,-0.042793641011610546,-0.011997063335747531,0.4998213175062372,1,0.045271248526456254,0.01805243555620574,0.5016439473459045,1,0.13391594436173096,0.01747345733991685,0.4880079516183444,1,0.2240571563922959,-0.01355620348142081,0.47161697703724026,1
14697.618841,grid_0551_y435_z535,472.629,437.697,534.474,64.41622017007822,12.311,-0.14222996055150866,-0.06837596104052143,0.511228408346053,1,-0.047561328167152056,-0.011729372444054937,0.5081121246154051,1,0.04098171614940026,0.018386964223980597,0.48723297329321397,1,0.13125068755557534,0.01740906345216541,0.48301501102155087,1,0.2275470330945543,-0.01376367392689352,0.4797755710560976,1
14720.456267,grid_0552_y430_z535,472.794,432.666,534.202,69.14763487640047,22.626,-0.14949029589930776,-0.06880305130037512,0.5169329350184884,1,-0.05281966542684099,-0.01161986568930272,0.510489574872931,1,0.03927246179484388,0.019327282057800224,0.5011916049976691,1,0.12943922991104495,0.017573631080999682,0.48194714337867317,1,0.22810027014750964,-0.013800974025213788,0.4814777912795738,1
14722.855296,grid_0553_y425_z535,472.827,427.619,534.291,73.80545935091786,2.115,-0.15496639613356955,-0.06874833778610098,0.5163581676267364,1,-0.056954846593157964,-0.011414224075885465,0.5057181912478025,1,0.03520214193623518,0.01931257067100489,0.5010541505535953,1,0.1273801613087058,0.018015277901131853,0.4830790865588802,1,0.2292175475555795,-0.013641867465854357,0.4850535591084912,1
14783.262709,grid_0554_y420_z535,472.935,422.7,534.372,78.3935479105264,60.234,-0.15645851937704436,-0.0673840565870388,0.5040750803456656,1,-0.060404524556359,-0.011283279245251502,0.5049726550499342,1,0.03304742631198373,0.0193440145530902,0.501768406545169,1,0.12554985991400172,0.017907477727632095,0.4791514305948755,1,0.22983325399099686,-0.013597638505938705,0.48665658096003545,1
14806.091614,grid_0555_y415_z535,472.993,417.504,534.748,83.1904617248876,22.658,-0.17521254555021462,-0.07391745173884529,0.5446783129446863,1,-0.06482511880785752,-0.011670715813055461,0.5055447889222158,1,0.030351721142679335,0.019333695675662357,0.5015684427774494,1,0.12443016836246854,0.017954099348291938,0.4817140693213311,1,0.22319085080738127,-0.01357627975426811,0.4724791650113528,1
14839.122694,grid_0556_y410_z535,472.833,412.656,534.901,87.7662747244065,32.839,-0.17205585513580063,-0.07051888734712349,0.5190707938690603,1,-0.06992789789912424,-0.011644143482389333,0.5098347447586346,1,0.02697830314778174,0.01931271933708207,0.5007926439925507,1,0.12381659324636678,0.018113676397218444,0.4854221685077051,1,0.22685264790062862,-0.013799776303781795,0.48150860444176,1
14897.977501,grid_0557_y405_z535,472.761,407.732,535.017,92.45347674911953,58.664,-0.1770198033501819,-0.07048676286781522,0.5186447120865562,1,-0.07375686084567426,-0.0113558046334849,0.5077008570647513,1,0.024039150954958524,0.019346243305679488,0.5018520818506077,1,0.12348954111632551,0.018532851624402578,0.4894317302252882,1,0.23277250918600068,-0.013859612252905914,0.49495635407279326,1
14949.659383,grid_0558_y400_z535,472.925,402.454,534.903,97.56604611748901,51.407,-0.19288117412400124,-0.07425145324840378,0.54634630239872,1,-0.08006121015530508,-0.011756910157721692,0.5211612864260411,1,0.02146513607116916,0.01934691608950828,0.5018759941124018,1,0.11909139631800802,0.018268610869459263,0.48004315554967375,1,0.2249675138249652,-0.01309888577633187,0.47884151157140414,1
14962.891889,grid_0559_y400_z540,471.971,402.059,537.626,97.27257579091852,12.92,-0.19306006599149436,-0.07714997873436846,0.5468146182569097,1,-0.08040716253548853,-0.0140941296671215,0.521540960584844,1,0.020671333718063525,0.018101727667575188,0.5012069004846053,1,0.11990347886695005,0.017946441090529765,0.4845541296474287,1,0.22583885533687376,-0.013221328478448688,0.4807388829732251,1
14984.013683,grid_0560_y405_z540,473.09,403.001,539.487,95.92626078921246,20.971,-0.17674528964836267,-0.07300424285975246,0.5014796720037598,1,-0.07903008359039879,-0.01553856520767321,0.5196540236154514,1,0.021441009831244556,0.016821579451520248,0.5014761010990751,1,0.12106642334812606,0.017052827047404087,0.4850783628206201,1,0.22801720911664514,-0.013527435233740729,0.48548231147777754,1
14993.54313,grid_0561_y410_z540,472.664,408.029,540.292,90.84515009619388,9.368,-0.17427358217651312,-0.07509730002052173,0.5115568237790582,1,-0.07550777370827809,-0.016886585906522103,0.525464076913166,1,0.02446297479728217,0.01670727474801004,0.5001947826932147,1,0.12265488034429056,0.016791957047108928,0.4859899222388391,1,0.22668581890352102,-0.013759989170158499,0.4814995413473715,1
15013.493305,grid_0562_y415_z540,472.613,412.775,540.257,86.23431686979379,19.789,-0.16978896045730368,-0.07517414712614798,0.5132159657450421,1,-0.07110061444389057,-0.016799190249844116,0.5225643525246102,1,0.027026234056712235,0.016616827750051726,0.4985892833419474,1,0.1238163147339306,0.016863686771351,0.48542270183761016,1,0.22675983822416135,-0.013793486262633105,0.48122197303214337,1
15025.472799,grid_0563_y420_z540,472.753,417.598,540.293,81.54615337954324,11.797,-0.1755269692201809,-0.0796929480631756,0.545577578885255,1,-0.06705547126585393,-0.01684976541669061,0.5228938842539094,1,0.029931032038802277,0.016520393361490422,0.5003869324293373,1,0.12496108420534477,0.01683824865782196,0.48457916694678016,1,0.2252760791513164,-0.013699977054499657,0.4772908708352629,1
15034.645931,grid_0564_y425_z540,472.88,422.673,540.014,76.71586446100959,8.84,-0.1603391455039586,-0.07556474053894408,0.5171096473695601,1,-0.06031561981511502,-0.016012884456791145,0.5080597126819015,1,0.03352628383957226,0.016632994294921988,0.4991735632742637,1,0.12692238299092404,0.016769775183066188,0.4834429712105343,1,0.22983325399099686,-0.013597638505938705,0.48665658096003545,1
15058.227736,grid_0565_y430_z540,472.933,427.888,539.745,71.78366412353161,23.371,-0.15902046296198583,-0.0776563884999754,0.5317955836485669,1,-0.05571693031786548,-0.015787156867568895,0.5024713969040315,1,0.036193931450000404,0.016381265710490926,0.49666089789817147,1,0.1280532250965432,0.016791326286440394,0.48300814578519013,1,0.2280202971906351,-0.013698303525873156,0.48218653968403147,1
15188.227797,grid_0567_y440_z540,472.824,437.996,539.881,62.13598958735589,9.554,-0.14324516944200466,-0.07528425768464016,0.5163579391499603,1,-0.047613842377972684,-0.01651896832016961,0.5083851865263584,1,0.042650979816762496,0.015793548691358808,0.5040707792093673,1,0.13181270457432373,0.016255885568762025,0.48443853969174994,1,0.22722605622613767,-0.013745510975026153,0.4791103760169646,1
15189.07306,grid_0568_y445_z540,472.616,442.89,540.136,57.45480736196057,0.703,-0.13815702132104457,-0.07509637261434929,0.5146026769181552,1,-0.04384689000756796,-0.016930562569905036,0.5068117625864275,1,0.04470136025766093,0.015342644597171023,0.49911840277052133,1,0.13381085866438436,0.01607957006850359,0.4879452550193266,1,0.22538891169951594,-0.01363555906923642,0.47474737563695657,1
15190.91763,grid_0569_y450_z540,472.632,447.923,540.357,52.69728551832625,1.684,-0.1301358101843224,-0.07450706049050662,0.5087960680358479,1,-0.03806227614076214,-0.017058095348133802,0.506857255637939,1,0.04990157066303254,0.0152986670586636,0.5038322310094772,1,0.1370452438853264,0.015907828187144785,0.4879652559353909,1,0.22796045860227238,-0.013745374744897683,0.4789999368757183,1
15193.563361,grid_0570_y455_z540,472.838,452.75,540.019,48.41867125396974,2.485,-0.12593498764437508,-0.07470729990525127,0.5121239876589146,1,-0.034615799687406044,-0.017239008033334453,0.5078137077694235,1,0.05150295474344736,0.015037522212280802,0.500429582700456,1,0.13752035282268255,0.015831654332555015,0.48712910852323843,1,0.22786714787169218,-0.013733454577810658,0.4784620326753416,1
15205.490389,grid_0571_y460_z540,473.034,457.691,539.687,44.15329035304161,11.757,-0.12052063314703755,-0.07446646276465071,0.5113694672788314,1,-0.030868691049457945,-0.016975050156681458,0.5044914431885584,1,0.05236403421196678,0.014624657653216015,0.48914613551812125,1,0.1373880001941652,0.015544132424328401,0.4831646822314956,1,0.2289813726623492,-0.013777595099729052,0.48032353326592575,1
15209.07297,grid_0572_y465_z540,473.201,462.645,539.33,40.0492944881679,3.422,-0.11186870177026878,-0.07167332255551975,0.49618531437804214,1,-0.026446663636158822,-0.016743735742029232,0.5075417403493356,1,0.05684836417690406,0.015132084963776358,0.49989695805819595,1,0.1395824858697553,0.01557817352617573,0.48484428457629536,1,0.2300837763291288,-0.013959500596319062,0.48205826334103336,1
15303.487338,grid_0573_y470_z540,472.934,467.877,539.595,35.566937863695756,94.243,-0.10696235953651571,-0.07235180037393724,0.5011183771771435,1,-0.021409298380841848,-0.016825012257592642,0.5023340496336426,1,0.05772288800508106,0.013916388904079369,0.48133684434029633,1,0.13914301041239208,0.014724817041233039,0.47689569469805193,1,0.23163287042221858,-0.01421078678449993,0.48493327332351954,1
15322.80917,grid_0574_y475_z540,472.983,472.635,539.698,31.784602954889937,19.058,-0.10424050438637718,-0.0743452411208082,0.5115160592749912,1,-0.01741514963663169,-0.017513683614751405,0.5059564593553956,1,0.06128479704548109,0.013741601660949166,0.48497100096377527,1,0.14293160441248573,0.014792166812399605,0.484832877483823,1,0.2227864858622482,-0.013564575741508517,0.4665355988095716,1
15336.050405,grid_0575_y480_z540,472.892,477.474,540.125,28.00581171828443,13.049,-0.0966876471677755,-0.07367843038374035,0.5015804479538577,1,-0.013528687186928295,-0.018330999682223154,0.5103355364102309,1,0.0652525346715089,0.0137346732595282,0.4947139110141527,1,0.14467116952684114,0.014546524116763456,0.48555240839305613,1,0.2282094737878837,-0.013715687543751028,0.4765058273613081,1
15468.237826,grid_0577_y490_z540,473.347,487.641,539.547,22.880899676367537,11.62,-0.08945593854889915,-0.07529938939930769,0.5219435659365682,1,-0.004368236353877095,-0.017856566184483832,0.5035118051614222,1,0.07095256686177362,0.013377971010843903,0.49112651055208517,1,0.1480429750058313,0.014163812247852365,0.48556749043046843,1,0.23291043297976277,-0.01431947934559182,0.48494426521215817,1
15475.009053,grid_0578_y495_z540,473.027,492.495,539.664,21.337629788708917,6.599,-0.08087728661301069,-0.07333370768266509,0.5044430823066774,1,-0.00046979067876666347,-0.018178833101210407,0.5085454905021025,1,0.07379503482462071,0.013222360699096963,0.4928939916934056,1,0.14943742278757705,0.014060029845936852,0.4856625775912773,1,0.2334069601827488,-0.014315291405859833,0.48598215759572916,1
15498.643944,grid_0579_y500_z540,473.281,497.516,539.892,20.740734461440745,23.389,-0.07507466699473798,-0.0731334882323187,0.5002263095023722,1,0.003950025918877981,-0.017957159752217473,0.4911689335807596,1,0.07613556324672885,0.01253480676854733,0.48570089606590683,1,0.14820651884642747,0.013500298434283815,0.4756921661584247,1,0.2376492310241487,-0.014484917293420087,0.4940268182019677,1
15503.557414,grid_0580_y505_z540,473.113,502.444,539.733,21.685817185432523,4.721,-0.07385061583666283,-0.07717606773011826,0.5309523541387555,1,0.0077864170358616265,-0.01814692030287717,0.4922297827718589,1,0.07982292029828475,0.01239400670213835,0.4923110840756621,1,0.15189056844672463,0.013294302609745652,0.4817689231974947,1,0.23050525309003284,-0.01432886685704167,0.47829492889231084,1
15626.829813,grid_0582_y515_z540,473.247,512.709,539.357,26.6849718380964,2.672,-0.058387189037981936,-0.0721832764613789,0.5008764500551829,1,0.016592492668098785,-0.018090080319779468,0.49123991861164207,1,0.08523312106312396,0.01218665946503999,0.4912369177365082,1,0.15662320912755825,0.013258433236040272,0.48610028232783686,1,0.23115005375583864,-0.01434128664364466,0.4783327697751384,1
15748.264636,grid_0584_y525_z540,473.083,522.695,539.379,33.66093531083177,0.81,-0.046799947501522235,-0.0721880019540724,0.5010673107201372,1,0.02510491580318741,-0.018203313687662388,0.4914435399490127,1,0.09120840919177695,0.011699200651518178,0.4920683553221432,1,0.1585559025924641,0.012476690380020666,0.4821813444325953,1,0.2324103788656019,-0.014346994510992337,0.47865124729277686,1
15755.324402,grid_0585_y530_z540,472.903,527.751,539.783,37.4933112701452,6.819,-0.04133791164264366,-0.07251150606811965,0.497263540665388,1,0.029214973920557073,-0.019129067680755854,0.4907014946052086,1,0.09381645378422458,0.010799424742771693,0.49242102245153285,1,0.1588532363965436,0.012299655130744365,0.47826220360979665,1,0.2324103788656019,-0.014346994510992337,0.47865124729277686,1
15756.340362,grid_0586_y535_z540,473.502,532.563,539.271,41.8437064443388,0.755,-0.03624012571027767,-0.07207683007918306,0.5002811735387025,1,0.03418986501376621,-0.018831239859766716,0.49107478241370234,1,0.09700576335178836,0.010807099776374344,0.49154741843977046,1,0.1640774556271748,0.012182729802426092,0.4891067300002828,1,0.2322997696666975,-0.014329442445778268,0.47782373422374147,1
15760.53897,grid_0587_y540_z540,473.402,537.638,539.109,46.354949315040784,3.948,-0.030059693898329753,-0.072196176401954,0.5013000914713736,1,0.038024605718358376,-0.018963541091991217,0.4910605175966746,1,0.10002979182666369,0.010750982934238868,0.4917312912456618,1,0.16474915944127083,0.011852499045782821,0.486200886471318,1,0.2331134096093504,-0.014343870456738055,0.4785021075366791,1
15775.689119,grid_0588_y545_z540,473.548,542.179,539.324,50.332100969460825,14.896,-0.02511992679675242,-0.07169736978672592,0.4978329124732182,1,0.04369378786061701,-0.01982639406216018,0.5100499008721875,1,0.10165414113887915,0.01001542451660068,0.48740820105188093,1,0.16912980773762282,0.01175711983163685,0.4944705847100135,1,0.2336498523337079,-0.014348192296090023,0.4786183391415999,1
15777.538199,grid_0589_y550_z540,473.511,547.311,539.581,54.925751465046,1.568,-0.01975565544284327,-0.07220080171693084,0.5014089910044102,1,0.04673499336179295,-0.019341661033598627,0.49366774945999115,1,0.1061722908483663,0.00977689299379609,0.49621115568700036,1,0.16657557018150249,0.011228241459522996,0.4827120326097052,1,0.23337688834680526,-0.014330002911882486,0.477803022840362,1
15785.694617,grid_0590_y550_z545,474.184,548.104,541.751,54.887597815900136,8.065,-0.018641640585523,-0.07329681066768362,0.48932219260223975,1,0.04816818606457124,-0.021700466842187065,0.4976064113738907,1,0.10593945375065936,0.008354118122029732,0.48952786595103404,1,0.16886056829527984,0.010582450432125592,0.48750996673321745,1,0.2332677608861154,-0.014312637056814697,0.47698330234309694,1
15786.854785,grid_0591_y545_z545,473.631,547.53,542.842,53.97002469890113,1.15,-0.01972907701814066,-0.07600848827865683,0.5005272758626712,1,0.04748202715738238,-0.022867370714113273,0.49551912478404536,1,0.1054269774020457,0.008033578885918673,0.48903606839489,1,0.168455911603153,0.010467692296190309,0.4869348174931072,1,0.23408196359724504,-0.014400448934151718,0.47893020007208914,1
15829.429456,grid_0592_y540_z545,472.785,543.148,543.829,49.50536935525281,42.274,-0.023902704594077194,-0.07679938659491939,0.4979664988828453,1,0.04292744169025625,-0.023139248619585703,0.4926001546558063,1,0.10235443829050692,0.007551050415143399,0.4877939341056502,1,0.16608674277181024,0.010585614233300235,0.4840413890740629,1,0.2336498523337079,-0.014348192296090023,0.4786183391415999,1
15838.017604,grid_0593_y535_z545,472.356,537.641,544.192,44.23092601336758,8.286,-0.029921949493512894,-0.07731027573225172,0.4993640304045979,1,0.03791260462056796,-0.023249861222933356,0.4885180057623727,1,0.10100609844659438,0.007854685180471704,0.49783582484374933,1,0.16291993080897405,0.010488355351886941,0.48110329757401055,1,0.23293428929729576,-0.014319240032908425,0.47797801502377507,1
15840.713531,grid_0594_y530_z545,472.243,532.664,544.451,39.54815407828788,2.452,-0.03508105096216557,-0.07804699083903785,0.4997189934113243,1,0.03430953522625601,-0.023533046177348547,0.4917141191762435,1,0.09693401711072183,0.008006571273018662,0.4916157142931633,1,0.16243667824588093,0.010601654758289385,0.4838438206210289,1,0.23333620069397926,-0.014412090882063303,0.4794687820780695,1
15874.437581,grid_0595_y525_z545,472.332,527.727,544.216,35.20803573049763,33.472,-0.04172779781953523,-0.07918582902808688,0.5095127433420197,1,0.030522512917963214,-0.023009565558350854,0.49822480177021544,1,0.09131816700775826,0.00800587430230482,0.4759999141892701,1,0.1625956040435276,0.011058232984135217,0.48964569584673334,1,0.2324103788656019,-0.014346994510992337,0.47865124729277686,1
15882.425061,grid_0596_y520_z545,472.302,523.118,544.338,31.14036006535575,7.684,-0.04913697881550651,-0.08245612548702022,0.5297217884851596,1,0.02541079735969793,-0.022772018394171298,0.4908252118478317,1,0.09156925806244812,0.008395808802646771,0.49409790306468204,1,0.1608923692377104,0.011580107290133661,0.4884187678821139,1,0.2324103788656019,-0.014346994510992337,0.47865124729277686,1
15887.580699,grid_0597_y515_z545,472.264,517.877,543.921,27.06910210923139,4.884,-0.05195292621713027,-0.07734620681514755,0.50091502287195,1,0.021196670726296715,-0.022033221617657188,0.4921534064076476,1,0.08911294796240586,0.009368181042426062,0.49448352717492733,1,0.15887929951685031,0.01174504453576617,0.4886175212341652,1,0.23171879882922514,-0.014323953630530965,0.47813378345276203,1
15897.501156,grid_0598_y510_z545,472.094,512.807,544.295,23.028804767073794,9.699,-0.057585560754903786,-0.07820567811961217,0.5027973186355268,1,0.01762963513512663,-0.023021612504337326,0.5043218728554326,1,0.08562539520465211,0.009395252442087935,0.49235028578733425,1,0.15670745663597163,0.01207064661909905,0.486577668728865,1,0.2311535201849302,-0.014342038783091031,0.47839132618025304,1
15905.237195,grid_0599_y505_z545,472.134,507.657,544.703,19.40178767536639,7.476,-0.06344669540352971,-0.07830231348637517,0.5002302825503443,1,0.012789109515589762,-0.022729445381085504,0.4911161172334866,1,0.08209898295387047,0.009242924360461674,0.4885179235692735,1,0.1540208783791554,0.01185348826875781,0.4832507806856402,1,0.23168370468994373,-0.014342376520570244,0.47975021325128897,1
15918.703014,grid_0600_y500_z545,472.324,502.871,544.537,17.271004284638376,13.284,-0.06869062771332804,-0.07863015898002086,0.5006048740080979,1,0.009029067484483311,-0.023529666721715886,0.5068633629716953,1,0.07981843165286442,0.009492856226093813,0.4920722567853569,1,0.15251344452350624,0.011954035646657406,0.4834847708045018,1,0.2303623254905961,-0.014296728838436532,0.477609223612627,1
16069.570567,grid_0602_y490_z545,472.481,492.807,544.026,17.009739592362944,30.344,-0.08263108318418488,-0.08056603172640747,0.5212761273207691,1,0.0002685802245106095,-0.02151522481366354,0.4921664592254903,1,0.07428157900979018,0.01045319622827811,0.4901455813217853,1,0.14964294297862268,0.012936479548042707,0.4847729878190141,1,0.2319173785737907,-0.014327855225055794,0.48286848044501607,1
16108.337675,grid_0603_y485_z545,472.427,487.762,544.106,18.713229277706134,38.517,-0.08604465129503894,-0.07814858124548274,0.5054643168782136,1,-0.004037725457838249,-0.02271365519095218,0.5126326917529298,1,0.07067274397880241,0.01060803812884212,0.48873785209009324,1,0.14846199999359752,0.012796973955340098,0.4870855635786996,1,0.2309243241678186,-0.014336231104519766,0.48079269567787397,1
16139.425454,grid_0604_y480_z545,472.282,482.764,544.405,21.29841754685071,30.857,-0.09174181972458546,-0.07904937394914374,0.5067791264628907,1,-0.008676327638756802,-0.02269352939382038,0.5124803554507162,1,0.06847650280721784,0.010798927373603698,0.492471884788215,1,0.14607113968519403,0.013090689613758352,0.48435560157828605,1,0.23332006366869074,-0.014342370717843533,0.48587632165982475,1
16180.642873,grid_0605_y475_z545,472.414,477.632,544.499,24.869848531906996,41.027,-0.09709834413388439,-0.07916262657981075,0.5073979028237188,1,-0.0132466218835929,-0.022719990240613882,0.5127406642554928,1,0.06732298173521878,0.011482268346361853,0.5105158625008167,1,0.1450376093813131,0.013248871355319,0.4853917488771996,1,0.22986718598188297,-0.013754787595135825,0.479191944281058,1
16203.92359,grid_0606_y470_z545,472.372,472.794,544.203,28.893882847412513,22.976,-0.10143280641855323,-0.07816599345256295,0.5029986850636976,1,-0.017370890430220935,-0.02159182167936682,0.5085397629196797,1,0.06282747683609247,0.011291801759469904,0.4962352520944714,1,0.14290833049284382,0.013522944646140135,0.4848774520203209,1,0.22125418425709273,-0.01356682771736013,0.4634277712378784,1
16225.931153,grid_0607_y465_z545,472.58,467.634,544.047,33.34430485105358,21.804,-0.10697083769201335,-0.07762705854928925,0.5016758121103906,1,-0.021799838798367516,-0.021308348824851414,0.5109052872147567,1,0.059434577860517736,0.011648891357688824,0.4909180414007903,1,0.14155693002642297,0.013635690044552583,0.484659193188966,1,0.23157176142849753,-0.014313583319810967,0.4848035761321674,1
16236.085149,grid_0608_y460_z545,472.864,462.447,544.047,37.9322145543863,9.962,-0.11474426602404113,-0.07965438739737885,0.5104535303679884,1,-0.02603400412064901,-0.02109062254843917,0.5046898649699925,1,0.0568931782856365,0.011993325840905126,0.4957442613272176,1,0.13932437615653365,0.014254432156855536,0.48290535231012516,1,0.2315525940893865,-0.014165983538034221,0.48491623749290735,1
16237.859569,grid_0609_y455_z545,472.671,457.62,544.352,42.2096176954968,1.532,-0.12048224967148269,-0.08006951531679252,0.512713566143336,1,-0.03047227387310194,-0.021349407269027204,0.507689831612713,1,0.053260197069991536,0.01177016608881986,0.4929394729458099,1,0.1373032263684022,0.01420684702461867,0.4828617450603894,1,0.22879816561561014,-0.013765306377166477,0.4797619112275426,1
16244.680827,grid_0610_y450_z545,472.567,452.547,544.673,46.82234430269371,6.641,-0.1256035481293323,-0.07984593449100652,0.511134901855768,1,-0.03469720613690557,-0.021385122038865532,0.5076178300456641,1,0.05074750209258042,0.012083369364658429,0.4967734495903173,1,0.13603240563882402,0.014233128788166911,0.4834412702013071,1,0.22804864771122055,-0.013739967494567493,0.4787665615325397,1
16246.279407,grid_0611_y445_z545,472.447,447.627,544.711,51.46495652383275,1.418,-0.13168187126059666,-0.08019723021796833,0.5135772302047126,1,-0.038865255458484405,-0.02132349482601263,0.5087342761216124,1,0.047885356490406414,0.012271060177359086,0.4952133800194093,1,0.13456465996814038,0.01435506010951575,0.4833133851418062,1,0.22618122245963143,-0.013660164237090953,0.47566671068510735,1
16254.1601,grid_0612_y440_z545,472.663,442.581,544.455,56.35705345384899,7.709,-0.13750137496934767,-0.08041328811631734,0.5148557579341476,1,-0.043198220550861276,-0.020964484658634992,0.5059634991235724,1,0.04531600453493749,0.012703269165003417,0.4979866374229527,1,0.1327246176266068,0.01428534978326566,0.4817969107395094,1,0.22488352248011423,-0.013604962751262299,0.4735147738566649,1
16260.755726,grid_0613_y435_z545,472.698,437.764,544.407,61.0001367047648,6.395,-0.14315755930246174,-0.08056655369581439,0.5159592269143555,1,-0.047809898805301926,-0.02087898981890399,0.5088061864869061,1,0.04160783859901167,0.01265683207752891,0.4967243588038429,1,0.1327958239194088,0.014663596098750882,0.4891219508641056,1,0.22750267475261535,-0.013764161024186287,0.4799614861287027,1
16287.880623,grid_0614_y430_z545,472.737,432.913,544.528,65.65967274514847,26.954,-0.1495584868832418,-0.08115142787687132,0.5195448306697341,1,-0.05151512812923702,-0.020552331727613962,0.5077333463664069,1,0.039426157977164956,0.01286981129202009,0.4988090377466723,1,0.12714302441371497,0.014643719100940901,0.47245332420361263,1,0.22810027014750964,-0.013800974025213788,0.4814777912795738,1
16345.782279,grid_0615_y425_z545,472.856,427.916,544.633,70.49104489224142,57.712,-0.15192875364309139,-0.07994456359851403,0.5094222246719683,1,-0.058773163540385955,-0.021493190917378276,0.5311367660506157,1,0.036806944389819775,0.0128781617626305,0.5010170124367507,1,0.13116519064903132,0.015572739999208251,0.4944761796351138,1,0.22810027014750964,-0.013800974025213788,0.4814777912795738,1
16362.646802,grid_0616_y420_z545,472.892,422.72,544.726,75.54140542113306,16.582,-0.1639797162943462,-0.0828691040932447,0.5297063965660023,1,-0.06049734667812599,-0.020877384621854754,0.5088314859463847,1,0.0338366790216002,0.013157673384590934,0.5010108020984809,1,0.12782408022132036,0.015480986648595024,0.48676250798582954,1,0.2294341705360154,-0.01361645052594497,0.4857009078185489,1
16377.363774,grid_0617_y415_z545,472.842,417.571,544.853,80.55768696406317,14.545,-0.16360402715316708,-0.08020649710551189,0.51091143222799,1,-0.06482964830690202,-0.020872644646196103,0.5092978530778015,1,0.030122311038727673,0.01325950718051742,0.4978924911834082,1,0.12530277365012538,0.015487681072123049,0.4836338053768571,1,0.22840652413918078,-0.014086210782682823,0.48371095314104584,1
16462.765069,grid_0618_y410_z545,472.753,412.65,544.754,85.4075203129092,85.209,-0.17084799437810255,-0.08086935307912138,0.5162300999242728,1,-0.07150282458785734,-0.020987232292034155,0.5268349762949631,1,0.027308598694319022,0.014014455056726178,0.49801629977863426,1,0.12381604996630638,0.015613700946688817,0.48542301138164573,1,0.22685264790062862,-0.013799776303781795,0.48150860444176,1
16478.197992,grid_0619_y405_z545,472.808,407.485,544.843,90.47219343533123,15.242,-0.17551943930888989,-0.08064201972331075,0.5141973267959671,1,-0.07503195001306114,-0.02082284824232809,0.5224752138398008,1,0.02459943903367781,0.0139425561871145,0.4956711395184783,1,0.12256788569385486,0.015614284818383756,0.48545086610006666,1,0.22685264790062862,-0.013799776303781795,0.48150860444176,1
16515.182145,grid_0620_y400_z545,472.871,402.482,544.798,95.41003124409922,36.7,-0.18080952768580796,-0.08036895800768613,0.5128520891604716,1,-0.08092983105233872,-0.02088495793478597,0.5330672643928073,1,0.02146369687401539,0.014190946656047702,0.501837226947713,1,0.12131971660214227,0.01561486288393185,0.4854785071071755,1,0.22845287987259943,-0.013588656584799139,0.486430997178688,1
16646.410592,grid_0622_y405_z550,473.096,402.87,549.411,94.36979852685919,10.608,-0.18648640145419462,-0.08866627436562002,0.5308593153565084,1,-0.07730586968693659,-0.023543888174783645,0.5089309823510192,1,0.021654303322220077,0.011437123913039575,0.49562180311237825,1,0.12292165791579257,0.014799025022233417,0.4919393002015404,1,0.22691904789940612,-0.013667422106789538,0.48272107643721496,1
16663.07531,grid_0623_y410_z550,472.877,407.591,550.208,89.58770869377112,16.513,-0.17656222500915053,-0.08769661369835022,0.5170405742296714,1,-0.07653290271009788,-0.025602127326486753,0.5310450088315896,1,0.02436926451524945,0.010623725834303908,0.4925144686402931,1,0.12184053033053605,0.014361737859410325,0.48201132609036046,1,0.22685264790062862,-0.013799776303781795,0.48150860444176,1
16670.53859,grid_0624_y415_z550,472.828,412.604,550.357,84.59245248838693,7.283,-0.1710618767066702,-0.08761611362967951,0.5167332834282524,1,-0.06902616258305186,-0.02517288118098115,0.5103074886205041,1,0.02745100419038398,0.010578811468409784,0.4950196553782029,1,0.12352117219667139,0.014057582941955311,0.48225967204142206,1,0.2264814091947595,-0.013774616139187035,0.48036207880329346,1
16678.144109,grid_0625_y420_z550,472.848,417.667,550.265,79.58101897437605,7.394,-0.16471695220488264,-0.08700152208037973,0.514370816851873,1,-0.0648419529183554,-0.02518837843992501,0.5086141724387038,1,0.030084424744222234,0.010261203247583898,0.49403230465188497,1,0.12633564173833817,0.014185475031072974,0.4879618178335015,1,0.2270709370102776,-0.013926769399400293,0.48095045198577624,1
16696.503682,grid_0626_y425_z550,472.647,423.082,550.021,74.25013047126583,18.178,-0.15680522742987066,-0.08541509944550801,0.5076947902088936,1,-0.06003559016766253,-0.02481470365726116,0.5082573649927407,1,0.033572513553657354,0.010180384243488688,0.49623861900382527,1,0.1296124594576842,0.014308061429027841,0.493453469578553,1,0.2294341705360154,-0.01361645052594497,0.4857009078185489,1
16711.874171,grid_0627_y430_z550,472.606,428.124,549.89,69.28372652362164,15.2,-0.15702943558132848,-0.08817206472374824,0.5263479623576977,1,-0.05528069766224626,-0.02512593926225018,0.5067644283865524,1,0.03657591617790591,0.01012810363025491,0.494000392884171,1,0.12974905508854695,0.013838853011847108,0.4872094030126368,1,0.22810027014750964,-0.013800974025213788,0.4814777912795738,1
16713.895281,grid_0628_y435_z550,472.757,433.03,549.713,64.47044205680616,1.86,-0.1461297518198198,-0.08502304029971348,0.5088567026234803,1,-0.05105729454318697,-0.025109467358088763,0.5075200759754117,1,0.03916003598340471,0.009965234318849863,0.4926789372682182,1,0.13068666859517813,0.013899960136896254,0.4852525103995808,1,0.2279158577965245,-0.013788540659107031,0.48091038453841506,1
16717.774645,grid_0629_y440_z550,472.886,437.738,550.139,59.75916550622169,3.677,-0.1415689561229438,-0.08592344605887674,0.5096740748827986,1,-0.04777455883203873,-0.025529512016051737,0.5097955405108195,1,0.04164547819298732,0.009820801085068361,0.49391033040459165,1,0.13107417393519608,0.013163046518888225,0.48164459432709195,1,0.22755819591236937,-0.013837547433132782,0.47972233730138913,1
16735.700423,grid_0630_y445_z550,472.83,442.612,550.107,54.973332134772356,17.774,-0.1360814931958816,-0.0858086918605226,0.5091298692736488,1,-0.04335489958298723,-0.025762359398916204,0.5095171001132459,1,0.04482949096746969,0.009579916866992302,0.49375367285971133,1,0.13380370965441885,0.013191892384483919,0.4849602902797585,1,0.22881964701337842,-0.014177155065389616,0.48182698696052595,1
16852.046723,grid_0631_y450_z550,473.1,447.538,550.048,50.15954713711036,116.124,-0.1308247800624381,-0.0858052682001585,0.5092547142144315,1,-0.038930189792431916,-0.026088003756330788,0.5076902325464488,1,0.04768324459922917,0.009397642926257483,0.4907775139348493,1,0.13504886414815598,0.01310823901115786,0.48516318777717027,1,0.22645630117186116,-0.0136773695622825,0.4762379579421573,1
16860.749837,grid_0632_y455_z550,472.896,452.868,549.756,45.032135026001136,8.428,-0.12126695672917737,-0.08294434960258101,0.49446661333111336,1,-0.03450575604613963,-0.02579603486375896,0.5096565167415695,1,0.05020451252729976,0.009436579431955573,0.49099117742677667,1,0.1360155928153026,0.013081423214316077,0.4840005790362316,1,0.22934778675582726,-0.013802172544854201,0.4814467773426921,1
16870.352959,grid_0633_y460_z550,472.914,457.812,549.763,40.249585712153554,9.452,-0.1198583527252794,-0.08555669574990074,0.5117069453839092,1,-0.03016554063017833,-0.026150085228982607,0.5126489373378633,1,0.05383427989255114,0.009057974707889242,0.4911613741632326,1,0.13766310835337553,0.012970547027851394,0.48237283345349435,1,0.2287065620922406,-0.01375916201588519,0.479481100208351,1
16874.142606,grid_0634_y465_z550,472.932,463.06,549.26,35.38218016177066,3.638,-0.114422555199581,-0.0853335295979534,0.5131859822235842,1,-0.025893436403391604,-0.025566799861867134,0.5112170472956108,1,0.056700492289955384,0.009323354211199904,0.4940621073004323,1,0.13952105465337034,0.012841843055849619,0.48355607573570164,1,0.22913331549762356,-0.014043244974507409,0.47998395519867415,1
16908.580038,grid_0635_y470_z550,472.853,467.935,549.623,30.672605856040278,34.257,-0.10667415500929162,-0.08368741483268716,0.501227640155761,1,-0.02165541200005594,-0.026654168860174743,0.5125373980527768,1,0.059939647873038834,0.008662249101452926,0.49456343968459787,1,0.13837566002018556,0.012243920729269345,0.473089900051465,1,0.23061171692743676,-0.01432352780711094,0.4827855986701781,1
17036.903998,grid_0637_y480_z550,473.002,477.459,549.756,21.97996815284314,7.858,-0.10065091976672869,-0.0877936271349523,0.523866829840087,1,-0.013288874259902345,-0.02661203836905937,0.5113523952119197,1,0.06530879268599468,0.008216749336072304,0.4915921837046757,1,0.14416606947840183,0.011792580526156672,0.4820610958202865,1,0.23109950850718655,-0.014178106245226575,0.4825140870756327,1
17049.331369,grid_0638_y485_z550,473.114,482.867,549.902,17.392920283839537,12.186,-0.09235344019727987,-0.08599041225239472,0.5112710332434374,1,-0.00824545156536987,-0.027128664955272525,0.5106588251219164,1,0.06850858957475751,0.00766238406399764,0.49192262820369304,1,0.14623305892491095,0.011695130839042823,0.4840143079324638,1,0.23422622156060474,-0.014361074150363258,0.4878462704910624,1
17076.872049,grid_0639_y490_z550,473.184,487.631,549.554,14.220557794967101,27.38,-0.08528137514074266,-0.08367785004076936,0.4995426503557967,1,-0.004193016589172639,-0.025654842882657604,0.4942859907391829,1,0.07131784176166565,0.008031073501393017,0.48886881360376894,1,0.14710903487851337,0.011772431764515484,0.48069849649859303,1,0.23042779696483257,-0.014340419044251752,0.479754803294303,1
17106.71095,grid_0640_y495_z550,473.062,492.554,549.37,11.93597524293674,29.668,-0.0797827593223605,-0.08329304443898432,0.4990806102059771,1,0.0005257602210007406,-0.026649824965507534,0.5126497167123165,1,0.07524825866580345,0.007471630973196828,0.49547516076315345,1,0.15002578642627318,0.011850195245962494,0.4847927629678357,1,0.2309243241678186,-0.014336231104519766,0.48079269567787397,1
17252.124178,grid_0642_y505_z550,473.067,502.705,549.764,12.458642983888684,24.828,-0.0686941805723762,-0.08379041679634279,0.5005296873220676,1,0.008980915207581264,-0.026536391409150886,0.49181317171720035,1,0.07926859354690013,0.006847204113576881,0.48777414760282145,1,0.14913092009082976,0.010566672449830193,0.4722714962715709,1,0.2303623254905961,-0.014296728838436532,0.477609223612627,1
17259.182363,grid_0643_y510_z550,473.08,507.546,549.582,15.556594389518526,6.867,-0.06354435701774688,-0.08379218896881994,0.500623147105482,1,0.012723981090901488,-0.02666449856560535,0.4921276409548937,1,0.08222236898927592,0.00670846319622094,0.4888830461443453,1,0.15418240276672934,0.010607638604572495,0.4829927383615803,1,0.2311708523303881,-0.014345799480322885,0.4786841082058263,1
17266.30273,grid_0644_y515_z550,473.147,512.882,549.155,19.930125814956575,6.879,-0.05953629830609549,-0.08654048225180946,0.519094880777752,1,0.01767569476371579,-0.026716740030918902,0.4962802644682895,1,0.08643099757046557,0.006823173252204069,0.49406160488681583,1,0.1550271006103291,0.0105031132107169,0.4798022394501178,1,0.231657588813719,-0.01434688741969056,0.478557224933984,1
17270.503528,grid_0645_y520_z550,473.119,517.634,549.41,23.853799990777173,3.998,-0.051956450239911196,-0.08379695898225292,0.5008181038233286,1,0.02154362568378284,-0.026919504725161005,0.49362868958058276,1,0.08863674986646912,0.006359262936154983,0.4918765454243098,1,0.15564082430093718,0.01023590813703964,0.4773191987380523,1,0.23180898437093306,-0.014310737245041952,0.47786017630958044,1
17316.714979,grid_0646_y525_z550,473.356,522.753,549.427,28.471113378299798,45.94,-0.04611090872942192,-0.08307893809169062,0.49652440854968233,1,0.027150351099376708,-0.028925472565841284,0.5171526805197137,1,0.09058003030468521,0.00559889321027104,0.48432780142118775,1,0.1552735321467405,0.009867874989214653,0.470425864414587,1,0.2324103788656019,-0.014346994510992337,0.47865124729277686,1
17324.754244,grid_0647_y530_z550,473.086,527.185,549.716,32.492468111856276,7.859,-0.04165484223369487,-0.08380182637147941,0.5009713404256334,1,0.03138379895963564,-0.029219008249069298,0.5174339187943997,1,0.09347640637794868,0.005441699424111567,0.4868664228980888,1,0.1608815997982162,0.009402567260590248,0.4833642318853863,1,0.2324103788656019,-0.014346994510992337,0.47865124729277686,1
17343.906842,grid_0648_y535_z550,473.248,532.526,549.379,37.66724765628618,18.881,-0.035158646586951434,-0.0835271118185264,0.4997009450695714,1,0.033920378782026944,-0.02724177358545721,0.4872999361155135,1,0.09865808686390935,0.005457093667670811,0.4996135564112653,1,0.1609155907236967,0.009236971005727306,0.4782453908384513,1,0.23306714104915222,-0.014350368019474249,0.4786358698358876,1
17359.105253,grid_0649_y540_z550,473.425,537.678,549.473,42.589581108529366,14.916,-0.03006378548010624,-0.08380735151476675,0.5011165663911245,1,0.040861565696003785,-0.029325168805163587,0.5191224110887019,1,0.09937131091063893,0.004762857226620753,0.4846697924657145,1,0.16281768611140607,0.009272220768604825,0.47959045678535006,1,0.23285457824618186,-0.014300563240968931,0.4775833021365075,1
17360.240875,grid_0650_y545_z550,473.347,542.64,549.223,47.45498855757949,0.802,-0.024734726648797584,-0.08340757778446255,0.4996407061491289,1,0.043182850944660865,-0.027877107406631903,0.4945726578181113,1,0.10249974594584345,0.004549354157077192,0.4881578035243993,1,0.16629091965407738,0.009154333187832386,0.48470649738813965,1,0.2336498523337079,-0.014348192296090023,0.4786183391415999,1
17381.733119,grid_0651_y550_z550,473.084,547.682,549.63,52.27500309899563,21.23,-0.01847082771703802,-0.08381192075172865,0.5012264070247666,1,0.045900746121648316,-0.027202283985591793,0.4747631065448423,1,0.10765867386937356,0.004170316525433214,0.4995476842333196,1,0.1674946648445204,0.0083538696389363,0.4843874913708898,1,0.2413050260937279,-0.01512078729483289,0.49391906053207446,1
17386.246849,grid_0652_y550_z555,473.703,548.639,551.814,52.80935971018776,4.413,-0.018162514851759428,-0.08663890865173336,0.5029029019587459,1,0.04852349051467357,-0.030467150634031274,0.4929760971878143,1,0.10590927929919591,0.0027400879286650394,0.4867415697823824,1,0.1668776401339815,0.008030892202354216,0.48028210545309535,1,0.24151475124157512,-0.015135490909144893,0.494184562338421,1
17386.858361,grid_0653_y545_z555,473.285,547.938,553.003,51.92627830877156,0.601,-0.01835956874593004,-0.08736203120386321,0.5012556988190447,1,0.04834891671967568,-0.03083287925568371,0.4933307127711327,1,0.10584018719398917,0.002551159429694131,0.48729918323509425,1,0.16737811107873626,0.00794726527957412,0.4819641793875482,1,0.24082998838427017,-0.01508998514430332,0.49302647910801156,1
17387.821242,grid_0654_y540_z555,472.604,543.0,553.812,46.922774949911066,0.642,-0.0233701299187104,-0.08864669869625386,0.5007415749593281,1,0.043966030906362,-0.03162942182902226,0.4934035692510267,1,0.1039872340394427,0.0020550202646789743,0.493039701557343,1,0.1660215493655704,0.007795506908965851,0.4830676878069647,1,0.23689728467906987,-0.01476592725486692,0.4854078277081256,1
17412.090947,grid_0655_y535_z555,472.379,537.754,554.169,41.6847642550609,23.996,-0.03001097973105721,-0.08961123580731327,0.5048958630475321,1,0.03928547753749871,-0.03199295648959556,0.49506921855006486,1,0.1000396720597364,0.0018281076796249985,0.48879469050518565,1,0.16553765439718027,0.007921151151966198,0.4871459332185664,1,0.23285457824618186,-0.014300563240968931,0.4775833021365075,1
17421.770323,grid_0656_y530_z555,472.257,532.68,554.447,36.63471570791832,9.408,-0.035217627621037625,-0.08896560674694745,0.500966075266505,1,0.03491837352250814,-0.03245484772968213,0.5004673060642536,1,0.09813417188889122,0.0024649476999262085,0.49465877740949826,1,0.160359482258856,0.007891668528218678,0.476871647791663,1,0.24049431841006366,-0.015150068459463727,0.4948341811930623,1
17435.569897,grid_0657_y525_z555,472.629,527.617,554.193,31.7011395694224,13.578,-0.041388528219318835,-0.08965685784769718,0.504877959130954,1,0.030500614188329004,-0.03184389653120465,0.49707384410264044,1,0.09608553573733243,0.0028893929487561663,0.49961877773338137,1,0.1612577109490772,0.008093686577101815,0.4844976919348081,1,0.23398492918253777,-0.014553088672455484,0.48196211963146873,1
17438.364266,grid_0658_y520_z555,472.294,522.749,553.988,27.007208297045455,2.534,-0.04632738916999693,-0.08828073200214145,0.4975595227553819,1,0.02753650624618894,-0.03312035983958064,0.5193122746591938,1,0.09088076116312516,0.0032975144714861727,0.4866654879167388,1,0.16092780438473586,0.009121735945115337,0.487669163773004,1,0.23346007907689248,-0.014484390618634435,0.48085849551857146,1
17455.506431,grid_0659_y515_z555,472.485,517.612,553.948,22.07209663806316,16.91,-0.05195918812962573,-0.08895768395420688,0.5007334420790893,1,0.02144125416538535,-0.030871050064312858,0.49369573131960887,1,0.08798981177048526,0.0034000744839946884,0.4856184447513906,1,0.15537196042714807,0.009084103246876772,0.4767984026348977,1,0.23160851953937675,-0.014298651489725157,0.47759648598184834,1
17582.280575,grid_0661_y505_z555,472.158,507.801,554.764,12.680253782949276,6.159,-0.06278667308168734,-0.09035540299711511,0.5046470747603775,1,0.013344102565684966,-0.03170304401825072,0.4953559977742185,1,0.08272733812507649,0.003353983699203554,0.48989744229550747,1,0.15320654667453681,0.0092180639787007,0.4794659963131498,1,0.2311708523303881,-0.014345799480322885,0.4786841082058263,1
17605.1684,grid_0662_y500_z555,472.111,502.915,554.275,8.998302839980445,22.659,-0.07067728852125518,-0.09280467074424668,0.522140752970982,1,0.009614130436201303,-0.03128071359331229,0.506989241287733,1,0.0815765269827904,0.004156145137418217,0.49811668743995796,1,0.15156713065573715,0.009245704529670874,0.479286696346382,1,0.2303623254905961,-0.014296728838436532,0.477609223612627,1
17624.315873,grid_0663_y495_z555,472.263,498.046,554.027,6.774990110693799,18.966,-0.07333881782243987,-0.08871443498566367,0.4994414646738125,1,0.0052641961929907775,-0.030260347109650615,0.49024127926337274,1,0.0774322618991987,0.004351121216392931,0.4888397830432296,1,0.15285872644339388,0.009753689538011992,0.4875775870757708,1,0.23050525309003284,-0.01432886685704167,0.47829492889231084,1
17642.570925,grid_0664_y490_z555,472.375,492.867,554.062,7.541413726881641,18.014,-0.07899722321000453,-0.08894778885763585,0.5002515354377893,1,0.0008452111277722059,-0.03188903171449514,0.5177012954916361,1,0.07469561855445067,0.004465366738630317,0.4911624759747264,1,0.1528328725052853,0.01050526110235844,0.4940270077500868,1,0.22993126976184655,-0.01434460698398374,0.47871691091073193,1
17662.369028,grid_0665_y485_z555,472.359,487.785,554.374,10.788767723887572,19.587,-0.0882889308033822,-0.09294917981139948,0.5226696475230265,1,-0.003519811775621097,-0.0303666307654124,0.492174362845301,1,0.07103080129833064,0.004362828847911971,0.4862639813704204,1,0.1490092777587051,0.010365654442482166,0.4865099317503115,1,0.22993126976184655,-0.01434460698398374,0.47871691091073193,1
17679.224187,grid_0666_y480_z555,472.355,482.561,554.58,15.263786456839561,16.634,-0.09105936132783646,-0.09002622112480506,0.5054213301335637,1,-0.007563976677174742,-0.03055574083346195,0.49515322400817563,1,0.06837680132827137,0.004543198116163254,0.4895819072713533,1,0.14548796193990662,0.010503516161348817,0.4810842473240432,1,0.23082241459511033,-0.014330004584520634,0.4806557689512497,1
17816.36193,grid_0668_y470_z555,472.594,472.531,554.197,24.88412765197924,16.601,-0.10088267361845928,-0.08894450977962563,0.49978458626991695,1,-0.016649887460421144,-0.030590650516340773,0.5123596884711574,1,0.06290467822585821,0.005668382629879992,0.4901869430768656,1,0.14125054411061314,0.01050079287597969,0.47770281600758446,1,0.22772381152315513,-0.014240268666554498,0.47638723303065755,1
17820.49835,grid_0669_y465_z555,472.658,467.661,554.199,29.614920918347877,3.945,-0.10836992987623817,-0.09032990627155996,0.5096353478869091,1,-0.02103562300909861,-0.030104825687722086,0.507240784858225,1,0.060243763800229805,0.005922120999827632,0.4930127003295055,1,0.14374856181478918,0.011138670417447104,0.49097221698779925,1,0.22917165017584562,-0.0143384445380609,0.4797586324771943,1
17827.479172,grid_0670_y460_z555,472.676,462.756,554.17,34.42518015929619,6.79,-0.11373814637374782,-0.09039738393551078,0.5098832378502897,1,-0.02565016948579855,-0.030424275986911532,0.5117528608135141,1,0.0571000979837468,0.005927175681817555,0.49313356722152196,1,0.14131906147123396,0.01143009011741293,0.4888634163732791,1,0.22856011337865417,-0.014115696132469591,0.47877909132533936,1
17834.063827,grid_0671_y455_z555,472.496,457.782,554.349,39.29490829611387,6.393,-0.11591076736876277,-0.08830304113532833,0.49576953282085634,1,-0.030021316978902115,-0.030439712654276627,0.5113155766704397,1,0.05402640558415382,0.006021602753588501,0.4943605465895887,1,0.13912720966937206,0.011597841264555995,0.4872743701777504,1,0.2285217787004321,-0.0138204965689161,0.47900441404681926,1
17836.735354,grid_0672_y450_z555,472.589,452.545,554.657,44.429534253692054,2.48,-0.12600856245531167,-0.09219098615239762,0.5141256138842564,1,-0.03463972812073321,-0.03032946343164962,0.5106829082639214,1,0.050540373330529076,0.006187222039614407,0.4907414497473356,1,0.13693029796609468,0.011709314438274434,0.4850024185213392,1,0.22970960779497526,-0.013863515564875847,0.4819308293058184,1
17862.350225,grid_0673_y445_z555,472.513,447.67,554.738,49.25565459924368,25.433,-0.1312404751150335,-0.09213952399130687,0.5134111622962845,1,-0.03884626788822716,-0.030609571151525454,0.5124609097183748,1,0.04975054733549136,0.006535880279479869,0.5081790218665742,1,0.1351580433080586,0.011615203807675783,0.4847585409645242,1,0.22762327820956724,-0.013755893871423244,0.4782447090661818,1
17881.581757,grid_0674_y440_z555,472.565,442.713,554.634,54.191407852167806,19.032,-0.13647319118461373,-0.09204727052694914,0.5130132901288229,1,-0.04275523825800486,-0.02984838560627972,0.5099749990822113,1,0.04490957082142859,0.006906160067008914,0.49041080571484974,1,0.1332428945179545,0.011853705883595989,0.48278186789049754,1,0.22791527307372944,-0.014336453099756612,0.4797617026685507,1
17888.034843,grid_0675_y435_z555,472.92,437.693,554.459,59.200208318890226,6.273,-0.14085730432005045,-0.09080313638630429,0.5075998979903373,1,-0.047526919904254325,-0.02977045204236297,0.5122405413712834,1,0.04215673999715909,0.007094587265917608,0.4938459395490431,1,0.13265125567630498,0.012055993695171803,0.486832600223692,1,0.22746598973687682,-0.013831330750079402,0.47943863393080977,1
17910.396827,grid_0676_y430_z555,472.972,432.666,554.425,64.20543386661286,22.172,-0.14612701216674476,-0.09018205535838589,0.5077940432236816,1,-0.05156928058035393,-0.029513661559629707,0.5104557467635709,1,0.039308244087483186,0.007224311798328217,0.49399292006062256,1,0.12999170673952062,0.012290072910224697,0.48254247916995685,1,0.22800806397201706,-0.013794757342160409,0.48119408790899443,1
18032.915873,grid_0678_y420_z555,472.656,422.78,554.763,74.02456626012746,2.006,-0.1565929050364764,-0.09083110592978702,0.5070861060423084,1,-0.06023773250001066,-0.029407807383015277,0.5099823469601182,1,0.03300696336257215,0.007228092730231903,0.49162761785664044,1,0.12742772077342499,0.012576320812177834,0.48570944297187896,1,0.2283005720338287,-0.01397066296485424,0.48273558777650283,1
18065.533802,grid_0679_y415_z555,472.641,417.763,554.929,79.01481242146943,32.437,-0.16458704087156664,-0.09248263005837806,0.5155122034845269,1,-0.06480504127706949,-0.029659632588036416,0.5119817834975592,1,0.030475701673984522,0.007222131719648459,0.49193190785271534,1,0.1284426598200838,0.013049150361374901,0.4940244987028931,1,0.229784336329355,-0.01428826366753715,0.4864081931267772,1
18082.6457,grid_0680_y410_z555,472.881,412.56,555.208,84.18637140297707,16.92,-0.18080536091142832,-0.0985971186640563,0.5483517250966059,1,-0.06888966287284648,-0.029672047341233864,0.5123541840287253,1,0.028434144529479642,0.007646790300634053,0.5090484402576905,1,0.12412506320590472,0.012760398282140524,0.48441405361048506,1,0.22629578984182497,-0.013762036056889655,0.4797888159840602,1
18114.634518,grid_0681_y405_z555,473.009,407.43,555.209,89.30639987705246,31.797,-0.1810012817152939,-0.09553726301901835,0.5309283565390739,1,-0.07503007697612549,-0.0304131475731005,0.525403311161458,1,0.024663531465320736,0.007633001483483769,0.4962525903202184,1,0.12137212971378458,0.0128072370437606,0.4796254575455782,1,0.22685264790062862,-0.013799776303781795,0.48150860444176,1
18139.037922,grid_0682_y400_z555,473.097,402.558,554.977,94.18366424704445,24.202,-0.18250263283610024,-0.09337167508699509,0.5185990979521178,1,-0.077180445008152,-0.028768340889384507,0.508594097510273,1,0.02170071410734238,0.008062609142146807,0.4918269065613355,1,0.12100506636126057,0.012998554058951995,0.4845860884726369,1,0.2253852159262128,-0.013746187628779934,0.4790111556957419,1
18175.233956,grid_0683_y400_z560,472.165,402.167,557.618,94.45629118804105,35.913,-0.18649527528792123,-0.09828945272060431,0.5307283233476106,1,-0.08063983367681113,-0.03243745643328449,0.5310115826151187,1,0.02158507399144611,0.006654432648381805,0.49150199196243066,1,0.1202535724615387,0.012435262388656436,0.4835697697143631,1,0.2253852159262128,-0.013746187628779934,0.4790111556957419,1
18217.455964,grid_0684_y405_z560,472.83,402.808,559.059,93.7778297360309,42.108,-0.18033730443299112,-0.0966567341292301,0.5144318947664429,1,-0.0767069529672008,-0.032611563862649746,0.5070242320710173,1,0.021703796800463734,0.0057090765127204915,0.49266044963851935,1,0.12302006194339428,0.012281238724489243,0.49203811760361904,1,0.2261189319134207,-0.013772981966280864,0.480259880068751,1
18241.573751,grid_0685_y410_z560,472.747,408.018,560.115,88.55652601022695,23.915,-0.17293391356109783,-0.0969963029019302,0.509188919111089,1,-0.07264500003511744,-0.03372484665558438,0.5121091208349656,1,0.02539709131533744,0.004805631580023397,0.5041745235608166,1,0.1242456644215005,0.011616372098637594,0.4899151662626079,1,0.22685264790062862,-0.013799776303781795,0.48150860444176,1
18266.157138,grid_0686_y415_z560,472.651,412.885,560.33,83.68886872816479,24.421,-0.16532863735388503,-0.09586916338270272,0.5025145300559202,1,-0.07107870314284734,-0.035163213677061836,0.5310826493558707,1,0.02792357107752636,0.004558991784306628,0.4940945696674583,1,0.12411105177982021,0.011295158339912903,0.48375105544712294,1,0.2262029801653577,-0.013755746015740965,0.47950218457444355,1
18299.046467,grid_0687_y420_z560,472.475,418.124,560.166,78.45146228082682,32.707,-0.16865118137468255,-0.10103165852317735,0.5312042503324238,1,-0.06667637423041212,-0.03499669977152692,0.5293950848537722,1,0.030538861666475854,0.0044297953116250715,0.489631200344974,1,0.12437003806945876,0.011021713295335377,0.477704550755071,1,0.22932506559929694,-0.01422091270591904,0.4855091131315334,1
18323.489373,grid_0688_y425_z560,472.526,423.026,560.052,73.55011448665458,24.19,-0.1631601024235844,-0.10102975270367112,0.5313588392131987,1,-0.05997518648555443,-0.034091952632395575,0.5121931666827092,1,0.03362816179755147,0.004442445423790062,0.4912604612370185,1,0.12679599368187774,0.011140278124083306,0.48090893467528983,1,0.2273704282493274,-0.013774554345601313,0.48024449355385834,1
18326.256099,grid_0689_y430_z560,472.571,428.089,559.916,68.48834500117518,2.605,-0.15305578337795844,-0.09789113656644932,0.514861759384161,1,-0.05542850047547811,-0.034142169431796036,0.5136161704800908,1,0.03672416447545578,0.0044347059250262905,0.48943659847271664,1,0.12943684684928236,0.011180786228313975,0.48411919359326305,1,0.2279178096729641,-0.01379436910531067,0.48116946684814493,1
18331.396588,grid_0690_y435_z560,472.922,432.773,559.884,63.80410861378751,4.98,-0.1471954088429047,-0.09738808675224338,0.5123489048935548,1,-0.05159292881949966,-0.03429638243304678,0.511715864347607,1,0.0392093262259001,0.004387342022563932,0.4896495548905002,1,0.13087999462230948,0.011012969043339286,0.48481665912476957,1,0.22691733306254244,-0.013762790248812261,0.4786651083776152,1
18346.41173,grid_0691_y440_z560,472.952,437.799,559.801,58.77955363049298,14.864,-0.1421707523831976,-0.09771913210747331,0.5142536762051403,1,-0.04723494332018331,-0.03435282799484493,0.5134114667368237,1,0.04228643227163352,0.004336161248147483,0.49017821299057507,1,0.13304812609621558,0.010854673432056726,0.48683455481559357,1,0.2216638340625905,-0.01365802125147066,0.46746307837745127,1
18356.111704,grid_0692_y445_z560,472.84,442.746,560.091,53.82953094724122,9.549,-0.13560174042292691,-0.09715240334620628,0.5101161199744862,1,-0.04287329214227962,-0.0345543946041397,0.5123118501152011,1,0.047135237056768475,0.00392634268023155,0.5080269794334024,1,0.13241627132968745,0.01053810131598085,0.47793955797489296,1,0.2266903970316605,-0.014254494596066404,0.47713140181273106,1
18360.568077,grid_0693_y450_z560,472.957,447.552,560.242,49.02238694718971,4.284,-0.1304883309102264,-0.0974990222520496,0.5103359643760939,1,-0.038443719574613885,-0.03490128835580807,0.5133200889895921,1,0.048213515052933476,0.0033727797910271832,0.49205174704960264,1,0.13708946506222316,0.010398721844119042,0.4900033641001759,1,0.22904798195368792,-0.013958689132618739,0.48133510593864415,1
18521.231117,grid_0695_y460_z560,473.005,457.692,559.66,38.892666583817544,40.219,-0.11986701356562786,-0.09732862394906261,0.5133494818179358,1,-0.029720246805356027,-0.03455206073678978,0.5124226435167711,1,0.05355811657880854,0.003111018768726469,0.48690800567757403,1,0.13994777440009495,0.010357708827542922,0.48849575042586246,1,0.2277018190744915,-0.013807106365089165,0.47732368703233996,1
18534.88986,grid_0696_y465_z560,473.106,462.665,559.454,33.92818615841403,13.497,-0.11386694882832503,-0.09645740657905702,0.5100326960327444,1,-0.025647009647148743,-0.03452849223406037,0.5116528194512027,1,0.05707988865017975,0.003251876256996393,0.49021083433189866,1,0.14029858719430033,0.01012539191937475,0.48415094616090426,1,0.22765655755383013,-0.014243584733843226,0.47684615848814993,1
18537.846596,grid_0697_y470_z560,473.118,467.435,559.702,29.152809744516883,2.785,-0.10885648596198194,-0.09718152946701353,0.5114273614022136,1,-0.02124618293928566,-0.03527355818467475,0.5128624842736068,1,0.0595893686952205,0.003092653306465496,0.4891351975380935,1,0.1419762768636174,0.009751624131572819,0.48410280576443915,1,0.22868617993336776,-0.014342548998551953,0.4786857613673422,1
18557.522418,grid_0698_y475_z560,473.345,472.648,559.797,23.942657225128496,19.454,-0.10244632991515497,-0.09627352530125469,0.50755317666088,1,-0.01636771477544838,-0.035128563453568365,0.5073348977789294,1,0.06345547440992744,0.0029300290360685256,0.49484478947481675,1,0.14333014889426532,0.00971640172770547,0.48330594944826855,1,0.22864804398973548,-0.014336474516439407,0.47823858471534025,1
18579.901482,grid_0699_y480_z560,473.173,477.633,559.944,18.953432855290355,22.197,-0.0944543493667825,-0.09441936263949817,0.4946293639562715,1,-0.012171685386857888,-0.03544557546470144,0.5067966375258449,1,0.06684497768127902,0.0023727510163641437,0.49799159508910434,1,0.14472938735310004,0.009550867777324116,0.4829770242288499,1,0.23554060424508733,-0.01499857229816798,0.49181572751392266,1
18720.323022,grid_0701_y490_z560,472.985,487.904,559.534,8.735580461537722,19.943,-0.08539854923082343,-0.0961054188706826,0.507164152547787,1,-0.0033618573985780497,-0.03547930431834459,0.50902825855919,1,0.07136757215495282,0.0018787323260959542,0.48704746995770126,1,0.15061034543019153,0.009283184229752862,0.49098810759109374,1,0.22993126976184655,-0.01434460698398374,0.47871691091073193,1
18737.898983,grid_0702_y495_z560,472.851,492.687,559.423,4.063119737344644,17.415,-0.0797630563286077,-0.09573290053105984,0.5051324441916618,1,0.000844864709911342,-0.03566388189351083,0.508045637932022,1,0.07399646849770251,0.001896506554531113,0.4862931370956829,1,0.14969312322100672,0.008768924053667377,0.4826547832315379,1,0.23238426738316953,-0.014677710189109893,0.48388360387806095,1
18847.445591,grid_0703_y500_z560,472.929,498.02,559.923,1.6010381007333752,109.275,-0.07286502638996767,-0.09451159902761655,0.49553276088794407,1,0.006225666008244528,-0.03734447584658202,0.5194523849761471,1,0.07708884541053068,0.0015260602200343999,0.4868838098599221,1,0.1516017198947208,0.008707224676540226,0.48379930430438794,1,0.2355585758909236,-0.01500189641018866,0.4892787870480704,1
18976.169628,grid_0705_y510_z560,473.099,507.349,559.704,10.815468598262408,8.235,-0.06338650508204859,-0.09486096950027603,0.4991071398818837,1,0.01422256106745849,-0.03734068889394178,0.5193869734982826,1,0.08417673108110799,0.0012459769758661763,0.4971805364098492,1,0.1544603753501705,0.00816155051106204,0.482252308880222,1,0.23167564910572847,-0.014412798575722453,0.47970050343386267,1
19076.428123,grid_0706_y515_z560,473.424,512.398,559.266,15.890051384435527,99.914,-0.05856906224952479,-0.09660782777627328,0.5107628722240057,1,0.017312678605799856,-0.03426238299731127,0.4859862268211285,1,0.08569807268064623,0.0009893364881534306,0.4859919752241417,1,0.15751443019047917,0.007908734778860498,0.48769478509879016,1,0.23778254463783138,-0.015061359492951999,0.49148198855537906,1
19152.663517,grid_0707_y520_z560,473.567,517.135,559.169,20.622695992522424,76.024,-0.054340225207506046,-0.09749766032160913,0.5170548343807013,1,0.021557941718915157,-0.035644650832036995,0.4966873169715848,1,0.0884346673918174,0.0005706843007135435,0.487298749816768,1,0.15709555394140085,0.00741315856721657,0.48050495736801696,1,0.23227332952093577,-0.014387451097416522,0.47907909421174133,1
19160.216341,grid_0708_y525_z560,473.243,522.744,559.51,26.19611433018268,7.188,-0.04664709570605767,-0.09477442978283722,0.498873221621765,1,0.02657700861471154,-0.035745958763562485,0.4950245771743005,1,0.09311902290604741,0.0003116863633937455,0.49750767488990655,1,0.15867685710632326,0.007418616197397737,0.47986123440143336,1,0.2355594794994737,-0.014759182833918631,0.48527299197016066,1
19179.250951,grid_0709_y530_z560,473.152,527.351,559.531,30.79777285778959,18.833,-0.043002968339755164,-0.09889543547800868,0.5208358853072798,1,0.030412873702704544,-0.03608192222667961,0.49491726716965856,1,0.09284147036626221,1.2713983500350162e-05,0.4805485622726841,1,0.16351915241196913,0.007278338633712246,0.4903600390427021,1,0.23660917971076428,-0.01489657894156073,0.48748024019595526,1
19180.43697,grid_0710_y535_z560,473.263,532.574,559.702,36.01410887416206,0.914,-0.03520358589721648,-0.09533261459773987,0.5005949816387469,1,0.035288188046660236,-0.03648169424380136,0.49550813856783343,1,0.0978883346751758,-0.0006499063796380338,0.4912415934850971,1,0.1638790719095634,0.006598509958088009,0.4859178885960813,1,0.23966895454072373,-0.015099799026797343,0.49288239897399877,1
19182.6687,grid_0711_y540_z560,473.172,537.523,559.226,40.9741384778253,2.001,-0.030984235373712123,-0.09749628671406277,0.5170425688210092,1,0.039494356891234816,-0.036306280770020016,0.49541920424220975,1,0.10078885921985772,-0.0007051645392093689,0.4917865928402195,1,0.1672716842080433,0.0066178231375091,0.49139322438095223,1,0.24129004937808063,-0.015156658409668962,0.49513489107071446,1
19187.184598,grid_0712_y545_z560,473.436,542.839,559.315,46.28703037568955,4.225,-0.023599495510797118,-0.09483390879997594,0.5006537671888238,1,0.04396124599536981,-0.03607983567496514,0.49284067096757445,1,0.10451064160371273,-0.0007759175763273351,0.49366733370643107,1,0.16554414090629804,0.006463336652043782,0.48092251919827067,1,0.23797976212752386,-0.014905172241125888,0.48767099056363417,1
19189.888898,grid_0713_y550_z560,473.024,547.613,559.441,51.05346249766031,2.483,-0.018420034283934513,-0.09483572921126193,0.49925058860089255,1,0.04830184577209924,-0.03667530661526932,0.4943787582452196,1,0.10551394484967122,-0.000935499532388655,0.4866677713554568,1,0.16822827138750396,0.006181925701054237,0.48462368126823263,1,0.2417800638031856,-0.015151589445362462,0.4948116419561374,1
19192.661735,grid_0714_y550_z565,473.564,548.651,561.868,52.09732035335404,2.651,-0.01718708417130436,-0.09800335352667967,0.500960417924316,1,0.04940714035412837,-0.03880036486391093,0.49457624322903704,1,0.10641553192711267,-0.0025934714016619467,0.4855759444379565,1,0.16887770008430286,0.005515450594157277,0.48441082840591765,1,0.24045350099513335,-0.015071096764274611,0.49167624386755543,1
19194.07301,grid_0715_y545_z565,473.361,547.69,562.926,51.17150001709945,1.399,-0.0184757724837606,-0.09929313950775544,0.5009246814503302,1,0.048596070672715506,-0.03981626924678282,0.4959757366870412,1,0.10693714013409353,-0.002946992358529769,0.49061457819090504,1,0.1676228891325519,0.005297505466464847,0.4822027289101182,1,0.2407188135567438,-0.015087195300492181,0.49230332348527184,1
19195.34666,grid_0716_y540_z565,472.607,543.207,563.89,46.750342298212125,0.973,-0.02355514286430368,-0.09990493028632443,0.4991300823499052,1,0.04462200925126218,-0.04051661736006137,0.49579069617091465,1,0.104648187969213,-0.003241558621537732,0.4938176161746418,1,0.16667902970357093,0.00531919110936661,0.48378195668292356,1,0.23797976212752386,-0.014905172241125888,0.48767099056363417,1
19325.694272,grid_0718_y530_z565,472.37,532.43,564.457,36.067062730419266,9.646,-0.035222235730409376,-0.10057725980966166,0.5007429470771019,1,0.034747859285018196,-0.04020763237818926,0.4885530153611562,1,0.09844679397163644,-0.003103222167692404,0.49507995322828946,1,0.1656764403833476,0.00544107826731205,0.49178133245583955,1,0.23834803002879035,-0.015054291072535229,0.4898894398894352,1
19332.171252,grid_0719_y525_z565,472.343,527.745,564.095,31.37158768695015,6.235,-0.0404158981672456,-0.1002005614859477,0.501472897559345,1,0.030864541637595555,-0.040105445475883864,0.495977816999693,1,0.09496940806881195,-0.0023778358326215832,0.49017034844635354,1,0.16156631668749707,0.0062062418485606535,0.483535840286916,1,0.23660917971076428,-0.01489657894156073,0.48748024019595526,1
19335.39646,grid_0720_y520_z565,472.55,522.871,564.157,26.538862993730547,3.035,-0.045525968442117766,-0.10057261018315898,0.5006136771796005,1,0.02699651345542741,-0.04013450162466167,0.49785548152077047,1,0.09283007407628951,-0.002250025171777839,0.4925061396344359,1,0.15932766641275092,0.006187671326247065,0.4812427808489919,1,0.23660917971076428,-0.01489657894156073,0.48748024019595526,1
19336.448965,grid_0721_y515_z565,472.312,517.988,564.218,21.725430375484013,0.801,-0.052044495695568474,-0.1021988468407069,0.5105087877495722,1,0.02253976019595163,-0.03994091812333213,0.4953599917266813,1,0.08872588952717995,-0.002301011145440226,0.4880669028407355,1,0.15794209025035613,0.00632062735709926,0.48340713446849537,1,0.23688727193171344,-0.014994989675044153,0.4892102128678628,1
19340.262098,grid_0722_y510_z565,472.238,512.736,564.329,16.599478485783834,3.57,-0.05702332354169278,-0.10046849217635218,0.4999446986128204,1,0.018062024179733727,-0.04000059843283471,0.496636078339482,1,0.08610354651936811,-0.002081420714763282,0.489591367504631,1,0.15679495210395944,0.006248430006057257,0.4842451183021568,1,0.23778254463783138,-0.015061359492951999,0.49148198855537906,1
19363.696349,grid_0723_y505_z565,472.191,507.688,564.5,11.798759680576625,23.173,-0.06226701903262449,-0.10056507847786526,0.5003572523030997,1,0.013830359366045234,-0.03961619406466274,0.492980085458211,1,0.08646103679578401,-0.00200045672625993,0.5088528680547739,1,0.15660190205372307,0.0066293870086235026,0.4888168966598903,1,0.23573339489275508,-0.014920401280343089,0.4882303040012415,1
19383.140248,grid_0724_y500_z565,472.436,502.659,564.263,7.115124524560395,19.233,-0.06909044902810027,-0.10201792404427766,0.5105787993016082,1,0.010224193490404996,-0.04134805559602774,0.5194059914908149,1,0.0827040996203471,-0.001247986531856787,0.5037301071663676,1,0.15098471883273507,0.006803660633078868,0.4769179017349311,1,0.23871853275792437,-0.015153381421151468,0.49518298706344127,1
19520.462944,grid_0726_y490_z565,472.514,492.758,564.12,5.200651209223741,16.767,-0.07992124795753096,-0.10123437667962706,0.5065009631037758,1,0.0011822606861584917,-0.03835411276456485,0.49305409472698514,1,0.07421162092184998,-0.0009766217623096286,0.4857868761626354,1,0.14943229883913586,0.007436778831103129,0.48151258889981413,1,0.234878007826414,-0.014945904770100858,0.4890307027665911,1
19529.13407,grid_0727_y485_z565,472.217,487.798,564.38,9.576619132031928,8.419,-0.08530594171458653,-0.10200464219235852,0.5090409020364344,1,-0.0031040081953452193,-0.0411198287070388,0.5185464737474914,1,0.07264517068079485,-0.0009197175460036606,0.49596202531470557,1,0.1478375403974606,0.007429635207935106,0.48240118512048347,1,0.23386318948377077,-0.01487886705666009,0.48708152867644683,1
19559.960555,grid_0728_y480_z565,472.158,482.707,564.624,14.455543158249023,30.605,-0.08930016768312385,-0.10051369598529927,0.49981477778236183,1,-0.007225319080447984,-0.040945904788323384,0.5159568040407603,1,0.06809745164280746,-0.0008928463378666302,0.4850245425260039,1,0.14661901286214826,0.007462503153516388,0.48392515301861555,1,0.2374325294175632,-0.015151720886796645,0.49520639779576825,1
19583.375307,grid_0729_y475_z565,472.328,477.699,564.456,19.271119220221728,23.213,-0.09663948046123799,-0.10220132922206422,0.5098836054646227,1,-0.011498695497927104,-0.038778579577453356,0.4944845542577007,1,0.06569500341532564,-0.0003423354325749449,0.48675546447636386,1,0.14665727811488133,0.007942651178485827,0.4890215306962559,1,0.2346616024613143,-0.01498674453041712,0.4900727107389673,1
19620.591398,grid_0730_y470_z565,472.579,472.73,564.227,24.118389228967974,37.034,-0.10328672543290247,-0.10338541871504552,0.5155652584285556,1,-0.01643814575406706,-0.04001217713527113,0.5193376861205157,1,0.06396531378739424,0.0003305313970466054,0.4996670983381594,1,0.13986008680361106,0.00806570316013617,0.47193264619343356,1,0.2293405570304337,-0.014418735410052907,0.4795954831468653,1
19628.39131,grid_0731_y465_z565,472.394,467.935,564.085,28.85295300311563,7.578,-0.1085676756880182,-0.10251451621958575,0.5142668153034198,1,-0.020464506439064053,-0.03970107391138366,0.5170133747912522,1,0.06108802200792377,0.00027582923412905176,0.4999438621604166,1,0.1415836761660697,0.0085268750105704,0.48380737493712467,1,0.23205743383961533,-0.014772637770254598,0.4858459814340734,1
19644.812929,grid_0732_y460_z565,472.74,462.691,563.996,34.051403084160874,16.128,-0.11371128749287998,-0.10198976507980854,0.5105210141458921,1,-0.024739420067950407,-0.039052362639134114,0.5092547741877691,1,0.058419810264227885,0.0005327038712867025,0.5014096525147325,1,0.13961545661130378,0.008681910678864771,0.48186637356036943,1,0.23431716064649896,-0.015009899883363511,0.49105155467264067,1
19672.975597,grid_0733_y455_z565,472.629,457.589,564.442,39.173101753626796,27.951,-0.11981859355802871,-0.10258542951683636,0.5130346560164666,1,-0.02971475087080204,-0.039874889114690226,0.5175358770691574,1,0.054887359958002174,0.0003162317223561249,0.4974381589098877,1,0.13880662747499778,0.008695514611468832,0.48334523440290633,1,0.23594564920662506,-0.01483585298072777,0.4954073641815826,1
19706.846926,grid_0734_y450_z565,472.482,452.593,564.768,44.17839856762575,33.68,-0.12451213637650968,-0.10236290888684874,0.5104810015139001,1,-0.03328428029082909,-0.038973259149111684,0.5063943885549989,1,0.05079223447844523,0.000450429994303622,0.48613899389498333,1,0.1366538027521766,0.008715376774779236,0.4841717711149795,1,0.2339322433988063,-0.01451343397294039,0.4912015442500558,1
19716.116571,grid_0735_y445_z565,472.666,447.496,564.927,49.26729347142991,9.088,-0.13176034401446948,-0.10438607898797235,0.5164205376560524,1,-0.03814295174932326,-0.0392743687831554,0.5078882883584868,1,0.04876877711137606,0.00045332622307311504,0.498279527686157,1,0.13415317078504574,0.008726439275821379,0.48009019221525384,1,0.2283213499097401,-0.01426360333582133,0.4800163552700504,1
19733.729865,grid_0736_y440_z565,472.724,442.508,564.807,54.22814001973514,17.393,-0.1383646438384158,-0.1048657829824074,0.5202412835622532,1,-0.043115664269261916,-0.03942457528060754,0.5169799041529424,1,0.04642806553620437,0.0011257827377928508,0.502957664290983,1,0.13517618121461422,0.00910325273242632,0.48858548565982696,1,0.22662664808527783,-0.014255038060273572,0.47715765861233883,1
19753.978349,grid_0737_y435_z565,472.89,437.592,564.445,59.10568004853679,20.057,-0.14209726086527008,-0.10298039166271457,0.5138821665176272,1,-0.04698809322591539,-0.03856599189909596,0.5130942227732411,1,0.04325433156734254,0.0014885886752792304,0.5001434950555609,1,0.13257711668957606,0.009499016255058858,0.4851353959668132,1,0.22084972167959352,-0.013644704207282645,0.4657852089578102,1
19765.357003,grid_0738_y430_z565,472.954,432.539,564.274,64.13886868350579,11.076,-0.14728923739185512,-0.10281049382664983,0.5128804182872587,1,-0.05109310780747542,-0.038037979988404455,0.5088642849235858,1,0.039314456241725616,0.0018488372119971,0.48990796708673423,1,0.1309420451246332,0.009857000567219217,0.4857837991029784,1,0.23023744943723318,-0.014143512505432658,0.48612325501954645,1
19767.073462,grid_0739_y425_z565,472.885,427.668,564.334,69.00567244799515,1.515,-0.15259861456555338,-0.10279027126662499,0.5126276166984798,1,-0.05541251863789255,-0.03813860622819158,0.5108355373150095,1,0.03652633588417181,0.001811494199385422,0.49012233113966414,1,0.1294735461892682,0.009822543481902278,0.4849357808461073,1,0.23033017211140985,-0.014120507871209064,0.48633953225517035,1
19776.569414,grid_0740_y420_z565,472.832,422.599,564.622,74.08286760108574,9.324,-0.15757343381346756,-0.10246950051122247,0.510862358066984,1,-0.060009397835330824,-0.03855162689601978,0.5143959778544247,1,0.03403595827127458,0.001842158540524649,0.4898782333646876,1,0.12781299177405914,0.009953156235984207,0.4835108811966756,1,0.2288108714950399,-0.013943561808791662,0.48347656249729093,1
19785.005161,grid_0741_y415_z565,472.753,417.696,564.951,78.99663321306797,8.223,-0.167538140641351,-0.10580390535494535,0.5254560433781084,1,-0.0643653575316657,-0.038487753961100865,0.5110248991131878,1,0.030372915818922715,0.00185792236255444,0.49106413949015326,1,0.1256298717385779,0.009963707033010227,0.484087734770196,1,0.22702871194900656,-0.013884157897828493,0.4810137131553145,1
19787.07762,grid_0742_y410_z565,472.758,412.765,565.127,83.92988705461242,1.891,-0.17268472492655818,-0.10568276821696179,0.5243030565775949,1,-0.06918238906394904,-0.03878471849678766,0.5152022083423486,1,0.027932240848506616,0.0018705210859856153,0.4934342205306238,1,0.12453199566430419,0.00994846360957572,0.48516395717085536,1,0.22672875964907752,-0.01382446555308444,0.4808196424124765,1
19794.034486,grid_0743_y405_z565,472.684,407.892,565.094,88.79468419336823,6.755,-0.1771614988530948,-0.10532959087540644,0.5216230167555498,1,-0.07313727310797152,-0.03846654485661477,0.5141176868160497,1,0.024475798102597514,0.0019998087666254485,0.49056934811956887,1,0.1222260323418404,0.009994909228504212,0.4833266742409847,1,0.22685264790062862,-0.013799776303781795,0.48150860444176,1
19830.43747,grid_0744_y400_z565,472.86,402.759,564.848,93.90978064078307,36.213,-0.177787042010886,-0.10207042886168938,0.5078066194652153,1,-0.07698547696270308,-0.03777784318099443,0.5125255023476553,1,0.021925994161985738,0.0020447882399401863,0.49045972178305997,1,0.1238296665820376,0.010577878504787048,0.4931409079666531,1,0.22685264790062862,-0.013799776303781795,0.48150860444176,1
19836.888502,grid_0745_y400_z570,472.019,402.34,567.614,94.49730035297307,6.169,-0.1845054692301614,-0.10888391868266009,0.5268530835283793,1,-0.07742777614840882,-0.04005492616870745,0.5136615649080059,1,0.022048520673831534,0.001044294467370196,0.49787025405379687,1,0.12054348080300167,0.009724565061278933,0.48245194637318145,1,0.22648578990702467,-0.01378637913503133,0.4808842422552555,1
19839.300521,grid_0746_y405_z570,472.519,403.228,569.026,93.72462962316786,2.4,-0.18163080907019058,-0.10956844706451312,0.5221423824984031,1,-0.07655108073815405,-0.04161816794326728,0.5135111408706745,1,0.022841985140498407,0.00017801859660751386,0.5004902527234345,1,0.12073350164098653,0.009341691233254495,0.48158926924519774,1,0.22741293492728995,-0.013881153230781713,0.48286000760844466,1
19918.916262,grid_0747_y410_z570,472.621,407.942,570.22,89.15116031774346,79.394,-0.17964565263931465,-0.11341080648697358,0.5306975911933506,1,-0.0759877642287713,-0.04507268066939632,0.5392063261286428,1,0.02489979675906892,-0.0006753391749118565,0.48836538584948297,1,0.12295090035182647,0.008722093242409154,0.4844894109882956,1,0.2271928080314139,-0.013855915758827891,0.48225279946055966,1
20061.366372,grid_0749_y420_z570,472.826,417.639,570.081,79.50044956476658,21.98,-0.16019317077404066,-0.10694913557054185,0.5022234346887758,1,-0.06453050677282864,-0.043153906863450164,0.5171832541939185,1,0.03138573686481831,-0.0009732587401945281,0.49882418184449917,1,0.12605631298788128,0.008700718809850676,0.48292008171954093,1,0.22932506559929694,-0.01422091270591904,0.4855091131315334,1
20071.569239,grid_0750_y425_z570,472.984,422.658,569.862,74.49207290040998,9.92,-0.16210810954267876,-0.11120368435119103,0.5255128522703929,1,-0.059698223941911314,-0.042429989141294956,0.511666297042001,1,0.03408318179010714,-0.0009489453840445459,0.49633118711353097,1,0.1271476061077148,0.008611979973720273,0.4824871609700187,1,0.23268925918503924,-0.014390973924189601,0.4915343133042265,1
20077.512029,grid_0751_y430_z570,472.893,427.82,569.837,69.36966059452791,5.782,-0.15583333154052534,-0.11122235281707152,0.5243596950253326,1,-0.055594736918537356,-0.043074999950160654,0.5156652244484117,1,0.03755287300948079,-0.0012110768014940935,0.5004901268684625,1,0.129175697328907,0.008518916558074704,0.4839098725516072,1,0.22881266324408417,-0.013915153518620077,0.48302627919289803,1
20105.221328,grid_0752_y435_z570,473.01,432.908,569.699,64.310870854001,27.549,-0.1503712539322973,-0.11093304279690741,0.526630814939474,1,-0.051147212474157905,-0.04306676292915449,0.5163621722491777,1,0.040471790190528226,-0.0013522305007215019,0.5016574286272101,1,0.13037449532029255,0.008419861272034694,0.48304377218715866,1,0.23094984253380768,-0.014257691998838947,0.4876717429328707,1
20121.913348,grid_0753_y440_z570,472.821,437.858,569.817,59.43286285381176,16.531,-0.14424045835274626,-0.11105562143208045,0.5240987757844996,1,-0.04722977177932623,-0.04404921460152263,0.5213227473321342,1,0.04427208859953415,-0.0012921213128100455,0.504677163142051,1,0.1362825769309322,0.008370208456092352,0.49672283468868195,1,0.2215595431338258,-0.013725612178919263,0.46727852631327205,1
20133.570184,grid_0754_y445_z570,472.648,443.088,570.285,54.35401779077601,11.496,-0.13500407144089427,-0.10907135279962427,0.5113343728484966,1,-0.041681175288914706,-0.043275532149924356,0.5086141296789446,1,0.04667768763541835,-0.0019436633869045275,0.49883134184257993,1,0.1343126693100713,0.007596753690622181,0.4838451325537386,1,0.22659437922420242,-0.014250400614773515,0.47682453346667153,1
20155.894398,grid_0755_y450_z570,472.728,447.881,570.136,49.61579893541977,22.173,-0.1300451136861072,-0.10907055575715739,0.5117261426382762,1,-0.037833309444314844,-0.04352693315146908,0.5117762172138031,1,0.04956895554901011,-0.0022522713556327838,0.5006570248665236,1,0.13495852670900313,0.007468814368443891,0.48233754350141544,1,0.22807145943159277,-0.014329255365852138,0.4795500448286059,1
20179.183607,grid_0756_y455_z570,472.993,452.832,569.752,44.686624150857476,23.116,-0.1232389305602209,-0.10744231036266635,0.5055917848825523,1,-0.03364928601779693,-0.0439003186447353,0.5172714461340547,1,0.05220697576079307,-0.002192388066137029,0.496969906266904,1,0.13637213281687355,0.007580250024106176,0.4796537230031457,1,0.23226372154408217,-0.0149090820420799,0.4877478516408896,1
20345.446584,grid_0758_y465_z570,473.136,462.771,569.606,34.979842538239055,45.822,-0.11222481528311719,-0.10700441103766409,0.5037636351603629,1,-0.02416128189953477,-0.04222594215962516,0.4937578579842216,1,0.05657992165118912,-0.0023062454107072366,0.48266614133142094,1,0.14039069516283467,0.0074658832702571235,0.4840799641361054,1,0.2338598641975563,-0.014974863960027115,0.4900071100476072,1
20367.731776,grid_0759_y470_z570,473.118,467.382,569.643,30.55794728053571,22.135,-0.10799314139923993,-0.10776866434265403,0.5075132468724453,1,-0.019923048873507487,-0.04222343012898911,0.49333619511367344,1,0.0614410019000033,-0.002394352322855317,0.4996011125141132,1,0.14293093555619052,0.007247275350650075,0.48819892188460084,1,0.2330065205709686,-0.014904222622331358,0.48787701454065024,1
20386.119811,grid_0760_y475_z570,473.315,472.551,569.877,25.751373827429084,18.167,-0.10300485660447255,-0.10896223544324175,0.5115806041484938,1,-0.016439483663183634,-0.045352799861246254,0.5193090708076931,1,0.06300516154135749,-0.0031106979885590783,0.48450309353072296,1,0.14950703530648937,0.0071375474464856255,0.5022336594119045,1,0.23418814831532145,-0.014994561665347414,0.48909377216754046,1
20430.770494,grid_0761_y480_z570,473.023,477.462,570.114,21.34494502218268,44.477,-0.09759546172276524,-0.1093106760108834,0.5121954359999851,1,-0.012158856990567339,-0.04483268697993887,0.5092530271191353,1,0.06553574373727325,-0.003166299956588182,0.4848031566701542,1,0.14626331782889512,0.0063615960040771385,0.4870359692561445,1,0.23418814831532145,-0.014994561665347414,0.48909377216754046,1
20449.91585,grid_0762_y485_z570,472.848,482.788,569.561,16.43735167233459,18.871,-0.09455630831698278,-0.11151872277811874,0.527183282331287,1,-0.007043647082097239,-0.04523633235450828,0.5180902862533135,1,0.07207268063376075,-0.003257059612106494,0.5092052390013528,1,0.1467739096393187,0.006677420814755511,0.483798926608368,1,0.23520169195894292,-0.014981187242961297,0.49012835459619236,1
20464.467417,grid_0763_y490_z570,473.113,487.566,569.534,12.68226817253132,14.361,-0.08623654288387987,-0.1082353306121944,0.5101931412915143,1,-0.0031080048098715046,-0.045356783688796976,0.5194113839481711,1,0.07268314822357064,-0.0033157660312257936,0.4944496518877626,1,0.14710119432529878,0.006189165630236176,0.47836138525519845,1,0.23386318948377077,-0.01487886705666009,0.48708152867644683,1
20470.852653,grid_0764_y495_z570,473.139,492.579,569.332,9.597486181287296,6.204,-0.0791492792851729,-0.10600365416094312,0.5008963167360586,1,0.0014029459436684572,-0.043565992501527054,0.49560062655704473,1,0.07393241815433665,-0.0034607983764110926,0.4818766511672745,1,0.15035580619630812,0.006212866682275749,0.4838289530881675,1,0.23703600524306115,-0.015092597347835223,0.4927784357911663,1
20500.00121,grid_0765_y500_z570,473.026,497.65,569.775,9.230753707038259,28.926,-0.07508703440904263,-0.10863974287518208,0.5105878348593508,1,0.0057043721766192965,-0.044105709025525706,0.4978361506379075,1,0.0772144632367778,-0.003880781980921057,0.48401535393473527,1,0.14981419927374975,0.00615936234895937,0.47716461552720807,1,0.2355585758909236,-0.01500189641018866,0.4892787870480704,1
20508.021013,grid_0766_y505_z570,473.253,502.742,569.905,11.162752841481396,7.759,-0.06903398919653402,-0.10872264138929029,0.5100046639579715,1,0.010450255810616383,-0.04429301489787519,0.49846445622546987,1,0.0808309363927965,-0.0042779195562291225,0.4883909903739935,1,0.15327749930383955,0.006060103621134982,0.48185227739204534,1,0.23784813905990418,-0.015086988405636203,0.4932081706153396,1
20524.682252,grid_0767_y510_z570,473.284,507.645,569.643,14.295411606526114,16.48,-0.06263847343311484,-0.1070708556103361,0.5033615776706091,1,0.01420907380564615,-0.04419414062948181,0.4973055206218895,1,0.08422914364809245,-0.004433251765184021,0.49390000787309796,1,0.1615743540300128,0.005799950766574859,0.5033156347823855,1,0.23920845338113525,-0.015148544729111877,0.49485638311269,1
20526.561694,grid_0768_y515_z570,473.079,512.57,569.594,18.34884448677911,1.697,-0.057466776247707727,-0.10716393642763736,0.5038739079520962,1,0.018483664223138855,-0.044275504483768796,0.4971908304129604,1,0.08709444428928707,-0.004628960245295482,0.49221370166094125,1,0.1554022090944131,0.0052593854536669175,0.47886383328728216,1,0.23577010442158192,-0.015042922809942136,0.48708485635443344,1
20528.923664,grid_0769_y520_z570,473.402,517.715,569.446,22.920176875408348,2.112,-0.05217524264179804,-0.10678630380130844,0.5033915265137403,1,0.02271555339846003,-0.04382541306979853,0.49201281821971643,1,0.08881502216775695,-0.004858597214970761,0.48565084050923724,1,0.15801807656400357,0.004935062233068173,0.4815386551616332,1,0.23646322853124274,-0.01496791619377673,0.48824583107049474,1
20533.657749,grid_0770_y525_z570,473.145,522.469,569.492,27.378505455922973,4.543,-0.046710691077369686,-0.10835582857272114,0.5102330510235685,1,0.026576679396752817,-0.04428490169195723,0.4922501631107765,1,0.09249416513156836,-0.005427208783132553,0.4922859840182721,1,0.15913655038882055,0.0049374050241362075,0.48092393892472407,1,0.23660917971076428,-0.01489657894156073,0.48748024019595526,1
20540.703144,grid_0771_y530_z570,473.075,527.734,569.544,32.417380924436266,6.795,-0.04046807422637172,-0.1067018620702931,0.5018895444300605,1,0.032616381153543,-0.04716582768633924,0.5208962128233091,1,0.09513196490336066,-0.00548268269044761,0.49004945426849644,1,0.16185266861457848,0.00489806803968325,0.4840981849274091,1,0.23426820086822847,-0.014958559699692054,0.48211206502679854,1
20554.33211,grid_0772_y535_z570,473.179,532.063,569.936,36.69636184964393,13.409,-0.03522487205044449,-0.1070282877688447,0.5006074479615691,1,0.0353443697509765,-0.04528659895398158,0.496939565327152,1,0.0986346982508656,-0.005684787702768843,0.4953279392673706,1,0.16124546978094817,0.004349944732519298,0.4782329697038381,1,0.23432886295107616,-0.015054108466254181,0.48130001368489195,1
20575.309888,grid_0773_y540_z570,473.286,537.956,569.217,42.27064520444423,20.584,-0.02878374979880914,-0.10574060412649613,0.5007016068599955,1,0.04015609741547343,-0.04438875741454706,0.4944607734188911,1,0.10262716514706557,-0.005705316306185246,0.49674722451850084,1,0.16910695540100354,0.004297712189354242,0.4946825873863448,1,0.24087626347176103,-0.015125222638601077,0.4942019035073294,1
20582.145852,grid_0774_y545_z570,473.323,542.531,569.126,46.74251821414843,6.614,-0.02363099786313272,-0.10574236064739555,0.5007472288352256,1,0.04476036546889592,-0.045062320520918256,0.4987998353741507,1,0.10744469065803858,-0.006224928558657866,0.5061422907038301,1,0.16817229309848925,0.0038900324386442267,0.48813096346775686,1,0.2413050260937279,-0.01512078729483289,0.49391906053207446,1
20598.877784,grid_0775_y550_z570,473.362,547.6,569.607,51.8163992380791,16.451,-0.01817920183553943,-0.10674742741205459,0.49939923948740483,1,0.04891729206022659,-0.045452345120106985,0.4966457786419638,1,0.10561278008715586,-0.006664434315360013,0.4855368571655666,1,0.1715981672079612,0.0036427040272121597,0.49210990936435983,1,0.23557617683289145,-0.015055336818540634,0.4812688699061355,1
20602.919892,grid_0776_y550_z575,473.915,548.559,571.924,53.212799785389976,3.929,-0.01719118659199516,-0.10961456868215555,0.5007073808817153,1,0.05008745791993262,-0.0475669695806918,0.4957515770938553,1,0.10942924686781713,-0.00834883356758895,0.4967814725182702,1,0.17074539603841934,0.0029810079545659514,0.4886858958010211,1,0.23557617683289145,-0.015055336818540634,0.4812688699061355,1
20612.25875,grid_0777_y545_z575,473.492,547.836,572.804,52.6970016699243,9.329,-0.01716984063939076,-0.11028360765537004,0.500451333141101,1,0.049911880984992676,-0.048918345107442245,0.4997950552010224,1,0.10575336845719474,-0.008488949459138934,0.4829471810869049,1,0.17083562109213096,0.0027403881293351835,0.48962771279387485,1,0.23557617683289145,-0.015055336818540634,0.4812688699061355,1
20621.186886,grid_0778_y540_z575,472.78,543.005,573.982,48.31989159756055,8.606,-0.02231455581212103,-0.11159326308657214,0.500313969768899,1,0.04495469516749705,-0.04891054969132452,0.49420628989704707,1,0.10333993641641298,-0.008684472996135636,0.4844334675363341,1,0.1689929787062262,0.0028542974025110015,0.4889011525410615,1,0.2346008006513644,-0.014986161302328261,0.47998598207074183,1
20631.039731,grid_0779_y535_z575,472.255,537.887,574.353,43.54541617667694,9.583,-0.028744250780415762,-0.1115856850702882,0.4998697502933228,1,0.03999434206826389,-0.04829471088405781,0.488755211071826,1,0.10295745748368884,-0.008945689901512554,0.49664651571905855,1,0.16302931142017718,0.0029754398503262316,0.47750316909234647,1,0.23357619633922003,-0.014998890654956848,0.47906309591102564,1
20635.447228,grid_0780_y530_z575,472.107,532.85,574.52,38.8614525976578,4.147,-0.033938916544283895,-0.11218967820322272,0.5005072536281018,1,0.035938125049837295,-0.048891013290765915,0.4941337077276672,1,0.09619856736341265,-0.00847320912847346,0.4796832537340997,1,0.16442238333284898,0.003335734040012839,0.4866052377180491,1,0.23432886295107616,-0.015054108466254181,0.48130001368489195,1
20640.842406,grid_0781_y525_z575,472.032,528.083,574.154,34.30959947303379,5.134,-0.039312940002161074,-0.11196217092833445,0.5023235756642849,1,0.031844510831807955,-0.04924202128241906,0.49746311036653457,1,0.09641527703827156,-0.008621498377212386,0.49601894318462436,1,0.1600582197414107,0.0032603352511490634,0.47859564384812064,1,0.23286361356270696,-0.014995748154570849,0.4788911599253045,1
20642.987092,grid_0782_y520_z575,472.417,522.923,574.284,29.691758132518906,1.943,-0.04618516155784912,-0.11429695702381631,0.5115795823594802,1,0.027127238039083,-0.04868038334561623,0.4954958231072476,1,0.09175720278582095,-0.00800565495059984,0.48825310311454323,1,0.1608411714273249,0.0035909736754015315,0.4865108271744839,1,0.2334763925161763,-0.014973370266094082,0.48128975828750564,1
20679.349022,grid_0783_y515_z575,472.501,517.82,574.025,25.13204764837127,36.141,-0.052237864244303905,-0.11392714249681546,0.5124617997103835,1,0.023107074277797037,-0.0483820578484079,0.49510377001058814,1,0.08899104406398681,-0.007446815387719402,0.48547961644541143,1,0.15735932454603002,0.0036890281477789545,0.4796185136911414,1,0.23308146147470796,-0.015052881448466972,0.4813310201462692,1
20682.061058,grid_0784_y510_z575,472.299,512.59,574.543,21.239215687025812,2.368,-0.05654202172527302,-0.11169227143760077,0.49801683335957514,1,0.01842326931376484,-0.04890541067921764,0.49707939400082823,1,0.08681923989355467,-0.007702162296360479,0.49314000936126945,1,0.1569807161187743,0.003846947799681198,0.48430930316534565,1,0.23289740157233266,-0.015045490402748815,0.48102634336388506,1
20701.551497,grid_0785_y505_z575,472.476,507.542,574.704,17.866344701701017,19.279,-0.06227375489534903,-0.11217742037592796,0.5001237350835362,1,0.01425076646499756,-0.048762656804857134,0.49700366225886616,1,0.08826082473547538,-0.007646382045562708,0.5174746868746275,1,0.15249999297613362,0.004223974653267241,0.4748271628624692,1,0.23179304215808086,-0.015001144128439874,0.4791982826695804,1
20702.821808,grid_0786_y500_z575,472.458,502.657,574.298,14.9879041897125,1.029,-0.06788865420347857,-0.11236728375402781,0.5036460567514462,1,0.010371716423653317,-0.04814611510012308,0.4967956299698082,1,0.08128917240536185,-0.006869100529880925,0.4901227937347481,1,0.1525602246225549,0.004472880355485443,0.47941522532463754,1,0.23678871278176203,-0.015069751164067571,0.4909880329709012,1
20733.720233,grid_0787_y495_z575,472.616,497.583,574.087,13.52002799553319,30.687,-0.07443147746752737,-0.11353632439196087,0.5104471297913098,1,0.005877159610017369,-0.04977350776112802,0.5201250633731349,1,0.07915831035349931,-0.006926197814734859,0.49398977505524855,1,0.1519634119492258,0.004770240100867062,0.4841218330077024,1,0.23509299975377126,-0.01500811628602355,0.4882891725775279,1
20752.628267,grid_0788_y490_z575,472.62,492.613,574.012,13.979773960976614,18.686,-0.07923906855491095,-0.11204287338369429,0.5051659373716813,1,0.001489413149706857,-0.047691527831190524,0.4979392588083875,1,0.07588600639280055,-0.0062427347620470025,0.49288485860907394,1,0.15013501725540024,0.004960935862662773,0.4830004243736971,1,0.23399175721274174,-0.01504491610105753,0.4860202589145197,1
20769.973168,grid_0789_y485_z575,472.419,487.643,574.382,16.42288114187033,17.144,-0.08567755361210797,-0.11399789532706302,0.5106994961818513,1,-0.002446570269936164,-0.04770241423141107,0.4965121020744262,1,0.0722839630743411,-0.006304970139526042,0.4903617778655933,1,0.14727976437544135,0.004912133531035679,0.4789581534709574,1,0.23437059865509238,-0.014912385913380474,0.48805611572151897,1
20787.428273,grid_0790_y480_z575,472.301,482.811,574.555,19.60318275178804,17.213,-0.09091156432817947,-0.11411296707036908,0.5105973266197417,1,-0.00694503352578783,-0.04887891055521321,0.510032543701249,1,0.06982586335871402,-0.006065385499517033,0.49313588252354246,1,0.14648972040763525,0.005088198154797403,0.48271181150586895,1,0.23520169195894292,-0.014981187242961297,0.49012835459619236,1
20813.361668,grid_0791_y475_z575,472.133,477.981,574.638,23.304724950104042,25.733,-0.09631211806435369,-0.1141244529170136,0.5110657573143269,1,-0.011313468577556926,-0.04949308715894078,0.517078803857733,1,0.06732542070138602,-0.006051384594881304,0.49409162292050635,1,0.14627476862045874,0.0051066075133990715,0.48703881064649945,1,0.23418814831532145,-0.014994561665347414,0.48909377216754046,1
20835.176774,grid_0792_y470_z575,472.455,472.86,574.154,27.31317143797109,21.531,-0.10130752668571012,-0.11289294387500895,0.5070125881391083,1,-0.014657889087215301,-0.04647072098459414,0.49090924726300667,1,0.06341853579299007,-0.005652070279311603,0.48803225790797955,1,0.14564021358381105,0.005933047970458785,0.49030044880569734,1,0.23328770442633678,-0.015008528746219066,0.487168466045299,1
20857.570557,grid_0793_y465_z575,472.566,467.785,574.181,31.829153130424313,22.193,-0.10726400734839438,-0.11349663493958485,0.5096318373209876,1,-0.020439153846594574,-0.049356309097640806,0.5192332499615552,1,0.06112066493670029,-0.005346675650029848,0.49380428916140445,1,0.14197781355360195,0.005952256069570239,0.48435207116518836,1,0.23663634061265063,-0.015145487648525378,0.49489968311765364,1
20868.451863,grid_0794_y460_z575,472.627,462.833,574.234,36.388689190461356,10.678,-0.11437439556250364,-0.11496810543376523,0.5163644259667658,1,-0.023719430197940948,-0.04671096204315945,0.49554322078605373,1,0.05651524899510147,-0.00515536881310729,0.4827347555117272,1,0.14016779512040778,0.006177941519483759,0.4830996888364295,1,0.232945271299671,-0.014904792113354322,0.4879182207975404,1
21011.300965,grid_0796_y450_z575,472.423,452.643,574.856,46.18538215712849,22.325,-0.12441078545188124,-0.11452452869999973,0.5122448444103845,1,-0.03367689566738681,-0.0488355103457975,0.5177089276964348,1,0.050858800391459194,-0.00490981201013909,0.48052373408089066,1,0.13734891985204617,0.006207042791105815,0.48260084736002007,1,0.2328157991636875,-0.01498704570558223,0.4889023706568085,1
21120.120938,grid_0797_y445_z575,472.585,447.479,574.83,51.11353097761886,108.61,-0.13048595494619752,-0.11458078664998635,0.5128670179349328,1,-0.03747493067001549,-0.04712791145318135,0.5062605473668387,1,0.047871339653935654,-0.0047220704793504865,0.48270635063322787,1,0.13540780106780714,0.0062209402801522914,0.484199251144984,1,0.23463934860415792,-0.014952126965616663,0.4926927573309966,1
21154.676932,grid_0798_y440_z575,472.728,442.541,574.481,55.784863619085776,34.293,-0.13344691795291352,-0.1125094734831449,0.504506085109311,1,-0.04221952430413132,-0.047725591149492895,0.5145372547571765,1,0.04601396020180441,-0.004792183138522121,0.49599384890471854,1,0.1348927736110267,0.006361441850480291,0.486881990667001,1,0.23535007902911878,-0.015143953507171196,0.4949207300952662,1
21208.17596,grid_0799_y435_z575,472.793,437.557,574.536,60.63737791989357,53.277,-0.14420369952789194,-0.1164850735151193,0.5238690998739872,1,-0.04708749209686556,-0.04800989961743636,0.5188541346135512,1,0.043665529674437764,-0.0038739885466803053,0.5007295547364448,1,0.13627692622403137,0.006916552401160017,0.4966334780215764,1,0.23485996995258937,-0.015148347721933925,0.4952517507822117,1
21218.65249,grid_0800_y430_z575,472.935,432.715,574.392,65.32873295112958,10.274,-0.14921036378408276,-0.11613143861978593,0.5214334149163391,1,-0.05024761212647542,-0.046931408890262545,0.5077257078049473,1,0.039822251564527844,-0.00406703161159544,0.49709351921837275,1,0.1324675573399291,0.007176517364365144,0.492170095826892,1,0.22857359721157658,-0.014322537499736245,0.482674803839925,1
21254.580318,grid_0801_y425_z575,473.069,427.652,574.595,70.32613354223308,35.726,-0.1576863328893956,-0.1189049338730143,0.5312147886127249,1,-0.054939001870562575,-0.04745169479269185,0.5135241749868489,1,0.03668536576214125,-0.0038630095030563723,0.48211309245550604,1,0.12880177754640187,0.007171294470105433,0.4819709704672325,1,0.23195085126645953,-0.014418888093885085,0.4897647866455095,1
21265.141909,grid_0802_y420_z575,472.874,422.795,574.875,75.14480698624487,10.279,-0.16317741401407626,-0.11890619681843388,0.5310656736716229,1,-0.05948469782136132,-0.047835680666290764,0.5155191111109223,1,0.035210054222630516,-0.00394806289701416,0.5012668651991294,1,0.12829404176369333,0.00720041663718706,0.48600594357458654,1,0.23434209751261215,-0.014851870687602797,0.494859574081467,1
21273.321016,grid_0803_y415_z575,472.764,417.675,575.107,80.21930758240185,7.988,-0.17462237542098075,-0.12334651891060605,0.5509516824118991,1,-0.06291476517820034,-0.0473675847116292,0.5127142344049127,1,0.032746917110967735,-0.0037969457347209745,0.501104498704849,1,0.1279551079732782,0.007237393247071138,0.4887865223402831,1,0.234620050707984,-0.014992453447330602,0.49563045224650726,1
21291.469796,grid_0804_y410_z575,472.812,412.591,574.88,85.18612743868567,17.967,-0.16852472177906758,-0.11476340161222287,0.5123270014271502,1,-0.0682465920048748,-0.04723036739383626,0.5149711023272173,1,0.029167954059704414,-0.0035589904131157974,0.5002856202218315,1,0.1247745921668452,0.007345191575342512,0.4823901656973067,1,0.22783915640457802,-0.014173396867593727,0.48319541773896996,1
21294.346884,grid_0805_y405_z575,472.797,407.597,574.832,90.1058487391357,2.666,-0.17662704706488191,-0.11579181946780695,0.5196832107337893,1,-0.07264230661717573,-0.04686136787912217,0.5129537435680238,1,0.02533735860168651,-0.003517748989844805,0.49813960538251056,1,0.12268979269388681,0.007706265643593416,0.48338380204156295,1,0.22743671494840445,-0.014169345467340982,0.48281273913905687,1
21304.466735,grid_0806_y400_z575,472.631,402.932,574.693,94.69478901713649,9.939,-0.18140022688739701,-0.11615646367749903,0.5212240278844149,1,-0.0760088552450206,-0.04654410996822514,0.5120942521113363,1,0.02300105905734894,-0.003197417418032363,0.49682567388645105,1,0.12218630849278102,0.007825528142624943,0.4861436034297867,1,0.2272938824690131,-0.014051994917404352,0.4825414354865322,1
21329.259527,grid_0807_y400_z580,471.948,402.442,577.468,95.63385413649289,24.523,-0.1798492071877432,-0.11760982602546546,0.5158146174619069,1,-0.07715690436676041,-0.04906128930432627,0.5157736394155383,1,0.022219507436491048,-0.004605771104658215,0.49630917411896025,1,0.12123636410112931,0.007002969887085528,0.48450228114981947,1,0.22923376881612553,-0.014192752489104466,0.48671796957335767,1
21353.898097,grid_0808_y405_z580,472.657,402.914,578.995,95.44713235608496,24.627,-0.1936378059542339,-0.12891212879946082,0.555902003422673,1,-0.07670614468091815,-0.050737804089808346,0.5156718276863307,1,0.02304557543293492,-0.005754597743720362,0.49579242308398364,1,0.1228713551594052,0.006574327740960536,0.48906334310014565,1,0.22831436286136894,-0.014220413282542642,0.4847740205429312,1
21478.625159,grid_0810_y415_z580,472.713,412.81,580.347,86.05758473835992,4.228,-0.1699108409701115,-0.1225241073033554,0.5197556812911686,1,-0.06668703930078891,-0.05135214599659042,0.5105173300937682,1,0.03049157598864166,-0.006623483329680579,0.49993193060634933,1,0.12629821074842462,0.005874064428605253,0.48569079023304546,1,0.23406367278059875,-0.015142415227842446,0.49494134301830917,1
21496.296504,grid_0811_y420_z580,472.821,417.757,580.047,81.17785940759956,17.521,-0.17494013300106667,-0.12928073899330758,0.5518274046258249,1,-0.06372793468418561,-0.05159107363763832,0.5132204540228991,1,0.031434743364595036,-0.006813469930041897,0.4969616478501821,1,0.12732423020456624,0.005986769111757018,0.4886215940900063,1,0.23461536545912018,-0.015104852985216383,0.49598993093601973,1
21499.4924,grid_0812_y425_z580,472.873,422.718,579.964,76.349310946465,3.045,-0.15750007945485522,-0.12030718742162244,0.5138545711332801,1,-0.05937878502822544,-0.05205587687833671,0.5175202846066853,1,0.03533072319834194,-0.006726834243439627,0.49589443553436113,1,0.12797632997022476,0.005766943901219546,0.483361864535139,1,0.23484260187893807,-0.014932468735125867,0.49590609593778645,1
21552.666647,grid_0813_y430_z580,472.949,427.557,580.195,71.74162107173213,53.012,-0.1554720385195908,-0.12340913212041454,0.524914349235986,1,-0.05798337367033469,-0.054790406986508576,0.5394634388482707,1,0.03674475592351633,-0.00686649827425831,0.482687666295539,1,0.1309626860902204,0.005930975197644822,0.48897335344905435,1,0.23275871794583602,-0.01495052292642105,0.4914568887298481,1
21917.986545,grid_0817_y450_z580,472.835,447.744,580.088,52.57135693512196,4.411,-0.13234343311764082,-0.12255327813430117,0.5210655976120347,1,-0.03743888436994307,-0.05300524412512276,0.5157407805605512,1,0.049171341315033125,-0.007326286271226004,0.4912580934682193,1,0.13697073371552249,0.0052681588164569144,0.48652258419752703,1,0.23194651752684387,-0.01500258546494616,0.4870325350727356,1
21926.770361,grid_0818_y455_z580,472.931,452.881,579.795,47.719306302585764,8.531,-0.1263507067150533,-0.12220697507391146,0.5202200721625316,1,-0.03369224418985117,-0.053290127102352355,0.5179591248126876,1,0.05070708610433533,-0.007615031302762783,0.4827196945665229,1,0.13643690544175546,0.004819468657889622,0.4812886554509281,1,0.2328157991636875,-0.01498704570558223,0.4889023706568085,1
21940.803385,grid_0819_y460_z580,473.205,457.612,579.659,43.37033514973107,13.862,-0.11910880436749872,-0.12024611006715008,0.5130503808388706,1,-0.028450526445848043,-0.05305721055301979,0.5161326718241418,1,0.05518100660734841,-0.007907459148847542,0.48683121875841456,1,0.14077637353703773,0.004724500630771518,0.48814733255744774,1,0.2361463464422696,-0.015150043576709094,0.4952293331727744,1
21988.350861,grid_0820_y465_z580,473.092,463.1,579.568,38.47019273411557,47.365,-0.11277749650816644,-0.11947359356506747,0.5108691187605097,1,-0.024438778237133824,-0.05335977279060898,0.5191512444590494,1,0.057688839766479615,-0.007673643550461256,0.4866247160536776,1,0.14267558685982393,0.004682645790916582,0.4900764645362299,1,0.23248797485072834,-0.014869756190017928,0.48687377617250693,1
22015.731222,grid_0821_y470_z580,472.66,467.918,579.639,34.39987630791717,27.238,-0.10715681926366277,-0.11913282656288651,0.5097250627421187,1,-0.020040824320698106,-0.05288320277761092,0.5110784070274086,1,0.06080995620077521,-0.007989860944305836,0.4902626100148024,1,0.14362109367882372,0.004665119031090211,0.48867798937949325,1,0.230784947682778,-0.01503954778019902,0.4821449770826005,1
22029.6375,grid_0822_y475_z580,472.928,472.924,579.892,30.514719612016822,13.714,-0.1008445700504246,-0.11899158835342899,0.50511883671965,1,-0.015410914032437759,-0.05375233200844293,0.5192512344183733,1,0.06451969782561003,-0.008357234096193586,0.4901532121725748,1,0.14430928099206106,0.004459248543842831,0.4833753539075154,1,0.2310365947038751,-0.015043446448398192,0.4823552007396954,1
22046.330471,grid_0823_y480_z580,472.917,477.847,580.111,27.0375684927473,16.503,-0.09547336265205691,-0.11887785370002292,0.5045774082364985,1,-0.011071705940663376,-0.05429257646253204,0.5154065799790557,1,0.06663306894743942,-0.00916120458785585,0.4889411620663135,1,0.14750144064365697,0.0041232227391373565,0.48976100444307036,1,0.23148681664836743,-0.015036462907962367,0.4833178538008161,1
22082.382703,grid_0824_y485_z580,473.213,482.748,579.508,23.418608541072697,35.779,-0.09084822764798914,-0.11944936409061487,0.5102733853178899,1,-0.006722157862126573,-0.05142397565555954,0.4968464101768283,1,0.07364626761942997,-0.008975929011840356,0.5176187406495609,1,0.1463895374101153,0.004318175841731487,0.4811056190555152,1,0.23386318948377077,-0.01487886705666009,0.48708152867644683,1
22240.057351,grid_0826_y495_z580,473.283,492.249,579.257,19.14731882013771,37.196,-0.08012603498492764,-0.11878736551522509,0.5082334812703635,1,0.0016773226098411942,-0.05142139215109008,0.49567893300436283,1,0.07404529549620877,-0.009035151690892551,0.4838117352851813,1,0.151280253438592,0.004089569437617989,0.4859718720900899,1,0.23183396679370485,-0.015051655416867775,0.4813618712837306,1
22248.206828,grid_0827_y500_z580,473.093,497.13,579.935,19.335871818979353,7.957,-0.07497090041530445,-0.1199418621435893,0.5095001469753916,1,0.005911080486314845,-0.05498987266064348,0.5187999285336393,1,0.07902482331621394,-0.00949979693614136,0.49335143817599275,1,0.15133618449201167,0.0031140007362838295,0.48085803047869036,1,0.23183396679370485,-0.015051655416867775,0.4813618712837306,1
22257.413698,grid_0828_y505_z580,473.257,502.522,579.945,20.234356797289212,8.956,-0.06788812679924128,-0.11885511118321633,0.5034687111580092,1,0.010454109083573408,-0.05265911810380412,0.4965819302493972,1,0.08300625620160766,-0.010104940017925671,0.499952812731831,1,0.15230517565439552,0.003110832887211353,0.4779869823488526,1,0.2330894149098715,-0.015052634504984796,0.48254166382574937,1
22262.239029,grid_0829_y510_z580,473.255,507.627,579.55,21.934172630851634,4.634,-0.06281893256857699,-0.11895435231534224,0.5060057624343368,1,0.014523007627248567,-0.05225456479172676,0.49347007698996287,1,0.08501459352175167,-0.009897640709920571,0.49424783986752696,1,0.15432664705924878,0.003138447539264238,0.4792883889394385,1,0.23271334166995736,-0.015038099357030658,0.48072166658150095,1
22280.271357,grid_0830_y515_z580,473.349,512.946,579.398,24.92649590295444,17.791,-0.057314356078248835,-0.11896629641287834,0.507105301662094,1,0.01963799343321951,-0.05270718887376723,0.4968713474390594,1,0.08855360155338166,-0.010187044494126437,0.4950796827982736,1,0.15785012406315252,0.002876489670020259,0.4851170480789855,1,0.23308146147470796,-0.015052881448466972,0.4813310201462692,1
22288.214932,grid_0831_y520_z580,473.02,517.876,579.427,28.425063482778764,7.762,-0.05352268728494503,-0.12312889245000118,0.5249414990090131,1,0.02347900346269441,-0.052929323914154225,0.4979825965308815,1,0.09105798640211081,-0.010198072193378364,0.4960388186689479,1,0.16068191456438252,0.0027030098562936967,0.48918289689632066,1,0.23239371572821144,-0.01500624664359327,0.47957486701493013,1
22298.446014,grid_0832_y525_z580,473.266,522.955,579.569,32.490841186402115,9.961,-0.04555570352550364,-0.11791283524863508,0.5012165282676835,1,0.027877660937829372,-0.05331064331759901,0.49815786052683947,1,0.09185844356623861,-0.010410025689861487,0.48534477245895097,1,0.16154513800633286,0.0024368417299536925,0.4866181127545405,1,0.23614098394225713,-0.014908975093186994,0.4864066051621239,1
22308.970936,grid_0833_y530_z580,473.145,527.523,579.424,36.221521848205164,10.344,-0.04028897960816995,-0.11750190802021075,0.49951333436762707,1,0.03190632275930688,-0.053603380552049065,0.4996296179567371,1,0.0943146497086609,-0.010868394603578649,0.4835542068996711,1,0.16489094170540913,0.002161888020003761,0.49187478380050026,1,0.23414570677753,-0.015046813427293766,0.4809989069649435,1
22318.707022,grid_0834_y535_z580,473.519,532.706,579.325,40.69752114072805,9.465,-0.035803865058228315,-0.12263556473894704,0.5230225860832511,1,0.03606804573944443,-0.05282254247578708,0.49409516861504055,1,0.09929031322718274,-0.010595568555673392,0.49215511654555644,1,0.1656576925066352,0.002143222982551078,0.48920313849775765,1,0.23432886295107616,-0.015054108466254181,0.48130001368489195,1
22337.756225,grid_0835_y540_z580,473.369,537.455,579.304,44.95650330041257,18.847,-0.02878840466014724,-0.11735242635764304,0.5004381546548007,1,0.04101562914772852,-0.05393745731327643,0.5007464933808163,1,0.10235826878515063,-0.011376385037707144,0.4923268578629193,1,0.1666845503504643,0.0021142891329535697,0.4866352210941496,1,0.23357619633922003,-0.014998890654956848,0.47906309591102564,1
22340.652889,grid_0836_y545_z580,473.54,542.488,579.512,49.65826039039232,2.514,-0.023497423129425793,-0.1171387857901747,0.4980982232749604,1,0.04538278111810207,-0.05414629524135722,0.49971331686636955,1,0.10677443485033425,-0.012006237810309227,0.5021507423685724,1,0.1657534343651984,0.0018276937218226225,0.4795837544047188,1,0.2348471343509737,-0.015026533993377474,0.48007849681037496,1
22396.949689,grid_0837_y550_z580,473.6,547.262,579.662,54.156282931899966,56.036,-0.017460852297903784,-0.11317022793673054,0.4813224341730138,1,0.047374031986973666,-0.05205292402351848,0.4767331301247494,1,0.1066129404535236,-0.012018564731716475,0.4863871887303556,1,0.17580532669232032,0.0012330344067637679,0.5047097033173678,1,0.23557617683289145,-0.015055336818540634,0.4812688699061355,1
22399.008662,grid_0838_y550_z585,474.067,548.238,582.415,56.09056515136934,1.906,-0.017195715669699,-0.12122616450572661,0.5004319798661289,1,0.050842832474875414,-0.057083815045568115,0.5008551047206136,1,0.10726856860804711,-0.013513749684712173,0.484312140109599,1,0.1677941083884339,0.000585584252906877,0.47858077099338603,1,0.23557617683289145,-0.015055336818540634,0.4812688699061355,1
22400.756685,grid_0839_y545_z585,473.675,547.607,583.235,55.830390057745454,1.736,-0.01714198895500799,-0.12207868824668122,0.4992348445339705,1,0.04996634428964661,-0.05737031811246354,0.49667112945729586,1,0.10762741793713881,-0.014102014175117888,0.4905345287354513,1,0.16759062853588652,0.0005277956090011526,0.4797408335481323,1,0.23557617683289145,-0.015055336818540634,0.4812688699061355,1
22402.894833,grid_0840_y540_z585,472.615,542.665,583.934,51.65910325392805,1.787,-0.02364506406180391,-0.12779950024402945,0.5220672158808495,1,0.04543391423924077,-0.05779076050737176,0.49670658259094064,1,0.10583200958057368,-0.01427079343384393,0.49589266249469965,1,0.16583592818186868,0.0005570185618874548,0.4801277374766081,1,0.2359258896600812,-0.015053600604850094,0.48240693600382756,1
22407.150664,grid_0841_y535_z585,472.527,537.516,584.195,47.25276756974139,4.004,-0.028764421352075353,-0.1231945637077744,0.500161032114263,1,0.04072473677581103,-0.05752267179522258,0.4935074939930905,1,0.10262583189090223,-0.014139832213676061,0.4953864164936235,1,0.16472064552422766,0.0005938057016671595,0.4808051368050803,1,0.23357619633922003,-0.014998890654956848,0.47906309591102564,1
22407.921427,grid_0842_y530_z585,472.344,532.542,584.525,43.19854712834686,0.5,-0.03327819843444588,-0.1232474990175674,0.5000180081883545,1,0.03744717083618454,-0.057666682332743205,0.4955645107793442,1,0.0999190605856948,-0.014065053637670633,0.49374960328598483,1,0.16378124745295697,0.0007161137250791088,0.48261064711470164,1,0.23423477962459416,-0.015047206239842015,0.4810203989631586,1
22423.74168,grid_0843_y525_z585,472.461,527.749,584.464,39.25882210408264,15.609,-0.039912695029738494,-0.12480983503833783,0.506540038281958,1,0.032525782439414605,-0.05790684645420009,0.49859876442854095,1,0.09414562636815907,-0.01341081776620321,0.481899348741266,1,0.16171127452646378,0.0006266553376330576,0.4821255961758849,1,0.23432886295107616,-0.015054108466254181,0.48130001368489195,1
22434.118494,grid_0844_y520_z585,472.357,522.871,583.975,35.18393835260634,10.136,-0.04567878512432276,-0.1245141223271756,0.5084209309308917,1,0.0280630159117311,-0.05687510093574649,0.4963838259648913,1,0.09486602822552216,-0.013313059673248988,0.4999627032014972,1,0.16673179730277354,0.0012708089950297348,0.5011199518919964,1,0.23426820086822847,-0.014958559699692054,0.48211206502679854,1
22436.717912,grid_0845_y515_z585,472.311,517.943,583.83,31.56421050810561,2.367,-0.050430624499123874,-0.1218459002527928,0.49858323446678376,1,0.023846163306900876,-0.05672581070283781,0.49668270145968596,1,0.09173754882139865,-0.01322306116222936,0.4995149147295579,1,0.1572010196070004,0.0016527351852932974,0.4788768048353548,1,0.23252555700877733,-0.014967987871905845,0.4797168432514369,1
22446.822235,grid_0846_y510_z585,472.234,512.725,584.459,28.813486234747806,9.854,-0.056738871157847565,-0.12463073224461951,0.506603043206633,1,0.01932805207577643,-0.05730894935553438,0.4994073737776706,1,0.08830985698028779,-0.012799038869879178,0.4960963796471944,1,0.15602342177744732,0.0018010606204210476,0.47996243342992295,1,0.23308146147470796,-0.015052881448466972,0.4813310201462692,1
22471.502115,grid_0847_y505_z585,472.272,507.61,584.831,26.626653901682882,24.468,-0.06271031445137114,-0.12620357317341746,0.5112768018168479,1,0.01548102939387407,-0.0572827819836728,0.4949711243516225,1,0.08526673548991955,-0.012700214787684214,0.4946500643104338,1,0.15505828342683678,0.0018325488284883945,0.48087871947710115,1,0.23308146147470796,-0.015052881448466972,0.4813310201462692,1
22507.059398,grid_0848_y500_z585,472.24,502.731,584.386,24.571646912651197,35.214,-0.06840735600105427,-0.1251997194458531,0.5094724811557027,1,0.011227801399632618,-0.05918472051700329,0.5204867337474987,1,0.08254172283958448,-0.012772296550913614,0.4969849999989301,1,0.15039918545226583,0.0017619744993462162,0.4723071798554531,1,0.23332611044642693,-0.01506820565696854,0.4831864179423584,1
22522.994725,grid_0849_y495_z585,472.615,497.717,584.19,23.61160030578201,15.743,-0.07318719694856035,-0.12390902182144382,0.504577180363553,1,0.006854399450421969,-0.056575681275531184,0.4986408377556264,1,0.08041340455905938,-0.012670707336808903,0.49981770054745056,1,0.15197218227093662,0.0019115679572332886,0.48291126476911905,1,0.23183396679370485,-0.015051655416867775,0.4813618712837306,1
22529.70266,grid_0850_y490_z585,472.509,492.797,584.202,23.89764467473734,6.467,-0.07957256323138345,-0.12454570890496842,0.5096745023781218,1,0.002658082594142527,-0.056306980616452985,0.49741501894250906,1,0.07620044865724984,-0.011806007835117552,0.4921477526610578,1,0.1517370281227889,0.002259657146212541,0.48647050296748884,1,0.23183396679370485,-0.015051655416867775,0.4813618712837306,1
22557.122552,grid_0851_y485_z585,472.587,487.768,584.358,25.33172220754049,27.208,-0.08496579876081255,-0.1254039762580544,0.5100583032811621,1,-0.0018329190111508777,-0.05828977856112442,0.5124542475573945,1,0.07254114944562594,-0.011584122759547823,0.48778273951434603,1,0.1503278131845126,0.0023635376474636146,0.487525620999377,1,0.23053916671742652,-0.014999234225967245,0.4792037455174247,1
22574.37555,grid_0852_y480_z585,472.36,482.667,584.508,27.656672612590338,17.021,-0.09195304862920546,-0.1272735369104973,0.5180586258047188,1,-0.006122856378567354,-0.056054295667744156,0.49536903137256694,1,0.06971577440013783,-0.011736677569409614,0.48800918506316454,1,0.15135095361065923,0.0026580416113071775,0.4975720941627385,1,0.235647859450667,-0.015015293971728367,0.49114396323610754,1
22594.671159,grid_0853_y475_z585,472.44,477.676,584.508,30.471780272901746,20.105,-0.09601369386154884,-0.12524437509271172,0.5091782497695075,1,-0.010204637436456901,-0.05618205100853636,0.4977532477673886,1,0.06818574439653616,-0.011490597390605182,0.49719330656115646,1,0.1462079561430261,0.002994194401807944,0.4846582064516763,1,0.23058637275938276,-0.015050429988834019,0.48139254767857464,1
22611.401138,grid_0854_y470_z585,472.496,472.738,584.336,33.63477761187075,16.385,-0.10359045229949651,-0.12754001065967152,0.5197791009091928,1,-0.015479001222777091,-0.05783250425150013,0.5200146913763346,1,0.06494200131665627,-0.011095403585755344,0.4967979067340837,1,0.14275477656852256,0.0030995316989705134,0.4796654764070151,1,0.23058637275938276,-0.015050429988834019,0.48139254767857464,1
22639.245464,grid_0855_y465_z585,472.502,467.918,584.267,37.16215017998829,27.663,-0.10728011601303672,-0.1256213768208077,0.5128926393904325,1,-0.018979133966372505,-0.05532250814397108,0.49735254403896445,1,0.06140786740158151,-0.010689413443948071,0.4918543334469803,1,0.1427384174240362,0.0033695680297198454,0.4849317765178076,1,0.23058637275938276,-0.015050429988834019,0.48139254767857464,1
22702.889987,grid_0856_y460_z585,472.483,462.951,584.346,41.159635190317225,63.443,-0.11466914782293067,-0.12746133325561743,0.5205169297929709,1,-0.023975193265471727,-0.05672894681232007,0.5101334156675555,1,0.058618176620937476,-0.010680217847858288,0.49210887786469176,1,0.14271404344654354,0.0034212655847690354,0.49020627050643867,1,0.22909924993734745,-0.01498972487924357,0.4788966476096174,1
22728.269556,grid_0857_y455_z585,472.424,457.807,584.37,45.47167848232567,25.177,-0.11615248308939358,-0.1233216861687872,0.5039244427316877,1,-0.0284730482380025,-0.05737575295069615,0.5160365827124619,1,0.05533369298041361,-0.01075087121988938,0.49174418059168756,1,0.1403308384322059,0.0035579541438652924,0.48701418643518296,1,0.2340464319845567,-0.015076314520827628,0.491130934122755,1
22753.491461,grid_0858_y450_z585,472.477,452.665,584.696,50.08326499939875,24.926,-0.12588678340389906,-0.12787523517704827,0.5209882507897091,1,-0.03256063017143473,-0.056662309996161835,0.5126375820746233,1,0.05187582862070939,-0.010419898702628373,0.48699108284372594,1,0.13854081291671522,0.003632263949262314,0.4870634834892149,1,0.2302079542531566,-0.015033664983674023,0.4832928639045897,1
22794.907089,grid_0859_y445_z585,472.476,447.626,584.796,54.59906820633485,41.216,-0.1321868154282455,-0.12800984244265584,0.5210663411642668,1,-0.037137137734308295,-0.05682706949830346,0.5109136723419934,1,0.051382374386870704,-0.011147710488545827,0.5111476282326562,1,0.13972634207951348,0.0038714939131413366,0.49753616530079003,1,0.22933867261631297,-0.015049204743037952,0.48142302832051675,1
22810.839077,grid_0860_y440_z585,472.714,442.532,584.73,59.18056918448828,15.75,-0.13764688950348306,-0.12790704043632536,0.5205089030109257,1,-0.04154446870019341,-0.05705581658959041,0.5161850445693843,1,0.045909641171702154,-0.009854326233578332,0.4823575535712131,1,0.13400429428034077,0.004293353189251222,0.48157158025776947,1,0.22971646614450503,-0.015045669846425897,0.4824787846218753,1
23093.86185,grid_0863_y425_z585,472.916,427.762,584.608,72.8762906369417,42.168,-0.15353609362197201,-0.12758530403124663,0.5192636266658506,1,-0.055097896974933266,-0.05732796517878455,0.5187701245196481,1,0.037648119860503454,-0.00949055354631194,0.490698328143684,1,0.12905085776334274,0.0043272450366893395,0.4815262044867445,1,0.22809085892551284,-0.015047979214486897,0.4814532904041619,1
23126.570972,grid_0864_y420_z585,472.856,422.699,584.621,77.67879492499866,32.436,-0.15371459265222218,-0.1232141734227387,0.5025204996696958,1,-0.05930420877655064,-0.05582312760703325,0.5149802959514868,1,0.03447073818525963,-0.00937017156346729,0.48948045942316665,1,0.12891492102681018,0.004539509800246423,0.4860391960026028,1,0.2319246338508364,-0.014940079403377297,0.4895896240634612,1
23129.284058,grid_0865_y415_z585,472.652,417.7,584.914,82.53362566251407,2.51,-0.16526903457377298,-0.12832305443534464,0.5221289493765896,1,-0.06313358560660211,-0.056278347094001965,0.5162233493558963,1,0.03171611970718339,-0.009382195224254321,0.4870735542690867,1,0.12721906358870183,0.004553069156313521,0.48622414845228157,1,0.2333551299607224,-0.015099778850534984,0.49332730382298545,1
23400.163396,grid_0868_y400_z585,472.855,402.691,585.165,97.0406070776559,30.137,-0.18317753478421966,-0.12926863356650836,0.5260030779907058,1,-0.07616126242516891,-0.055440259468017,0.5111332046626075,1,0.02372596361983776,-0.009469264594975133,0.5094498898579781,1,0.12490679714195156,0.005033889781148432,0.49488768748590944,1,0.22502330523755698,-0.014340309239254688,0.4778375486838048,1
23539.271523,grid_0870_y405_z590,472.645,403.357,589.183,97.4978182832826,18.704,-0.1825874000038137,-0.13357725029780143,0.5257341817955565,1,-0.07647799293490856,-0.05985754825444274,0.5191638844381645,1,0.023155552436912225,-0.010889951419831038,0.4931659000741868,1,0.12217090384276111,0.004229301752055527,0.483941008871851,1,0.2189123060052644,-0.014205728088714694,0.4648958101772782,1
23613.18144,grid_0871_y410_z590,472.828,407.817,590.169,93.5493843539336,73.607,-0.17593540562466814,-0.13390571158116815,0.5213958353618862,1,-0.07248193574917541,-0.061343833127750075,0.5188571497990428,1,0.025843199432159097,-0.011792729796067752,0.48419153848073093,1,0.12407202603844575,0.0033976568386495775,0.48645561201005666,1,0.2189123060052644,-0.014205728088714694,0.4648958101772782,1
23871.554999,grid_0874_y425_z590,472.675,423.041,589.932,79.16380592796182,17.643,-0.15364175878476405,-0.12892436598390677,0.5031700763567452,1,-0.05913100123700735,-0.06129540279592538,0.5189750752539876,1,0.03695655162625933,-0.012458965257858681,0.511271214564373,1,0.12877174606888375,0.0032509104851350845,0.48532365029784985,1,0.22809085892551284,-0.015047979214486897,0.4814532904041619,1
23895.679081,grid_0875_y430_z590,472.77,428.056,589.723,74.44650883688233,23.973,-0.15553751118936043,-0.1350547345804486,0.5269218111078015,1,-0.054988491116773335,-0.06129560975693259,0.5184061701623504,1,0.03946589701703656,-0.012441887197092043,0.5104097416750641,1,0.12905073646020618,0.0030869181197150934,0.48152430792309314,1,0.22809085892551284,-0.015047979214486897,0.4814532904041619,1
23924.304627,grid_0876_y435_z590,472.936,432.905,589.849,70.06176475796201,28.454,-0.14840838647760607,-0.13329659628897117,0.5201278508107433,1,-0.049508940685368014,-0.060462266700216316,0.5109789648168505,1,0.040035895121982516,-0.012209001195745344,0.4831120856265285,1,0.13169717760551988,0.003052640195585654,0.48525179625876913,1,0.22934739516645375,-0.015022243579626653,0.4841725582392392,1
23940.088749,grid_0877_y440_z590,472.908,437.698,590.134,65.86387717861744,15.633,-0.14003170159039208,-0.13117371645273607,0.5092926190806458,1,-0.0459348649340828,-0.06129857692874989,0.5158440098446971,1,0.04285271252925951,-0.012641049866370796,0.48325225935680194,1,0.13226926278651951,0.003048753967256836,0.48026453545999176,1,0.22867609515068726,-0.015044781066858262,0.4814503650082525,1
23981.17127,grid_0878_y445_z590,472.955,442.468,590.278,61.7062539294033,40.932,-0.13409591532236004,-0.13064146072252114,0.5070418454891831,1,-0.04190439415704429,-0.061861091075133066,0.5186054228977632,1,0.04582960841670379,-0.012946267985777225,0.4863118005877507,1,0.13596865636489663,0.0028795965670261716,0.4885219520674497,1,0.22840459193279128,-0.015010758512716178,0.47984438726930395,1
24012.496638,grid_0879_y450_z590,472.907,447.477,590.092,57.26887022632804,31.062,-0.12964042067469234,-0.1316661723530991,0.5114797288405158,1,-0.03802142738519386,-0.06180040523765339,0.5189165869429306,1,0.051382866759241176,-0.013774163419792878,0.511142349799825,1,0.139719583866244,0.002589848739788879,0.49751207334118386,1,0.22933867261631297,-0.015049204743037952,0.48142302832051675,1
24030.439149,grid_0880_y455_z590,473.088,452.722,589.811,52.68544757331008,17.751,-0.11905768918626755,-0.1262844055230179,0.4911206770152261,1,-0.0328114910762171,-0.06176064463486352,0.5194131593242607,1,0.051739604022529,-0.012813932765022438,0.4844399762078193,1,0.1377544918335986,0.00253056352052742,0.48292714123004554,1,0.22933867261631297,-0.015049204743037952,0.48142302832051675,1
24125.166909,grid_0881_y460_z590,472.909,457.991,589.557,48.235001129884964,94.576,-0.12019040265122359,-0.13315281487707523,0.5205593797053786,1,-0.028811031719834165,-0.06176414014120198,0.5194771337539894,1,0.056070879535144086,-0.013202354109999927,0.4919322604426764,1,0.1432184865934807,0.002482901895979257,0.4962691289895611,1,0.22948417900943763,-0.015019794068168314,0.4814854399677341,1
24149.683013,grid_0882_y465_z590,472.981,463.091,589.483,44.21328657767932,24.234,-0.11108313791739655,-0.12929457321541665,0.5039829199847595,1,-0.02348988319679867,-0.06184390754573252,0.5199194378003757,1,0.058376724380325345,-0.01297267707641004,0.48756661771279686,1,0.14179855857729895,0.0021306449760946375,0.4863144875700217,1,0.22909924993734745,-0.01498972487924357,0.4788966476096174,1
24178.681563,grid_0883_y470_z590,472.95,467.772,589.586,40.856132085649065,28.847,-0.10590742601550053,-0.12932836455911254,0.5042273872763182,1,-0.019483613094261748,-0.06245770075838808,0.5201850167852453,1,0.06191472988593373,-0.013953466966532688,0.49555383397245445,1,0.14103793474153148,0.001985321609422207,0.47851845187133124,1,0.23058637275938276,-0.015050429988834019,0.48139254767857464,1
24181.374733,grid_0884_y475_z590,472.988,472.53,589.746,37.77690655678416,2.521,-0.10159396345968895,-0.13092815726938778,0.5091097840801144,1,-0.01457060114687603,-0.059990622055044435,0.4959230255559886,1,0.06488960384623706,-0.013989389098193066,0.49666950101707075,1,0.1433113794870984,0.0019692774366126082,0.48120871975071045,1,0.23058637275938276,-0.015050429988834019,0.48139254767857464,1
24208.019684,grid_0885_y480_z590,473.068,477.538,589.758,34.814911474826474,26.462,-0.09619142424083832,-0.13125224055996365,0.5101479597612619,1,-0.009942180105597876,-0.059895509738688825,0.4954837139413151,1,0.0685051863628753,-0.014046422282619918,0.4971817072154284,1,0.1451508781259855,0.0018382087625643893,0.4811328930203921,1,0.23058637275938276,-0.015050429988834019,0.48139254767857464,1
24227.468578,grid_0886_y485_z590,473.115,482.775,589.806,32.29472429050921,19.258,-0.09010141349858494,-0.1311522098958144,0.5094505612281736,1,-0.006136069121888336,-0.06314698576826236,0.5199765022256533,1,0.06973094548246381,-0.014137063002987267,0.4873598232168148,1,0.14724771433934258,0.001669425090912602,0.4829488653718059,1,0.2343169001914923,-0.014961190317662972,0.4880894851012868,1
24232.735215,grid_0887_y490_z590,473.34,487.58,589.188,29.964539592658557,5.113,-0.0853449727332315,-0.13070504800925667,0.5102507690916411,1,-0.0016255777664077298,-0.06007356362624617,0.49738527682346184,1,0.07378419719001195,-0.013978700378504107,0.49426513538192396,1,0.14831792742771413,0.0015441129360509002,0.4805445777738625,1,0.23072413815689485,-0.015006722967524463,0.4795120491983255,1
24245.0702,grid_0888_y495_z590,473.198,492.774,589.749,29.3889788526244,12.124,-0.07943230819971842,-0.13094488741317606,0.5088368357090527,1,0.002593078793713512,-0.060701351466078204,0.4955364470582516,1,0.0775046018328217,-0.01506649823386819,0.49756485299017794,1,0.1520464568311526,0.0007829501921936518,0.48741884092010035,1,0.23183396679370485,-0.015051655416867775,0.4813618712837306,1
24249.84663,grid_0889_y500_z590,473.241,497.454,589.754,29.161167980724027,4.596,-0.07421833934880756,-0.13101204285215504,0.5091804048834732,1,0.0065962186452625735,-0.06121311189326349,0.499211877986751,1,0.07994720898936528,-0.015223828782690484,0.495584750937504,1,0.151803142979814,0.0006245646646109524,0.4807226033255634,1,0.23183396679370485,-0.015051655416867775,0.4813618712837306,1
24272.437464,grid_0890_y505_z590,473.044,502.471,589.896,29.87625766390431,22.288,-0.06820627279979441,-0.13133471302956562,0.5077693088618942,1,0.011658235446750435,-0.06462145840385146,0.5238579091043457,1,0.08226395722355603,-0.015229227890166227,0.49428071524401784,1,0.15526954210156182,0.000590739123752563,0.486628878663676,1,0.23202157008983534,-0.01502960013168979,0.48087876239426686,1
24289.554054,grid_0891_y510_z590,473.172,507.718,589.284,30.766728799142808,16.915,-0.06250022454162638,-0.1308941012712092,0.5097424845589458,1,0.015300248663512473,-0.060982327990567284,0.49794579234688174,1,0.08483213268714848,-0.01524354064440138,0.4907560234373033,1,0.15505819595534187,0.0005922168223428458,0.48087642903283045,1,0.23308146147470796,-0.015052881448466972,0.4813310201462692,1
24297.835856,grid_0892_y515_z590,473.264,512.943,589.075,32.84008058759914,8.05,-0.056101392391491416,-0.12897456541935926,0.5023165349211434,1,0.01969742282247023,-0.06074827637321087,0.4969378529863119,1,0.0879826984891739,-0.015199694095786255,0.4925495355958383,1,0.15681019884913944,0.000564943886731223,0.481810265929559,1,0.23308146147470796,-0.015052881448466972,0.4813310201462692,1
24309.338885,grid_0893_y520_z590,473.114,517.307,589.325,35.42041288579238,11.322,-0.051981115350513814,-0.1309437631312811,0.509732463952,1,0.023510655613435516,-0.06073222126331952,0.4956990693975931,1,0.09195586359800403,-0.01580111178976735,0.4998230762565628,1,0.1593031558569421,0.000327956060121393,0.4849244677983191,1,0.23308146147470796,-0.015052881448466972,0.4813310201462692,1
24319.61289,grid_0894_y525_z590,473.367,522.569,589.749,39.053769625991336,9.992,-0.0455418778363811,-0.12938262925958968,0.5009617346933928,1,0.02821841902337421,-0.06212908749761335,0.497524790956382,1,0.0934711750980643,-0.01595613467977245,0.4904762474516392,1,0.16670991748981606,-0.00010671378866513878,0.5010137010583134,1,0.23332298773363702,-0.015069018658215961,0.47992741014953044,1
24320.923392,grid_0895_y530_z590,473.225,527.064,589.609,42.08155238343762,1.14,-0.040387101768540136,-0.12896058035229688,0.5000377729860259,1,0.03196260289492418,-0.0623457154269294,0.49713118203411316,1,0.09576103942335032,-0.016543576458190715,0.49096380393784445,1,0.16296184856323692,-0.0001920266250386064,0.4860707186670986,1,0.23396255060398385,-0.015039518388333348,0.4806978002449951,1
24326.477449,grid_0896_y535_z590,473.601,532.089,589.235,45.621991473411256,5.303,-0.0349378107033464,-0.12865239653951968,0.5000523990423605,1,0.036520635576368796,-0.061831988502068336,0.4959192568912457,1,0.09929677129272721,-0.016299175830649083,0.4906156650058774,1,0.16510462835222597,-0.00038200985282528256,0.4855717424511369,1,0.23432886295107616,-0.015054108466254181,0.48130001368489195,1
24334.00784,grid_0897_y540_z590,473.309,537.441,589.176,49.86463332864295,7.289,-0.02911209462769686,-0.1315635901920567,0.5118332650650925,1,0.040954910866782435,-0.06193540577522563,0.49527044433258094,1,0.10184940240710824,-0.016580155889754374,0.48884199907414294,1,0.1651379142890267,-0.0005840275937027816,0.4812562140262816,1,0.23357619633922003,-0.014998890654956848,0.47906309591102564,1
24340.346317,grid_0898_y545_z590,473.271,542.891,589.534,54.60951822713693,6.048,-0.022352137733966767,-0.12896635052334884,0.5002035741863936,1,0.04594483752870526,-0.062239804605900645,0.4950586016044727,1,0.10676235467182753,-0.017005723064294057,0.4984543704582183,1,0.1671555483326982,-0.000774216401830501,0.4827575168010624,1,0.23557617683289145,-0.015055336818540634,0.4812688699061355,1
24342.314115,grid_0899_y550_z590,473.176,547.228,589.671,58.400827819475325,1.767,-0.018261658591341757,-0.13446105646840845,0.5216979264105206,1,0.05006611738883272,-0.06287509591876123,0.4978765597426038,1,0.10736674670336885,-0.01746447842882122,0.4884516213278969,1,0.16910217826662763,-0.001039916576318389,0.4841486067294705,1,0.23557617683289145,-0.015055336818540634,0.4812688699061355,1
24343.94176,grid_0900_y550_z595,473.637,548.435,592.622,60.95152881593699,1.466,-0.01591237829757027,-0.1328383940321494,0.5001435160398747,1,0.05130817982811289,-0.06569497393604226,0.4981725091060938,1,0.10862776432377755,-0.019090013826834316,0.49017217863260565,1,0.17006081387642386,-0.0021337632632536653,0.48529932327088054,1,0.23548266381775013,-0.015048509742079568,0.4809919749696139,1
24358.906961,grid_0901_y545_z595,473.27,547.582,593.262,60.56673972569434,14.953,-0.017241416782705257,-0.1363774181252832,0.5098571588846368,1,0.04993861992534706,-0.06562274255899807,0.49547640734174825,1,0.10885689492609218,-0.019128428557272044,0.4931078444804445,1,0.17182859647604753,-0.0022009921928311544,0.4915578120048688,1,0.23557617683289145,-0.015055336818540634,0.4812688699061355,1
24368.098914,grid_0902_y540_z595,472.717,542.986,594.049,57.20581329725155,8.92,-0.022310895039724957,-0.13404745275388247,0.49929344822174043,1,0.04618392026770057,-0.06657877826871295,0.4974273762578806,1,0.10355922787239369,-0.019184352562607455,0.4813577468812259,1,0.17226674329100955,-0.002067113077510194,0.496423525622383,1,0.23557617683289145,-0.015055336818540634,0.4812688699061355,1
24369.761518,grid_0903_y535_z595,472.274,537.882,594.385,53.36409142860019,1.36,-0.02845998608046973,-0.13746293955278333,0.5112364179163558,1,0.04111350628247363,-0.06563393459038239,0.49073041015640273,1,0.10156364328275082,-0.019214139175714948,0.4876968618602605,1,0.16655060679235809,-0.0018721505405941072,0.4856642640366915,1,0.23394372383316012,-0.015013736834383517,0.47964777474150544,1
24381.678869,grid_0904_y530_z595,472.247,532.677,594.6,49.5923089299138,11.667,-0.03422943128655154,-0.13703661318790517,0.5082644113597017,1,0.03722982308333519,-0.06654098391156218,0.49740868954353057,1,0.10038029206234764,-0.01945564669510261,0.49652824633100784,1,0.1655304221659331,-0.0016468604755640348,0.4869377701027332,1,0.23432886295107616,-0.015054108466254181,0.48130001368489195,1
24399.354264,grid_0905_y525_z595,472.449,527.554,594.264,45.74672738021818,17.321,-0.0413814535239818,-0.14080435374025488,0.5249597391988065,1,0.03305673086146289,-0.06649127470525601,0.49909908519346236,1,0.09592867111006839,-0.01911944851111725,0.48968387062932384,1,0.16296810347623084,-0.00104526409003386,0.4852278118028699,1,0.23432886295107616,-0.015054108466254181,0.48130001368489195,1
24492.304814,grid_0906_y520_z595,472.682,522.802,594.179,42.60311469834106,92.77,-0.04686316853111897,-0.14101737869047093,0.5256998236608063,1,0.028466252034079327,-0.06528798602215888,0.4932670371720126,1,0.09581613308607381,-0.01887552404936966,0.49957899873445455,1,0.16145731193443996,-0.0009328336212307859,0.4843758858194815,1,0.23286361356270696,-0.014995748154570849,0.4788911599253045,1
24498.91682,grid_0907_y515_z595,472.609,517.702,594.198,39.683933146803916,6.36,-0.050357666197138926,-0.13405668742030727,0.4993893358235514,1,0.024613518902807517,-0.06540515772691827,0.49582808831576297,1,0.09079072452115411,-0.018290340320596517,0.49057862329708135,1,0.16010837677230594,-0.0009762420328498958,0.48602337685674807,1,0.23270283922715254,-0.015024967601917414,0.4802015432846342,1
24520.48761,grid_0908_y510_z595,472.56,512.55,594.381,37.36313640475062,21.36,-0.057394492532142086,-0.13735860546379505,0.5105602922648752,1,0.019578759037480915,-0.06522820515596367,0.49408304803900527,1,0.08944129280277367,-0.018621195633075918,0.49990830034069833,1,0.15841012915816605,-0.0009305023515367344,0.4860444270453934,1,0.23308146147470796,-0.015052881448466972,0.4813310201462692,1
24524.941433,grid_0909_y505_z595,472.256,507.632,594.618,35.76886798600157,4.112,-0.06268047174012614,-0.1373565148148204,0.510682467221589,1,0.015703373754225494,-0.06596522800116955,0.49909702063534084,1,0.08393321203512472,-0.017904446418613724,0.4865933549631768,1,0.15692831215139252,-0.0007896455468405095,0.4877390451430857,1,0.23308146147470796,-0.015052881448466972,0.4813310201462692,1
24528.059072,grid_0910_y500_z595,472.317,502.686,594.442,34.386950286409586,2.867,-0.06776048373704187,-0.13638103448617955,0.509569102339601,1,0.011598046060956236,-0.06447091161216326,0.4915041890639329,1,0.08278402272224106,-0.018092500809059726,0.49536732029326813,1,0.15330761765465292,-0.0006359423689082706,0.48031452095287963,1,0.23244663508236812,-0.015045710083549935,0.4812736054597564,1
24669.905717,grid_0912_y490_z595,472.56,492.855,594.278,33.87648635853495,21.328,-0.07608958178836585,-0.13220445207657128,0.4930243117979402,1,0.0030937863714191986,-0.06454918432023557,0.4953433936373637,1,0.07790611547611684,-0.0177893726466236,0.5002363691485013,1,0.15111643008307674,-0.0003119961180613367,0.4836563243885096,1,0.23183396679370485,-0.015051655416867775,0.4813618712837306,1
24696.654932,grid_0913_y485_z595,472.697,487.628,594.189,34.75259430603708,26.526,-0.08402031087745694,-0.1355206805496868,0.5062547875059347,1,-0.001309789175440989,-0.06515575898074255,0.5021124070515801,1,0.07464751656621203,-0.01767215052033149,0.49704458380198757,1,0.1547727138278264,-6.676757678069426e-05,0.5002855784402352,1,0.23183396679370485,-0.015051655416867775,0.4813618712837306,1
24718.439496,grid_0914_y480_z595,472.582,482.471,594.508,36.71764295267339,21.531,-0.09010921759323834,-0.13642137731641704,0.5093503471559954,1,-0.0056392701486535175,-0.06472834172238562,0.4983263515844427,1,0.07040421291573745,-0.017327192273099184,0.48935318754431106,1,0.14682014691734208,0.00018508063740523283,0.4816835588623913,1,0.23057924138502695,-0.015015841799594221,0.47992351176146886,1
24729.825218,grid_0915_y475_z595,472.521,477.48,594.759,39.127820422303145,11.174,-0.09678642540390116,-0.13874242029414174,0.5166729971723735,1,-0.01050569556449126,-0.06485697541990965,0.49806718509662473,1,0.06839062404612276,-0.01703103054654819,0.4971499089436365,1,0.14592500322759333,0.00041445066426231065,0.4844306312591732,1,0.23058637275938276,-0.015050429988834019,0.48139254767857464,1
24757.627294,grid_0916_y470_z595,472.541,472.667,594.457,41.441395705260746,27.622,-0.10037093711695991,-0.13608229894659185,0.5076784982528888,1,-0.014982790278452535,-0.06616686600579658,0.5120890429654197,1,0.06478688114045796,-0.01642823096510192,0.49135890509949726,1,0.14397867136835812,0.0005116719852738291,0.4818365748221033,1,0.23058637275938276,-0.015050429988834019,0.48139254767857464,1
24882.057138,grid_0918_y460_z595,472.61,462.73,594.215,47.69560044700143,3.877,-0.11112543895292147,-0.13455444759572296,0.5040413677238779,1,-0.023912267274948003,-0.06662690289599735,0.5192029165597203,1,0.05916614953475679,-0.01640946932680215,0.49917215038346074,1,0.14018065049537812,0.0007046401878260014,0.4819342684182859,1,0.22969905768344,-0.015029178413617256,0.48056925190289257,1
24896.141122,grid_0919_y455_z595,472.587,457.826,594.249,51.31425255228806,13.882,-0.11630034633319784,-0.13451940243016472,0.5037949698726035,1,-0.026529597396276954,-0.06383387187989092,0.496251032401867,1,0.05600037941796264,-0.01573889053656483,0.4909165830265516,1,0.13980659948803398,0.0007112004358226892,0.48430225293269985,1,0.22856764748218722,-0.014991495955870826,0.4790963452676657,1
24907.125813,grid_0920_y450_z595,472.29,452.925,594.69,55.38156292485798,10.775,-0.12230100916179465,-0.13587862316977412,0.507165219187075,1,-0.03266543202595165,-0.06654809565152585,0.5184862638347478,1,0.05324695707521541,-0.016518199921981083,0.4979775170834785,1,0.13760984933554543,0.001111696417151223,0.4832325681007974,1,0.22933867261631297,-0.015049204743037952,0.48142302832051675,1
24933.737158,grid_0921_y445_z595,472.419,447.819,594.892,59.60359234979049,26.431,-0.13110318995561784,-0.14009600150165827,0.5210973956447766,1,-0.03678293801683233,-0.06640458116373597,0.5190977564926247,1,0.049944673986661345,-0.01596665648258974,0.4918683967777302,1,0.13558432766094852,0.0011120975107909233,0.4813580772732886,1,0.22933867261631297,-0.015049204743037952,0.48142302832051675,1
25069.003343,grid_0923_y435_z595,472.719,437.726,594.765,68.0419525513488,14.756,-0.13969515400079852,-0.1370506243914988,0.5119161367287993,1,-0.045691571796444605,-0.06601537562132642,0.5182508698349815,1,0.04357579942769049,-0.015588823282235325,0.4894626132912049,1,0.1333488015125377,0.0015464424822775771,0.485412649941656,1,0.22974071430188808,-0.015028550060786362,0.48380738476929486,1
25097.985905,grid_0924_y430_z595,472.946,432.642,594.487,72.35302728981006,28.782,-0.14841358410258287,-0.13868553602026118,0.520018230804361,1,-0.04908332175644202,-0.06402479303543106,0.5078602127003015,1,0.0425134049299448,-0.015445451496277046,0.5102621737135142,1,0.13056961557129265,0.0017571984900534372,0.4797016409560825,1,0.22809085892551284,-0.015047979214486897,0.4814532904041619,1
25174.496861,grid_0925_y425_z595,472.879,427.705,594.34,76.68539846020235,76.319,-0.16050540281338602,-0.1450466848410264,0.5439195116600932,1,-0.05368213968254022,-0.06460061673312092,0.5126909314254785,1,0.03958011437058305,-0.015085898389987518,0.5112480122921877,1,0.1303065797395041,0.002040071322487195,0.4864022074796611,1,0.22809085892551284,-0.015047979214486897,0.4814532904041619,1
25211.809906,grid_0926_y420_z595,472.928,422.588,594.405,81.33890637327254,37.141,-0.1591703115928805,-0.1386867612724838,0.5197399776287858,1,-0.05908926148109166,-0.06536092707000023,0.5185139818067208,1,0.03591977955100044,-0.01486275315915158,0.5027832829359267,1,0.12781211361418973,0.0018471911349192947,0.48155078808900265,1,0.22809085892551284,-0.015047979214486897,0.4814532904041619,1
25227.940844,grid_0927_y415_z595,472.867,417.581,594.873,86.10359059876656,15.857,-0.1618020949836998,-0.13700284270320207,0.5109132997749026,1,-0.06223816062135211,-0.064179534425384,0.5089210079288343,1,0.03245316008519603,-0.014946916298216662,0.49464071857533753,1,0.12742886259859373,0.002002051656716871,0.485330023510202,1,0.22658887330704675,-0.014985642665091415,0.478897085947675,1
25262.628413,grid_0928_y410_z595,472.677,412.719,594.979,90.625129969562,34.467,-0.16564934610601292,-0.1359869730869961,0.506465144484556,1,-0.0674496528318074,-0.06503513833048084,0.5157356574973757,1,0.03039960503632573,-0.01508519073902516,0.5113203031536844,1,0.1249572125693992,0.0025391277050091973,0.48294512850494214,1,0.2313560310030066,-0.014997509551476919,0.4898090625501094,1
25502.851728,grid_0930_y400_z595,472.848,402.643,595.253,100.11555833635454,119.686,-0.17720763345806165,-0.136699314833393,0.5091282482687308,1,-0.07640854416718747,-0.065357302938102,0.5181949614793583,1,0.02315573745771164,-0.014394572218504122,0.4899915006367648,1,0.12275871864819476,0.002144319977567921,0.4862327672502856,1,0.22684292347535978,-0.015046752888763726,0.4814833090927647,1
25516.026652,grid_0931_y400_z600,472.268,402.238,597.654,101.35044685150629,12.913,-0.18068708437948341,-0.14138588314517067,0.5191110002575519,1,-0.0764214973109675,-0.06733745531798521,0.5177973671135709,1,0.023823826143508628,-0.01694442442980674,0.5111640993967663,1,0.12191033617989486,0.001614716619681703,0.484319431686967,1,0.22684292347535978,-0.015046752888763726,0.4814833090927647,1
25520.321244,grid_0932_y405_z600,472.843,402.712,599.215,101.49084949393223,4.18,-0.18068988577376094,-0.14408016272466126,0.5190591547760021,1,-0.07660460125184397,-0.06888827172710336,0.5201001897939068,1,0.023333351506662735,-0.016772346991393586,0.4905812699200034,1,0.12297552058107514,0.0012786502282140903,0.48726039814209593,1,0.22684292347535978,-0.015046752888763726,0.4814833090927647,1
25621.723956,grid_0933_y410_z600,472.673,407.896,600.149,97.09355349867467,101.193,-0.16843321673636766,-0.14005927617639363,0.5003690987335967,1,-0.07132338388801135,-0.06956286601763784,0.5175031189353698,1,0.02661029876038885,-0.017256923128321,0.48899345985883286,1,0.12497985305895327,0.000953612487190715,0.48800909417262694,1,0.22885717253171814,-0.014999707430920595,0.48586923307871654,1
25720.056159,grid_0934_y415_z600,472.628,413.014,600.059,92.40437510204805,98.181,-0.17159051858767127,-0.1471385782572267,0.5273713199568822,1,-0.06751472331221663,-0.06979347550719835,0.5189961485051197,1,0.02937477209916606,-0.01736343099576325,0.4890223721183785,1,0.12558398503188345,0.0009619827337924322,0.485037290911632,1,0.2319792623315485,-0.01499440012070657,0.49105550455520264,1
25734.073222,grid_0935_y420_z600,472.758,418.005,599.832,87.81501304446752,13.762,-0.16502077973460183,-0.14569109953550902,0.5242634895400488,1,-0.06284401489344105,-0.06933530682274376,0.515593449900164,1,0.033057831996486514,-0.017775633898121118,0.5001659916117769,1,0.1272896487668752,0.0007539158049482999,0.48466417245151616,1,0.22658887330704675,-0.014985642665091415,0.478897085947675,1
25771.968001,grid_0936_y425_z600,472.868,422.785,599.806,83.55330085639945,37.743,-0.16164477658535226,-0.1475774204560199,0.5297825248971162,1,-0.05898340095915946,-0.06990295842212246,0.5178510225213881,1,0.03529077386267794,-0.017772414166001144,0.4958437927867064,1,0.12763680480758324,0.0006952827287996237,0.4806494050425306,1,0.22809085892551284,-0.015047979214486897,0.4814532904041619,1
25774.722107,grid_0937_y430_z600,473.042,427.707,599.712,79.19384870051462,2.593,-0.15587747401318908,-0.14731693046983263,0.5288260763319296,1,-0.05387781820366797,-0.06935671828435505,0.5169290352872311,1,0.03940048465785353,-0.01774920389965802,0.49786229715462216,1,0.13141270281603412,0.0006613180486910871,0.4857917912172427,1,0.22809085892551284,-0.015047979214486897,0.4814532904041619,1
25806.765966,grid_0938_y435_z600,472.989,432.57,599.982,75.1445394822538,31.861,-0.1508790584460687,-0.14842546490635297,0.5308026954893836,1,-0.05051814467704753,-0.0705792271115852,0.5231857580875305,1,0.04155917890218505,-0.01789093225650776,0.49581291152085205,1,0.13222941248402192,0.0002794108412715455,0.4860659255470699,1,0.22809085892551284,-0.015047979214486897,0.4814532904041619,1
25821.901163,grid_0939_y440_z600,472.952,437.676,599.869,70.78336195745442,15.002,-0.14217200032483734,-0.1453237570165735,0.5207103418440389,1,-0.0450490313213871,-0.06949137662152427,0.5119329942642952,1,0.043591852108328666,-0.018201462143189656,0.4901534239873483,1,0.1334071705144364,0.00027122526644074213,0.4860579884513117,1,0.23272584574629784,-0.015005852096616366,0.48998997082042806,1
25825.154845,grid_0940_y445_z600,472.654,442.876,600.294,66.77134841382195,3.093,-0.1363185692551105,-0.14542192734629764,0.5201747168824227,1,-0.04107868040877944,-0.07085435622186015,0.5172787902799845,1,0.04802877137242239,-0.018957074241494905,0.5008464414371436,1,0.1356610712294153,5.931886379728903e-05,0.4868362694050912,1,0.2302694264639989,-0.01511955793216493,0.4838169291533279,1
25827.918559,grid_0941_y450_z600,472.773,447.865,599.871,62.56254273924614,2.593,-0.13094010591433147,-0.14542223070368002,0.5203030957593336,1,-0.037203753378741815,-0.07097795432181944,0.5182462583965739,1,0.050984518495869297,-0.019036463108760657,0.5012132336235293,1,0.13533714449737402,0.00014659981357414406,0.479313032178168,1,0.22933867261631297,-0.015049204743037952,0.48142302832051675,1
25832.305441,grid_0942_y455_z600,472.863,452.991,599.733,58.567557145573346,4.214,-0.12572752695277734,-0.1453567078151493,0.5213221879557329,1,-0.032196154178124804,-0.07066406190670321,0.5176225718800909,1,0.05356527486047768,-0.01841163013394623,0.49391910979211207,1,0.13899261699303125,-5.076300822027511e-05,0.4853891258496392,1,0.2290495381910158,-0.01502756394785028,0.4805505221756976,1
25841.322128,grid_0943_y460_z600,473.229,457.642,599.4,54.95946246098119,8.835,-0.11731628715496727,-0.14127079516432275,0.507848233174016,1,-0.028090972218236226,-0.07063758800780048,0.5185054942688465,1,0.05635843810922615,-0.01888001688283502,0.49620940944959213,1,0.13993204392243686,-0.00027059671445108245,0.48435428898373933,1,0.2293106597086884,-0.015030110139700223,0.4807576518247574,1
25883.808303,grid_0944_y465_z600,473.12,462.597,599.609,51.72513741886054,42.222,-0.11480448551630366,-0.1454243679883293,0.5206711071691659,1,-0.02341349910837825,-0.07081653181845882,0.5179275838131694,1,0.059573691606584586,-0.019156400146527936,0.497278201757494,1,0.14021736187013614,4.626306628194735e-05,0.48041402435420916,1,0.23019308576543218,-0.015029262086137512,0.481031535197717,1
25912.20577,grid_0945_y470_z600,473.198,467.73,599.611,48.510147948650925,28.222,-0.1084314753927658,-0.14459938066859776,0.5178199728502983,1,-0.018348899477434486,-0.06833594212958494,0.4967831296389481,1,0.060707527708003146,-0.018458853039239685,0.4809605094435434,1,0.14239993519639638,-0.0007182883377996939,0.48115647827328945,1,0.23058637275938276,-0.015050429988834019,0.48139254767857464,1
25949.666313,grid_0946_y475_z600,473.018,472.683,599.82,45.916492461859576,37.298,-0.10065898864493336,-0.14180865646700694,0.5068166589946284,1,-0.014187744420463479,-0.0688003124400893,0.49782441386410814,1,0.06602467854327018,-0.019567491895206714,0.5006191033645769,1,0.14378652402192205,-0.000730947017730353,0.48104184979487974,1,0.23058637275938276,-0.015050429988834019,0.48139254767857464,1
25970.140843,grid_0947_y480_z600,473.09,477.727,599.746,43.43945722497005,20.293,-0.09567512205356284,-0.14274952590131895,0.5104364239484867,1,-0.009867726086781117,-0.07270626482615686,0.5237272621082807,1,0.06868805543688619,-0.01984384232606376,0.49828546199250745,1,0.1455306474836105,-0.0008726792477602185,0.48173225199597963,1,0.23058637275938276,-0.015050429988834019,0.48139254767857464,1
25996.918177,grid_0948_y485_z600,473.222,482.739,599.548,41.325527897414744,26.494,-0.0902578884510575,-0.1425645373385714,0.5096802481698072,1,-0.005831787362706656,-0.07270680545597036,0.5237449672856044,1,0.07297842771842677,-0.02024249431423881,0.5037624814983076,1,0.14911301099667462,-0.000992653107946925,0.48814459910729546,1,0.23107141273295745,-0.015039132466632733,0.4808549488571283,1
25999.954433,grid_0949_y490_z600,473.267,487.483,599.572,40.01184100988111,2.865,-0.08500178074217488,-0.1425742362273684,0.5098074983123821,1,-0.001508884250925662,-0.06886151959954956,0.49576792081679033,1,0.07461246882128587,-0.020068542833277525,0.49775393465098705,1,0.15045083090798905,-0.0010742199357145466,0.4863782638058286,1,0.2316489953542365,-0.015044166675310555,0.48105356760282975,1
26026.633944,grid_0950_y495_z600,472.725,492.604,599.779,39.37200999441105,26.528,-0.07897857018371236,-0.14262751642390675,0.5089707428903285,1,0.003053760738548889,-0.06923187475420946,0.49610281818563323,1,0.0767812069837848,-0.020310967607755505,0.4938107553657468,1,0.14984364029335276,-0.0014545179623422794,0.47940775154911097,1,0.23183396679370485,-0.015051655416867775,0.4813618712837306,1
26034.319685,grid_0951_y500_z600,473.057,497.86,599.809,39.22238895070011,7.435,-0.07045809374391612,-0.13728296029004694,0.4892543885088373,1,0.008032607150657437,-0.06894606533056807,0.4940450594328748,1,0.07993534685935745,-0.020381512601311196,0.49210998712944276,1,0.15403296744502515,-0.0015653437271797876,0.4862168425243184,1,0.23183396679370485,-0.015051655416867775,0.4813618712837306,1
26040.02403,grid_0952_y505_z600,472.958,502.728,599.725,39.59830589810638,5.523,-0.06780587719378947,-0.14262069225480095,0.509638443261883,1,0.01188146298499675,-0.06958964275645971,0.4978571109987089,1,0.08239061342600354,-0.02049511757068813,0.4909388573890964,1,0.1557023302856669,-0.0017945509860676403,0.4864873314125435,1,0.2324116730649079,-0.015024178433273423,0.4808711453780877,1
26069.389069,grid_0953_y510_z600,473.315,507.834,599.66,40.645187095153126,29.143,-0.061924446208709474,-0.14259374514076179,0.5081796088883439,1,0.016416324348069562,-0.07080973382058811,0.5032102957261548,1,0.08375054942584814,-0.02041005863044913,0.4815874056882518,1,0.1549130664517519,-0.001826511175535568,0.4797289994620411,1,0.23308146147470796,-0.015052881448466972,0.4813310201462692,1
26084.791452,grid_0954_y515_z600,473.457,512.597,599.168,41.76049809329391,15.22,-0.057401319009587747,-0.14264276701043943,0.5104632792892586,1,0.02031484870385618,-0.06910469064691785,0.49352176990578145,1,0.08726333706921552,-0.020293073192062777,0.48564308086854313,1,0.15997358181256122,-0.0021916834220999945,0.4904547395213067,1,0.23308146147470796,-0.015052881448466972,0.4813310201462692,1
26088.402697,grid_0955_y520_z600,473.534,517.671,599.472,44.225818070443935,3.361,-0.05148723532717857,-0.1433543408865386,0.5110115306190459,1,0.02451672721147002,-0.07020281450826632,0.49679886335248047,1,0.0905723426866917,-0.02100082515155838,0.48843556265425636,1,0.15914523713336268,-0.0022559480961690244,0.48315859011342005,1,0.23279749478904138,-0.015031946063554805,0.48048391250004296,1
26212.72341,grid_0957_y530_z600,473.549,527.777,599.674,50.0024773486275,3.637,-0.039104653793543914,-0.14057388260370818,0.4997514870297361,1,0.03332676867569653,-0.07060938104844072,0.4960341008757767,1,0.09770338796604328,-0.02177750684228534,0.4945693470823806,1,0.16091188732657608,-0.0024058110817003434,0.4778760370536207,1,0.23432886295107616,-0.015054108466254181,0.48130001368489195,1
26221.265656,grid_0958_y535_z600,473.249,532.576,599.572,53.052076999868795,8.351,-0.03400218770761204,-0.14022494496075175,0.5007521113155287,1,0.03705089303733833,-0.07023210185873974,0.49468750614652723,1,0.10018267369361358,-0.02185623835265687,0.4944249185211741,1,0.16239475339091536,-0.002532117487297391,0.4781511632627883,1,0.2340466129716301,-0.015033401787017682,0.4804611695196921,1
26225.654278,grid_0959_y540_z600,473.36,537.907,599.293,56.61474617977201,4.117,-0.028341638917218206,-0.14249690488859781,0.5094225817275705,1,0.04214820413499015,-0.07060704508164717,0.49581212782851825,1,0.10314835541590282,-0.02183427472160793,0.4919983331436262,1,0.16671203905016663,-0.0027461376580919733,0.4843050126795246,1,0.23502046822216288,-0.015047428072992922,0.48119502320148255,1
26261.959787,grid_0960_y545_z600,473.178,542.511,599.386,60.11741747613582,36.094,-0.022350543018131705,-0.1400442633062482,0.500051463966021,1,0.0462838103381043,-0.07109895535165783,0.4981217495844723,1,0.1046139608745839,-0.022230047723276546,0.48689347878856626,1,0.17310229500944868,-0.0032874532263429206,0.49878654261329614,1,0.23557617683289145,-0.015055336818540634,0.4812688699061355,1
26277.010815,grid_0961_y550_z600,473.139,547.947,599.428,64.3920166247339,14.77,-0.016547129273187827,-0.14292236641260378,0.509773412944637,1,0.05083951820677858,-0.07099128677784947,0.4971522727547501,1,0.10934031317828093,-0.02279845795611459,0.49333125292039803,1,0.17014232860392328,-0.003498416693925259,0.48660667729035517,1,0.23557617683289145,-0.015055336818540634,0.4812688699061355,1
26285.794935,grid_0962_y550_z605,473.479,548.996,602.381,67.03339426733517,8.602,-0.014982615639719197,-0.1411586540174033,0.49047139506856774,1,0.05446602814544277,-0.07752830685761758,0.5196681754640982,1,0.11068627673840566,-0.024219389637448553,0.49530657488948404,1,0.17020006382754632,-0.004047652013175201,0.4837869685702255,1,0.2374832794395015,-0.01535449781847426,0.4850253091891779,1
26329.418728,grid_0963_y545_z605,472.975,547.922,603.558,66.9434557667888,43.613,-0.016406593443658066,-0.14626189183837204,0.5041802440990177,1,0.05017319516628562,-0.07296510026794464,0.486633840304357,1,0.1104280685287708,-0.02483157547426813,0.49870842096888024,1,0.1689694905038881,-0.004076286661528459,0.48216961151658566,1,0.23601370516329825,-0.015119265264403998,0.48218629472465696,1
26346.747624,grid_0964_y540_z605,472.544,543.099,604.196,63.75513974574923,17.038,-0.021803389732549628,-0.14819817280359132,0.5096555389502893,1,0.04611888053087786,-0.07409463967258459,0.49229196943147946,1,0.1068459878314026,-0.025367681661604215,0.49384035904188256,1,0.16739308248132345,-0.004059388526511127,0.4825250659051615,1,0.23660868487170036,-0.01519280196784581,0.4833850463888789,1
26355.048155,grid_0965_y535_z605,472.361,537.713,603.985,59.78601282908908,7.897,-0.027534367967159634,-0.14530053738682144,0.5003339622002556,1,0.043501385807207874,-0.07808231284200827,0.5186951945254842,1,0.10135654525261431,-0.024620874547104585,0.48622485912100516,1,0.1678119486401311,-0.004172054911885853,0.488177285517563,1,0.23503338726857165,-0.01505285172282822,0.4812984172172138,1
26366.794854,grid_0966_y530_z605,472.189,532.737,604.495,56.87201767125907,11.525,-0.03362153797839588,-0.148204011555385,0.5095934768096206,1,0.03751218678451379,-0.07457796193487796,0.4950927339406071,1,0.09978337508934586,-0.024475567869060456,0.491430948323653,1,0.16167622939713983,-0.003841004030460149,0.4756747820812929,1,0.23719126932493131,-0.015488314751994334,0.4872567073115054,1
26396.585176,grid_0967_y525_z605,472.279,527.689,604.528,53.82910499906166,29.519,-0.03879078926507355,-0.1456496800622026,0.49931703229451135,1,0.033359636556420554,-0.07475429785969914,0.4969524435325828,1,0.09784680318163648,-0.02415364274579758,0.4952065241776254,1,0.1602919868201223,-0.0037134204045527076,0.4758822360203182,1,0.23432886295107616,-0.015054108466254181,0.48130001368489195,1
26418.45165,grid_0968_y520_z605,472.375,522.975,604.558,51.27335051466801,21.665,-0.044505523767534125,-0.14739563997372035,0.5046375329222088,1,0.029353061646619313,-0.0745653605172604,0.4942820924211515,1,0.09558224526604181,-0.02470877263045961,0.49861631315567506,1,0.1632093378311877,-0.00352261079581889,0.4887374960452804,1,0.23838724116985224,-0.01557889428069464,0.48981745750973926,1
26435.172422,grid_0969_y515_z605,472.546,517.805,604.26,48.54306216134292,16.489,-0.05066089164272298,-0.14777854941192783,0.5091573531021749,1,0.024306202503729914,-0.0734689231840483,0.4920467323197475,1,0.09175723973499349,-0.023930666523285606,0.4925973119118048,1,0.16166274747493536,-0.0034588105190155316,0.4907327957839769,1,0.23232421697959713,-0.014997053755367855,0.4790720664229992,1
26448.913455,grid_0970_y510_z605,472.46,512.812,604.195,46.51597568577929,13.519,-0.05601007849040551,-0.14791890846221073,0.5098144883677072,1,0.02057947575364746,-0.07405399948821077,0.4962761712888323,1,0.08833861993738831,-0.023489548749285497,0.4916221454572231,1,0.161451146219537,-0.0032962740438647817,0.4948489057728711,1,0.23308146147470796,-0.015052881448466972,0.4813310201462692,1
26475.566559,grid_0971_y505_z605,472.476,507.48,604.649,45.373587316852145,26.381,-0.062458480469280986,-0.14803019839818132,0.509707940340143,1,0.016855128849012857,-0.07769451090132373,0.5209470445673186,1,0.08684990436737887,-0.02353977276530448,0.501894332421475,1,0.16066649253890136,-0.0032683221519171214,0.49641036188420823,1,0.23308146147470796,-0.015052881448466972,0.4813310201462692,1
26506.742319,grid_0972_y500_z605,472.47,502.618,604.744,44.5502400105769,30.872,-0.06835668935694639,-0.14969901528503282,0.5134831381186812,1,0.011983840212697036,-0.07446577149361999,0.49907295985393346,1,0.08426874840138462,-0.023537849998410323,0.5019075412814891,1,0.1496206904051382,-0.003116756809962851,0.4679352286139844,1,0.23372363484232306,-0.015189890997813663,0.48348704750501764,1
26533.867644,grid_0973_y495_z605,472.451,497.714,604.368,43.777300076638,26.923,-0.07305813039820111,-0.147912345172241,0.5094189141694172,1,0.008107953951802402,-0.0730542377648575,0.49549495097917273,1,0.08135194536943176,-0.023456271328408114,0.5000753274426956,1,0.15655201650410122,-0.0032619633901426557,0.4956245820722463,1,0.23183396679370485,-0.015051655416867775,0.4813618712837306,1
26563.379043,grid_0974_y490_z605,472.583,492.695,604.077,43.64288127518627,29.3,-0.07901765247492348,-0.14862502924178383,0.5137767325015437,1,0.0038675365955677713,-0.0749927189424215,0.5121664130841393,1,0.07614658222010556,-0.022482102988914055,0.48477036909878934,1,0.14929472966908655,-0.0024823539102032154,0.47642216508564783,1,0.23183396679370485,-0.015051655416867775,0.4813618712837306,1
26587.961233,grid_0975_y485_z605,472.612,487.68,604.136,44.42816936359185,24.372,-0.08417095295014948,-0.14739338269198357,0.5081075472390805,1,-0.0004725148436593536,-0.07584153937890922,0.5156966623527814,1,0.0751493018903123,-0.022860892968138716,0.5002080712633072,1,0.1512942927422517,-0.002219488637074953,0.4895899736162826,1,0.23183396679370485,-0.015051655416867775,0.4813618712837306,1
26604.275474,grid_0976_y480_z605,472.474,482.649,604.69,46.23085921762659,16.111,-0.08960822832324433,-0.1485152897772,0.5099233849748912,1,-0.004588570897561235,-0.07302500485725547,0.495794954846845,1,0.07149468610855665,-0.02272550993364219,0.4923799985335717,1,0.1501329258518897,-0.00224889096219316,0.49098280740985983,1,0.23100144210302404,-0.01502510626715205,0.4803989333544937,1
26627.629164,grid_0977_y475_z605,472.416,477.641,604.863,48.13700930676944,23.029,-0.0943528381776547,-0.14721400657017483,0.5053703333202076,1,-0.009727444027201413,-0.0757730835944489,0.5149637151973502,1,0.07031912919934916,-0.023024870955471247,0.5046143082827588,1,0.147526277709851,-0.0022435429374721098,0.48746997001795417,1,0.23049056926398925,-0.015043295837817439,0.4811045676556397,1
26647.155746,grid_0978_y470_z605,472.45,472.721,604.568,50.01612687923768,19.344,-0.09958348097230192,-0.1465280469086563,0.5048288811588036,1,-0.01395448852072156,-0.07656263280552487,0.5220930744288619,1,0.06654528873497315,-0.02254953612567319,0.5014670868416555,1,0.144172819671831,-0.0021132527596678247,0.4824149075794295,1,0.23058637275938276,-0.015050429988834019,0.48139254767857464,1
26662.835759,grid_0979_y465_z605,472.532,467.803,604.278,52.29652187287416,15.488,-0.10776789833231085,-0.14962690460044037,0.5176508950528057,1,-0.01803875832775284,-0.07269022697422392,0.4997134893656031,1,0.061648968538257895,-0.021574329280933037,0.48746268396219916,1,0.1438098288712425,-0.002138695741542623,0.4866814648183192,1,0.23058637275938276,-0.015050429988834019,0.48139254767857464,1
26830.160554,grid_0981_y455_z605,472.742,457.746,604.278,58.434867408081,46.819,-0.11451687251950962,-0.14440555404718852,0.4989825852063228,1,-0.0274935216664894,-0.07516486544139485,0.5195777894191713,1,0.05624226803401867,-0.021471417129453763,0.4938472099430925,1,0.14113803854452733,-0.0015544185489127244,0.4867093416837961,1,0.22856764748218722,-0.014991495955870826,0.4790963452676657,1
26867.374688,grid_0982_y450_z605,472.697,452.655,604.713,62.24217198973701,37.002,-0.1215746750511496,-0.1463247254045782,0.5036636401569626,1,-0.033537233191680706,-0.0795631749902728,0.5475464289760301,1,0.05347188086775995,-0.02149383090026659,0.491974076163574,1,0.14157789785178673,-0.0015166222688076942,0.49427852666942423,1,0.22933867261631297,-0.015049204743037952,0.48142302832051675,1
26873.508092,grid_0983_y445_z605,472.516,447.671,604.935,66.00337376983087,5.942,-0.12726002548043885,-0.14706021508700445,0.5056275937367037,1,-0.03611939270996649,-0.07519053362693495,0.5183581302836231,1,0.05100881858739888,-0.021554669367769414,0.4957554799183911,1,0.1378551024081992,-0.0014368135797785306,0.48726003474859997,1,0.22933867261631297,-0.015049204743037952,0.48142302832051675,1
26891.356484,grid_0984_y440_z605,472.385,442.753,604.916,69.71419506097742,17.668,-0.1363235253728357,-0.15081153966018282,0.5200544696374132,1,-0.0408532369494956,-0.07534886419862923,0.5196679006219016,1,0.04783103812691766,-0.021517309136622396,0.4967431836178997,1,0.13580393576043284,-0.001146160570176075,0.48640203057847,1,0.22933867261631297,-0.015049204743037952,0.48142302832051675,1
26893.647232,grid_0985_y435_z605,472.473,437.801,604.738,73.49692241856124,2.068,-0.14170207798705592,-0.15081135289966557,0.5199250971156507,1,-0.045773620881311206,-0.07498766580649259,0.5185177467551354,1,0.044035746950982405,-0.021470651264067497,0.4978487181862496,1,0.13329732939895617,-0.0010789149486170354,0.4859118590274587,1,0.22908812011102897,-0.015126588400192497,0.48265399067387327,1
26902.737851,grid_0986_y430_z605,472.817,432.659,604.656,77.62238546321544,8.889,-0.14770080136414618,-0.15105027677805663,0.5214370749718162,1,-0.04989777971273596,-0.0747035665683082,0.5186892705531729,1,0.041593178296600766,-0.02106849493998885,0.4960515099269711,1,0.13200997346638116,-0.0009445926382850697,0.4854073511397443,1,0.22829234564515283,-0.015045786600736726,0.4814360802335555,1
26913.21873,grid_0987_y425_z605,472.944,427.722,604.639,81.72631269058947,10.289,-0.15290507612512805,-0.15105703512538476,0.5210543104456111,1,-0.05433852784963752,-0.07465012604269855,0.5192417468466792,1,0.03832072891944654,-0.02072290861009355,0.4952331333154565,1,0.13028600430568837,-0.0009503300156671292,0.48641353300399337,1,0.22809085892551284,-0.015047979214486897,0.4814532904041619,1
26918.817573,grid_0988_y420_z605,472.965,422.751,604.724,85.9994880740578,5.296,-0.15876637668554883,-0.15130442004319405,0.5218042177486892,1,-0.05821885539251541,-0.07419866888261371,0.5166256926856954,1,0.03644607692518426,-0.02116577335570264,0.5003882703939863,1,0.129900511141144,-0.0007363376713019733,0.4877298113866479,1,0.22809085892551284,-0.015047979214486897,0.4814532904041619,1
26981.392915,grid_0989_y415_z605,472.919,417.693,605.012,90.51944357429512,62.385,-0.1640268978081652,-0.15102490816575875,0.5209343862290436,1,-0.06100347687689933,-0.0727252077390643,0.5050607125538786,1,0.03195192846042492,-0.020420270941974426,0.4859427795641794,1,0.1272718268275579,-0.0007520236062487555,0.48433186364946307,1,0.22809085892551284,-0.015047979214486897,0.4814532904041619,1
27031.853571,grid_0990_y410_z605,472.881,412.596,605.218,95.09042848783466,50.258,-0.17917945228497706,-0.15933533162892388,0.5486119468639675,1,-0.0668273759263841,-0.07431871786507976,0.5155542271204401,1,0.0302230635699541,-0.020693641913154412,0.4976517825975855,1,0.12694512706680924,-0.0006936370071730201,0.4903824317026994,1,0.2319792623315485,-0.01499440012070657,0.49105550455520264,1
27154.774665,grid_0992_y400_z605,472.808,402.579,604.995,103.94752821015034,2.329,-0.18136634704949292,-0.15121215476422029,0.5209789504971112,1,-0.0764746111442121,-0.07421129309824735,0.5195220922439647,1,0.023302245118207377,-0.020254838421854077,0.4967677825864598,1,0.12198487821186285,-0.00037146067210306157,0.4835162077669659,1,0.22726458431511315,-0.015033909131958303,0.4823105763176666,1
27174.869128,grid_0993_y400_z610,472.069,402.403,607.719,105.30026528931447,19.853,-0.18578239901737248,-0.15800005821231905,0.5361013387060314,1,-0.07604950507339939,-0.07597845243173251,0.5167891978733057,1,0.02367086325627595,-0.021765713636379094,0.49462074383484855,1,0.12037532404662837,-0.0009796224078267297,0.4771498530639231,1,0.22684292347535978,-0.015046752888763726,0.4814833090927647,1
27181.439156,grid_0994_y405_z610,472.681,402.876,609.255,105.57325314207195,6.558,-0.17877905423284216,-0.15428948227337058,0.5168624860095995,1,-0.07569303170533542,-0.07723831201984371,0.5200258945073375,1,0.023981762539908923,-0.022217888952738865,0.4979787719605885,1,0.12086766293656646,-0.0010333836704912312,0.47814989552271653,1,0.22684292347535978,-0.015046752888763726,0.4814833090927647,1
27191.6259,grid_0995_y410_z610,472.71,407.901,610.324,101.65847256377599,9.995,-0.17485848600342108,-0.1572381255100458,0.5217243013674924,1,-0.0714216009267927,-0.07885098236844919,0.5191341799151833,1,0.027106457564844214,-0.023307864126637812,0.49643967099463665,1,0.1252509272187966,-0.0018986194055676951,0.4893924657202722,1,0.2279442487291001,-0.015020495705477569,0.4834072656058944,1
27220.350808,grid_0996_y415_z610,472.954,412.546,610.163,97.5511994698169,28.573,-0.16845879272298941,-0.1555318099463204,0.5167392036418375,1,-0.06727874887468507,-0.07901525461184981,0.517975274975401,1,0.029912377401001423,-0.023628494567150875,0.4949191668542613,1,0.1269339869072071,-0.001956028466734542,0.4903352891545372,1,0.23142868130565564,-0.0150015546686697,0.4898754314691843,1
27238.855703,grid_0997_y420_z610,472.981,417.61,610.019,93.1483067532631,18.353,-0.16093015647494358,-0.1536468664464606,0.510734992285538,1,-0.06289980326496056,-0.07917992415662102,0.5191089721604071,1,0.03261221989818698,-0.02326222085422726,0.4928571827096768,1,0.13021590525924043,-0.0019244575639087306,0.4955519513946607,1,0.22809085892551284,-0.015047979214486897,0.4814532904041619,1
27272.206701,grid_0998_y425_z610,472.802,422.731,610.023,88.85097235821341,33.199,-0.1582726782497816,-0.15682568151859194,0.5208818857905322,1,-0.05870248593621295,-0.07938549194581188,0.5216235061873256,1,0.03489467855334285,-0.022852887082943835,0.4876338841081653,1,0.13091947370239934,-0.001959656678376396,0.4910128587898689,1,0.22809085892551284,-0.015047979214486897,0.4814532904041619,1
27273.775758,grid_0999_y430_z610,472.77,427.84,610.03,84.65683396513245,1.427,-0.15264404410799298,-0.15646554568512536,0.5202224266829638,1,-0.05383205781634993,-0.07880497209718244,0.5192521664336952,1,0.039028555264320655,-0.02350094143919338,0.49612256989243386,1,0.12980378169722112,-0.0020776254386282197,0.48119897673384743,1,0.22809085892551284,-0.015047979214486897,0.4814532904041619,1
27283.276648,grid_1000_y435_z610,472.706,432.895,610.016,80.59826663148533,9.227,-0.14708577230368935,-0.15620098098365043,0.519673433955512,1,-0.04932128379258005,-0.0792062819581464,0.5182522837389864,1,0.04177258008148353,-0.023857726661930017,0.4950300880097019,1,0.13202288764509573,-0.002336112638428381,0.48454070400232374,1,0.23008911041272456,-0.015293026706056019,0.48522420312375936,1
27301.807193,grid_1001_y440_z610,472.72,437.95,610.0,76.65678480734765,18.38,-0.13807097615071282,-0.15272565252250578,0.5063897581270524,1,-0.045056060783702154,-0.0798513969154186,0.5220399160343456,1,0.0447277360500605,-0.023985759861760284,0.49272321510297656,1,0.13322568426977222,-0.002153876115137698,0.48281508211694235,1,0.23341952955807746,-0.015701439192004556,0.4915090576564218,1
27356.037181,grid_1002_y445_z610,472.656,442.841,609.936,72.94138018984839,54.069,-0.1319670732563953,-0.15151293915758768,0.5032077691993965,1,-0.03875503519773181,-0.07598465924096041,0.49637126896938755,1,0.04813803420687021,-0.02416263184795813,0.4980385038578512,1,0.13595156445210918,-0.002242068444160755,0.4864312087436508,1,0.22933867261631297,-0.015049204743037952,0.48142302832051675,1
27366.028874,grid_1003_y450_z610,472.896,448.026,609.715,69.05294283374174,9.831,-0.12565333906861534,-0.15025037993557064,0.500611005226633,1,-0.03582257582774213,-0.07948669934497238,0.518140331676224,1,0.05110950408530552,-0.024062029497041178,0.49785184642205665,1,0.13636198706826713,-0.0022989982577875812,0.4831951965646574,1,0.22933867261631297,-0.015049204743037952,0.48142302832051675,1
27497.206075,grid_1005_y460_z610,473.24,457.917,609.389,62.24130365761957,10.669,-0.1143867745503859,-0.14950835414767094,0.4978182620408166,1,-0.02621707751655633,-0.07637496390857573,0.4970346729800852,1,0.05659967044350909,-0.024130327369453995,0.4948128998709408,1,0.1404013305223692,-0.0025457181231946144,0.4848540136752442,1,0.2293479883437503,-0.015081305053501356,0.4806750080303923,1
27540.965429,grid_1006_y465_z610,473.162,462.834,609.45,59.362644693443436,43.588,-0.11145745329496842,-0.153623623924225,0.5099830089075057,1,-0.023322065877529954,-0.0807850874920649,0.5234991084784844,1,0.05871660360296523,-0.024037046057785075,0.48514834764645315,1,0.13981391884720218,-0.002553812077915253,0.47789103340907946,1,0.2300941620912027,-0.015018041619430933,0.48082269386098164,1
27593.242354,grid_1007_y470_z610,473.092,467.611,609.822,57.103832095578355,52.113,-0.10613479021607584,-0.15354582144934675,0.5098325697419799,1,-0.017313723257237897,-0.07680740406399993,0.49539807426655647,1,0.06148889182726656,-0.024116459645167745,0.4818496929620692,1,0.1411393024584637,-0.003161431912482605,0.4771535726997955,1,0.23058637275938276,-0.015050429988834019,0.48139254767857464,1
27832.708209,grid_1009_y480_z610,473.317,477.684,609.738,52.63758396811169,118.921,-0.09703173019190939,-0.15677748457575463,0.5187389475938353,1,-0.00858311889039914,-0.07541954529146071,0.4864376376566895,1,0.0702885997163592,-0.025473913454405566,0.5033701851857271,1,0.14765139130327717,-0.003507556335022984,0.48761503110324966,1,0.23029896227320223,-0.015029027535784282,0.4805286076097698,1
27851.249955,grid_1010_y485_z610,473.079,482.732,609.343,50.662623254229544,18.381,-0.08957765622972577,-0.15349546672767334,0.5093503970031126,1,-0.004589805633295719,-0.07685638835627068,0.4957700004979938,1,0.07256187830224599,-0.02535627064267755,0.5001955133747353,1,0.14909058722487295,-0.003535363707820661,0.48763679742307303,1,0.23119263287294756,-0.015027664450268857,0.4808145531209571,1
27906.292948,grid_1011_y490_z610,473.268,487.781,609.619,49.79461939808364,54.709,-0.08153932845762892,-0.14962465093385502,0.49461719266548315,1,-0.00045281610480596906,-0.08213653589402797,0.52360139297342,1,0.07442628932253134,-0.025301395501366883,0.4921032259616578,1,0.14806799675652177,-0.00371024389052343,0.4764505770400345,1,0.23183396679370485,-0.015051655416867775,0.4813618712837306,1
27916.637304,grid_1012_y495_z610,473.217,492.488,609.641,49.203814272879306,10.182,-0.07635154472231905,-0.14946915725076707,0.4941834186401759,1,0.003625014032811652,-0.08211587482769496,0.5234884855234194,1,0.07684713370609064,-0.02534633934313091,0.49090445965957585,1,0.14949658762784418,-0.0037517773945188746,0.4771051635692518,1,0.23183396679370485,-0.015051655416867775,0.4813618712837306,1
27927.00829,grid_1013_y500_z610,473.289,497.695,609.887,49.2932130622462,10.13,-0.0731932947128371,-0.15448861453854404,0.5098656250156671,1,0.007927212354239955,-0.07795440437042661,0.4966872152742348,1,0.08173391076317005,-0.026139448711458235,0.5014440929747452,1,0.15120826284778002,-0.003895086255684902,0.47753915208001996,1,0.23187491998269782,-0.015045217382483066,0.4812716157034338,1
27934.653369,grid_1014_y505_z610,473.264,502.751,609.517,49.29890332451636,7.475,-0.06724374454669681,-0.1536262269914443,0.5070835314731267,1,0.012429914683605894,-0.07785573282198437,0.4963539604560311,1,0.08222952317487336,-0.02566621231877743,0.48771167240825075,1,0.15495565748756424,-0.004151200414586534,0.48339324445924203,1,0.23366875538188936,-0.015191742687591155,0.48353657689146323,1
27967.769629,grid_1015_y510_z610,473.496,507.891,609.35,50.04218964034256,32.875,-0.05958430329761079,-0.14901296990895807,0.4929056436844332,1,0.016749324373170497,-0.07785602498551539,0.4960465728500777,1,0.08584706489616056,-0.025964217240004216,0.49186982609308194,1,0.15656277141885658,-0.004107311788177467,0.48389437447072225,1,0.23308146147470796,-0.015052881448466972,0.4813310201462692,1
28004.383091,grid_1016_y515_z610,473.337,512.663,609.383,51.362139266194994,36.441,-0.05445133768928642,-0.14888839204247983,0.49255505433458624,1,0.020407033363839946,-0.07724599404267048,0.49084083864560235,1,0.08933284044981014,-0.02661686079022161,0.49298112037954855,1,0.15668889433640457,-0.00429443285184148,0.47934449929092704,1,0.23308146147470796,-0.015052881448466972,0.4813310201462692,1
28058.612818,grid_1017_y520_z610,473.306,517.528,609.512,53.2059064108488,53.916,-0.04899559041908369,-0.1480096608488904,0.4886674288040079,1,0.025112553414154665,-0.07879428385123224,0.498198874248596,1,0.09479933751445782,-0.027407913929272575,0.5075303893846987,1,0.16610192447062797,-0.004535194469672358,0.5020552220832089,1,0.23232421697959713,-0.014997053755367855,0.4790720664229992,1
28064.476469,grid_1018_y525_z610,473.196,522.55,609.523,55.38557944086174,5.643,-0.04557778567966721,-0.15456858156878966,0.510473436248727,1,0.029599177153891258,-0.07911117376866271,0.5002456879438353,1,0.09522079153368496,-0.026663841482135117,0.49458150068653284,1,0.16578206193966494,-0.004587353585840663,0.49629743849974645,1,0.23941199380529188,-0.015730527289865154,0.49193499649256833,1
28119.885167,grid_1019_y530_z610,473.298,527.799,609.554,58.059650257300056,55.126,-0.03764672461888431,-0.1479965687138819,0.4887368936901326,1,0.03352616839880236,-0.07835959470957786,0.49392396030030455,1,0.09773302781290374,-0.02698964055621067,0.49408605058202565,1,0.163862540447611,-0.0053215537329717785,0.48596222888947616,1,0.23559592996550638,-0.015243154971462319,0.4839727172627548,1
28253.3968,grid_1021_y540_z610,473.214,537.664,609.217,63.650580248729895,12.947,-0.028469876397072328,-0.15462853921272382,0.5108171042739665,1,0.04161496413456732,-0.07769921375844524,0.4882164814902998,1,0.10358239210080981,-0.027192770673348677,0.49318438452405267,1,0.16652189817889673,-0.005326844708641963,0.4839853574324716,1,0.23494295394371034,-0.015014886173981135,0.4805746591070955,1
28264.577805,grid_1022_y545_z610,473.212,542.788,609.551,67.31518011563226,10.91,-0.021266038665246803,-0.14803563862330682,0.4889867445253482,1,0.046850030692313846,-0.0793266713646184,0.4946683368135949,1,0.10740458896933366,-0.028122779457972313,0.4964649207415275,1,0.16790236811449782,-0.005330251652051086,0.48259481754348266,1,0.2386737009493182,-0.01546773226645616,0.48761739935436565,1
28278.261309,grid_1023_y550_z610,473.23,547.48,609.399,70.51372528806012,13.454,-0.0162645227508523,-0.14879415936851195,0.490548410213208,1,0.05027551847070082,-0.0785189461056318,0.4890726367081517,1,0.110581759134973,-0.028657900062832184,0.49912523110714907,1,0.16543136244253584,-0.005466326580529853,0.4710528672386064,1,0.23907640347614592,-0.015566764385447554,0.48860826845430716,1
28317.959535,grid_1024_y550_z615,473.654,548.694,613.003,73.90795106076212,39.467,-0.015317853340151118,-0.15903893372717431,0.5102542566729331,1,0.054697891467949,-0.08712894359706674,0.5209717656873163,1,0.10779438506893407,-0.02906333655299858,0.48108760934461103,1,0.17248642333938063,-0.006412471807387211,0.4914653397712407,1,0.23907640347614592,-0.015566764385447554,0.48860826845430716,1
28333.261681,grid_1025_y545_z615,473.112,547.598,614.169,73.97547800453879,15.29,-0.016559411136660117,-0.16001497752961824,0.5094217172113674,1,0.05021825985259576,-0.08180405814367107,0.48692931079507173,1,0.10712879173919623,-0.029675039525838345,0.48148573953646945,1,0.16552996677649984,-0.006693952924010942,0.4715574387499564,1,0.2408582555920572,-0.015786118008537506,0.4922915618983477,1
28368.029404,grid_1026_y540_z615,472.604,542.748,613.998,70.58836723568564,34.466,-0.02175389867371483,-0.1590314567655582,0.5074025327743416,1,0.047386727950746645,-0.08424159740129046,0.5025036461221194,1,0.10811145732353258,-0.031197199372168256,0.4997887775355913,1,0.1711309612875361,-0.0064089193498717955,0.49124470179639884,1,0.24288882083044627,-0.01610915472082168,0.4963122032292502,1
28395.423204,grid_1027_y535_z615,472.408,537.959,613.885,67.46475925251643,27.04,-0.02772711061759774,-0.1594350314803571,0.5091494905348731,1,0.044794073673420774,-0.0867537320429608,0.5187212835743147,1,0.10255852051747111,-0.029496731681840367,0.48745889330775377,1,0.16682150307198568,-0.006429806671104648,0.48505006089831276,1,0.2364725257670698,-0.015706538284232612,0.4843534740530363,1
28522.226138,grid_1029_y525_z615,472.117,527.807,614.689,62.457580340579995,6.211,-0.03885446303251254,-0.15964845100478262,0.5089284360020647,1,0.03547717326867646,-0.08688353550276269,0.5178473634484214,1,0.09843813446651375,-0.030065505272390144,0.496066489637017,1,0.16480321844073473,-0.006480878751389854,0.4890196590932503,1,0.23938042142378885,-0.01577164610604701,0.49192672975871954,1
28531.50261,grid_1030_y520_z615,472.069,522.927,614.44,59.942707554797806,9.046,-0.04426664920629947,-0.15985573127569758,0.510373623391562,1,0.029520236970154556,-0.08163353956632313,0.4903991456282585,1,0.09518985418920217,-0.029561628158505278,0.4938385632611784,1,0.16096218161424283,-0.006147655078477094,0.48180567737491353,1,0.24252688403459327,-0.016267172539618267,0.49824032554752434,1
28549.268658,grid_1031_y515_z615,472.473,517.848,614.114,57.58220542841346,17.563,-0.05029659987236705,-0.15934940569899414,0.508683962651908,1,0.025766847033329543,-0.08333768736004678,0.50220584834219,1,0.09292804159677068,-0.029317480498627257,0.49636020909315937,1,0.16145417158102196,-0.006291494615401001,0.48901355759912335,1,0.23633784015963819,-0.015549552362681907,0.48824149087181523,1
28560.078454,grid_1032_y510_z615,472.511,512.785,614.124,55.91915593962419,10.599,-0.05689599329136315,-0.16257417388181655,0.5200498299300071,1,0.022595874573137824,-0.08589195444521303,0.519705610195721,1,0.09189222527654539,-0.029903392140640618,0.5056337275400542,1,0.157905657733505,-0.005571475904058464,0.4825406161605833,1,0.23633784015963819,-0.015549552362681907,0.48824149087181523,1
28578.460081,grid_1033_y505_z615,472.485,507.707,614.502,55.0337307566914,18.129,-0.059096220744962714,-0.15309315099915077,0.4885131649626697,1,0.016177771234373316,-0.08104943479557893,0.4889648177867084,1,0.08857779783724222,-0.02984943490106057,0.5043888506974826,1,0.15536212778589345,-0.005526230154549975,0.4790895513592441,1,0.2359307928240219,-0.01548746849840504,0.487377682031122,1
28609.125916,grid_1034_y500_z615,472.339,502.623,614.807,54.53863245443552,30.474,-0.06728981635930753,-0.16047647234054951,0.510272533695513,1,0.012803716101453191,-0.08219391543820868,0.4943102563179188,1,0.08354465290464512,-0.029069913006777914,0.49253631969681755,1,0.15290169668073744,-0.005913528314291128,0.47717924707764314,1,0.23698553853991,-0.015723211656171854,0.49087295263601105,1
28642.808565,grid_1035_y495_z615,472.405,497.575,614.582,53.9856807774062,33.471,-0.07247980676543422,-0.15886716839680456,0.5068577448128406,1,0.008489375836683605,-0.08136423940623513,0.4948358400821556,1,0.081261609402521,-0.028984839951628046,0.4962652470282698,1,0.15310665543832536,-0.00534354742624151,0.48287893849311414,1,0.23782993557421736,-0.01573483788251291,0.4935815970212889,1
28650.452452,grid_1036_y490_z615,472.574,492.623,614.318,53.85611241075616,7.34,-0.07969114510359403,-0.16238581525529827,0.5193413647722402,1,0.004048909473795848,-0.08159169775628654,0.49569263674529107,1,0.07806724284647945,-0.0281796311038204,0.49419758815083925,1,0.15122617203417194,-0.005301996318642953,0.48214974496577656,1,0.23261719164549644,-0.015173923159714017,0.48303418613460203,1
28683.312916,grid_1037_y485_z615,472.634,487.776,614.226,54.33557229844924,32.639,-0.08298666265136925,-0.15819854630471186,0.507002563955189,1,-0.0001344990523794037,-0.08108802611992978,0.49509339064341457,1,0.07359334830988754,-0.027442212432857084,0.4843448928713344,1,0.14806795846594906,-0.0049388402774803155,0.47644728943043746,1,0.23300880407139224,-0.015235057031137138,0.4838703435600377,1
28727.741269,grid_1038_y480_z615,472.624,482.835,614.283,55.40596730497544,44.168,-0.08888079436695026,-0.1585703360201275,0.5092069788989703,1,-0.004721655206491192,-0.08450547518248862,0.5132509278091502,1,0.07190461432213398,-0.027766245553826036,0.4921249658809811,1,0.1498881697723145,-0.004814774992200522,0.4876900354643172,1,0.2383755217624183,-0.01580583573107041,0.49573061018500475,1
28791.623199,grid_1039_y475_z615,472.474,477.697,614.558,57.1585314716885,63.679,-0.09194848992195664,-0.1550593401538448,0.49532577453383053,1,-0.008587773276061908,-0.08036956197497679,0.4896797008869773,1,0.06901771764979875,-0.027925697290081868,0.494612769903443,1,0.1445605203884477,-0.00488487717024058,0.4763422098355725,1,0.23284273748173445,-0.015411425492045903,0.4862402978687793,1
28821.837238,grid_1040_y470_z615,472.409,472.651,614.7,59.147777278609624,29.91,-0.10214190212406145,-0.16232655084223385,0.518513613439564,1,-0.013907089923510963,-0.0861767492755836,0.5234789435536794,1,0.06478691853521919,-0.02739744493222683,0.4836890965709685,1,0.1483544226017683,-0.004522230221063204,0.49401033797126453,1,0.23058637275938276,-0.015050429988834019,0.48139254767857464,1
28834.994553,grid_1041_y465_z615,472.566,467.623,614.531,61.20385727223407,12.926,-0.10480735734786399,-0.1576841182034546,0.5049597104650088,1,-0.017319686409442158,-0.08114488527383645,0.49759249317121335,1,0.06259086217431814,-0.02769384374830971,0.4908961461543964,1,0.14615380963643068,-0.004517742563000977,0.49360624967742667,1,0.23058637275938276,-0.015050429988834019,0.48139254767857464,1
28863.844656,grid_1042_y460_z615,472.819,462.637,614.393,63.596281101963875,28.658,-0.11096362824952094,-0.15859963119744735,0.5084779329333078,1,-0.02113120498782557,-0.08062423397575826,0.49526838173551535,1,0.05866008245482765,-0.02678911111102924,0.48419335865703594,1,0.1404581387675221,-0.0040793379989291535,0.48003925936734115,1,0.229930091868476,-0.01500724549629657,0.4806327425884506,1
28906.434473,grid_1043_y455_z615,472.77,457.739,614.38,66.3289356465186,42.377,-0.11582717509549326,-0.15826634604308093,0.5070301908254137,1,-0.02735865090994739,-0.0848250754354988,0.5233925655000432,1,0.05798372408835517,-0.02770205400285431,0.5033220441265475,1,0.1399377470419878,-0.004083235316295588,0.4828153744582382,1,0.23481037437469193,-0.015709968736915065,0.491725647369479,1
28999.221699,grid_1044_y450_z615,472.868,452.621,614.327,69.40829345978769,92.586,-0.12396458835724962,-0.1611061114322013,0.5177791491209717,1,-0.03136775360866552,-0.08462542577064325,0.5221795175470305,1,0.05461309943088672,-0.027390909134737827,0.50203926122471,1,0.13647693441430123,-0.003752604764168421,0.4762855989162966,1,0.23032350295209503,-0.015219532466578417,0.4834698664545125,1
29016.554206,grid_1045_y445_z615,472.739,447.476,614.769,73.1023888734151,17.049,-0.13095580611012397,-0.1629393308361856,0.5198962470974349,1,-0.035470871578131814,-0.08259463172852625,0.5078736928078339,1,0.0502684372982599,-0.026629361438708168,0.4878729507405243,1,0.13529730157060407,-0.003997936834600941,0.47939319185726814,1,0.22933867261631297,-0.015049204743037952,0.48142302832051675,1
29033.108467,grid_1046_y440_z615,472.632,442.435,614.852,76.63819530756189,16.382,-0.13638003641419438,-0.16295395569655274,0.5199486255436478,1,-0.040466021542878663,-0.08420792614504019,0.5201290517397423,1,0.048298069082341445,-0.02722370563470581,0.5001820660221907,1,0.13355231590023242,-0.0036763453793071596,0.4777743142440983,1,0.22933867261631297,-0.015049204743037952,0.48142302832051675,1
29058.096668,grid_1047_y435_z615,472.585,437.575,615.043,80.27477909032204,24.776,-0.1417709560545618,-0.16296544752122294,0.5198610428413248,1,-0.04486778058035802,-0.08482646265313598,0.5229711156939449,1,0.044793666520072134,-0.026628820019426482,0.49342336842277174,1,0.13333855098612674,-0.0035521324193137586,0.4822914040860011,1,0.23341952955807746,-0.015701439192004556,0.4915090576564218,1
29245.148466,grid_1049_y425_z615,472.528,428.059,614.667,87.27365658089502,66.488,-0.16095868741765695,-0.17129331836596606,0.5507197349628226,1,-0.05287598419875005,-0.08328115924639622,0.5201485660544446,1,0.03918012769745755,-0.026585185852763964,0.49809303898964086,1,0.13099164064058494,-0.003457153470051672,0.48668695417622276,1,0.22809085892551284,-0.015047979214486897,0.4814532904041619,1
29268.641404,grid_1050_y420_z615,472.761,423.029,614.588,91.22819266542552,23.302,-0.16668784573009668,-0.17099677826347617,0.5496987437219181,1,-0.05717107569643593,-0.08206016217084361,0.5120109067069353,1,0.036603328404974586,-0.026487008722077238,0.49772873008093244,1,0.1305679935170042,-0.0032523103117635685,0.4896739516819242,1,0.22809085892551284,-0.015047979214486897,0.4814532904041619,1
29278.301937,grid_1051_y415_z615,472.777,418.038,614.56,95.2815971423653,9.437,-0.16322712905149153,-0.1615915063918597,0.5191537962546651,1,-0.06268902195386661,-0.08358750572929718,0.5219594945409661,1,0.03327679141698652,-0.026376043402539184,0.4991727516433158,1,0.12841922647375165,-0.003164049232037846,0.48936546448224305,1,0.22824873066158868,-0.015106250841666021,0.4822850013647498,1
29287.34744,grid_1052_y410_z615,472.904,412.655,614.886,99.94164333249681,8.853,-0.16966143533559352,-0.16292722583931785,0.5225401136466532,1,-0.06704567652847014,-0.08317637772027978,0.5192529648449719,1,0.030313833409469748,-0.026378538581073807,0.49801905575879446,1,0.1275855117970308,-0.0032191138988311163,0.49039756855572814,1,0.22915042803733943,-0.015006029144965738,0.48467712368643673,1
29292.977886,grid_1053_y405_z615,472.865,407.524,615.246,104.4750575687805,5.419,-0.1751875362221293,-0.16303414389381854,0.5227400060208168,1,-0.07030107585754249,-0.08280908016918179,0.5176889574045155,1,0.02826191957069657,-0.02641389591605728,0.4992163834209742,1,0.12569494709558912,-0.0031382820875250016,0.4876966917239432,1,0.2285304755708932,-0.015029237174099784,0.48384232820094275,1
29297.80883,grid_1054_y400_z615,473.005,402.413,615.333,108.90794219890483,4.629,-0.18074755257393227,-0.16266646114163757,0.5194708549239719,1,-0.07741653226511355,-0.08427654553150563,0.5247561287861785,1,0.022880491521410837,-0.026424257901117024,0.4954606951933625,1,0.12295517098643662,-0.003212755113915177,0.4896308636238647,1,0.2267586640434676,-0.01504108125588705,0.4813817911896857,1
29308.51922,grid_1055_y400_z620,472.246,402.223,618.037,110.45567480668436,10.458,-0.1782140489992997,-0.16308025917910948,0.514657898542402,1,-0.07550014266659685,-0.0847099308929527,0.5166415021924047,1,0.024028401167763756,-0.027118576620397433,0.49304999772381997,1,0.12271244751313856,-0.0037534648424066,0.48618658537993287,1,0.22684292347535978,-0.015046752888763726,0.4814833090927647,1
29311.173454,grid_1056_y405_z620,472.893,402.551,619.444,110.91353272256727,2.542,-0.17906222776686215,-0.16649926641734014,0.5173643410758924,1,-0.07525292335814926,-0.0859607733376175,0.5167371208148013,1,0.02420557099701364,-0.028195945586814694,0.4972469259765263,1,0.12293891338597321,-0.003749664986421019,0.4865066316976054,1,0.22688054553232315,-0.015039883558290135,0.48138347394818776,1
29343.661336,grid_1057_y410_z620,472.699,407.822,620.234,106.92074282383193,32.306,-0.17399165545634815,-0.1683299379691872,0.5187362937907434,1,-0.07433090020427195,-0.09222800913277339,0.5467265579871525,1,0.027556214982401066,-0.02906380581105989,0.49575444240705113,1,0.125586572421948,-0.004477653940314948,0.4900158976254758,1,0.23351870915028922,-0.015344137294465193,0.49434680357087946,1
29354.554629,grid_1058_y415_z620,472.829,412.793,619.979,102.6840344454775,10.742,-0.16959801179827427,-0.1682826454691335,0.5222091092642309,1,-0.06653132790805932,-0.08733888892834132,0.5191945111595102,1,0.030909166371083593,-0.029130678352149914,0.5018121732047961,1,0.12667595191665437,-0.004336096247182246,0.4866346538832658,1,0.2291811560797651,-0.015186633242846439,0.4848538973439751,1
29385.752965,grid_1059_y420_z620,472.905,417.888,619.571,98.32580863130498,31.047,-0.163232551544698,-0.1669812112023446,0.5190344569269422,1,-0.062210171365976806,-0.08720382129743248,0.5190345688460176,1,0.0342329528476443,-0.029113130348859546,0.5050424401319595,1,0.12977940638209662,-0.004482763905611866,0.4916423226181238,1,0.22809085892551284,-0.015047979214486897,0.4814532904041619,1
29409.642027,grid_1060_y425_z620,472.833,422.986,619.697,94.37458731565403,23.738,-0.16712448232147473,-0.1771576563213075,0.5509913757977916,1,-0.05712960952346137,-0.08616434134962218,0.5123218188740726,1,0.03675230084670769,-0.029127458549313298,0.5024697048072891,1,0.13089338398252975,-0.00448762702803529,0.49090591592811206,1,0.22809085892551284,-0.015047979214486897,0.4814532904041619,1
29420.432697,grid_1061_y430_z620,472.676,427.702,620.151,91.04196387380931,10.619,-0.15192635181096342,-0.16773663134354572,0.5178056020203647,1,-0.053980574266688626,-0.08856004757785917,0.5212229256032089,1,0.03857986426689213,-0.02906260109753181,0.4920316965023121,1,0.13068800008761705,-0.004619374418437764,0.4854875874259046,1,0.22981410717733972,-0.015338868895069954,0.48520314265642694,1
29443.846206,grid_1062_y435_z620,472.72,432.66,620.137,87.34191590525131,23.252,-0.14704172358281398,-0.16819293055182638,0.5193447091991897,1,-0.04865378165062857,-0.08806835321544938,0.5183804843721579,1,0.041278745919747006,-0.028940104782364067,0.48534183608962034,1,0.13021118161827439,-0.004365027868638181,0.4773523067088279,1,0.23373524111399474,-0.0156848772404457,0.49216386245835475,1
29447.827486,grid_1063_y440_z620,472.965,437.471,620.142,83.88889300139805,3.708,-0.14171847004130567,-0.16832847029444942,0.5195201504747129,1,-0.044549646786221406,-0.0877045536226132,0.515248090223803,1,0.04526848153096315,-0.02980820990631996,0.49897738637199646,1,0.1342184542138857,-0.004946121569504732,0.4851187840201341,1,0.23223377280897006,-0.01552740542055545,0.4887933118382729,1
29472.645615,grid_1064_y445_z620,472.98,442.632,619.88,80.14241130013498,24.656,-0.1308514278074358,-0.16176871876149274,0.5000898558320844,1,-0.04080992094376927,-0.08886073881128827,0.5231666997473953,1,0.04688377278151434,-0.02902053491712986,0.48270555304516505,1,0.133947759646556,-0.004988691201820395,0.4790814077237133,1,0.22925590135947982,-0.015043717163434224,0.4813259090784304,1
29496.039117,grid_1065_y450_z620,473.002,447.926,619.441,76.3404257127245,23.243,-0.12630707059192892,-0.1635913469670202,0.5067884304784069,1,-0.035409950947940534,-0.08863158855260089,0.5216131099711001,1,0.05089789562981064,-0.0288999563693593,0.4888030321026081,1,0.13717966770975054,-0.0051189298276744805,0.4840175770356675,1,0.23005947826801149,-0.015167565624328857,0.4829814773309181,1
29524.715835,grid_1066_y455_z620,473.284,452.888,619.455,73.29042923874857,28.495,-0.12245484352619118,-0.16500565988039254,0.5115790516323983,1,-0.03139521739442946,-0.08886506321587921,0.5232803540958884,1,0.054470286934540604,-0.029792106735663036,0.49860419777817744,1,0.13917440446212864,-0.005298545357306903,0.48565372983524324,1,0.23186149239725778,-0.015463467827556114,0.48687759985692164,1
29788.692633,grid_1069_y470_z620,472.864,467.822,619.674,65.6918157840077,23.242,-0.1080993785089408,-0.1683340907606922,0.5202492293858733,1,-0.01738920482942287,-0.0862682764864012,0.5025810523895502,1,0.06296251687981057,-0.030076465346766716,0.49248204321611716,1,0.14415782867324373,-0.005621343479435952,0.4857517665776201,1,0.2335948590558517,-0.015531757326449864,0.48785621459884754,1
29941.656668,grid_1071_y480_z620,473.182,477.691,619.37,61.721758464904475,32.477,-0.09193790456694732,-0.16016137793064866,0.49511041928456867,1,-0.009200515101365209,-0.09004206026430642,0.5224228509224765,1,0.07156062896815664,-0.031441559148666365,0.509744154905044,1,0.1496886901009144,-0.0057981210201015175,0.4941811560326891,1,0.2335948590558517,-0.015531757326449864,0.48785621459884754,1
29975.955832,grid_1072_y485_z620,473.347,482.584,619.576,60.606157855452345,33.994,-0.08672587939178132,-0.15998824594698918,0.49466144744229673,1,-0.004491000641294106,-0.09021933693066293,0.523445235030321,1,0.07190552239537833,-0.03029653738707972,0.49211604071352183,1,0.1498222178179473,-0.0061267831713392,0.48760836029090415,1,0.23082880762180558,-0.01564160616283146,0.47987588505558776,1
29983.573437,grid_1073_y490_z620,473.339,487.468,619.431,59.52502568668081,7.446,-0.08152819262703406,-0.1598215419289004,0.4942282714972308,1,-0.00044142168229354697,-0.08627448557197953,0.49935474769607724,1,0.07427263046284421,-0.030257161073154393,0.4896761526882676,1,0.1505648648060125,-0.006061436267924062,0.4851849077930121,1,0.22739418440859785,-0.015410938541907315,0.47211501646888476,1
30004.743684,grid_1074_y495_z620,473.335,492.327,619.543,59.08926865345354,20.99,-0.07846774375681498,-0.16504351957336028,0.5095233389149556,1,0.0039121997544481184,-0.08395738942548797,0.4842374977857588,1,0.07669885186715578,-0.03053682408909456,0.4854304467499534,1,0.15111235564596842,-0.006532170098022736,0.48242348380977484,1,0.23496686620087123,-0.015540726388252742,0.4880511306872163,1
30136.914757,grid_1076_y505_z620,473.301,502.791,619.281,59.00284547375661,11.601,-0.06704367007355477,-0.1641076566853494,0.5069521701687577,1,0.012949424786820974,-0.08624719507076087,0.49716571274118954,1,0.08314036026808383,-0.030878363498537918,0.4908332044008271,1,0.15491131794949375,-0.006564601270389845,0.4834098914035526,1,0.23270663916589956,-0.015694367365777298,0.48177136737160653,1
30143.539446,grid_1077_y510_z620,473.161,507.922,619.336,59.815046484977415,6.414,-0.06137297339849183,-0.16508699094685023,0.5098941840696262,1,0.017383523316077582,-0.08644573780998746,0.49738230851031584,1,0.08595866532212154,-0.031034760031735397,0.4888443030754017,1,0.1567753273327794,-0.00658418085937469,0.4838258534848311,1,0.22867581377489227,-0.015415851282453165,0.472205373736894,1
30230.928171,grid_1078_y515_z620,473.331,512.9,619.174,60.800681295525,87.147,-0.056111719361138554,-0.16510201124266816,0.5100038223289285,1,0.02188502044366559,-0.08744295600302804,0.5035097829698802,1,0.09243052159852166,-0.03271418983192069,0.5088100674642482,1,0.15828989248810582,-0.006598181286379613,0.4833945031905891,1,0.23633784015963819,-0.015549552362681907,0.48824149087181523,1
30242.916403,grid_1079_y520_z620,472.969,517.614,619.827,62.84597752442083,11.816,-0.05128066612390332,-0.1687340811477938,0.5183135780250661,1,0.02525194670484416,-0.08533205665462952,0.4869025150396342,1,0.0931143578855349,-0.03225170163764767,0.4969307136391588,1,0.16065486707531673,-0.006899821902596049,0.4862540903458157,1,0.23253073377760486,-0.015635635916312497,0.47949418333930893,1
30538.164885,grid_1082_y535_z620,473.459,532.853,619.342,69.03781836790617,54.309,-0.032812299323496705,-0.1631071412321915,0.5027914999107632,1,0.04069489463782221,-0.09145550683042415,0.5206778058265265,1,0.10031364033730521,-0.032049577692961656,0.4887384610941052,1,0.16702153103070608,-0.0076618576762655655,0.4904267432865351,1,0.237217721537895,-0.01556817020531973,0.48731049606047006,1
30544.212536,grid_1083_y540_z620,473.391,537.269,619.592,71.66244562530647,5.753,-0.028476830651387553,-0.16651105507168648,0.5104960703177929,1,0.042276778556825,-0.08684685985142274,0.49248161225682174,1,0.1044834199925192,-0.03299296511457188,0.49512386750156157,1,0.16938832177016497,-0.007669295587649511,0.490817545584487,1,0.2348575664766834,-0.015668718654240125,0.4806547651290284,1
30576.919821,grid_1084_y545_z620,473.492,542.35,619.646,74.70847055722668,32.435,-0.022479074812288037,-0.16602873161492532,0.5090399148028042,1,0.04689353037043845,-0.0874541212816683,0.4942328999529745,1,0.10718228809132868,-0.0332022256280828,0.4953552572744101,1,0.1710799496720794,-0.007674559291615555,0.4910928984550435,1,0.2345927217731163,-0.01564734305010087,0.4798529206068657,1
30592.970741,grid_1085_y550_z620,473.772,546.951,619.216,77.288939363922,15.83,-0.01709404716921515,-0.1643948604488752,0.5046981644628445,1,0.05071156582788666,-0.087465774681833,0.49426493074084504,1,0.11157822399568512,-0.03368333584673251,0.502626404808378,1,0.17243382028899146,-0.00767872980749327,0.49131009645796087,1,0.24342564397497943,-0.016280148882767922,0.4973972933103174,1
30602.396038,grid_1086_y550_z625,473.677,548.454,622.552,80.80397590465464,9.204,-0.014980975347209654,-0.16328879388003964,0.4891081815788221,1,0.05219937140763633,-0.09023116284082373,0.4935041316763538,1,0.11227376779452952,-0.034964305133200334,0.5023719491326516,1,0.1686988495628124,-0.008389031936815824,0.47968422367998675,1,0.2345927217731163,-0.01564734305010087,0.4798529206068657,1
30617.142569,grid_1087_y545_z625,473.098,547.158,624.101,81.18028005618119,14.735,-0.016259645580181607,-0.16498039136488157,0.489551003278224,1,0.050918934015600076,-0.09148070279495209,0.49337709564492205,1,0.10950161657868869,-0.035451663209000436,0.49322634691671485,1,0.17238106618095939,-0.008944207575107964,0.4911542067272548,1,0.2345927217731163,-0.01564734305010087,0.4798529206068657,1
30622.147452,grid_1088_y540_z625,472.589,542.738,624.22,78.59897008231098,4.743,-0.021895577053113093,-0.17181375057134254,0.5104520668346115,1,0.04692315610170479,-0.09095077612184888,0.4914272648489446,1,0.10589188778965483,-0.035024055417900685,0.4895204757525297,1,0.1718715603327398,-0.008982395743447558,0.49390137101932285,1,0.2350341296123948,-0.015682969056999625,0.48118932814380355,1
30640.415751,grid_1089_y535_z625,472.578,537.816,624.08,75.69538551985858,18.006,-0.026408744265870903,-0.1648361216204046,0.4905490377945173,1,0.04295315728145206,-0.09097363329104706,0.4928269725534808,1,0.1039440104725265,-0.03526435028651337,0.4939544484709889,1,0.16563568571824666,-0.00866685304959196,0.48083179601853476,1,0.2352989743159619,-0.01570434466113888,0.48199117266596625,1
30665.970556,grid_1090_y530_z625,472.667,532.723,624.076,73.04156042281687,25.294,-0.03149014395248873,-0.16492385454553485,0.49077560263292563,1,0.03840303809325859,-0.09027971292791717,0.4910098281399207,1,0.10044887556317093,-0.03471950896199111,0.4893743093371592,1,0.16697487535225142,-0.008924895301266762,0.490284134643428,1,0.23672773475289996,-0.015578107930496913,0.4861937688950805,1
30673.410319,grid_1091_y525_z625,472.346,527.798,624.524,71.13772583517137,7.135,-0.0385863923816964,-0.17161766796826955,0.5097488427543408,1,0.03450551784243273,-0.09090099585575911,0.4930545296147155,1,0.09784827872333471,-0.03474998697058691,0.48939416560616006,1,0.1659319058891064,-0.008927666046017123,0.4908435992773337,1,0.2299573098055195,-0.015420720426154149,0.4722941750194238,1
30805.432593,grid_1093_y515_z625,472.305,518.038,624.534,67.43625249077833,11.435,-0.04961804617810818,-0.17159629845704935,0.5109136686114741,1,0.027358907224640745,-0.0952496695721855,0.5184370297988923,1,0.09246778128813604,-0.03475258759321516,0.49263891804122684,1,0.1585976132603214,-0.00833349192549183,0.4791314463508486,1,0.23319620561745397,-0.015633294748286,0.4809029948582579,1
30831.652874,grid_1094_y510_z625,472.335,512.912,624.291,65.74815844569348,25.948,-0.05282395255379585,-0.16394504277774563,0.48889255739395343,1,0.023272955301444333,-0.09535988361417529,0.5199572820195217,1,0.09105093042333719,-0.034953530971410594,0.49807882187396557,1,0.16013916521804586,-0.008267609436849637,0.48889347142197015,1,0.22867581377489227,-0.015415851282453165,0.472205373736894,1
30848.344325,grid_1095_y505_z625,472.486,507.897,624.123,64.51797948634173,16.489,-0.06054447106421294,-0.17022905520806186,0.5082863060127094,1,0.018183486689009227,-0.0945361690109266,0.5177547244716758,1,0.08900657387552618,-0.03492209351778496,0.5042406419919524,1,0.15799114971137962,-0.007740206670449984,0.48625026303680785,1,0.22867581377489227,-0.015415851282453165,0.472205373736894,1
30869.780712,grid_1096_y500_z625,472.208,502.882,624.328,64.03543938320408,21.184,-0.0663965082650483,-0.1708793281067033,0.5101658999350324,1,0.013004949295364474,-0.08976947012588135,0.4935677331930888,1,0.08355516476409669,-0.034109627116773976,0.4914784437849096,1,0.15576736724515933,-0.007868457693167744,0.486459692687949,1,0.23279565263030813,-0.015701630293881445,0.48204318223814796,1
30887.39598,grid_1097_y495_z625,472.222,497.795,624.75,64.15734991409796,17.424,-0.0718355070901886,-0.17088795827477282,0.5093809939157502,1,0.009050085638335231,-0.09053627426389177,0.4951610467021826,1,0.08104303174539472,-0.03409052825821436,0.4919125392662854,1,0.15397216000591835,-0.007823413875391124,0.4852274345961851,1,0.23203458318115133,-0.015667577429560837,0.48076877553211234,1
30916.799585,grid_1098_y490_z625,472.377,492.814,624.574,64.0785881710888,29.171,-0.07444282900843348,-0.1643258799263671,0.48962826373727153,1,0.004829570889808358,-0.09286891339210068,0.5107632255021721,1,0.07842380277981043,-0.0337963421225443,0.49234367607282986,1,0.15355745745299892,-0.007618555252069268,0.4881243820147526,1,0.22739418440859785,-0.015410938541907315,0.47211501646888476,1
30945.434782,grid_1099_y485_z625,472.611,487.814,624.365,64.35655157790858,28.322,-0.08294058599087027,-0.16999239030505636,0.5076614543694685,1,0.0012273079721349088,-0.09400191198955786,0.5200490321834713,1,0.07386833591514508,-0.03314664743402818,0.48337533807329813,1,0.147176354084145,-0.007295831906397519,0.4729668565740013,1,0.22739418440859785,-0.015410938541907315,0.47211501646888476,1
30971.987568,grid_1100_y480_z625,472.615,482.822,624.215,65.07709780713958,26.312,-0.09061993951349194,-0.17372985490084492,0.5204331638451517,1,-0.0036287739617344907,-0.08904384702979438,0.49395702981229184,1,0.07197343360637026,-0.03294741576976595,0.4891002073643498,1,0.15024879026952007,-0.007384119252035865,0.4887826928106017,1,0.23082880762180558,-0.01564160616283146,0.47987588505558776,1
30986.203183,grid_1101_y475_z625,472.623,477.713,624.272,66.39945795712501,13.973,-0.09567245444014978,-0.17273014183529375,0.5175475242744647,1,-0.008110554223900744,-0.09263916328567517,0.5141269784691589,1,0.06943584637335731,-0.032916067209112804,0.4923493664928599,1,0.14639564199017335,-0.007081306346730539,0.4811785122683394,1,0.23097087815508305,-0.015674440117528433,0.4811030915855456,1
31029.452858,grid_1102_y470_z625,472.651,472.518,624.603,68.36717904813683,43.059,-0.10012258229794473,-0.17056338765814963,0.5086885711859076,1,-0.012338097174456171,-0.08795453413997674,0.48631540814216273,1,0.06894470041815703,-0.03406289960546382,0.5097689067638036,1,0.14831004284285906,-0.007066627862892569,0.4938521654720102,1,0.2335948590558517,-0.015531757326449864,0.48785621459884754,1
31050.483343,grid_1103_y465_z625,472.514,467.538,624.806,70.45972490011587,20.791,-0.10553478248884551,-0.17074016584051516,0.5091216407808776,1,-0.017169522087283288,-0.0920481204205793,0.5114410434788735,1,0.06285478995541065,-0.03270671214290567,0.4902517380404229,1,0.14445536051424607,-0.007278048913213724,0.4867815939687086,1,0.22611243349740348,-0.015405982139344913,0.47202309791884006,1
31094.499601,grid_1104_y460_z625,472.603,462.63,624.634,72.46758865865489,43.723,-0.11348305173078366,-0.17372321191611517,0.5200010214845863,1,-0.02198106558517966,-0.09425765402873058,0.5232715230005265,1,0.0624021746458733,-0.03406216447431251,0.509857657349452,1,0.1407569944187432,-0.006599998375665123,0.47911717750207267,1,0.22957396898342114,-0.01563967658752481,0.4798826537832249,1
31129.192122,grid_1105_y455_z625,472.783,457.614,624.327,74.68554935862765,34.482,-0.11886233237170042,-0.17372199664218088,0.5198906196699453,1,-0.024996541047423836,-0.08802399297951591,0.492775318669173,1,0.05812653857101986,-0.03283162467022631,0.4966607904457332,1,0.13961410014328995,-0.006511942043718271,0.4818562305821328,1,0.2302915727238828,-0.015698891271811642,0.4820935231045607,1
31188.857219,grid_1106_y450_z625,472.536,452.841,624.255,77.22415301575022,59.476,-0.12424153154732563,-0.17372093846912257,0.5197772476136848,1,-0.03017217716256996,-0.09155212758227971,0.5145643214223488,1,0.054608253637804416,-0.032415116418740855,0.498717394226606,1,0.13962012265549717,-0.006606342453851382,0.4871985671765562,1,0.23222189522310707,-0.015522648268201565,0.4876568243621223,1
31212.201617,grid_1107_y445_z625,472.858,447.695,624.403,80.36705683922989,23.062,-0.12980690569520842,-0.1736561048358375,0.5204235911090905,1,-0.0348733322843285,-0.09166341029742062,0.5139597812992174,1,0.05209763179186342,-0.03259170383808413,0.5014191584104086,1,0.13761605326369952,-0.006317953132717281,0.4854680196373793,1,0.23222189522310707,-0.015522648268201565,0.4876568243621223,1
31255.16906,grid_1108_y440_z625,472.635,442.643,624.892,83.91039437995757,42.746,-0.13499973192910236,-0.1737193273563729,0.5195422759361541,1,-0.03767189889141585,-0.0882565933066971,0.49491286215976055,1,0.047464482199585684,-0.03185799524883563,0.48469112177513785,1,0.13575365391446395,-0.0064957645281544,0.48472402788588476,1,0.2327282243398031,-0.015562271116542849,0.4888065590210553,1
31261.171524,grid_1109_y435_z625,472.733,437.661,625.069,87.32626355226702,5.821,-0.13919156409202457,-0.1718194975027783,0.5137173801194104,1,-0.04322433473557081,-0.09152724267941151,0.512829152883532,1,0.04656258887598188,-0.03304839598312196,0.5048161095250885,1,0.13459516188725174,-0.0065164553290543836,0.485495770697165,1,0.23358523986262864,-0.015735496025020557,0.49167158261616895,1
31452.12718,grid_1111_y425_z625,472.752,427.717,624.984,94.26263157794827,70.404,-0.14974663417332465,-0.1717228614033032,0.5131822675344956,1,-0.053754336869539066,-0.09381584206536274,0.5280880421031655,1,0.03902345010792614,-0.03167948563337812,0.49259031402820264,1,0.1300390704342717,-0.005859173578369273,0.48063196017761295,1,0.23084805612843587,-0.015513402703419787,0.48745305400778594,1
31546.84984,grid_1112_y420_z625,472.887,422.738,624.794,97.83378989899145,94.55,-0.1518411535666711,-0.167247612146685,0.5004451984979266,1,-0.05829366033911814,-0.09289462605594115,0.522841032345751,1,0.03638925643494829,-0.03201481564962898,0.4969408293291385,1,0.13087966392812014,-0.005751211450784201,0.4908495053754192,1,0.2301587568277051,-0.015397046831186565,0.48595311310687994,1
31580.072251,grid_1113_y415_z625,472.933,417.73,624.657,101.57998568123548,32.909,-0.16452919297906338,-0.17473485119012733,0.5230122772083878,1,-0.06360606305578659,-0.09453558767789727,0.535831091914454,1,0.034233651640933796,-0.03170839732174393,0.5050383063927824,1,0.12753989694051324,-0.0058796493444530085,0.4829132591826534,1,0.2301587568277051,-0.015397046831186565,0.48595311310687994,1
31633.346284,grid_1114_y410_z625,473.006,412.733,624.494,105.40671435919064,53.051,-0.1700554737868033,-0.17421778745856692,0.5234522510531743,1,-0.07011477583872122,-0.09645709610043952,0.5467360063052503,1,0.030450945583879264,-0.03156145431056206,0.4935654474910601,1,0.12490804115293379,-0.0053809560015102564,0.4801683893456114,1,0.23202624533650656,-0.015692672796672896,0.49128458374668205,1
31662.0404,grid_1115_y405_z625,472.968,407.56,624.985,109.85315395563299,28.464,-0.17453335825680252,-0.1740972590827886,0.5202269552715741,1,-0.07433374913850573,-0.09645557358890765,0.5466601624086396,1,0.027637929319723704,-0.031526000858618085,0.4971779968129969,1,0.1270678455919394,-0.005650364243283301,0.49469366281543287,1,0.23443487314430128,-0.015590350202375022,0.4964046359538157,1
31677.914375,grid_1116_y400_z625,472.885,402.444,625.21,114.16517758931576,15.683,-0.17937623520861443,-0.17372054384211005,0.5184848771278497,1,-0.07595165022485462,-0.09285097649359092,0.5238611266320045,1,0.024436456662223813,-0.031744881441470696,0.49751327970571385,1,0.12508306039205408,-0.005757517577625107,0.49288274860563347,1,0.23070065617831376,-0.015589254433633955,0.4896802571467557,1
31686.330581,grid_1117_y400_z630,472.345,402.147,627.902,115.95289302557315,8.073,-0.18062853346703528,-0.17744174840028154,0.5220804191680419,1,-0.07475000679843297,-0.09347097617426262,0.5159587773636238,1,0.024675191834204392,-0.03334820872246075,0.49670419832762525,1,0.1233733275477383,-0.006452135759474741,0.48779772951331324,1,0.22947342674985996,-0.015504024435526073,0.48724500727283204,1
31941.42024,grid_1120_y415_z630,472.737,413.127,629.806,108.4049295235231,14.59,-0.1681205549418497,-0.17969469984825007,0.5212909095538784,1,-0.06609488299775673,-0.09684516878886695,0.522574588333282,1,0.030896141651309682,-0.034510472858518194,0.49676638043150984,1,0.12578084502080705,-0.006830790932243265,0.48282111737660083,1,0.23043638744618958,-0.015693965411016853,0.48785606730802067,1
31959.710883,grid_1121_y420_z630,472.689,418.074,629.843,104.66913563701573,18.037,-0.16190000842107133,-0.17910861151496932,0.5187907105095314,1,-0.06171735271217482,-0.09664733092101492,0.5206954911526513,1,0.03409259748314651,-0.0348180937507435,0.4993604698482486,1,0.12906894984562756,-0.0070524984248291015,0.48871574073489443,1,0.23305979329157178,-0.015697879451334426,0.49263880944518135,1
31966.099092,grid_1122_y425_z630,472.754,422.879,629.787,101.07702330895982,6.227,-0.1508702277112869,-0.17215349935016216,0.4986967363191044,1,-0.057547588611951125,-0.09659744923911956,0.5209827959794577,1,0.037048732382738286,-0.03501608242318242,0.5002271024757086,1,0.1290981344938365,-0.006989986688892162,0.4833277243884583,1,0.23084805612843587,-0.015513402703419787,0.48745305400778594,1
31971.565665,grid_1123_y430_z630,472.789,427.922,630.078,97.66809013183374,5.305,-0.14979583407709302,-0.1771029248881242,0.5132069181906684,1,-0.051974506976923476,-0.09558819565116097,0.513754375036896,1,0.03946077445847546,-0.03480602610500423,0.49699927681823086,1,0.13112794049908677,-0.0072724781371946694,0.48493491260150956,1,0.22936680321281822,-0.015579055648600437,0.4838004690403621,1
32048.401559,grid_1124_y435_z630,472.934,432.728,630.106,94.37243513335875,76.674,-0.14492358076439102,-0.17783830387087327,0.5153013432397879,1,-0.04865921432703725,-0.09783951773424973,0.5210031197140481,1,0.04303394056847623,-0.0351375019379525,0.5022226586627712,1,0.13417110531200271,-0.0075710543844527255,0.49041270461507414,1,0.22903921479729145,-0.015697510130277984,0.4821179693800705,1
32055.911338,grid_1125_y440_z630,473.046,437.73,629.851,90.8686395518278,7.347,-0.13952752061063772,-0.17768378066589097,0.5151387530904623,1,-0.042820585404453604,-0.09550775487885335,0.5133192272095957,1,0.0463632907015846,-0.03486696875177662,0.49788175311887095,1,0.13626929939473673,-0.007620489236706801,0.48950920271973364,1,0.2300442700752932,-0.015691020853792332,0.4841871145729766,1
32074.355456,grid_1126_y445_z630,473.087,442.727,629.602,87.5191086391995,18.283,-0.13500463346131247,-0.17910974740158597,0.5194079609438145,1,-0.03857765252663707,-0.09500642580312475,0.510296205108094,1,0.049269346162644154,-0.034912447600237435,0.49857111096077955,1,0.13730229415621104,-0.007535855235402899,0.48845545369133336,1,0.23222189522310707,-0.015522648268201565,0.4876568243621223,1
32091.323003,grid_1127_y450_z630,473.177,447.657,629.306,84.33421894462539,16.703,-0.12962544937336792,-0.17911051321266128,0.5195248718306078,1,-0.03465585746879938,-0.09543718226128378,0.512763864400322,1,0.05212318148435683,-0.03517451645007656,0.500866741840647,1,0.13765052139147224,-0.0074972633984817265,0.48560145322876,1,0.23222189522310707,-0.015522648268201565,0.4876568243621223,1
32134.564304,grid_1128_y455_z630,473.175,452.678,629.728,81.88048970298114,43.06,-0.12021404387643245,-0.17371617603362477,0.5027173942610182,1,-0.0313986400787628,-0.09829598232948157,0.5231064955308902,1,0.053427183266076,-0.034455361332769774,0.4831224871916884,1,0.13961938666446885,-0.007861035385996099,0.4871921084073495,1,0.23222189522310707,-0.015522648268201565,0.4876568243621223,1
32173.017321,grid_1129_y460_z630,472.887,457.931,629.915,79.35152826505613,38.272,-0.1188915293495597,-0.1801814489956354,0.5198305554632723,1,-0.025888542211645764,-0.09786752574149116,0.5204000330087473,1,0.05978621651507135,-0.03668410860432915,0.509880401463454,1,0.13999799023735848,-0.007772394635897694,0.4827691293107193,1,0.2302915727238828,-0.015698891271811642,0.4820935231045607,1
32203.947241,grid_1130_y465_z630,472.948,462.691,629.996,77.21842891434665,30.758,-0.11348859801241522,-0.18046143698364717,0.5198236405698496,1,-0.0210600380109037,-0.09579696966744924,0.5100710867834657,1,0.06240327205546149,-0.03668424672111564,0.5098459329465003,1,0.14162313803427581,-0.007814015959003036,0.4821326621901034,1,0.22957396898342114,-0.01563967658752481,0.4798826537832249,1
32235.357804,grid_1131_y470_z630,473.139,467.786,629.534,74.69629424543098,31.144,-0.1016064840961183,-0.1702867141662769,0.4917818031507158,1,-0.017273123608593982,-0.09631213572048287,0.5129933696856783,1,0.06306880476613988,-0.035308385257371996,0.49027836021378635,1,0.14377682084124166,-0.007840629854263998,0.4846853955831072,1,0.22611243349740348,-0.015405982139344913,0.47202309791884006,1
32436.85207,grid_1133_y480_z630,473.193,477.909,629.599,71.47154635237727,81.031,-0.09598693466069479,-0.1803933622535528,0.5200570047041368,1,-0.007770153310349904,-0.09409000036085748,0.49692594309472005,1,0.06882693167111416,-0.03539330690525094,0.48836752306811465,1,0.14818095304435727,-0.008855428455542672,0.48709729334994606,1,0.23154371387365136,-0.01570026431900833,0.48206858010353487,1
32464.915062,grid_1134_y485_z630,473.277,482.863,629.84,70.57738411842715,27.842,-0.09062485865029528,-0.18046810361521715,0.5202469554104161,1,-0.0041565426849675515,-0.09959505907447024,0.5231582186493627,1,0.07241742793125974,-0.036028702012588176,0.4927058911690527,1,0.1507216846027466,-0.008888404730773219,0.4906628048796459,1,0.2312756240292092,-0.015678267510442,0.48124631946055474,1
32478.053214,grid_1135_y490_z630,473.002,487.704,629.95,69.90693974849717,12.967,-0.0852448327539288,-0.180469911509999,0.52033707143875,1,0.0008318616274559409,-0.09751811461668079,0.5102410267775118,1,0.07439161322507368,-0.035727691710436306,0.48534899285665545,1,0.1522980615776388,-0.008862097736165099,0.48894277187700164,1,0.22739418440859785,-0.015410938541907315,0.47211501646888476,1
32506.174484,grid_1136_y495_z630,472.947,492.711,629.786,69.28572690677352,27.848,-0.07609478560505054,-0.17266498174686132,0.4982702603345487,1,0.004796735707867053,-0.0978683065392039,0.5125439978687325,1,0.07931317627062463,-0.036665567522770115,0.4968298509747738,1,0.15352398447192941,-0.00887526148225933,0.4880123498363771,1,0.22739418440859785,-0.015410938541907315,0.47211501646888476,1
32517.476264,grid_1137_y500_z630,472.991,497.832,629.478,68.88155211665894,11.11,-0.07241640299233791,-0.17781319314947264,0.5131753748701944,1,0.009300641080132292,-0.09348333448918318,0.4918553095850884,1,0.08133833975402757,-0.03622078540170039,0.49297053839407,1,0.15627891314785713,-0.008921272137970426,0.4920639729666025,1,0.23279565263030813,-0.015701630293881445,0.48204318223814796,1
32523.084329,grid_1138_y505_z630,473.409,503.021,629.249,68.9449823700029,5.377,-0.06775878183556534,-0.18047604910539822,0.520601814912314,1,0.014016858383110137,-0.09805003260751377,0.5147095957443152,1,0.08513833108950866,-0.036677970167617646,0.4956955319700349,1,0.15778433474254672,-0.008908671336040175,0.49095687240345504,1,0.23270663916589956,-0.015694367365777298,0.48177136737160653,1
32651.647741,grid_1140_y515_z630,473.169,512.703,629.308,70.56863998264389,8.058,-0.056836210535402075,-0.18000013596514003,0.5192374524763609,1,0.0218662804841854,-0.09423373778386444,0.49255584252130247,1,0.09015698592030415,-0.03711546321144561,0.4943368592774597,1,0.1604123093426264,-0.009223894579129643,0.4896040565055014,1,0.22867581377489227,-0.015415851282453165,0.472205373736894,1
32660.874288,grid_1141_y520_z630,473.418,517.67,629.275,71.83659467151824,8.996,-0.04829487312494171,-0.1709303152151841,0.49309310185514993,1,0.02592591277646283,-0.09405424024507877,0.4908070332151855,1,0.09328316780620194,-0.03745684252675639,0.49675083547957966,1,0.158796226222062,-0.009188306427109395,0.47922837506206806,1,0.2330994844038897,-0.01566089374484448,0.48044037757146596,1
32750.293692,grid_1142_y525_z630,473.336,522.274,629.307,73.35034954245283,89.248,-0.04317923169744865,-0.170187475213057,0.49016966482848356,1,0.030549747518655652,-0.09647237430049796,0.501563743055805,1,0.09603032576585421,-0.03778486045628217,0.49828803603010985,1,0.1619145619471614,-0.009366969841552785,0.48393970875920156,1,0.2371172528715198,-0.016173300001686784,0.4871192711161857,1
32801.845305,grid_1143_y530_z630,473.549,527.637,629.099,75.20900840989735,51.28,-0.03897967922525415,-0.17704915590479894,0.5100479875541353,1,0.03465522966413205,-0.09428050491514287,0.49153639042394404,1,0.09773093331858107,-0.03702268878599325,0.4881190302582784,1,0.16115311896685416,-0.009547495209482598,0.47670131864157705,1,0.2299573098055195,-0.015420720426154149,0.4722941750194238,1
32835.515513,grid_1144_y535_z630,473.58,532.156,629.356,77.41371724055114,33.357,-0.03351704259796167,-0.1773476265513515,0.5094358631489482,1,0.040133883955712636,-0.10076057158155137,0.5219863826430637,1,0.10163043924335488,-0.03785342449272777,0.4950470247446437,1,0.16450179553998917,-0.009418497362207562,0.4813194798146889,1,0.23043612283519577,-0.015447847158079881,0.47319407887983866,1
32844.229636,grid_1145_y540_z630,473.504,537.757,629.375,80.15842194679237,8.423,-0.027084500170144524,-0.17721734634963018,0.5090213687494508,1,0.04324651749764173,-0.09515500978984003,0.4926538117333612,1,0.10411471214156134,-0.037813794665055696,0.4930320138282451,1,0.165951401831629,-0.00947118895222071,0.4813278905669083,1,0.2349211842477038,-0.01568769206624416,0.4813667309751605,1
32849.419592,grid_1146_y545_z630,473.401,542.3,629.231,82.46401505505297,5.009,-0.021811141401793386,-0.17687717991599827,0.5084062851495876,1,0.04704950945058822,-0.09526075566067374,0.49255747519452786,1,0.10844402718555865,-0.03829074533286779,0.499616481501164,1,0.16870264291623877,-0.009577247089095929,0.4850028881116987,1,0.2352989743159619,-0.01570434466113888,0.48199117266596625,1
32858.461437,grid_1147_y550_z630,473.558,547.506,628.85,85.15608239579842,8.781,-0.016629686716560087,-0.17711076521049723,0.5103704292916099,1,0.05047809834371189,-0.09350181259410162,0.48528913431060283,1,0.11070579630739252,-0.03772198390856854,0.49691326462920116,1,0.1701740159286503,-0.009417836293664198,0.485663347387427,1,0.2352989743159619,-0.01570434466113888,0.48199117266596625,1
32891.593919,grid_1148_y550_z635,473.518,548.926,632.49,88.92820569987913,32.902,-0.013707757287644291,-0.17398487290065498,0.48885118002575145,1,0.05259304742614712,-0.09714813348691796,0.48817246459357694,1,0.11353977896491936,-0.04080576799599161,0.5066537692556906,1,0.17017881523191225,-0.010641839155465191,0.4835813408560937,1,0.2352989743159619,-0.01570434466113888,0.48199117266596625,1
32897.682842,grid_1149_y545_z635,472.834,547.705,633.85,89.3245658931518,6.079,-0.014979092089813162,-0.1751011543429713,0.4884333040450573,1,0.05131831201143615,-0.09800193521068828,0.4873185400105252,1,0.1112270524004455,-0.040353254224398845,0.4970119634438098,1,0.17032629306397934,-0.010696449567836597,0.48512201645384523,1,0.2352989743159619,-0.01570434466113888,0.48199117266596625,1
33048.16936,grid_1151_y535_z635,472.402,537.977,634.278,84.50929070818196,29.822,-0.02737389263201996,-0.1889408303488811,0.5267886461391332,1,0.04292181772478224,-0.09792963802590487,0.4871999922913274,1,0.10379496441095859,-0.04020243226588713,0.4917198904240418,1,0.16587100813082764,-0.010632003754463932,0.4815127999666492,1,0.2299573098055195,-0.015420720426154149,0.4722941750194238,1
33069.619065,grid_1152_y530_z635,472.497,532.91,633.902,81.80806946750432,21.188,-0.03243677939302036,-0.18234115721020078,0.5099776927992364,1,0.03942252918780825,-0.09890108020374401,0.49230423472844,1,0.10172171325227033,-0.040244765027451265,0.4938155914806815,1,0.16491703974236943,-0.010652243503875494,0.4827060097667739,1,0.2299573098055195,-0.015420720426154149,0.4722941750194238,1
33080.374032,grid_1153_y525_z635,472.536,527.654,634.005,79.70752502744021,10.494,-0.03844225799136836,-0.1821282025012249,0.5092065942516744,1,0.03432817497390364,-0.09881113240767282,0.49188584422159143,1,0.09948593446014643,-0.040492555294461746,0.49701230653753337,1,0.1639350554039764,-0.010755709561588122,0.4847929110681084,1,0.23765712002524708,-0.01624870870512635,0.48815616637578924,1
33094.458295,grid_1154_y520_z635,472.413,522.623,634.489,78.34062587189368,13.863,-0.044894322337129526,-0.1872216278973297,0.5206726064722679,1,0.030514780343848396,-0.09874820335447652,0.4915911320196243,1,0.09565783027509545,-0.04027883917290602,0.4930319348821208,1,0.16169893170418645,-0.010674892537722708,0.4833695920587633,1,0.23495778425661062,-0.015871665187928534,0.48297169007777174,1
33103.913928,grid_1155_y515_z635,472.397,517.594,634.808,77.12190133807653,9.233,-0.049736493724550176,-0.18404474112178695,0.512140354988379,1,0.027379070069855335,-0.10245795848174344,0.5092471154693183,1,0.09284009405963503,-0.040538976237090435,0.49351361235715363,1,0.15974974211415333,-0.010653652588905826,0.481812593023891,1,0.23366823503017453,-0.01568615157337646,0.481386571803623,1
33118.101116,grid_1156_y510_z635,472.47,512.83,634.341,75.50523625550754,13.946,-0.054812958413348586,-0.1822750958012535,0.509590962793286,1,0.022726707697240632,-0.10212609863904133,0.5085541769379847,1,0.09086445220494693,-0.04003419160407118,0.4974889877522138,1,0.1630024836783589,-0.010683911547621893,0.49673259667641434,1,0.22867581377489227,-0.015415851282453165,0.472205373736894,1
33220.323727,grid_1157_y505_z635,472.385,507.925,634.066,74.33184645224424,101.979,-0.05830524064882023,-0.17568916570186643,0.4919399874859379,1,0.01826840701062961,-0.09820468086475195,0.4936910520274072,1,0.08881911889389302,-0.03995209623876073,0.5017694410387064,1,0.16088555578519642,-0.010274717973358594,0.49604686099115547,1,0.2341870587450341,-0.015942217633704757,0.48392326170391475,1
33227.566243,grid_1158_y500_z635,472.359,503.038,634.181,73.85857000375796,6.938,-0.0638284778239961,-0.17653674882127662,0.4944114370887474,1,0.013945731582705801,-0.09799833858431073,0.4923547172135838,1,0.08458104791169782,-0.03952061981573142,0.49325728247692047,1,0.15723527146161542,-0.010221667985498792,0.488933390376304,1,0.23270663916589956,-0.015694367365777298,0.48177136737160653,1
33247.460165,grid_1159_y495_z635,472.085,498.069,634.534,73.9457599933898,19.693,-0.07050153480155211,-0.17968821463924,0.5027867003634311,1,0.010012749455545974,-0.10201774346651549,0.5121424549312301,1,0.08195115739546845,-0.039902028504250675,0.496287497289551,1,0.15401122386331395,-0.010311742792466001,0.4848991910411534,1,0.23279565263030813,-0.015701630293881445,0.48204318223814796,1
33261.179308,grid_1160_y490_z635,472.288,492.733,634.923,74.4167602156934,13.497,-0.07652292176916765,-0.18215236724184344,0.5074249421419265,1,0.005568547201930911,-0.0980640540830328,0.49299181246865365,1,0.07911696945372418,-0.039780840836236106,0.49553813555477855,1,0.15355057147553217,-0.010107898335787492,0.48770832556448684,1,0.2293338490702962,-0.015522231553573771,0.4758046926474807,1
33279.285863,grid_1161_y485_z635,472.317,487.781,634.436,74.35204686489817,17.855,-0.08340560365256781,-0.1841672089041651,0.515703897406196,1,0.0008606238063219003,-0.10228862434571656,0.515447880714851,1,0.07512283848164406,-0.038335928036085376,0.4882784597415189,1,0.15415109255362497,-0.010206573929271412,0.49508121397509347,1,0.22739418440859785,-0.015410938541907315,0.47211501646888476,1
33288.619735,grid_1162_y480_z635,472.627,482.696,634.275,74.96318591815587,9.113,-0.08644190050524084,-0.1779174478142414,0.49822659790185453,1,-0.003807418607612581,-0.10299752775392236,0.5206966709502051,1,0.0724346317747964,-0.03851446762257102,0.491139062231176,1,0.15114214675965776,-0.010184149621904587,0.49193260787445453,1,0.2312756240292092,-0.015678267510442,0.48124631946055474,1
33301.146238,grid_1163_y475_z635,472.696,477.756,634.184,75.94441336266944,12.296,-0.09600883990380525,-0.1858570759675558,0.5200031832124461,1,-0.007649513839506029,-0.09781549412103951,0.49530885335808494,1,0.06967885827126505,-0.03841403000865676,0.4924897166763322,1,0.1476483667028699,-0.010028300511486548,0.48536822086228626,1,0.23154371387365136,-0.01570026431900833,0.48206858010353487,1
33329.006491,grid_1164_y470_z635,472.496,472.783,634.37,77.50464373184361,27.629,-0.10126046826629062,-0.18530413257058828,0.5192554108534285,1,-0.012152462779828442,-0.10210447808576821,0.5202102998172768,1,0.06717728516718044,-0.038583805493061216,0.4925887802809462,1,0.14676088739846221,-0.00989484856234674,0.4867584353425984,1,0.2335948590558517,-0.015531757326449864,0.48785621459884754,1
33478.166686,grid_1166_y460_z635,472.511,462.594,634.772,81.57838033449802,28.519,-0.10741130931019416,-0.1768878688444926,0.495208981605486,1,-0.02152495430976789,-0.10214378400711115,0.520362259712397,1,0.06020569964144179,-0.037700797320379655,0.48877770848086455,1,0.14124078376886823,-0.009065653961349049,0.4807900533616787,1,0.22984307038609425,-0.01566188209413237,0.4807117297787259,1
33500.743192,grid_1167_y455_z635,472.662,457.65,634.546,83.55770624544462,22.374,-0.11286929973985252,-0.17724008360148585,0.4959893192165939,1,-0.025177534731736395,-0.10048906784143422,0.5134833158482877,1,0.05951318170599022,-0.03919448956472826,0.508364039973866,1,0.14077656269662758,-0.008895635459754962,0.48388966078754153,1,0.2302915727238828,-0.015698891271811642,0.4820935231045607,1
33530.601096,grid_1168_y450_z635,472.553,452.986,634.346,85.65773808594298,29.646,-0.12293097826748955,-0.1848623296954345,0.5199112241589069,1,-0.030011362164373515,-0.10203943992534706,0.5214995957287871,1,0.054412483220574834,-0.03766452472693675,0.4889700203984096,1,0.14142354583156064,-0.008865407015037411,0.4917899248964488,1,0.22933349399397138,-0.015655372430936832,0.4804681279933311,1
33590.87951,grid_1169_y445_z635,472.779,447.749,634.486,88.55370996745422,60.098,-0.12887790724601159,-0.18427807361844065,0.5163316248422796,1,-0.03422684418770097,-0.09985247639506441,0.5106928894578591,1,0.05324450913554822,-0.03930654821959431,0.5099520857163408,1,0.1375719049452017,-0.008816607923298983,0.4853013486372986,1,0.23222189522310707,-0.015522648268201565,0.4876568243621223,1
33634.702457,grid_1170_y440_z635,472.863,442.762,634.494,91.40441519970472,43.52,-0.13075139695750662,-0.1790004477390346,0.503010642776853,1,-0.03947061288256875,-0.10233449905417119,0.5229369048673416,1,0.05045521168384488,-0.038946844809699996,0.5074280787998617,1,0.13625332735222925,-0.008811865306751496,0.48508170933584327,1,0.22701085719882996,-0.015548954387995082,0.4769042016861856,1
33670.601235,grid_1171_y435_z635,472.767,437.564,634.852,94.83804427549104,35.687,-0.1403900401524345,-0.18584730195055382,0.519120519663363,1,-0.04400685462334304,-0.10183682932159735,0.5203242909269402,1,0.045070617286412436,-0.03742069698866464,0.48817280595067075,1,0.1377216044350894,-0.00898718404238233,0.4966226915490345,1,0.22903921479729145,-0.015697510130277984,0.4821179693800705,1
33697.127145,grid_1172_y430_z635,472.759,432.525,635.134,98.2664458958398,26.324,-0.14576926616702313,-0.18584682407238903,0.5190014989836055,1,-0.04869095151605298,-0.10227759970187206,0.5223459771205965,1,0.043963350702078005,-0.03907960989104159,0.5081526298464103,1,0.13315759025367646,-0.008825071636893915,0.4871691277508995,1,0.22903921479729145,-0.015697510130277984,0.4821179693800705,1
33754.162513,grid_1173_y425_z635,472.754,427.412,635.109,101.65465009531052,56.854,-0.15447041376710097,-0.1891890016823774,0.529989964617428,1,-0.05291973323122844,-0.10232836377993644,0.5227554854950943,1,0.040746561024088135,-0.03823017853875654,0.5053967178425678,1,0.13099611630918326,-0.008793190588495963,0.48421663937540693,1,0.2280778277138824,-0.015653508849863905,0.480476231624127,1
33773.812589,grid_1174_y420_z635,472.966,422.342,634.989,105.08462036853923,19.356,-0.1542450812089171,-0.18142994246728117,0.5090307935457441,1,-0.05623570621503195,-0.09986743844946772,0.5145543529909887,1,0.036488516134326326,-0.03715324776304281,0.4937929428604039,1,0.1296860940065964,-0.008788600528868103,0.484003984569808,1,0.23084805612843587,-0.015513402703419787,0.48745305400778594,1
33802.750053,grid_1175_y415_z635,472.974,417.617,634.962,108.45538758402,28.735,-0.1603987768665834,-0.18238862717036072,0.5127083246303716,1,-0.0602155195267759,-0.09896501059381453,0.5109118864886311,1,0.03397099687300987,-0.03740662972635883,0.4976941420984494,1,0.13311563603996424,-0.008904012101505862,0.504433090963395,1,0.22486687866844024,-0.015485882445966142,0.4748571400851931,1
33824.950885,grid_1176_y410_z635,472.877,412.888,634.939,111.92979054300066,21.998,-0.1662787039764229,-0.18315235135008728,0.5147376750044086,1,-0.06529337124789028,-0.1007026432931655,0.5188607699066023,1,0.031423772034717745,-0.037537344797587,0.4996244877165854,1,0.12662439951872595,-0.008487341190230938,0.48627047573379023,1,0.22778662429566124,-0.015696119768256783,0.48214187324358493,1
33839.028285,grid_1177_y405_z635,472.972,407.905,634.946,115.70719972413131,13.876,-0.17095204985232948,-0.1823033374511695,0.5122141975507278,1,-0.07022334521818838,-0.10076450716209168,0.5204863439688675,1,0.027895286394362583,-0.0372438102021229,0.4972534021376622,1,0.12336065528573326,-0.00832256355490011,0.47887672348543886,1,0.2272078391182554,-0.01566942744544511,0.4811469786725514,1
33850.50877,grid_1178_y400_z635,472.775,403.125,634.926,119.39728890138173,11.269,-0.17804281993053986,-0.18450024159389894,0.5182815119943772,1,-0.07427606505725286,-0.10070883121816462,0.521028400155328,1,0.02558227313050495,-0.03738917516741404,0.49874328522351663,1,0.12405646744783061,-0.007824683874454681,0.48740620034143944,1,0.2266469758551558,-0.015609825765104878,0.480458344331496,1
33857.097512,grid_1179_y400_z640,472.19,402.636,637.477,121.38173014914558,6.327,-0.18276515032796492,-0.19171380367022578,0.5319757471523354,1,-0.07478882468525419,-0.10214218192434991,0.520411995782889,1,0.024888996721239738,-0.03822269016294688,0.5030023789946305,1,0.12252544241142806,-0.008219322213927632,0.4837598002376709,1,0.22805124034535476,-0.015573379779079756,0.48369854568717496,1
33916.198311,grid_1180_y405_z640,472.709,403.058,639.264,122.19600144849261,59.089,-0.18353163568478775,-0.19508474658552613,0.5342040265319287,1,-0.07578262530592852,-0.10669229025936233,0.5340534159594229,1,0.02496168598133691,-0.03867234887321078,0.4860212794575981,1,0.12383320289089808,-0.008787926704858949,0.4860571327348583,1,0.22624319715591235,-0.015624940240758993,0.47948882105416224,1
33922.947724,grid_1181_y410_z640,472.778,408.102,639.544,118.56655469819474,6.456,-0.17288065157216032,-0.1900432790105034,0.5189267990129584,1,-0.06878715258139875,-0.10343566180733887,0.5128287099134695,1,0.027912345780416382,-0.03982647037473988,0.4964400382524467,1,0.12615216926061784,-0.009352218991201151,0.49055802728458353,1,0.22740076751072402,-0.015678324886382336,0.4814786101962293,1
33931.060624,grid_1182_y415_z640,472.674,413.122,639.598,114.90668450964894,7.952,-0.16591038735743155,-0.1885518327201443,0.5147545248791245,1,-0.06401918457615016,-0.1033800429325526,0.5125981712364034,1,0.031238492080619025,-0.03957582046664191,0.49467982851597125,1,0.12637171755407972,-0.009543983088379678,0.4833302744807507,1,0.22778662429566124,-0.015696119768256783,0.48214187324358493,1
33955.278065,grid_1183_y420_z640,472.856,417.836,639.662,111.57532532329901,24.068,-0.16191085098814967,-0.18988929292986212,0.5185374722708412,1,-0.05953698826609905,-0.10275092878924949,0.5091929931475269,1,0.03390280800144769,-0.03953370405692429,0.4941455782547178,1,0.12705669076561962,-0.009648361100466029,0.48015215344909284,1,0.22618514047275662,-0.015575826635949414,0.4778797189077444,1
34018.264548,grid_1184_y425_z640,472.796,422.777,639.836,108.27252216513665,62.825,-0.16048287747430867,-0.19545286976292747,0.5318280118281469,1,-0.05695624896689171,-0.10636866504482809,0.5226166531033059,1,0.036215433595103944,-0.039547113187495125,0.4881805137349396,1,0.1296675744217512,-0.010033695087417471,0.483929034243892,1,0.23084805612843587,-0.015513402703419787,0.48745305400778594,1
34036.055027,grid_1185_y430_z640,472.819,427.643,639.827,105.00954009041278,17.619,-0.15426345142440198,-0.19456022328328215,0.5295636139847868,1,-0.052683215445446824,-0.10589274666890269,0.5207936704384114,1,0.03890189742978361,-0.039631146021887005,0.4857492152552416,1,0.13130800947745966,-0.010059675696855258,0.485230399419719,1,0.2286546599639278,-0.015679909618112352,0.48146127427769314,1
34044.208747,grid_1186_y435_z640,473.0,432.74,639.726,101.65784552605865,7.993,-0.14906812603729006,-0.19491758707616516,0.5306886956106729,1,-0.04799629206539383,-0.10551346517832265,0.5183310584570553,1,0.04211629359048332,-0.03960296012857185,0.4863597491379761,1,0.13327752494201794,-0.010067457823558125,0.485546968775394,1,0.22903921479729145,-0.015697510130277984,0.4821179693800705,1
34080.419631,grid_1187_y440_z640,473.014,437.82,639.752,98.56824107693106,35.958,-0.14053903754507358,-0.19123703933598757,0.5195259745798161,1,-0.04327969853763318,-0.1054771462182591,0.5173692424197109,1,0.0452579004325622,-0.04006662026364982,0.4885966299887292,1,0.13637975117096085,-0.010117889130473106,0.4908890728700839,1,0.22903921479729145,-0.015697510130277984,0.4821179693800705,1
34108.688006,grid_1188_y445_z640,473.113,443.054,639.333,95.19427181821396,28.108,-0.1307876605436632,-0.1846354148385534,0.5042969395641118,1,-0.038233022546636665,-0.10392685597685536,0.5113443597320477,1,0.050645341957951395,-0.041802362708119656,0.5097927803956888,1,0.13623143315828976,-0.010059949178565605,0.48499791523788804,1,0.2283190274997334,-0.01563773779493962,0.47988895437061635,1
34201.176473,grid_1189_y450_z640,472.918,447.798,639.636,92.86778475337937,92.336,-0.12853609527933113,-0.18989004755877914,0.5157586765571814,1,-0.03230687982401876,-0.0991179584396154,0.48544995401378843,1,0.05164723798387569,-0.040250095391081805,0.4894434510574912,1,0.14027305251987868,-0.010228904356573146,0.4938097110845237,1,0.2248305733639909,-0.01540098204308752,0.47192961387880106,1
34222.269048,grid_1190_y455_z640,472.855,452.913,639.725,90.3642547581731,20.816,-0.11820161312643779,-0.18325307752950654,0.49790891805801973,1,-0.029290280385630887,-0.1051286801140732,0.5156967630454885,1,0.05677395987513434,-0.041750600228382534,0.5076491360273472,1,0.14170957219324834,-0.010169160097053981,0.4919881534466872,1,0.2302915727238828,-0.015698891271811642,0.4820935231045607,1
34237.044291,grid_1191_y460_z640,473.105,457.633,639.879,88.31903696259381,14.554,-0.11348184547519058,-0.18326353351727295,0.49795766711050626,1,-0.025234066446327637,-0.10452144789760831,0.5099386279502687,1,0.058605988471030046,-0.04131888212415265,0.5023774893635048,1,0.14232333155250426,-0.010151506346357243,0.48919117303722304,1,0.2302915727238828,-0.015698891271811642,0.4820935231045607,1
34272.579969,grid_1192_y465_z640,473.16,462.345,639.787,86.26083427025274,35.384,-0.10850181280757022,-0.1833532120100025,0.49844585398106583,1,-0.020825590393294714,-0.10267225798491705,0.4982852765172303,1,0.060707689526412124,-0.04086280846877964,0.4925983320508089,1,0.1420841299830126,-0.010486015833511986,0.48344017386682836,1,0.22966366945097885,-0.015647078423060665,0.4801590124483919,1
34418.583459,grid_1194_y475_z640,473.259,472.755,639.549,82.45664930131471,25.471,-0.10128920570049685,-0.19109653746229494,0.5192672987099283,1,-0.012139723211514226,-0.10381314498925939,0.5049544267065402,1,0.06688447702356554,-0.04096242245308903,0.49354912877418267,1,0.14531159470432156,-0.010784048796102695,0.4825518028783612,1,0.23225284389395828,-0.015569123247179392,0.484720363145116,1
34436.519882,grid_1195_y480_z640,473.046,477.704,639.611,81.22518775601571,17.765,-0.09601296441462057,-0.19124787049451844,0.5198513699714989,1,-0.0072630010451244665,-0.10114637918406313,0.49117360407916155,1,0.06987503925491806,-0.04106249272745813,0.4939228974095171,1,0.14554765020918167,-0.010839587970953699,0.4781096829259728,1,0.23154371387365136,-0.01570026431900833,0.48206858010353487,1
34463.071135,grid_1196_y485_z640,472.995,482.749,639.634,80.22604652480396,26.369,-0.08858753453959634,-0.1871802309605753,0.508083544449338,1,-0.003105285127224061,-0.10541695115884978,0.5101520680387577,1,0.07259045981447075,-0.04085445352884458,0.4889368521326448,1,0.14786947928775737,-0.010876642517700388,0.4808125520281859,1,0.23145435059217062,-0.01569293204948622,0.48179449322254153,1
34489.522671,grid_1197_y490_z640,472.996,487.725,639.785,79.66989073043845,26.28,-0.08160149357786553,-0.18619181067868032,0.503940535208822,1,0.0009409803988597119,-0.10634549159747742,0.5131277101664842,1,0.07602134725075038,-0.04165542171196906,0.49249382796751706,1,0.1491948056361794,-0.010835960336933495,0.479416377767095,1,0.22868216811355074,-0.01549743889975387,0.47502534218889836,1
34508.477944,grid_1198_y495_z640,472.983,493.048,639.235,78.70600863339476,18.774,-0.0785271595493652,-0.19125360615768008,0.5201323175072832,1,0.006085562141500059,-0.10555674020278824,0.5108455946690612,1,0.0798167742959075,-0.04227227392986593,0.4987035571811358,1,0.15492828150810684,-0.011454113959470219,0.4919293624123131,1,0.2288489329048716,-0.015494408300657157,0.47488227360283175,1
34515.954977,grid_1199_y500_z640,473.301,498.031,639.097,78.50350441859271,7.277,-0.07310697004123018,-0.19119847391538392,0.5199706088928646,1,0.009848223296025374,-0.10158844108147927,0.49135872309805206,1,0.08171371529432528,-0.04167619977953335,0.49264733877109784,1,0.1563431387306389,-0.011438613239195539,0.49099668670626306,1,0.23279565263030813,-0.015701630293881445,0.48204318223814796,1
34617.826998,grid_1200_y505_z640,473.194,502.846,639.109,78.7517431807069,101.588,-0.06640254924489485,-0.18763669782328413,0.5096408360105846,1,0.013890610591417687,-0.10044411550893104,0.48536863788861717,1,0.08617816968555465,-0.04250051724211595,0.5014170164706574,1,0.15952569638828099,-0.011507945916444915,0.4958030363036223,1,0.23279565263030813,-0.015701630293881445,0.48204318223814796,1
34633.722714,grid_1201_y510_z640,473.399,507.707,639.627,79.801036872963,15.655,-0.059192143953205004,-0.18385934682013558,0.4969828365039285,1,0.017843777937857155,-0.10236697107766943,0.4906925891265775,1,0.08849994305618683,-0.04247884895264176,0.4999813005687252,1,0.1608138426669959,-0.011792304026830888,0.4957938737581226,1,0.23208354491503952,-0.01564352686904826,0.47986866330581635,1
34646.219181,grid_1202_y515_z640,473.305,512.317,639.51,80.4583966345341,12.326,-0.05367417192818229,-0.18300250611192767,0.49456884218237024,1,0.021640022822863782,-0.10241952510479102,0.4909360256845194,1,0.08980653729754659,-0.04204771290464203,0.49101888546499856,1,0.163382903087142,-0.011950926611785331,0.4977609293539488,1,0.22867581377489227,-0.015415851282453165,0.472205373736894,1
34662.336103,grid_1203_y520_z640,473.773,517.47,639.331,81.45389284128791,15.764,-0.048066471379284915,-0.1817827180850756,0.49111574919642326,1,0.026709230966912186,-0.10249567795871382,0.4912850969299034,1,0.09017631197784187,-0.04099703510397062,0.4763027969589186,1,0.16112989224663532,-0.01182915961807758,0.48544377232268576,1,0.2340474021143644,-0.015702990125731113,0.48201736795839434,1
34692.333986,grid_1204_y525_z640,473.38,522.664,638.736,82.3707696273381,29.817,-0.043795395841603274,-0.18699553839291955,0.5074070946620732,1,0.03203882518499542,-0.1086887347766434,0.5211086750176889,1,0.09643733765537169,-0.04207952485881992,0.492751569351799,1,0.16596936898937217,-0.01195335252197478,0.49551236225739087,1,0.23549765141033793,-0.015947073891368096,0.48400858533737523,1
34700.737668,grid_1205_y530_z640,473.42,527.704,639.518,84.83033257626667,8.151,-0.03658378397772277,-0.18151246118526787,0.4904293424941133,1,0.03635503624685925,-0.10643358419966044,0.5089218644296891,1,0.09890688404124592,-0.04259981132524847,0.4926917956165264,1,0.16396728575573574,-0.01193014816108426,0.4843977907827706,1,0.23765712002524708,-0.01624870870512635,0.48815616637578924,1
34731.362502,grid_1206_y535_z640,473.411,532.679,639.278,86.5613143211216,30.374,-0.031501458922130826,-0.1814229749246403,0.4902811832079975,1,0.040768200656571094,-0.10727474698055106,0.5127017095828891,1,0.10183334990657197,-0.04246674951527747,0.4924824939060064,1,0.16450344873947023,-0.011865306375820173,0.48116936973134755,1,0.23765712002524708,-0.01624870870512635,0.48815616637578924,1
34798.243308,grid_1207_y540_z640,473.282,537.292,639.566,88.8399663721234,66.698,-0.026339545436568135,-0.1809964104405197,0.4882128550403236,1,0.045814968469795755,-0.10830961880750585,0.5176847569601734,1,0.10385748896259375,-0.042758684409086284,0.4919903599222968,1,0.16581969346357914,-0.011871066106221857,0.48135785745080006,1,0.23765712002524708,-0.01624870870512635,0.48815616637578924,1
34801.618131,grid_1208_y545_z640,473.586,542.777,639.005,91.00194229245886,2.991,-0.021185203669985483,-0.1884543031279243,0.5085244180978212,1,0.04752877161406901,-0.10208686470585772,0.4876756299807763,1,0.10820090866380397,-0.04290477986651191,0.4948854082773658,1,0.17017326902503016,-0.01202298716400196,0.48871227835073605,1,0.2299573098055195,-0.015420720426154149,0.4722941750194238,1
34817.268726,grid_1209_y550_z640,473.539,547.901,639.03,93.72815370527684,15.389,-0.01498808242819004,-0.18096978540700345,0.4883020254753563,1,0.05508909427995734,-0.10822347074843783,0.5171999561168727,1,0.11092628022947365,-0.04281979417614633,0.49541022619704655,1,0.1716325501560882,-0.012030414873416925,0.48925526572113137,1,0.23511007928183286,-0.01569601836369152,0.48167895182056336,1
34829.396966,grid_1210_y550_z645,473.693,548.96,643.061,97.69086415320534,11.857,-0.0139558050838147,-0.193013834638521,0.5082896709488502,1,0.052007894084470825,-0.10419447526340007,0.4798654113185567,1,0.10971891668483638,-0.044357260411692204,0.48673466632539003,1,0.16651925085807465,-0.012236823699051009,0.47378545511313985,1,0.23378781404292961,-0.015637734281560005,0.47949340590274303,1
34847.172246,grid_1211_y545_z645,473.354,547.469,643.859,97.57728824373028,17.764,-0.015021477917351965,-0.18680321031467437,0.4894009717053568,1,0.05106971370134343,-0.10510768775144408,0.4825841420461777,1,0.11125143084847779,-0.0454264571372987,0.4972292055042311,1,0.17193108433781285,-0.012487560586529521,0.4905444848203565,1,0.23043612283519577,-0.015447847158079881,0.47319407887983866,1
34862.344631,grid_1212_y540_z645,472.562,542.507,644.734,95.85008467393241,14.9,-0.02008224420235541,-0.18756583569090732,0.48962272484082414,1,0.049138454772163616,-0.11065827694550354,0.5060798025128427,1,0.10566987821150207,-0.04476618992605131,0.48545967738028506,1,0.1663784052648504,-0.01269238852519345,0.4792166298819808,1,0.23765712002524708,-0.01624870870512635,0.48815616637578924,1
34892.813614,grid_1213_y535_z645,472.498,537.476,644.61,93.432129425589,30.188,-0.026474969952224217,-0.19485333413379863,0.50926522681113,1,0.04533687888582662,-0.11143098712848902,0.5085387681459713,1,0.10501814601105233,-0.0452486025193087,0.49551604439488994,1,0.16806523704793766,-0.012926802904752534,0.4889411114640211,1,0.23765712002524708,-0.01624870870512635,0.48815616637578924,1
34896.691401,grid_1214_y530_z645,472.553,532.598,644.151,90.98001074411894,3.606,-0.03250681809110542,-0.1947539671328429,0.5119914412783724,1,0.04038206337594383,-0.11059662259770357,0.5079946031682867,1,0.10336808362104177,-0.04619376438608658,0.501738534850193,1,0.16675196247187263,-0.0130232197537779,0.48935981157915953,1,0.23603751856406524,-0.01602248259480766,0.4850454805969787,1
34902.706064,grid_1215_y525_z645,472.626,527.825,644.049,89.10201895018996,5.804,-0.0381155897062459,-0.1974723086062017,0.5190432767041789,1,0.0354363008982292,-0.10644521325510725,0.4901812255394077,1,0.09884127020946612,-0.04490009664687214,0.49144450281338536,1,0.1642869527045291,-0.012989514021538332,0.48629763551303495,1,0.23378144486976354,-0.015681408482685635,0.4812087315861069,1
34907.212709,grid_1216_y520_z645,472.351,522.974,644.195,87.65907877111201,4.264,-0.04168824292900365,-0.18671390551433117,0.4906093038846258,1,0.03244315184855408,-0.11047273321211395,0.5091083766530026,1,0.09708191811480793,-0.04528182082947842,0.4961448259498184,1,0.1637316065383384,-0.013137061824924471,0.48813166257553003,1,0.2340474021143644,-0.015702990125731113,0.48201736795839434,1
34919.87451,grid_1217_y515_z645,472.438,517.707,644.596,86.60747528937678,12.44,-0.04774114107072742,-0.18933442923240829,0.49764178922341806,1,0.026614411750041957,-0.10677545985596418,0.49087517804822367,1,0.09350081098223743,-0.04528713603459878,0.494506119121768,1,0.15973688758312787,-0.013049462171433763,0.4820344881250376,1,0.2340474021143644,-0.015702990125731113,0.48201736795839434,1
34934.756204,grid_1218_y510_z645,472.359,512.76,644.643,85.58157513740919,14.568,-0.05566353878370846,-0.19799954954436472,0.5202292948772643,1,0.023593350608396194,-0.11097920648208445,0.511986796423286,1,0.08936468795152745,-0.044943374021482296,0.48838595744458335,1,0.1582453803896366,-0.013109126145213933,0.48157481953318815,1,0.22867581377489227,-0.015415851282453165,0.472205373736894,1
34969.430644,grid_1219_y505_z645,472.561,507.716,644.276,84.4074870731264,34.394,-0.0604138948802968,-0.19461346699118645,0.5120859971717785,1,0.019294350690797293,-0.11264407236222397,0.5206887744318238,1,0.08795726576825214,-0.0451559313759587,0.49549130789364115,1,0.1625608933954193,-0.013256617741774522,0.5009603553984006,1,0.23208354491503952,-0.01564352686904826,0.47986866330581635,1
34996.33238,grid_1220_y500_z645,472.62,502.786,644.33,83.95272429766658,26.711,-0.06344124974659297,-0.18727485839655109,0.4918620446067033,1,0.014052157902474025,-0.10611746039592206,0.49042660085855133,1,0.08581704680184099,-0.044926395004259975,0.4987598430931147,1,0.15898219138317887,-0.0127965814976187,0.49424268287299766,1,0.23279565263030813,-0.015701630293881445,0.48204318223814796,1
35027.710716,grid_1221_y495_z645,472.673,497.708,644.432,83.83202444173713,31.156,-0.06963372701718164,-0.18933156582313765,0.49760627030153426,1,0.01020780323248985,-0.11210982737799999,0.5183039982519508,1,0.08229931478758262,-0.04473474206306971,0.493771985317316,1,0.1517026563317006,-0.01271438404427871,0.47638157937759806,1,0.23279565263030813,-0.015701630293881445,0.48204318223814796,1
35061.522637,grid_1222_y490_z645,472.292,492.74,644.67,84.15162584882125,33.589,-0.07853199848703421,-0.19799212100787994,0.5199337326452707,1,0.005755181036692163,-0.11047378625566029,0.5111010581135397,1,0.07850052506508702,-0.044634316556649276,0.4899687859689352,1,0.15645423473119352,-0.012805507244468842,0.4962409870972531,1,0.228364016739447,-0.015466585047740542,0.47395985455818274,1
35074.232473,grid_1223_y485_z645,472.29,487.659,644.685,84.55050685241336,12.387,-0.08371053146841984,-0.1971933107618412,0.518597826125082,1,0.0016472134544044067,-0.10584084495838061,0.4932762969891281,1,0.07657434257917091,-0.04466000600314546,0.4955056426393508,1,0.14919472316971255,-0.012071437684332092,0.4794113972399968,1,0.22954082391685265,-0.015555105804984905,0.47696555933557416,1
35095.921351,grid_1224_y480_z645,472.406,482.748,644.504,85.02896845781449,21.432,-0.0872822025775232,-0.19299394509277817,0.5081611511741724,1,-0.00272310919050935,-0.1092788498163988,0.5089221289788044,1,0.07356327295638898,-0.04423201065565929,0.4934501524273225,1,0.1485896564960098,-0.011893432110067348,0.48197638130927145,1,0.23118626074772847,-0.015670935240919892,0.48097223257956134,1
35107.339405,grid_1225_y475_z645,472.408,477.98,644.452,85.88230318872455,11.226,-0.09446779557053497,-0.19658268394053158,0.5188841343613744,1,-0.007011199741506708,-0.10960533986690324,0.5112140123933124,1,0.06968644781860905,-0.04370309737875058,0.4908270962120104,1,0.14688388326014173,-0.011910381994622512,0.48265824971571936,1,0.23154371387365136,-0.01570026431900833,0.48206858010353487,1
35127.660881,grid_1226_y470_z645,472.57,472.895,644.368,87.04310568907808,20.101,-0.10028196577707751,-0.19573797847862545,0.5173888799704791,1,-0.010713487777333566,-0.10382161900148938,0.4859867494997944,1,0.06729430467594616,-0.04356880323650543,0.49394398647886884,1,0.14571474677033347,-0.011851539411065539,0.48387195648711456,1,0.2307799329155603,-0.015665832050368467,0.4807812620795492,1
35172.06011,grid_1227_y465_z645,472.517,467.966,644.197,88.34951836314676,44.217,-0.10198867030804441,-0.1883961902374877,0.49808458796329824,1,-0.01614330534386339,-0.10848597205320223,0.509499301580385,1,0.063762633760702,-0.043629651088718975,0.4950856909948563,1,0.1433515663177456,-0.011697982659773799,0.48107240150921377,1,0.23156414986180246,-0.01593228513897456,0.4837452353932257,1
35195.395773,grid_1228_y460_z645,472.548,462.749,644.58,90.52895810733719,23.115,-0.11215708795760389,-0.1966341679844295,0.5194107248157126,1,-0.020710174500051765,-0.11080469851675272,0.5169755549572415,1,0.06107869961228,-0.04359107161840871,0.4942906637686281,1,0.14130488733366467,-0.01156564651997973,0.4800679318725164,1,0.22957396898342114,-0.01563967658752481,0.4798826537832249,1
35346.045003,grid_1230_y450_z645,472.809,452.53,644.714,94.94006369283738,30.086,-0.12231090558671778,-0.19510125712072202,0.5151467719849344,1,-0.02923423966657049,-0.10811266966199268,0.5065227203031732,1,0.05528275249707769,-0.043744253378317124,0.4979924035467963,1,0.14232334652237127,-0.011560841133698305,0.49418307812659396,1,0.2302915727238828,-0.015698891271811642,0.4820935231045607,1
35365.902187,grid_1231_y445_z645,472.898,447.564,644.693,97.32507129203658,19.555,-0.12366629979843313,-0.18835543358185022,0.4973254802110809,1,-0.03378801698538829,-0.1094746887543896,0.511997672991874,1,0.05169399876092396,-0.042979909609664434,0.4907737027044084,1,0.14039462912182132,-0.01157907278657432,0.49390289531953496,1,0.2248305733639909,-0.01540098204308752,0.47192961387880106,1
35399.849271,grid_1232_y440_z645,472.885,442.64,644.626,99.83883784379705,33.755,-0.1285342578643742,-0.18812059875758655,0.49645924240405315,1,-0.03817811221187506,-0.10776558482375322,0.5106017284718956,1,0.05062934557868363,-0.044552459276538045,0.5099591415386938,1,0.13620919757015562,-0.011307607997023572,0.4849126492868761,1,0.2283190274997334,-0.01563773779493962,0.47988895437061635,1
35439.82082,grid_1233_y435_z645,472.902,437.7,644.436,102.43614505144174,39.759,-0.14059711930620228,-0.19658893769759758,0.5195891721610892,1,-0.04210533350940823,-0.10773284820446019,0.5104077135502142,1,0.04798186545853482,-0.044478848783371654,0.5092067790468524,1,0.13539566938321318,-0.01132920171214157,0.48678421969391295,1,0.22903921479729145,-0.015697510130277984,0.4821179693800705,1
35477.593123,grid_1234_y430_z645,472.821,432.552,644.739,105.720016472757,37.561,-0.14577954851941977,-0.19662818539469898,0.5187316931441083,1,-0.046572053556444816,-0.10856833446682415,0.5117113983529701,1,0.042897059399297985,-0.04282731413962816,0.4907468591428751,1,0.1303303169715548,-0.010962893620670254,0.4749072915938328,1,0.22903921479729145,-0.015697510130277984,0.4821179693800705,1
35496.965738,grid_1235_y425_z645,472.64,427.546,644.983,109.01349154118492,19.088,-0.15115894297702415,-0.1966277897167742,0.5186150068514738,1,-0.05151122872169843,-0.10878159077054773,0.51391741957736,1,0.04107208101983554,-0.04418395146577027,0.5058835299658517,1,0.13230666362873833,-0.011380608256594834,0.48851538233757696,1,0.22903921479729145,-0.015697510130277984,0.4821179693800705,1
35526.913829,grid_1236_y420_z645,472.803,422.449,645.15,112.43544379331635,29.777,-0.15653830730076979,-0.19662756573999376,0.5184965842541707,1,-0.05540549346929978,-0.10815557233787032,0.5104936480903453,1,0.03682779959115235,-0.04281806816662102,0.49058589390512386,1,0.1298928987391953,-0.011292095467744748,0.48491055093621105,1,0.22601885348894454,-0.015540419397003236,0.47661995358009124,1
35568.154485,grid_1237_y415_z645,472.76,417.671,644.939,115.48708269326055,41.051,-0.16154200124140253,-0.1961898243358843,0.517433071698007,1,-0.05963912274190472,-0.10826360401546305,0.5106620276287969,1,0.03493393314047623,-0.04430940011274922,0.5105656214313812,1,0.12986163258419092,-0.01131162748024481,0.4905858031686895,1,0.22706398167563419,-0.015635789429271595,0.4798947714561119,1
35589.487048,grid_1238_y410_z645,472.97,412.775,644.874,118.83966898304628,21.14,-0.17186792505247,-0.20138707808133616,0.5325239837790641,1,-0.06551390831041727,-0.11029337645079951,0.5220401539014559,1,0.032028095090682426,-0.043720793150671525,0.5068550450474585,1,0.12559278606285088,-0.010867383620568638,0.48137500303872316,1,0.22778662429566124,-0.015696119768256783,0.48214187324358493,1
35605.112105,grid_1239_y405_z645,472.971,407.832,644.859,122.36502589792565,15.434,-0.17756487567865784,-0.2014519525321124,0.5328881462909376,1,-0.06734525986579828,-0.10654483594075985,0.5083432091428526,1,0.028888343254792552,-0.042585561737151584,0.49803212191945506,1,0.12459765768340081,-0.010791804354983494,0.48280633199959444,1,0.22778662429566124,-0.015696119768256783,0.48214187324358493,1
35621.304815,grid_1240_y400_z645,473.008,402.832,644.949,126.09832900558197,15.92,-0.18341455222044417,-0.2018931896330228,0.533683276688095,1,-0.07427738794618376,-0.11010787542899815,0.5215086576360177,1,0.025752261535876505,-0.043920299461387924,0.5081307601299662,1,0.12220269055217067,-0.010698177136197914,0.48030922182090163,1,0.22643612554838094,-0.015633837681696218,0.47982045257784006,1
35665.7941,grid_1241_y400_z650,472.621,402.555,647.239,127.84521565549494,44.227,-0.17656515037242115,-0.19598261828708963,0.5127435851199297,1,-0.07123868652160606,-0.10691956558402205,0.4994999801285436,1,0.025035414646109127,-0.04374201901466782,0.49696800191407264,1,0.12476837739157212,-0.011344824304163212,0.49033049851042015,1,0.22662905394084956,-0.01564273512263344,0.4801520841015179,1
35688.657305,grid_1242_y405_z650,472.938,403.064,648.859,128.5774970902763,22.852,-0.17497904949713528,-0.19715536937941366,0.5106576568479776,1,-0.07471986266899125,-0.11440663574031833,0.528382951701437,1,0.025487436340862372,-0.04408380055500436,0.48987726616478633,1,0.1226750117844659,-0.011402771205109035,0.48085383441867047,1,0.22740076751072402,-0.015678324886382336,0.4814786101962293,1
35716.87925,grid_1243_y410_z650,472.786,407.963,649.616,125.59527077083754,28.04,-0.17550799469324443,-0.20469874367013577,0.5275472925120875,1,-0.0710613402857628,-0.1164106499649148,0.5326835239309307,1,0.028156558208589713,-0.044404128677960786,0.49049115344655536,1,0.12371876084810068,-0.011740639266413116,0.479585413148534,1,0.22778662429566124,-0.015696119768256783,0.48214187324358493,1
35733.953601,grid_1244_y415_z650,472.824,412.772,649.675,122.2928691052753,16.923,-0.16399338883393427,-0.19796281279927674,0.5095774748948098,1,-0.06480946358374919,-0.11380138778064088,0.5199185807198257,1,0.03260455641068204,-0.04655064671492147,0.5116812590098287,1,0.12523548080311178,-0.011724301823212595,0.47845112647355936,1,0.22778662429566124,-0.015696119768256783,0.48214187324358493,1
35771.488862,grid_1245_y420_z650,472.905,417.416,649.774,119.23257211852811,37.283,-0.16249532017521273,-0.2026475055689588,0.5201122596180157,1,-0.05965125895030496,-0.11223283153706963,0.5106668492166474,1,0.03476611941483128,-0.04635431614990528,0.5080891364304732,1,0.1275348385896798,-0.011769766233286068,0.4819954729862112,1,0.22706398167563419,-0.015635789429271595,0.4798947714561119,1
35789.594107,grid_1246_y425_z650,472.801,422.605,649.843,115.90583492646087,17.941,-0.15463603254306393,-0.19997035337701355,0.5131016483905531,1,-0.05541334095174383,-0.11221920782981687,0.511864918838654,1,0.03671934464529628,-0.045147452918387766,0.4895233805859823,1,0.12828519196396423,-0.01193521515909519,0.4798750232259773,1,0.22453671151405213,-0.015453730712391017,0.4737487181896216,1
35980.352258,grid_1248_y435_z650,472.973,432.936,649.525,109.34305821130121,70.297,-0.14161898328303585,-0.19685629258152915,0.5063765418093691,1,-0.04604422342589523,-0.11167277137444521,0.510258035026065,1,0.042834440002743605,-0.045257940616043386,0.4888161557938772,1,0.1311116006317135,-0.011728772039704079,0.4775370703454954,1,0.22903921479729145,-0.015697510130277984,0.4821179693800705,1
35998.586275,grid_1249_y440_z650,473.171,437.922,649.203,106.25008662114116,18.065,-0.13593430709349247,-0.19627130286447925,0.5048299246134293,1,-0.042225694778895775,-0.11202987440182706,0.5116882994421899,1,0.04671871975253493,-0.046370899598848804,0.5010419180259785,1,0.1336887322267138,-0.012103227919822105,0.4816892014318388,1,0.22903921479729145,-0.015697510130277984,0.4821179693800705,1
36023.53953,grid_1250_y445_z650,472.969,442.836,649.827,104.15228455967735,24.792,-0.13287294920332815,-0.2002711773275576,0.5143359675944396,1,-0.03790417815140847,-0.11329816382051067,0.5116108734184411,1,0.049140096564302474,-0.04547313676707123,0.4905492601329614,1,0.1372459009400948,-0.012636788820091132,0.4882120965421929,1,0.2283190274997334,-0.01563773779493962,0.47988895437061635,1
36047.103681,grid_1251_y450_z650,472.951,447.755,649.849,101.72096502688133,23.402,-0.130607936733563,-0.2054103017000581,0.5268711433259838,1,-0.03365443417395425,-0.11285975780166518,0.50930649295549,1,0.05221036503216536,-0.0460742961122305,0.494104064891169,1,0.1361858930342374,-0.012750464606432192,0.47826118051577127,1,0.2253215825379951,-0.015429516928503074,0.47287502350977506,1
36093.159534,grid_1252_y455_z650,473.054,452.834,649.7,99.24970906254595,45.772,-0.12432635376186381,-0.2047829871286422,0.5247841140167526,1,-0.02993045713618698,-0.11548039819043511,0.521304909248136,1,0.05721088678947021,-0.04782965250532634,0.5135890516592331,1,0.14177687232753838,-0.012711001015540516,0.49221578812114397,1,0.2302915727238828,-0.015698891271811642,0.4820935231045607,1
36101.720318,grid_1253_y460_z650,473.072,457.722,649.773,97.26162154724757,8.389,-0.11938511333995613,-0.20599411136555695,0.527398933653823,1,-0.025046914578340115,-0.1136949449594739,0.5118514423377277,1,0.057575274378926865,-0.04594491879455758,0.49134093764911846,1,0.13918082102886284,-0.012903374339635397,0.4785237340509988,1,0.23011217178876736,-0.015684087600739936,0.48154080577422675,1
36124.208661,grid_1254_y465_z650,473.282,462.742,649.469,95.08391442299805,22.307,-0.11388313057749831,-0.20608685727633186,0.5274025870242823,1,-0.02013228601939171,-0.11313441124200753,0.5091563225434571,1,0.061189327226928054,-0.04615130371249074,0.49483266940717036,1,0.1414312039409723,-0.012780899078915733,0.47923916855579163,1,0.22957396898342114,-0.01563967658752481,0.4798826537832249,1
36162.569644,grid_1255_y470_z650,473.34,467.784,649.138,93.09431027189586,38.2,-0.10183985256176123,-0.19360683848950344,0.49719379039035644,1,-0.016209657965391373,-0.11318522299346162,0.5094076692083962,1,0.06633544985566243,-0.04768607758621196,0.51178937044653,1,0.14282312476904582,-0.012759564936766965,0.47975084917444977,1,0.2305690594226118,-0.015785980863249685,0.48181394458822535,1
36180.40669,grid_1256_y475_z650,473.2,472.665,649.383,91.93843610264433,17.666,-0.10125976499305683,-0.2029235223551917,0.5186809528892611,1,-0.010899038461491917,-0.10936005870981873,0.4921244250818102,1,0.06616279707138845,-0.04574038630676699,0.48728689990476987,1,0.1455137512269265,-0.013104327867514812,0.4835273520989688,1,0.23116182339460584,-0.015683048184688398,0.481424921091542,1
36207.387739,grid_1257_y480_z650,472.994,477.606,649.906,91.29012332667757,26.698,-0.09160375867461021,-0.19468734777918578,0.49764655449860684,1,-0.007409385435717711,-0.11160668237047447,0.49971174899230836,1,0.07004547571210415,-0.04701978945212921,0.4937437083910964,1,0.1489472957531957,-0.013253258934435512,0.4891268156817289,1,0.23154371387365136,-0.01570026431900833,0.48206858010353487,1
36216.144974,grid_1258_y485_z650,472.948,482.671,649.836,90.30450090665477,8.565,-0.08608250488178198,-0.19476381281674224,0.4975393523657815,1,-0.0031170180586556065,-0.11584923678844972,0.5172431194360418,1,0.07381165785110999,-0.04730590713510999,0.4970161827737759,1,0.1478182852008023,-0.013057938383069078,0.47943731537338297,1,0.2312756240292092,-0.015678267510442,0.48124631946055474,1
36233.631572,grid_1259_y490_z650,473.097,487.981,649.27,89.07753326737335,17.305,-0.08391652116764026,-0.2033812808625892,0.5196944652553742,1,0.0014664060998042226,-0.108237009165337,0.48505328598376385,1,0.07757125439899014,-0.047642588326140684,0.5004072609244383,1,0.15068004744498845,-0.013100206732883797,0.48398565930741266,1,0.23134057604388805,-0.015715526580467168,0.48086578179681344,1
36257.047113,grid_1260_y495_z650,473.336,492.816,649.286,88.75856301788578,23.224,-0.0785359408631853,-0.20338302495344684,0.5197732097674785,1,0.006190434127365984,-0.11567012347075065,0.5164262800771975,1,0.08027389810890058,-0.04768576167727451,0.5006839405044978,1,0.15364306744310824,-0.01319321033082629,0.48736501791038267,1,0.23127351373199453,-0.01563352456524023,0.4794943688260767,1
36268.4715,grid_1261_y500_z650,473.231,497.573,649.256,88.6542140284375,11.252,-0.06963413520204427,-0.1944784004064608,0.49742673709250895,1,0.010262552127993024,-0.11523059351164447,0.5144048019950327,1,0.08289205529416041,-0.0474147428715207,0.49726752983372235,1,0.15144219244731918,-0.013257722909988183,0.4756863213350784,1,0.23279565263030813,-0.015701630293881445,0.48204318223814796,1
36301.362757,grid_1262_y505_z650,473.398,502.609,649.819,89.41628494295658,32.629,-0.0647276301798312,-0.19611026131020126,0.49912653736900614,1,0.013954167324045419,-0.10934284396903657,0.48461325453047455,1,0.09041246809539247,-0.05038399219878149,0.5258422433590855,1,0.15482399490312237,-0.01360658703133818,0.48148035126092514,1,0.23279565263030813,-0.015701630293881445,0.48204318223814796,1
36318.236059,grid_1263_y510_z650,473.23,507.502,649.734,89.7941425762283,16.692,-0.05818681926133386,-0.19275716475741983,0.49024664825464087,1,0.019484947225338833,-0.11485343957279698,0.5103095651187433,1,0.08897130862633107,-0.04815551911971344,0.5005820036583108,1,0.15888316154626309,-0.013839088027133939,0.48867303434530684,1,0.23208354491503952,-0.01564352686904826,0.47986866330581635,1
36338.520881,grid_1264_y515_z650,473.438,512.776,649.096,89.9607693886619,19.981,-0.05566720805823076,-0.20339028637447668,0.5200631761049399,1,0.02287550358141078,-0.10988930412094547,0.4900285634355784,1,0.0885871775588315,-0.04636954233992305,0.48240019762290903,1,0.1580625873238569,-0.013738480254145606,0.4806007253949656,1,0.23092514773563533,-0.015532081923458578,0.4763860116655465,1
36370.499525,grid_1265_y520_z650,473.544,517.577,648.971,90.82723825483195,31.787,-0.050284662889612364,-0.2034306904535303,0.5201414481624997,1,0.02654657942663636,-0.10784245592398886,0.4817397403104674,1,0.0915302657740295,-0.04658077079404483,0.4832643024078156,1,0.15912929449982088,-0.013684638177006356,0.4800461797306098,1,0.2340474021143644,-0.015702990125731113,0.48201736795839434,1
36376.682603,grid_1266_y525_z650,473.391,522.831,649.51,92.69993316610325,5.912,-0.04169208525225941,-0.19306310799619344,0.4904022040119062,1,0.03208080328616374,-0.11410684697818868,0.5056713535473693,1,0.09651574049260328,-0.04769976353250864,0.4938087439963966,1,0.16429246770058753,-0.013803889089336916,0.49055101851484406,1,0.2340474021143644,-0.015702990125731113,0.48201736795839434,1
36391.347679,grid_1267_y530_z650,473.41,527.103,649.473,93.96444608999725,14.493,-0.03659715820545447,-0.1929499926504715,0.49015531588478706,1,0.0360214930980823,-0.11431879019708993,0.5061041623818229,1,0.1002747500578483,-0.048257143666038206,0.4989268432975169,1,0.1655827337375964,-0.013715065811585872,0.49012425212119604,1,0.2340474021143644,-0.015702990125731113,0.48201736795839434,1
36406.603348,grid_1268_y535_z650,473.516,532.553,649.662,96.049675335214,14.974,-0.032702174392409744,-0.20360620354825493,0.5174211645885265,1,0.04188430027788595,-0.11783950656282412,0.5183511335181588,1,0.10346077685346276,-0.04815200138125666,0.5004789756232954,1,0.1667385095041207,-0.013555444222713903,0.48878766953786595,1,0.23360414004002963,-0.015667020720655317,0.4806696406712486,1
36420.598213,grid_1269_y540_z650,473.394,537.602,649.026,97.47488850468105,13.784,-0.026854479892155777,-0.20013645495431714,0.5107957825552316,1,0.04543977738947906,-0.11501791328452385,0.5106469289019371,1,0.10650181783456514,-0.04814577815385923,0.5006699392670491,1,0.1680695831702476,-0.013562543149909942,0.48896417191032937,1,0.23765712002524708,-0.01624870870512635,0.48815616637578924,1
36432.554287,grid_1270_y545_z650,473.54,542.876,648.64,99.46856396369662,11.694,-0.02059475704041611,-0.19953732473154628,0.5096176415993244,1,0.05116093173432147,-0.11637179469952805,0.5177272613206695,1,0.11071149684564044,-0.048354897603596306,0.5059131728820301,1,0.1725064214022834,-0.013845154507608821,0.49716749272635935,1,0.23765712002524708,-0.01624870870512635,0.48815616637578924,1
