t,label,ee_x_mm,ee_y_mm,ee_z_mm,displacement_mm,stability_elapsed_sec,marker_0_x,marker_0_y,marker_0_z,marker_0_stable,marker_1_x,marker_1_y,marker_1_z,marker_1_stable,marker_2_x,marker_2_y,marker_2_z,marker_2_stable,marker_3_x,marker_3_y,marker_3_z,marker_3_stable,marker_4_x,marker_4_y,marker_4_z,marker_4_stable
0.0,start,471.771,501.804,560.283,0.0,0.757,-0.15107719105409106,-0.01854183328667148,0.3753344157563692,1,-0.08006596088445841,-0.01911255083312898,0.37600186100408767,1,-0.010297349126302976,-0.01665091600293927,0.3703685633697,1,0.052429001176349556,-0.004274270069687394,0.37015081749143486,1,0.1006929044909642,0.03994750974467997,0.3636397431176546,1
1.682332,grid_0001_y500_z530,473.613,500.599,532.194,28.175111534828094,0.736,-0.15501374834507553,0.012487140382629575,0.3768027318363849,1,-0.0832521564917053,0.003154293791572732,0.37616352599144587,1,-0.013439462809137645,-0.005022832021229377,0.3624695592261343,1,0.048955951044840566,-0.0010587671321076997,0.3677996051004637,1,0.10326446166459582,0.041462780880339056,0.37439173699116635,1
2.318368,grid_0002_y502_z530,473.584,501.03,531.424,28.926249774210312,0.626,-0.15508249452234865,0.013553218898413488,0.3776646604792589,1,-0.08283332615279929,0.003444081389162644,0.3742174781682771,1,-0.01347251854539155,-0.0049296838185317144,0.3651817744193126,1,0.04913728630113047,-0.0009334365767469909,0.36666978383447585,1,0.10366696922983017,0.04161192818917202,0.37590247246868114,1
2.953058,grid_0003_y504_z530,473.332,502.201,530.233,30.093135928314354,0.624,-0.1525267210787092,0.014277453975234894,0.3737161372934752,1,-0.08068709550320981,0.003439175905777925,0.3692288017862242,1,-0.012886295949543335,-0.005813915384486407,0.3658060145643016,1,0.04990009146037714,-0.0017291211542559796,0.36733298532221886,1,0.10163388114013006,0.040453464272918294,0.36750428372841826,1
3.713685,grid_0004_y506_z530,473.443,504.129,530.186,30.23293928813404,0.75,-0.15190581462449382,0.014816069440006227,0.37809754607421114,1,-0.07919985183298316,0.002272905549674678,0.37142942107792176,1,-0.01110737536575738,-0.00820996342497983,0.36743053857275293,1,0.05097810170203352,-0.0033579696131204135,0.36329219002731095,1,0.10174828145339951,0.04033055554579747,0.36704530287273074,1
4.356947,grid_0005_y508_z530,473.295,506.427,529.921,30.74972762480992,0.634,-0.1491245522205868,0.014687667828077294,0.376627259334121,1,-0.07787643198592106,0.0009477035489387338,0.37392721685440755,1,-0.009396420410626615,-0.010194258758406212,0.36485463375892346,1,0.052425865678492035,-0.004729519770650046,0.36329131468120923,1,0.10247915124258741,0.040597542395567475,0.36863694471662456,1
5.008939,grid_0006_y510_z530,473.453,508.259,529.625,31.375294628098736,0.643,-0.14594409605263936,0.014667794838494045,0.3741360894262612,1,-0.0751124086696234,-0.00016908560864492133,0.37054954642799126,1,-0.007569101258609756,-0.01220444520882501,0.36250041305912456,1,0.054020467354104665,-0.006470635177318616,0.3630220113023557,1,0.10249839370737804,0.04028336415218291,0.3678120734087412,1
5.749335,grid_0007_y512_z530,473.28,510.493,529.445,32.07425830787047,0.729,-0.14402357794906226,0.014704283661822809,0.3745986948724445,1,-0.07335683265467048,-0.0016049667331280528,0.3704379479948926,1,-0.005856328630385992,-0.014491287213633006,0.3638373629449454,1,0.05608688818483809,-0.0077092369194402734,0.3661322507834563,1,0.10353642469360021,0.0405831476720229,0.3704771767911593,1
6.388472,grid_0008_y514_z530,473.362,512.381,529.345,32.73475300044281,0.629,-0.1414471131091879,0.014564562628685029,0.37377605721202917,1,-0.0711624183237218,-0.0030490045712879815,0.36960175975449777,1,-0.004110223430288024,-0.016603784297653475,0.3621719609478844,1,0.05757428852344437,-0.008905756305079452,0.3645059782961798,1,0.1018208857710998,0.0397220341461069,0.3631356112006506,1
7.035967,grid_0009_y516_z530,473.323,514.286,529.628,33.13514830206736,0.636,-0.13944722751634436,0.014237853285116559,0.37475729554143483,1,-0.0690119433925113,-0.004312084355594423,0.36815152231527815,1,-0.0023865577794016666,-0.018726212384516577,0.3640303101408319,1,0.0587028997254625,-0.010168785573865465,0.36279693499151955,1,0.1029745700615194,0.039811888177552754,0.36616765355208836,1
7.67317,grid_0010_y518_z530,473.551,516.093,529.657,33.842219150049814,0.626,-0.13661572589126483,0.013745093093597458,0.3715558434562555,1,-0.06779973970219833,-0.005541759523531003,0.37035275905797727,1,-0.0008664854300716307,-0.020439884831722342,0.36640108820976014,1,0.06070116015359829,-0.011355386724388319,0.36689745342100133,1,0.10269538764771531,0.03980580601855559,0.3641651205651213,1
8.416139,grid_0011_y520_z530,473.348,518.172,529.623,34.79129133849446,0.732,-0.13495486436733378,0.013772223509285624,0.3736403921730495,1,-0.06623394472702746,-0.007018868134092256,0.3723487466551518,1,0.0009652749172218321,-0.022236326993076795,0.36195537443138054,1,0.06241054220107152,-0.012490247776720736,0.36746326904184945,1,0.10322799416828314,0.03987174414851535,0.3656113449337543,1
9.064583,grid_0012_y522_z530,473.568,519.966,529.793,35.5348779792474,0.637,-0.13322058399940526,0.01342532372909663,0.3744901586033203,1,-0.06468809251616056,-0.008461349953823838,0.37370591134139197,1,0.0025301143881578977,-0.023928201350988335,0.36128546409240964,1,0.06352241638787512,-0.013353763774001406,0.3666261572895892,1,0.10401806591458036,0.039822574678019626,0.3671888174471089,1
9.694934,grid_0013_y524_z530,473.487,521.989,529.898,36.5188595933663,0.619,-0.12974221814892598,0.01299028694627342,0.3710092140510298,1,-0.0627882907018578,-0.009779903982764324,0.3736525660352052,1,0.00418243245485765,-0.025819153892322727,0.3617075614133155,1,0.0648276104291239,-0.014351544405389771,0.3645388637587881,1,0.10292766861389224,0.03917606410652183,0.3625675562684919,1
10.434699,grid_0014_y526_z530,473.667,523.902,529.771,37.721327707279954,0.731,-0.12891505884386012,0.01290149476524265,0.3738297519409129,1,-0.06022627576054722,-0.01065441572720848,0.3681717031649053,1,0.0055570733105718105,-0.02734293537053521,0.3643347832392774,1,0.0664751701211063,-0.015379841274690415,0.36728382737000814,1,0.10336409366594994,0.038997942589993825,0.362577809190363,1
11.071796,grid_0015_y528_z530,473.439,526.041,529.786,38.9907861167226,0.627,-0.1267317573450366,0.012741039334142164,0.3746829293357436,1,-0.057457347964001836,-0.011653569700291147,0.3639960213189056,1,0.007432558763563997,-0.029490115376087273,0.36731490534576616,1,0.06799086509773426,-0.016364683874614268,0.3670502737106578,1,0.10489102773130618,0.039435295066168066,0.3668994409021025,1
11.709419,grid_0016_y530_z530,473.974,527.652,529.422,40.31592283453279,0.626,-0.12527555401684534,0.012957506451077863,0.3758474985167436,1,-0.05625093321227553,-0.012770482759905388,0.36680627615131933,1,0.008877802970681678,-0.030598548807295668,0.3651202168501285,1,0.06960906554118683,-0.017199383944555408,0.3690446903043268,1,0.10478047457804926,0.0393652684541793,0.36585373270785604,1
12.338652,grid_0017_y532_z530,473.755,529.906,529.57,41.67669647416883,0.618,-0.1222716768708573,0.012806863549273614,0.373607583627894,1,-0.05468697234640335,-0.013915788234828877,0.3683370970601822,1,0.010533636146046918,-0.032508605122527054,0.3680524884621284,1,0.07138507600931533,-0.01788663885989919,0.37128061987898653,1,0.10429944992532683,0.039233516720423876,0.3631133695162152,1
13.080436,grid_0018_y534_z530,473.874,532.01,529.412,43.24168921307307,0.731,-0.11908070398528037,0.012717185680266063,0.3707929280134868,1,-0.052985869887227276,-0.015316018621428739,0.3703257087336173,1,0.012396879402222085,-0.03406856698633533,0.3662077482420803,1,0.07295245027172753,-0.018906126442549978,0.3710332079765898,1,0.10675254838469825,0.03999416041467598,0.3715747746026401,1
13.725729,grid_0019_y536_z530,473.974,533.879,529.162,44.74567548936994,0.635,-0.11761102706829787,0.01267940804717468,0.37292329670747393,1,-0.051386840972893796,-0.016088612828480384,0.3707575424763079,1,0.013889031217828852,-0.03516082446843596,0.3653254399675898,1,0.07343401318021694,-0.019136018276227202,0.36688324754047724,1,0.1056551259155533,0.0395092382777484,0.3670905595400974,1
14.361612,grid_0020_y538_z530,473.97,535.777,529.253,46.06366496491571,0.625,-0.11559427511941382,0.01261556268742911,0.373404952824176,1,-0.04923306811111503,-0.016698033291360957,0.3674756097943793,1,0.015208091986170097,-0.03608859623880268,0.3621190807858597,1,0.07506473401596467,-0.02002067529361661,0.3692851560673994,1,0.10542174558604515,0.039146109163893425,0.3652984517967246,1
14.99418,grid_0021_y540_z530,473.799,538.05,529.414,47.652706754181345,0.621,-0.11301444943278974,0.012392321082957685,0.3723367438410933,1,-0.04753824491601764,-0.01794435884481633,0.36945949324888094,1,0.017055415240542646,-0.037761011139557994,0.36367087389106795,1,0.0781180852960286,-0.020994536909008273,0.3755055382115795,1,0.10587702543526407,0.039300608982973315,0.36623288089620276,1
15.733183,grid_0022_y542_z530,473.511,540.403,529.422,49.450093245614845,0.728,-0.11019847983956173,0.011851183865594108,0.37294336956800367,1,-0.045214746694495815,-0.01973930305607409,0.37025721871927997,1,0.019148940469995133,-0.03950798109585892,0.3632492937101984,1,0.07844480973053405,-0.02151008418748308,0.36945824100170493,1,0.1040028964344472,0.03866684050986295,0.3596507471611497,1
16.366249,grid_0023_y544_z530,473.754,542.025,529.651,50.596250394668616,0.622,-0.10818037281276835,0.011542658238218425,0.37149889919555074,1,-0.04383651973961748,-0.02048941505865347,0.36960117414907295,1,0.020520856239942938,-0.04071671766402457,0.36455648587502926,1,0.08031591517674273,-0.02219534044379206,0.37347594556873875,1,0.10414246817532535,0.03873474050545424,0.360033589719141,1
17.001205,grid_0024_y546_z530,473.587,544.125,529.583,52.314958635174364,0.624,-0.10519899502136862,0.011227064019693584,0.3692290563676052,1,-0.04226424116009163,-0.021422631986193867,0.37070896648437496,1,0.02214109491158027,-0.04223176650828466,0.3665121517083401,1,0.08225207992571348,-0.022979485461295544,0.3755565593611199,1,0.10507659489151952,0.038871873736550856,0.3612938859622788,1
17.738939,grid_0025_y548_z530,473.606,546.048,529.853,53.72972790736992,0.728,-0.10375570795767083,0.0110225540644081,0.3716805862734804,1,-0.040310304085974726,-0.022610289458044438,0.3708254184938101,1,0.02362271978345178,-0.04291563854355807,0.3620037339699973,1,0.08312874610795343,-0.023132739537075987,0.37312763521585873,1,0.10511147612488783,0.03872683033561081,0.36074796950878973,1
18.37459,grid_0026_y550_z530,473.675,548.162,529.598,55.6260604842731,0.624,-0.10125905687161887,0.010957869405124486,0.37008913030204543,1,-0.03843608187414218,-0.0234859399349977,0.3700008929484518,1,0.02519823562064823,-0.04399292889380328,0.36244102467308137,1,0.08362262654434012,-0.02352253390566817,0.37144171145070864,1,0.10725396761731468,0.03932703699193847,0.3677214473326412,1
19.019704,grid_0027_y552_z530,473.906,549.959,529.514,57.1856066768553,0.634,-0.09805224852420057,0.010889754796947084,0.3666874171337438,1,-0.03656827293041979,-0.024354895443542666,0.36964073363367644,1,0.027025433842518598,-0.04585396715932217,0.3659042650491421,1,0.08539771647885945,-0.024127358767951693,0.371797992284599,1,0.1063702658596116,0.0389145352609737,0.36373782694260515,1
19.770702,grid_0028_y554_z530,473.686,552.21,529.264,59.21663973918147,0.74,-0.09616391849108005,0.010904208432800695,0.36772818654291706,1,-0.0350589833179928,-0.02491891183757361,0.36972579952015316,1,0.028359495782027254,-0.04660312201529558,0.3645627968303411,1,0.08656838127427677,-0.024737224054325057,0.3722431637293841,1,0.10592297275161541,0.03874617854939416,0.36200970212445455,1
20.411987,grid_0029_y556_z530,473.954,553.966,529.178,60.77138107695105,0.629,-0.09301343131819548,0.010848405792749335,0.36359672006730803,1,-0.03336259390950434,-0.02550061757702058,0.3689345854592287,1,0.02978475272049861,-0.047130694060029205,0.3620854475162725,1,0.0875821472209298,-0.024957866695644683,0.3718353813399502,1,0.1058619972306755,0.038736954489204355,0.36182785854154953,1
21.058449,grid_0030_y558_z530,473.87,556.048,529.347,62.48082452240852,0.637,-0.09179793906917073,0.010539924339223145,0.36751624617675804,1,-0.0316404779099381,-0.026597338062262405,0.37142672524272474,1,0.03172762152830456,-0.048915227900100625,0.3664536025302626,1,0.08934388665747989,-0.025614133541722362,0.3736126154551188,1,0.10615442290346744,0.03873264907701766,0.3624864481705522,1
21.692026,grid_0031_y560_z530,473.751,558.241,529.471,64.33066697151524,0.622,-0.08948663726545261,0.010449988153638103,0.3665900744012607,1,-0.02976706861971712,-0.027499359943302028,0.3712169952994771,1,0.033715943587727226,-0.05047358850016247,0.3693559601986842,1,0.09019484856513911,-0.02577493679154665,0.371354942276038,1,0.10666835714940263,0.03878397164806595,0.36265082335724375,1
22.429773,grid_0032_y562_z530,473.79,560.114,529.604,65.91914366858845,0.727,-0.08706315375356775,0.010230176409805504,0.3665754913199117,1,-0.028069232513790586,-0.02894703175502958,0.37432712461694245,1,0.034884533919622075,-0.05053650862168685,0.3622720359549511,1,0.090975661280678,-0.025917932902265035,0.36921800861033105,1,0.10617588690100106,0.03835872898526597,0.36073753226260574,1
23.065885,grid_0033_y564_z530,473.75,562.048,529.767,67.5609519841158,0.627,-0.08571953067261714,0.009904910961829202,0.3687479628520823,1,-0.02628909228545745,-0.029706196158768728,0.3727659321673551,1,0.03626949888996821,-0.051366156083226276,0.362658434992922,1,0.09247886977556338,-0.02650903992046612,0.37108041232465294,1,0.10727156894209874,0.03878671691340553,0.36440778977751365,1
23.70334,grid_0034_y566_z530,473.913,564.031,529.572,69.42588288239479,0.625,-0.08330960386716693,0.00995406829173264,0.36782509236357497,1,-0.024105152159522285,-0.02977447946415792,0.3665879883782616,1,0.03790172461640653,-0.05228628619341591,0.36241642022530185,1,0.09332062147657989,-0.02662493001616074,0.3696308211256567,1,0.10970405704883594,0.0398810327337686,0.37211926974660836,1
24.457005,grid_0035_y568_z530,473.61,566.233,529.751,71.32097157218203,0.744,-0.08114961199779905,0.009702624368394853,0.36796842865319446,1,-0.02235771976362677,-0.030890547426054887,0.3690789413318381,1,0.04027494807932643,-0.054151974658646,0.36798422794053265,1,0.09463656376795057,-0.027069894660860877,0.3702717167528239,1,0.10767161274452508,0.03906527975968006,0.3648542315154015,1
25.087832,grid_0036_y570_z530,474.105,567.98,529.444,73.04624872640628,0.621,-0.0788004394943033,0.009493041768228709,0.36605436092996524,1,-0.021261202979605064,-0.03208120129449214,0.3747154160129259,1,0.041647766044056005,-0.055277949535855096,0.36925111969180907,1,0.09593845021708769,-0.027335190457195385,0.37045236095881257,1,0.10726863637073651,0.03878387432783631,0.3630510121107414,1
25.720998,grid_0037_y572_z530,473.927,570.111,529.261,75.05237550537628,0.623,-0.07649975089991237,0.009661890142092875,0.3654299681837002,1,-0.019680969387932252,-0.03276825206685906,0.3792225790587377,1,0.04214662661612262,-0.05463930717808828,0.3598469065941896,1,0.09699962989593872,-0.027399149648515263,0.37005972018263106,1,0.10888086294945602,0.03932725461800849,0.3679491156948195,1
26.352382,grid_0038_y574_z530,473.817,572.267,529.244,77.0236327759215,0.621,-0.07388953630843606,0.009521378699898459,0.36455242079438677,1,-0.01764103151013854,-0.03342033862420017,0.37698298271312003,1,0.04414296284183981,-0.0557107580246912,0.36255623383060237,1,0.09835978369729563,-0.027686794101109406,0.3709241188068712,1,0.10833161888015892,0.039059063740709644,0.36500891130940694,1
27.094824,grid_0039_y576_z530,474.195,574.095,529.21,78.72354022781246,0.731,-0.07159594257795866,0.009572691327853234,0.3639808933701051,1,-0.01576499507425478,-0.033675164393772376,0.37024812353891123,1,0.04652913163605774,-0.057412483181421746,0.3674900796596031,1,0.10073132231075552,-0.028308170631752477,0.3753394282945751,1,0.10720484878555636,0.038729844308860735,0.3609691821069828,1
27.788212,grid_0040_y578_z530,473.909,576.176,529.406,80.55528882078454,0.681,-0.06909292979888075,0.009183794500569241,0.3618754877868551,1,-0.014038373978894153,-0.03434074466037622,0.3692523054479968,1,0.04829820612855591,-0.05846261720188323,0.36819274488097353,1,0.09976466034662897,-0.027740775883823253,0.3679681278912952,1,0.10690879463349781,0.038683310723330165,0.3601059166607998,1
28.425266,grid_0041_y580_z530,473.755,578.251,529.242,82.53256173171897,0.624,-0.06740313448032015,0.00914886466392322,0.36471908081221005,1,-0.012342599457756762,-0.035431220841535715,0.3742171891234365,1,0.04968646966232153,-0.058647786384340796,0.36694502722252437,1,0.10005575635249526,-0.027742909379680398,0.3638028607073468,1,0.10620907390341632,0.0383317565401692,0.3570765195334174,1
29.165481,grid_0042_y582_z530,473.824,580.184,529.394,84.27199730634132,0.73,-0.06568270638311981,0.008984630131453047,0.3671281610615813,1,-0.010397232658820695,-0.03607711885122022,0.37228674082114843,1,0.05096331596819004,-0.0587875803530624,0.3638533635940468,1,0.10305976737871421,-0.028654900406524055,0.3710241203563515,1,0.10577168358950575,0.03805113900242072,0.3547521472222318,1
29.818433,grid_0043_y584_z530,473.701,582.219,529.513,86.12252913727053,0.643,-0.0627371847585495,0.008725143569883218,0.36269134503564204,1,-0.008614164598973847,-0.03671610215043134,0.37220077247449196,1,0.05281794307894736,-0.059973847953477676,0.3656946409062768,1,0.10507184395684022,-0.028943407975788638,0.3743532201382446,1,0.10734693914044105,0.038608292849652795,0.35966083054069486,1
30.457546,grid_0044_y586_z530,473.762,584.202,529.451,88.00003811930995,0.628,-0.060473095083315054,0.00863307016670654,0.36276438368414377,1,-0.007105555149417056,-0.03818717248251148,0.37994341308881713,1,0.05457148728627973,-0.061060225626188416,0.366797056044481,1,0.10514966920865083,-0.02855352116016268,0.3704120131241272,1,0.10890103669684326,0.03900416279099378,0.364239222370773,1
31.202418,grid_0045_y588_z530,473.811,586.132,529.361,89.84176794787598,0.734,-0.058922410107551206,0.008733543976529867,0.3656161638084202,1,-0.005450419831411533,-0.0383240872441399,0.3756680620822553,1,0.0565949068398686,-0.062105873861521,0.36918455547228946,1,0.10536684716940854,-0.02835303845271957,0.36701905226281656,1,0.10940016734911148,0.039110619445812234,0.365662792454959,1
31.838579,grid_0046_y590_z530,474.117,587.943,529.253,91.58761890670594,0.626,-0.05710039605218873,0.008718498951538114,0.36570616540514117,1,-0.003712633383351728,-0.03848356987541584,0.3736218646238346,1,0.057297010894883225,-0.06180325400997404,0.36473657778415625,1,0.10570561865097308,-0.02821496199554588,0.3641252673652032,1,0.10940016734911148,0.039110619445812234,0.365662792454959,1
32.480729,grid_0047_y592_z530,474.143,589.985,529.305,93.49412617378704,0.633,-0.05394948923266211,0.00868962660503609,0.3602967371064147,1,-0.0018739999792085893,-0.03916515256164009,0.374225529775224,1,0.059263757651162506,-0.06279673455595776,0.36759048092397983,1,0.10694511498791195,-0.028566313847728526,0.36515677211809616,1,0.1097184453415639,0.03936324068448279,0.3662720319072097,1
33.339051,grid_0048_y594_z530,474.189,591.971,529.122,95.43030196955267,0.848,-0.05184810340713965,0.008576632626683487,0.35918032505179187,1,-0.00024071781577141393,-0.04031619445655414,0.37920365132292605,1,0.060465836842658535,-0.06320104128292714,0.36511677433989653,1,0.10902621862965252,-0.0288010009102471,0.3685464408384271,1,0.10845746831094663,0.03879974441361895,0.361802614041994,1
34.035554,grid_0049_y596_z530,474.01,594.017,529.313,97.30052101607687,0.685,-0.05047907276405922,0.008500951194640883,0.36569881969227025,1,0.0018238034420874683,-0.04033266290191559,0.3744923219053913,1,0.06188734025136652,-0.06338002816579408,0.364148134960249,1,0.11157934638563265,-0.029039073567126473,0.3730878862840882,1,0.10767859494938917,0.03837756544284114,0.35848928153079945,1
34.673801,grid_0050_y598_z530,474.168,595.945,529.345,99.12332386476966,0.628,-0.04771252074280445,0.008065112268388117,0.3602279977145766,1,0.0035798816510089993,-0.041098069290059755,0.3746068340899991,1,0.06362491790918363,-0.06412964740711316,0.36484526013734425,1,0.11310399142823671,-0.02900762381611955,0.37438815185048213,1,0.10815660263232692,0.038430326465406305,0.3596920477073038,1
35.416561,grid_0051_y600_z530,474.246,597.861,529.422,100.9231103117616,0.732,-0.045816493825901014,0.007968957323610576,0.361572328008422,1,0.005221170701078769,-0.04156172021591116,0.37234818443471707,1,0.0655695502215843,-0.06502845791642384,0.3663863413414828,1,0.11257644933314079,-0.02874555106602885,0.36881604734107576,1,0.10754903620015814,0.03835008398045926,0.35825562767952157,1
36.064886,grid_0052_y602_z530,474.182,599.874,529.53,102.80702714308985,0.639,-0.0441047019694594,0.007946932010801024,0.36408792227599635,1,0.0070688327639362915,-0.04247715440711496,0.3754503818597591,1,0.06682140453700909,-0.06531074457810677,0.3645049064770251,1,0.11386792781941404,-0.028804183522076678,0.3694767154457616,1,0.10936835060024153,0.03910301009393614,0.3634177895298566,1
36.707874,grid_0053_y604_z530,474.293,601.755,529.69,104.55856987354026,0.632,-0.041875059967697345,0.007652135265173306,0.36413469899584994,1,0.008865452533120256,-0.042791173747128666,0.37404942868226837,1,0.07011271880283237,-0.06731289225115192,0.37237061718791087,1,0.11428138311959671,-0.028593301170183084,0.36700900153830157,1,0.10968906959317615,0.03929886658450901,0.3639703859837113,1
37.445001,grid_0054_y606_z530,474.193,604.007,529.242,106.84036210159529,0.727,-0.03913631667769994,0.007504919871453085,0.35754391137682223,1,0.010525041716563297,-0.04331153454940471,0.3756296220971528,1,0.07051726597492994,-0.06656715554951306,0.36621620601461535,1,0.11550082734317386,-0.02870438489882705,0.36829221546970536,1,0.10916316699897802,0.03910940186838503,0.36114656321752425,1
38.082484,grid_0055_y608_z530,473.978,606.227,529.328,108.93688908262436,0.627,-0.03698541940538634,0.007437988969969447,0.3607884876910368,1,0.01228214871006916,-0.04384244135465525,0.37415522393496736,1,0.07230052545913036,-0.06691562041023465,0.36621236341025354,1,0.11800842678830228,-0.028870515196563036,0.3721417801976141,1,0.10926603640279478,0.03909691397138589,0.3612837077672369,1
38.717394,grid_0056_y610_z530,474.536,607.792,528.982,110.54797135180733,0.624,-0.03537632512510121,0.007794796112855553,0.36353042391025087,1,0.01393192561600368,-0.04426995792794965,0.37558562077716423,1,0.07506979699867086,-0.06878351831908189,0.3727758130479553,1,0.12092839714592689,-0.029347520257887512,0.37873991643090565,1,0.11057535896985005,0.03942441868346486,0.3660078574509125,1
39.364077,grid_0057_y612_z530,474.393,609.872,529.068,112.51641539348823,0.637,-0.033568323374918455,0.007879821353656325,0.36590725123947987,1,0.015714546893009086,-0.044948351174678894,0.3764423182408715,1,0.0759615719220662,-0.06858495187082711,0.3697678378512998,1,0.12318225904957988,-0.02959761154682789,0.3819260597647263,1,0.11066507708947648,0.03935523673587595,0.36631215897358826,1
40.108678,grid_0058_y614_z530,474.266,611.959,529.078,114.51681568660558,0.734,-0.030756851945764174,0.007780845291861451,0.3615040032430994,1,0.017827955708112873,-0.045225688123066925,0.37507475725385175,1,0.07797618232427163,-0.06911059031808277,0.3707098880856329,1,0.12241261802269673,-0.0289497891384973,0.37645042366283654,1,0.10940635875466705,0.03906394958465208,0.3615116338396886,1
40.741023,grid_0059_y616_z530,474.17,614.032,528.988,116.53435635039142,0.623,-0.029016816403461532,0.007782267012890152,0.36362258929161695,1,0.01950196105366298,-0.045182808246118346,0.3725637199111319,1,0.07912802515441886,-0.06899090535644341,0.36813238060961095,1,0.12461707683128409,-0.029036281670196052,0.3800476726205172,1,0.10926432252370295,0.038965001945151775,0.3604231225940384,1
41.595221,grid_0060_y618_z530,474.163,615.987,529.068,118.39702436294588,0.843,-0.026029968182127005,0.0075109288799727935,0.3604353979066275,1,0.021749722771653875,-0.04639795388983382,0.376547282489971,1,0.08087702797038616,-0.06913383584016779,0.3667218484788483,1,0.12334006758094188,-0.028173699027598215,0.3723309015360692,1,0.110712366473173,0.03918502549461419,0.36407219645704136,1
42.240141,grid_0061_y620_z530,474.254,617.913,529.283,120.20176858099887,0.633,-0.024267046220727378,0.007214973671257056,0.36067630559444386,1,0.023129783513697558,-0.04684708128918768,0.3758982451862328,1,0.08247592511295174,-0.06959614648971879,0.3675538824655465,1,0.12354258412295768,-0.028073717955769857,0.37012946741312047,1,0.11244754749932503,0.03995897804932199,0.3696570279539807,1
42.88466,grid_0062_y622_z530,473.876,620.163,529.657,122.27524599034756,0.633,-0.022131883903186832,0.006835259945767835,0.36171633408358195,1,0.025202301877022926,-0.0472263423634919,0.37489549723251303,1,0.08355450347660195,-0.06954702564982818,0.3649763677983143,1,0.12640854285214195,-0.02836824514791938,0.3756559398356756,1,0.11312132564519936,0.040272644217454266,0.37181703773800556,1
43.697281,grid_0063_y624_z530,474.294,621.976,529.269,124.13518159248815,0.801,-0.019890934705608352,0.0069963995676835,0.3634016488800279,1,0.027014806382164434,-0.04790758256801681,0.37659879558618803,1,0.08544845613525563,-0.06996341098884098,0.36519191603046636,1,0.12774636097543643,-0.028243814776857685,0.37594271367785137,1,0.11130915360923262,0.03952630608558092,0.3647189143372637,1
44.343979,grid_0064_y626_z530,474.245,623.941,529.195,126.0556670245333,0.637,-0.01777771577183606,0.007050676588592949,0.3608516346823301,1,0.02882914485982589,-0.048459722384546364,0.37819169766946203,1,0.08741595326380469,-0.0705791494523296,0.3672499009144885,1,0.128291120703221,-0.027938343929860148,0.3739582281512417,1,0.10994979451641931,0.0388304469752378,0.35934003356699523,1
44.987818,grid_0065_y628_z530,474.048,626.187,528.904,128.30026133644472,0.632,-0.015731541450398526,0.007331614170167644,0.365563589131045,1,0.030825663629016148,-0.04871268151428391,0.3782356592126391,1,0.08948316876950378,-0.07118413664412457,0.36936333136086713,1,0.13059614527845026,-0.027999413278296453,0.37738874359558017,1,0.10950752145538693,0.03857892220157104,0.3587393237323776,1
45.639611,grid_0066_y630_z530,474.017,628.182,529.057,130.1979511205918,0.64,-0.013076548472695241,0.0071522915850985415,0.3567700813947516,1,0.032644786768073086,-0.049243313643339524,0.378764848991718,1,0.09159702079492484,-0.07166016029598316,0.36979883966469895,1,0.13151509888067706,-0.02763091070640896,0.3773515269248173,1,0.10956593264832093,0.03860432449247961,0.35924051867198575,1
46.384912,grid_0067_y632_z530,474.134,630.189,529.29,132.09412569452135,0.735,-0.011238710884492424,0.006748798919542616,0.3645498151926146,1,0.03409263737849805,-0.04892298375001095,0.3707676505335156,1,0.09380618993375964,-0.07227513934311953,0.37045977136102043,1,0.13219002504427746,-0.027467404926217503,0.37659148400891573,1,0.11036414370200627,0.03882509037007677,0.36106352343351655,1
47.032008,grid_0068_y634_z530,474.297,632.061,529.45,133.88032198198513,0.636,-0.009285628309675682,0.006621152674494246,0.368712744136039,1,0.03643605533483978,-0.05032207118283786,0.3766490643353822,1,0.09490280763846304,-0.07221418145673818,0.36883783338126486,1,0.13167068977566426,-0.026627448459253345,0.37200234514955965,1,0.11082832646746643,0.039003232546109656,0.36091049296769684,1
47.677138,grid_0069_y636_z530,474.305,633.99,529.766,135.68657649524513,0.634,-0.00709813099760777,0.006099490128688448,0.36311061278153545,1,0.03827538890489131,-0.051134990025996405,0.3781514295434425,1,0.09688401469323824,-0.07221791405825424,0.36911495579082254,1,0.1339522619400036,-0.026591301179342962,0.3749920968720368,1,0.11110895496898565,0.03914955811875649,0.36141935951092996,1
48.424573,grid_0070_y638_z530,474.225,636.139,529.607,137.81484432745268,0.737,-0.004727040053783444,0.006167016829969113,0.3634092571246675,1,0.04034467112270429,-0.05157491521087859,0.37984119980251424,1,0.0978301475025232,-0.07197355261118803,0.3662834072345028,1,0.1332021086029027,-0.02596095988857249,0.3703779837189466,1,0.1113594454019751,0.03930008473420325,0.3628576027518897,1
49.062331,grid_0071_y640_z530,474.188,638.139,529.178,139.85919754882056,0.626,-0.0026781918729737756,0.006409356802346912,0.36492478179440896,1,0.04239014726823338,-0.05181704539091296,0.38020021290175954,1,0.10036104304285778,-0.07274830431258883,0.3696586363560122,1,0.13322580048273175,-0.025627509792179835,0.3672621211450829,1,0.11221477436270166,0.0394816648483252,0.3646113364444817,1
49.697833,grid_0072_y642_z530,474.221,640.223,528.945,141.94327143263956,0.625,-0.0006049970031740164,0.006609182510262396,0.3650201264279963,1,0.04389754150554174,-0.051709343481169914,0.3795684859598304,1,0.10135123292024048,-0.07233687509902795,0.3675300443078292,1,0.1354256876900417,-0.025745500856666916,0.3709936448334303,1,0.11264243884306498,0.03957245490538617,0.3654882032907777,1
50.333511,grid_0073_y644_z530,474.243,642.264,528.653,143.99853917314582,0.626,0.001590434264246562,0.006837285942599554,0.3615581047213984,1,0.04553958525748182,-0.05156129347736921,0.3772767923004029,1,0.1022952391606113,-0.07183759870393994,0.364660691528525,1,0.13496221652956003,-0.02523576965805917,0.3670179636919645,1,0.11282077801742266,0.039624222059946514,0.3659859555596801,1
51.077001,grid_0074_y646_z530,474.133,644.345,529.085,145.93433773104948,0.733,0.00434583491345055,0.0067064224563465865,0.3604427880829977,1,0.04799648719896174,-0.05229714566003244,0.37896773320788824,1,0.10515152651460495,-0.07266728403392701,0.36745625651852265,1,0.13604947746746426,-0.024660976141257143,0.3668959865818763,1,0.11253549414687791,0.0395179058327182,0.3642001893489786,1
51.729869,grid_0075_y648_z530,474.26,646.301,529.122,147.83973096228235,0.643,0.0062552967909624115,0.006391654993007262,0.3602740425144893,1,0.050172153225168305,-0.05292741677686451,0.3803283985840971,1,0.106974727415719,-0.07282490696731762,0.36772278150633797,1,0.13917114486743581,-0.02471487465353052,0.3726378632840361,1,0.11256279309305581,0.03964044035750301,0.36378665200928445,1
52.421901,grid_0076_y650_z530,474.122,648.396,529.331,149.8424771852094,0.681,0.008605503275232499,0.006240115853443115,0.36333438289913483,1,0.051578105258188844,-0.05277017453127578,0.37646714201268183,1,0.10917471135528131,-0.07304509963645778,0.3690090753020436,1,0.13785447284376245,-0.023828933904187936,0.3662387111880876,1,0.11254198733397151,0.039686692381147914,0.36372925694374764,1
53.285259,grid_0077_y652_z530,474.236,650.186,529.271,151.60817356923744,0.851,0.01085894260793122,0.00638015183517195,0.3668690405330322,1,0.05372128478432695,-0.05333549154622955,0.37756526517562555,1,0.11065998123173718,-0.0726642652610014,0.3671384156151117,1,0.1391124309111614,-0.02353491554980915,0.36665012172830735,1,0.11088618257003442,0.03927975224231273,0.35876634415592656,1
53.983975,grid_0078_y654_z530,474.072,652.309,529.192,153.70003222836357,0.686,0.012663348637041808,0.005927558195564124,0.36366359027326833,1,0.05591130858492095,-0.053835820598176445,0.3795747120219176,1,0.11254915492922331,-0.07284622425973698,0.36774137314750927,1,0.1402880788094391,-0.02323201770072676,0.3681150187168865,1,0.11111238677068433,0.039352957242974176,0.35913831364195603,1
54.734691,grid_0079_y656_z530,474.234,654.265,528.829,155.6912875083253,0.739,0.01513740513673378,0.006325091911675329,0.3652551666727906,1,0.05689473278424716,-0.053351926406382345,0.37484408892045323,1,0.11619478076534762,-0.07402316381600893,0.3737189936059783,1,0.1435142668229555,-0.023312148193254965,0.3738441037066835,1,0.11242203191827393,0.03960983732376376,0.3632389240727317,1
55.381667,grid_0080_y658_z530,474.333,656.222,529.221,157.53199805753752,0.633,0.01680459138614796,0.006072559579879875,0.36137954422871327,1,0.05911260212554944,-0.05412171518535809,0.3769975643039061,1,0.1163508262401465,-0.07321873219641631,0.36843014923761686,1,0.14359816702806608,-0.022732790296949062,0.3712624001580954,1,0.11305179918640432,0.03970860820183212,0.364755951152724,1
56.023575,grid_0081_y660_z530,474.168,658.363,529.049,159.66223362461153,0.63,0.019425908834661804,0.006049358033822999,0.36366931934226304,1,0.06188337261172485,-0.054788051744623686,0.38023264617034924,1,0.11873938686584969,-0.07343942442159326,0.3695117106640219,1,0.14698445938138724,-0.022663146703743756,0.3774090567377057,1,0.11336501500035481,0.03983476235130592,0.36532564258338995,1
56.76049,grid_0082_y660_z532,474.475,658.511,530.101,159.6099890013153,0.727,0.020357715410777955,0.005280811551912901,0.36472941993354235,1,0.0624066515222606,-0.05517781594737581,0.376998786868997,1,0.11999657960280671,-0.07347976180184199,0.3696492313187486,1,0.14674231837430812,-0.022127827650637383,0.3756967700477287,1,0.1138064681621935,0.04008346585099528,0.3664564650909088,1
57.400427,grid_0083_y658_z532,474.475,658.511,530.101,159.6099890013153,0.629,0.020381621169783395,0.004925866598551826,0.3639016879451707,1,0.062094595375765005,-0.05525979151216283,0.37440778860066415,1,0.1205399246762422,-0.07368668883083516,0.3702414918051554,1,0.1444763721193331,-0.021534065159982064,0.3700948437974004,1,0.11407134005929671,0.0402326879508089,0.3671349585954201,1
58.039974,grid_0084_y656_z532,473.808,657.504,530.304,158.57294791357072,0.629,0.019596549483896605,0.004699452137770334,0.36471030930854653,1,0.06258053439273571,-0.05596610434574596,0.3805241203593831,1,0.11987313849323569,-0.07368755520121857,0.37026476241964384,1,0.14687180652382376,-0.02245797622618515,0.37646712623828704,1,0.11345330563272256,0.03988450305124379,0.3655518070848937,1
58.690648,grid_0085_y654_z532,473.016,656.07,530.325,157.15288907621144,0.641,0.018340409177269267,0.004857754499469214,0.36892835386247,1,0.061268313860950455,-0.055783279817959754,0.3822040294523604,1,0.11781102050609286,-0.07324548722117548,0.3680313498089903,1,0.14602519910899336,-0.022626724268817323,0.3756961601933545,1,0.11318843373561933,0.039735280951430176,0.36487331358038244,1
59.430451,grid_0086_y652_z532,472.252,654.415,530.488,155.4930567806807,0.731,0.016522614246538503,0.004707688521264274,0.36981721756235386,1,0.058280831802542565,-0.054445824649565086,0.37515275190998604,1,0.1168166990732469,-0.07353527889853215,0.37019358917184053,1,0.14557301999884276,-0.023194284124776036,0.3761573840611129,1,0.11318843373561933,0.039735280951430176,0.36487331358038244,1
60.187358,grid_0087_y650_z532,472.01,652.646,530.264,153.8002160141526,0.746,0.014431386505861423,0.004864122970042153,0.36528261635626935,1,0.057296447137765584,-0.0547518418980121,0.37950077750559397,1,0.11494963993318363,-0.0733439720719789,0.3701220678791831,1,0.14227275953702007,-0.02309252137016447,0.37016935360695324,1,0.11107520664452349,0.03911076192781702,0.35836507840671694,1
60.932019,grid_0088_y648_z532,472.099,650.619,530.016,151.86211870641085,0.734,0.012396950658686796,0.005039771876722175,0.3649552947644472,1,0.055515904745970755,-0.054059909150928134,0.3806587460402523,1,0.11365942603773908,-0.07360199524520353,0.37236324426105727,1,0.1418087593633238,-0.02353194572189986,0.3711391635324675,1,0.11113281212164061,0.03930164373993428,0.35940173398754705,1
61.571093,grid_0089_y646_z532,472.153,648.669,529.787,149.99826720665808,0.629,0.010305950055371124,0.005511147092168994,0.36512200914348447,1,0.053446154683640154,-0.053759024036516154,0.3806265912908594,1,0.11161369440392688,-0.07352699682620864,0.37209681738332206,1,0.13835965136662937,-0.023522419186334624,0.36537953311481297,1,0.11055657311213984,0.03920377744754096,0.3576909752500729,1
62.312836,grid_0090_y644_z532,472.21,646.709,529.84,148.06899741336804,0.63,0.008173762132443838,0.005495723190746184,0.3645460579992108,1,0.051454356257143265,-0.05317282981891094,0.37844932267949366,1,0.108692995456467,-0.07275235226381446,0.36806650487849535,1,0.13944615132692917,-0.024238848664529446,0.3707662671833523,1,0.11171796368923508,0.03949675539421848,0.3610408346791133,1
63.052228,grid_0091_y642_z532,472.19,644.683,529.877,146.07911910331336,0.729,0.005686722893257808,0.005641800809343893,0.3650309877176425,1,0.049315583615875944,-0.052660051093575154,0.37805544036835736,1,0.10602462964437395,-0.07220199298884783,0.3654672363256034,1,0.1382857123602103,-0.024610504639830794,0.3710040379571458,1,0.11292911752633658,0.03978435169670709,0.36484587675342783,1
63.684599,grid_0092_y640_z532,472.272,642.724,529.915,144.15586295742543,0.622,0.003930607743460286,0.005565890369210784,0.36773814210646344,1,0.0479016938490011,-0.05272831937432215,0.38003322209527546,1,0.10531773064417413,-0.07250637654202625,0.3681121417926174,1,0.13898519359828798,-0.025137466878712926,0.3750802976970086,1,0.11290272128878102,0.03968365717019044,0.3658052372536825,1
64.323525,grid_0093_y638_z532,472.191,640.662,530.04,142.1138966216887,0.628,0.0015826539351966218,0.005491179130733157,0.3644215517817402,1,0.04632318575383211,-0.053001827833106786,0.3831745320897652,1,0.10306841720291696,-0.07230500154326233,0.36700783016706434,1,0.13700687384965918,-0.02528831902039664,0.37235142499545615,1,0.11282077801742266,0.039624222059946514,0.3659859555596801,1
65.066369,grid_0094_y636_z532,472.311,638.456,530.182,139.92902095348202,0.733,-0.0006928505392737462,0.00544281914806643,0.3664906765646827,1,0.043852677777504824,-0.05220005809762364,0.3796205934178765,1,0.10167693889740284,-0.07240196300588646,0.36839491147054293,1,0.13575183021723136,-0.02559349933502844,0.37150882571897953,1,0.11282077801742266,0.039624222059946514,0.3659859555596801,1
65.706153,grid_0095_y634_z532,472.221,636.368,530.422,137.83813665673236,0.628,-0.003021023662914973,0.005147193930213963,0.3671784650774744,1,0.042237596992575024,-0.0522663971097603,0.38092851620333507,1,0.10055348088186551,-0.07277279922285679,0.3704434961137404,1,0.13448039425531735,-0.025760541172978137,0.370676800360983,1,0.11176166278877993,0.03939575784330694,0.36366742164434906,1
66.348921,grid_0096_y632_z532,472.237,634.396,530.664,135.86074039618657,0.632,-0.005421808975294565,0.0049359973470337855,0.3630267953271636,1,0.040370510325471246,-0.051912879630243325,0.3805229876118082,1,0.09882251491426892,-0.0725795636447211,0.3695809707900374,1,0.13315577872831483,-0.026067721382941854,0.3701227069734182,1,0.11132366105440517,0.03927858093199658,0.3626521394317527,1
66.991764,grid_0097_y630_z532,472.312,632.404,530.52,133.94957577387098,0.632,-0.007492388791945856,0.00495986551904532,0.362272058893775,1,0.03839656704084265,-0.05178638110962804,0.3818248429529515,1,0.09686960841662018,-0.07220556168460873,0.36910733456398315,1,0.13239805345791392,-0.02644891280628133,0.37092299089995506,1,0.11110895496898565,0.03914955811875649,0.36141935951092996,1
67.740256,grid_0098_y628_z532,472.476,630.434,530.475,132.04048920312283,0.737,-0.009507946957671303,0.0050922397067548015,0.3597005653478312,1,0.03622135771864447,-0.05074607185059943,0.3768271867711174,1,0.09421784392342505,-0.07162102378331527,0.36659990359191497,1,0.13220462138019182,-0.026773902230091618,0.37379557659366236,1,0.11074616036733502,0.03903626956086824,0.36127729716702617,1
68.376474,grid_0099_y626_z532,472.436,628.518,530.355,130.202016900661,0.626,-0.011715126397579805,0.005578727074157683,0.36595905198108325,1,0.03422705715554679,-0.05027372828858295,0.3765077504223538,1,0.09324154030695772,-0.07182134583626178,0.3689242740181813,1,0.13314549631624173,-0.027430488430350418,0.37911765904399536,1,0.10997874978572333,0.03868427886008899,0.35971520985431205,1
69.006479,grid_0100_y624_z532,472.393,626.503,530.258,128.26429008106666,0.621,-0.013759825576697693,0.005684442698015321,0.36607431876004004,1,0.032372985286248254,-0.04959394613468758,0.3745828935050895,1,0.0910451344025755,-0.07128106143206273,0.36749756168552644,1,0.1309287100234997,-0.027392838735058416,0.37625267545577556,1,0.10987851792262049,0.03876282149094683,0.36047840930317215,1
69.753339,grid_0101_y622_z532,472.601,624.372,530.044,126.24579456362099,0.737,-0.015964813186190176,0.005678183901178977,0.36198687603458674,1,0.030484500471211668,-0.04932217352691082,0.37678925006980707,1,0.08977334279074987,-0.07127915884221658,0.36987896825118166,1,0.13103377824300544,-0.027917133781151536,0.3793832128081114,1,0.10933844006098763,0.03851356282572259,0.3584315011924305,1
70.391485,grid_0102_y620_z532,472.324,622.496,530.206,124.38444678495782,0.627,-0.018111633938316513,0.0057261601643016835,0.36224709718164005,1,0.029339877520772543,-0.049372858047303715,0.3816516190579636,1,0.08790586993243962,-0.07079141022395613,0.3688050128910213,1,0.12908651300362348,-0.027995930326352565,0.37681954635159476,1,0.11030473935885801,0.03885896040798191,0.3606346990759971,1
71.043333,grid_0103_y618_z532,472.121,620.636,530.433,122.52423933246841,0.64,-0.02047302371105579,0.005648791265294293,0.36572541033532024,1,0.027059765417817672,-0.04851834783173773,0.37747752235696375,1,0.08609065263652282,-0.07027556443497154,0.3673919959449428,1,0.12751501490980716,-0.028073571116796037,0.37518672842998524,1,0.11125983100326212,0.039442516670590025,0.36461796820953063,1
71.674867,grid_0104_y616_z532,472.255,618.451,530.698,120.34130251081717,0.621,-0.02215081004951319,0.005533951357412985,0.3610795571260678,1,0.025451668150535615,-0.048524216090271154,0.3782715438199037,1,0.08477937442802974,-0.07042733898438513,0.36865811335189436,1,0.12526732856355677,-0.028013627708577588,0.37126749072246235,1,0.11285272401265853,0.04014729164737622,0.37071664715261765,1
72.412803,grid_0105_y614_z532,472.13,616.599,530.785,118.52490417629546,0.728,-0.024501576803069212,0.0053537722216299545,0.3637096657123564,1,0.024120914633305783,-0.04913467204185625,0.3852687545021587,1,0.08237354821288789,-0.06941972144115179,0.36565585837970344,1,0.12665613848083263,-0.028821022068197144,0.3783284600068967,1,0.1127882543279584,0.04009606797983163,0.370702541239038,1
73.052153,grid_0106_y612_z532,472.187,614.661,530.723,116.66477233938271,0.628,-0.02667755573190072,0.005527943053510256,0.36557595231029694,1,0.022056191392056293,-0.047832373484281605,0.3786359564178302,1,0.0811117991857386,-0.06938238331195314,0.36706340688443556,1,0.1259870196719844,-0.0288286903870352,0.3792563239028168,1,0.11082570655867659,0.03938785762431962,0.3647889644622848,1
73.694504,grid_0107_y610_z532,472.276,612.596,530.549,114.71370033696938,0.631,-0.028966071340352024,0.005865048938315238,0.36624174825786204,1,0.020153646982500995,-0.04701404608884193,0.37765232469049825,1,0.07967554551329682,-0.06933176115812076,0.36895093398656453,1,0.12249798571056232,-0.028465689237218605,0.37282768943843914,1,0.11013831651510006,0.039074153105881027,0.36263497741659434,1
74.45595,grid_0108_y608_z532,472.296,610.615,530.139,112.91045160657187,0.751,-0.031097961316394012,0.006218604061244847,0.36669019514458007,1,0.018185509227246835,-0.04598536974477015,0.3764930382509194,1,0.07800941812735543,-0.0689737179678216,0.37038198920116194,1,0.12218796357231616,-0.02890881459991281,0.3755851911330474,1,0.10913356251675557,0.03897226743394042,0.36011864090001733,1
75.092208,grid_0109_y606_z532,472.192,608.699,530.281,111.02629539888288,0.625,-0.032842953582022764,0.006337440506755987,0.36239004938539315,1,0.016331684400289162,-0.04568200755871844,0.3776074941735245,1,0.07592076299213676,-0.06815050385007493,0.36764514474601595,1,0.12240940176373345,-0.0293473544162726,0.3793569559507731,1,0.10956674688030606,0.03906692290668531,0.36339716698303964,1
75.734961,grid_0110_y604_z532,472.233,606.759,530.088,109.21311044924968,0.632,-0.035330472055203344,0.00661604471249137,0.3670236853067933,1,0.014270927525228256,-0.045018357742209456,0.3757778533567305,1,0.07326434919569633,-0.06663595994495185,0.36305843860991915,1,0.121431113695153,-0.029396501369622567,0.3792539962222089,1,0.11057259080090728,0.03937311566512913,0.3664563872168639,1
76.368975,grid_0111_y602_z532,472.215,604.653,530.37,107.11163104910695,0.624,-0.03739616383326467,0.00635473333818849,0.36535372084737444,1,0.01258890092516467,-0.0444489076795075,0.3760248234879055,1,0.07306810723412868,-0.06768225935103692,0.36991748021493753,1,0.11811539147970444,-0.029011440906302692,0.3729225576330914,1,0.11001461617953248,0.039291388523764695,0.3639191461913442,1
77.109384,grid_0112_y600_z532,472.33,602.537,530.79,104.96326414036493,0.73,-0.039078301221491786,0.005924139919929369,0.35990453965024266,1,0.010935906621320633,-0.04411826475424827,0.3735231036171063,1,0.07168432418064072,-0.0673351039277376,0.3707055219286688,1,0.11466494641265945,-0.028403982654558468,0.36498372276384217,1,0.10968404728019607,0.03916560495754814,0.363542556801035,1
77.752888,grid_0113_y598_z532,472.317,600.468,531.086,102.89483865092552,0.631,-0.04160848502310499,0.0059308918835275564,0.3639455370745473,1,0.00927626152308372,-0.044035568966611045,0.37516425805460624,1,0.07009400132822721,-0.06691091576861859,0.36989868458505043,1,0.11383054245588624,-0.028500404851901605,0.3653227763806718,1,0.10973927261154404,0.03923194207478921,0.364330172188866,1
78.407181,grid_0114_y596_z532,472.3,598.485,531.198,100.96253179769221,0.644,-0.04386637388985739,0.0056204323990691005,0.36329208350420467,1,0.007412384403374663,-0.043578052128309966,0.374939496758299,1,0.06817923703436216,-0.0661742117119021,0.3683644572899428,1,0.1133580555009529,-0.028656899030685613,0.3667742439109119,1,0.10987277208103971,0.03930793488911815,0.36506442725825533,1
79.147873,grid_0115_y594_z532,472.556,596.274,530.908,98.93476512328719,0.73,-0.046456167626134734,0.006025175857387058,0.366076287573974,1,0.005468284468419501,-0.042544664842666176,0.37313475658915474,1,0.06629735636013763,-0.06532590521493829,0.3675176515386594,1,0.11295207171807184,-0.02869498270138921,0.36932845790077745,1,0.10724824258837833,0.0383913712947402,0.3571112190800164,1
79.783389,grid_0116_y592_z532,472.309,594.512,530.739,97.30318927969418,0.623,-0.04841948792141023,0.00634535325508266,0.3650129753494923,1,0.0037482683239462937,-0.04246313026775254,0.3783107395385057,1,0.06505881665763173,-0.06548417624696068,0.37082225546610825,1,0.11293938482164449,-0.029037684061899695,0.3732845602157888,1,0.10718055053795343,0.038240364176519624,0.356828263305474,1
80.435406,grid_0117_y590_z532,472.459,592.555,530.453,95.53034201236798,0.642,-0.05054336515032205,0.006948749797442211,0.3647659985081081,1,0.001814200091882575,-0.041606561034843295,0.3786373702653345,1,0.06344480651485118,-0.06512446267641396,0.3721851047499588,1,0.11246908786250027,-0.029216966388069553,0.37593178509143466,1,0.10763359609662752,0.03834399525543329,0.358167789883816,1
81.286914,grid_0118_y588_z532,472.379,590.566,530.462,93.63949139652571,0.84,-0.052305742841955515,0.00705483748557933,0.36312321364078215,1,0.00017834402648495614,-0.04077277969582689,0.3764417288652676,1,0.061638979457597484,-0.06427100962505647,0.37070902339509193,1,0.11148934382563196,-0.029269224107197334,0.3758854414720753,1,0.10779109208129325,0.03846149091136074,0.35929301064825797,1
82.040745,grid_0119_y586_z532,472.72,588.409,530.297,91.65416969238225,0.744,-0.05582582202100021,0.007412634017444466,0.3672671298107949,1,-0.0021130848152257136,-0.03963238513718048,0.3737298608151349,1,0.05905161498448731,-0.0629379608779934,0.3679495232971769,1,0.1067082374050156,-0.02825439202017032,0.36464487426046377,1,0.10933694621951602,0.03912291961724128,0.36524810643626515,1
82.783804,grid_0120_y584_z532,472.568,586.585,530.564,89.84248511144388,0.733,-0.057421039416505434,0.007183191197690378,0.3674567493518844,1,-0.0034506343650017946,-0.03938580045335758,0.37365487160619726,1,0.05827160022486595,-0.06276516320076982,0.37026724654581217,1,0.1061266130018044,-0.02830607329696479,0.36569930836753006,1,0.10940016734911148,0.039110619445812234,0.365662792454959,1
83.421829,grid_0121_y582_z532,472.496,584.671,530.868,87.9358148822197,0.627,-0.05877472495873583,0.006999549200822656,0.3643113981653362,1,-0.005081302085071601,-0.039590485006648746,0.37984019378876427,1,0.05681067647013276,-0.0623452340634725,0.37048641546762273,1,0.10552682497539663,-0.0285027183835251,0.3673164691737413,1,0.10940016734911148,0.039110619445812234,0.365662792454959,1
84.062244,grid_0122_y580_z532,472.473,582.632,531.047,85.95581471895892,0.629,-0.06122122543158347,0.006926438830828031,0.36561323659042433,1,-0.0067671970809085645,-0.03859158268204409,0.3734221991125806,1,0.05482469663448948,-0.06118625235667996,0.36758944929259235,1,0.10443313960330755,-0.028379143456037714,0.3674881579515,1,0.10946211756964308,0.03915017900694155,0.36605394946819303,1
84.69602,grid_0123_y578_z532,472.437,580.47,531.34,83.82410369935373,0.624,-0.06323359555749763,0.0066448804120490005,0.36445774137022635,1,-0.00842030265731604,-0.037979744519215194,0.3722276628507636,1,0.0528924253533225,-0.06011810468813815,0.3648881259716964,1,0.10312217270574672,-0.028211166796445426,0.36754543404672624,1,0.10813685316330804,0.03883458791848376,0.36200607799118556,1
85.442397,grid_0124_y576_z532,472.317,578.552,531.272,82.04993443629316,0.736,-0.06558113549596538,0.00639517528177298,0.3650094378574034,1,-0.010211512874028356,-0.03765576074600051,0.3773569581283938,1,0.05196324442345156,-0.06055569967220694,0.37106777676016367,1,0.1004712757200414,-0.027595826013187257,0.361870680637288,1,0.10521367245169504,0.037784839525316284,0.35286878610458833,1
86.078925,grid_0125_y574_z532,472.292,576.66,531.25,80.2907670034357,0.626,-0.067805545133541,0.006765691201448959,0.36727916457471793,1,-0.011968692128954744,-0.037176844348056855,0.3770010313172797,1,0.05028334175759004,-0.05924161948056551,0.3684564976873796,1,0.09971590585109177,-0.027533778813804855,0.36220444085001147,1,0.10531768911274017,0.03785742016006886,0.35344826238005245,1
86.732027,grid_0126_y572_z532,472.243,574.746,531.159,78.54276239094219,0.642,-0.06971472010277066,0.006917743674188728,0.36510865557214417,1,-0.0137756478859902,-0.03591078681381976,0.37152649424654416,1,0.048933293788695265,-0.058870716717224755,0.3697535309557361,1,0.10090144934730891,-0.028107957594336107,0.37080317334759727,1,0.10677240376228547,0.0386451649824381,0.3596179724224167,1
87.469932,grid_0127_y570_z532,472.433,572.706,531.03,76.70247621165831,0.727,-0.07149621686392164,0.00738263746265357,0.36392860617970213,1,-0.015627494737744572,-0.03552883139969242,0.37771850280304214,1,0.0470585759487691,-0.057914832828639115,0.36817324090925974,1,0.10081116484452776,-0.02829982103038911,0.3748100106022901,1,0.10779829628192675,0.038992887630705006,0.362895799792862,1
88.106111,grid_0128_y568_z532,472.404,570.832,530.988,74.98974928615245,0.625,-0.07386493092953289,0.007577595885948004,0.3660756892744582,1,-0.016854256681039542,-0.03429712370573269,0.37021011253407743,1,0.04553166143917451,-0.057112809932935195,0.368434275472147,1,0.09911827927768964,-0.027940213578719886,0.37305125718865395,1,0.10723949463002361,0.038561642135303,0.3615940724433477,1
88.762097,grid_0129_y566_z532,472.539,568.773,531.084,73.06174365562329,0.644,-0.07611636173375638,0.007521355265171878,0.3653712492577215,1,-0.01896313338474812,-0.033789104809551565,0.37082393671476277,1,0.04374165013537274,-0.056010349170403186,0.36767287887953415,1,0.09759722420523267,-0.027554830779010005,0.37152698783761284,1,0.1082985331062789,0.038914162288720563,0.36616789826623686,1
89.396846,grid_0130_y564_z532,472.497,566.859,530.949,71.36640425998786,0.625,-0.07927568133696059,0.007791827585127538,0.37044407042619476,1,-0.020601249235061354,-0.0328969639200659,0.3698371270307694,1,0.04181624814476144,-0.05467512130844717,0.3638642483046416,1,0.09693418331615691,-0.027448355386696977,0.3734552252359009,1,0.1075827215704582,0.038910054929137794,0.3642948744536031,1
90.13956,grid_0131_y562_z532,472.607,564.724,531.018,69.39787836094133,0.733,-0.08083114377772349,0.00780307770742285,0.3659157136769351,1,-0.022865548819747283,-0.032667484732452845,0.3774416534582768,1,0.040194718563684576,-0.053923544058035275,0.36523834607000205,1,0.09596019256786573,-0.027517206963789915,0.3752408184272224,1,0.10708513271934131,0.038827653588278374,0.362780692750464,1
90.794229,grid_0132_y560_z532,472.424,562.725,531.301,67.46666565052703,0.644,-0.08318361480390338,0.007795568874010589,0.3675560515841158,1,-0.024166075414010172,-0.031351538585078186,0.37245585875065823,1,0.038541518524778606,-0.05304442943500137,0.36563964813324645,1,0.09361159406439445,-0.02677874936902373,0.37072684476254325,1,0.10853223642025331,0.039364955104243794,0.36824195134927923,1
91.42849,grid_0133_y558_z532,472.311,560.713,531.377,65.6210234376149,0.623,-0.08584001778440109,0.007919944666409395,0.37040803216702944,1,-0.026084401801592227,-0.03094942203155736,0.3756668910348263,1,0.037531107805844656,-0.05283525517130287,0.36863662588900786,1,0.09358188238937433,-0.026663421282968842,0.37517672328753787,1,0.10697859854324698,0.038669018448004765,0.363519375292879,1
92.169601,grid_0134_y556_z532,472.207,558.63,531.422,63.73650204553119,0.73,-0.08755357205321282,0.007801219895706461,0.36933918644506153,1,-0.027727374624684036,-0.030031597458244637,0.3720084754170184,1,0.03584373150137388,-0.05209258933613579,0.3696797760559602,1,0.0919795980353826,-0.02616692273955832,0.3718920907764921,1,0.10601766575640181,0.038247710067332755,0.36029132246334167,1
92.81226,grid_0135_y554_z532,472.245,556.68,531.186,62.11469601471133,0.633,-0.0899150790716538,0.008095950376806138,0.3692916717666721,1,-0.02956754680208923,-0.029028136944661387,0.3714625950520022,1,0.03378091981608276,-0.0505145224539839,0.3667270680509673,1,0.09104704011122824,-0.025978148740276274,0.37357631199221075,1,0.1058861252946014,0.03833561809218305,0.36044794179902084,1
93.458382,grid_0136_y552_z532,472.174,554.722,531.168,60.4000029635761,0.637,-0.09204129861311762,0.008456806865504613,0.36902353570403185,1,-0.031485316071948766,-0.02834545204507754,0.37426728183277214,1,0.03211585172064222,-0.04945846980296857,0.3661385667333331,1,0.08977275978899753,-0.025570513947965945,0.37444534387869605,1,0.10613848080879325,0.038608531875530885,0.3621195350731469,1
94.097276,grid_0137_y550_z532,472.251,552.758,531.267,58.638458131161705,0.629,-0.09446881610224454,0.008549863977056583,0.37022214256072533,1,-0.03320221504944498,-0.027659277104774022,0.37356000374539516,1,0.03088858937844096,-0.04853004524425375,0.3679255350752266,1,0.08843070249686606,-0.025202907858990497,0.3737137533542235,1,0.10604829803995482,0.03874433337274272,0.36229195482259857,1
94.83705,grid_0138_y548_z532,472.341,550.784,531.099,57.018165140593574,0.728,-0.09681490645425941,0.008666240384895788,0.37050871232363747,1,-0.03498922129433828,-0.026546408316838705,0.37317920375065033,1,0.02873728311893452,-0.0465447751983903,0.36374565757983224,1,0.08669686051952907,-0.024891481393297353,0.37226856832806104,1,0.10592297275161541,0.03874617854939416,0.36200970212445455,1
95.486214,grid_0139_y546_z532,472.48,548.791,531.026,55.35569436833045,0.638,-0.09888625015099078,0.009025671141978577,0.37003636002357376,1,-0.036355837337299635,-0.025322176088942792,0.3686879543695956,1,0.027097760529259003,-0.0457241624014843,0.36288519184716395,1,0.08553905940580671,-0.024318959708236297,0.3725405058080738,1,0.10592297275161541,0.03874617854939416,0.36200970212445455,1
96.124632,grid_0140_y544_z532,472.507,546.82,530.963,53.72750089107076,0.628,-0.1013708844430308,0.009134673668651274,0.3711323978124115,1,-0.038534783290393296,-0.02470027066842996,0.37329290796047176,1,0.02549321116152613,-0.04431079541157964,0.3617292481135287,1,0.08488423155505531,-0.024195343140355725,0.3751526963567061,1,0.10717969393564633,0.039185431386678425,0.3673129245057209,1
96.874369,grid_0141_y542_z532,472.634,544.815,530.692,52.21415680636821,0.739,-0.10253711870638119,0.00955404838637575,0.36836593620490427,1,-0.040427239836897465,-0.023718717193591147,0.3748407340905002,1,0.024188362681403886,-0.043833053813675235,0.3656739337937401,1,0.08316127763106015,-0.02355001613429229,0.372862008305872,1,0.10607407436261732,0.039059836763133404,0.36450082650025833,1
97.514481,grid_0142_y540_z532,472.563,542.88,530.845,50.541674724923794,0.629,-0.10554953844557931,0.009732115664282791,0.3704251565481734,1,-0.04254123789693309,-0.02292822352717332,0.3769975374046303,1,0.022625162924531046,-0.04243874888414671,0.3663566444158949,1,0.081111508924291,-0.022731421785799507,0.3702356468096314,1,0.10466348942576365,0.03876559832665063,0.36048437497030683,1
98.154083,grid_0143_y538_z532,472.439,540.943,531.125,48.810823686965186,0.63,-0.10844345322572643,0.009731987802616904,0.37350226506266687,1,-0.0442583262858687,-0.02208770719352197,0.3770487391408909,1,0.02080489297726116,-0.04049565764766731,0.36163409953006476,1,0.07945959408883807,-0.022229899927197955,0.3684161337233057,1,0.10412313862146252,0.03874305853028058,0.3603755472978033,1
98.786916,grid_0144_y536_z532,472.686,538.631,531.148,46.967152127843555,0.622,-0.1095028136842023,0.009629251116422564,0.3692517228880058,1,-0.04558586573711203,-0.020741954120498986,0.3724803576119097,1,0.01906146886079264,-0.03929710276629396,0.36156628689010006,1,0.07756888841988034,-0.021426330227740577,0.3654577236483678,1,0.10383047701800352,0.03866114516437369,0.35949755155353724,1
99.524778,grid_0145_y534_z532,472.542,536.623,531.455,45.21073750780896,0.729,-0.11321720452828299,0.009660257142742847,0.3737903315488381,1,-0.04752723568531084,-0.019755106537209716,0.3714577943313634,1,0.017695694372301375,-0.03870461626712333,0.3676128541847868,1,0.07714421323087703,-0.020985332624252517,0.3700093615089251,1,0.10531877393727992,0.039045850614456167,0.36442962960183384,1
100.158007,grid_0146_y532_z532,472.734,534.506,531.681,43.455984363491275,0.622,-0.11509612404148936,0.00968311371372293,0.37306952312202124,1,-0.04943645592386998,-0.018990770016481313,0.3738071821217117,1,0.01624651640071097,-0.03762329239528717,0.36875335880142857,1,0.07625337776500465,-0.020447636886768268,0.3721433004194192,1,0.10568214224398487,0.039150008227695945,0.3658467868729291,1
100.791606,grid_0147_y530_z532,472.636,532.658,531.557,42.16515880439682,0.622,-0.11823995333237965,0.00983390756361065,0.37568840485694405,1,-0.05138646548688704,-0.018017991043759975,0.3739785057564323,1,0.014384366629829833,-0.03624612914638155,0.36800189433842717,1,0.07441781356271457,-0.019666981268864854,0.37017046795699493,1,0.10513951110588526,0.03919111066391587,0.3646960363695432,1
101.535394,grid_0148_y528_z532,472.698,530.581,531.666,40.59442999969331,0.733,-0.12058641133382064,0.009935457913621756,0.3762441427545925,1,-0.053210562324133924,-0.01708402803757386,0.3733114999589202,1,0.012526768961614431,-0.034119463949664794,0.3595796078110701,1,0.07290566367934499,-0.018902700346011277,0.36821753788889455,1,0.1054389761835528,0.039461105789427894,0.36710044848059903,1
102.167891,grid_0149_y526_z532,472.665,528.623,531.566,39.302978080547575,0.621,-0.12221834781325325,0.010150624453317419,0.3746833432784324,1,-0.054440653177672306,-0.015599906659399074,0.36923964153118993,1,0.01103592726994265,-0.03271000349407181,0.36164864863411234,1,0.07166532187413802,-0.01822350220660749,0.36931884117767055,1,0.10501945187300285,0.039321344905680324,0.36557265138093753,1
102.805678,grid_0150_y524_z532,472.658,526.644,531.409,38.09882209465278,0.627,-0.12460417601732285,0.010286689106428609,0.3750117369307261,1,-0.05676782053317899,-0.014612602306966227,0.3723703076146601,1,0.009410769323734807,-0.03126875357777417,0.3650514524115546,1,0.07071096967652787,-0.01733825730976083,0.37153594341289276,1,0.1053114561296385,0.0395570263963981,0.3675166278046381,1
103.446839,grid_0151_y522_z532,472.703,524.596,531.288,36.89246417630573,0.632,-0.12682672730123296,0.010772176299648679,0.3753006957967119,1,-0.05869457161586409,-0.013344327679232604,0.3728193495175409,1,0.0077597390174610785,-0.029729847788809105,0.3676041392975084,1,0.06908590338553602,-0.016580007810488358,0.3719930791575975,1,0.10424917466306519,0.039353998344721114,0.3651618773559624,1
104.186765,grid_0152_y520_z532,472.776,522.623,531.022,35.925574553512725,0.728,-0.12946984353736363,0.011453674452395056,0.37584019721307893,1,-0.06084306070895208,-0.011843307057232683,0.3728519886908674,1,0.0057958939429870095,-0.027748910861784732,0.36738112318084587,1,0.06683480294515076,-0.015346592426467912,0.36860195621190855,1,0.10108924935744501,0.03842494773772762,0.3548530303987989,1
104.823946,grid_0153_y518_z532,472.683,520.751,530.751,35.099281716297305,0.626,-0.13090903983553573,0.011823918425808707,0.37504052895531653,1,-0.06266122953262068,-0.010624672182880063,0.3742732968384776,1,0.004455323850587606,-0.025844900107053027,0.3613239682677601,1,0.06518656509385555,-0.014603836555705785,0.36671771884977894,1,0.10309892597819006,0.039342107059633834,0.3631232261159361,1
105.47839,grid_0154_y516_z532,472.962,518.464,530.714,33.9602685796211,0.644,-0.13293485195079577,0.01201287707503865,0.3727737096324102,1,-0.06431377868242172,-0.008957425565425161,0.3705797060991319,1,0.00246096959626911,-0.02388341559638225,0.36275588515545787,1,0.0637036369161851,-0.013512009199645477,0.36661933415937115,1,0.10418843015384696,0.039798978937251255,0.3674378904498279,1
106.11154,grid_0155_y514_z532,472.548,516.654,531.087,32.76480802629556,0.622,-0.13343570454155324,0.011927108961270323,0.36910306109873325,1,-0.06586645493516953,-0.00789964175716876,0.3707444840064387,1,0.0010135939556033815,-0.02249963728143517,0.3654291088148137,1,0.06266520246582226,-0.012600042832811765,0.36850133780764693,1,0.10301076458982154,0.03978131716335987,0.36444898392879665,1
106.848173,grid_0156_y512_z532,472.742,514.551,531.171,31.795241688026213,0.726,-0.1379614276473538,0.012024721354527375,0.37465237243998284,1,-0.06808361590796182,-0.00666445777763582,0.37095068033506806,1,-0.001041700560361587,-0.020435989829042538,0.3665503767608193,1,0.0602131092056387,-0.011247973838503685,0.3640638400368289,1,0.10236762441319343,0.03974987953012531,0.36266394041704164,1
107.483624,grid_0157_y510_z532,472.557,512.681,531.335,30.93402057605833,0.625,-0.14103204219114626,0.012105342320971916,0.3780213185945347,1,-0.06921373954260354,-0.0055861922067243905,0.3687972718776347,1,-0.002472580382143186,-0.018985236520412445,0.3670500387123049,1,0.05947796828852679,-0.010386715742120496,0.36734451950447244,1,0.10313240529374448,0.03988037466979598,0.36616669409589403,1
108.120107,grid_0158_y508_z532,472.72,510.56,531.481,30.11848835848177,0.625,-0.1442340063780766,0.0123226777283767,0.38033881074914794,1,-0.07149492700471653,-0.004316081878547329,0.3690751099346444,1,-0.004318585642136867,-0.016825813822172367,0.36501190328269023,1,0.05736293444775844,-0.008883148129632232,0.36443337886168514,1,0.10194366617337043,0.03968663825162326,0.36290307787396625,1
108.877788,grid_0159_y506_z532,472.576,508.675,531.502,29.60075382486068,0.748,-0.14639671724096054,0.01243231614999518,0.37986567152345035,1,-0.07465483574958978,-0.003056322517314857,0.3749292881754009,1,-0.006053892231317169,-0.014600626360262905,0.361589192367816,1,0.05611811592409098,-0.007403410592598631,0.36738803184193275,1,0.10244144695642432,0.04020082863673709,0.36665054232237415,1
109.509694,grid_0160_y504_z532,472.762,506.557,531.438,29.250762639630473,0.623,-0.14740094126079362,0.012533162273220943,0.3769244933124388,1,-0.07542740826501507,-0.0015971938443783528,0.3696716149102534,1,-0.007597351259761393,-0.012384494769072864,0.36060342490300423,1,0.054427043426881705,-0.0061960414749795845,0.366270384443535,1,0.10298481328180051,0.04065201290157335,0.36962320263705317,1
110.144001,grid_0161_y502_z532,472.71,504.532,531.379,29.0476319344624,0.623,-0.14980941368815825,0.012903617180043176,0.37725978826344175,1,-0.07799149562358584,-0.00014211907461250293,0.37263769612310715,1,-0.00954038912994273,-0.010055873809382044,0.36325123742013793,1,0.05245414785281381,-0.004579049902972579,0.36408241763341354,1,0.10153711654260737,0.04010968136594474,0.36534002065578586,1
110.876763,grid_0162_y500_z532,472.946,502.406,531.481,28.832242940846648,0.724,-0.15148054643501366,0.013067477381207388,0.37573410981262684,1,-0.08004372072079682,0.0012703895490205198,0.37244647000123443,1,-0.01134472989755926,-0.0076559731412737305,0.3608233227490466,1,0.050054997136427026,-0.0028108634106929053,0.3615361167525445,1,0.10093995364910217,0.04000760861483692,0.3643097707540469,1
111.504561,grid_0163_y500_z534,472.49,502.255,532.533,27.762976461467527,0.618,-0.15162274448099772,0.012388121965702934,0.3742903318454109,1,-0.08100191719204103,0.0014399805258148413,0.3732866489434884,1,-0.011975535722600326,-0.007404102536398567,0.3599352652671379,1,0.04953434167324318,-0.0022509700512932753,0.3622286846091912,1,0.1006929044909642,0.03994750974467997,0.3636397431176546,1
112.140215,grid_0164_y502_z534,472.49,502.255,532.533,27.762976461467527,0.625,-0.15164715370328258,0.012079367532437536,0.37440862228241295,1,-0.081219055045421,0.0012530407372293485,0.3743349667215875,1,-0.011963854528047945,-0.00785176749411363,0.3590690815128859,1,0.04935392425131151,-0.0022955519162153495,0.36066963383186673,1,0.1006929044909642,0.03994750974467997,0.3636397431176546,1
112.770051,grid_0165_y504_z534,473.187,502.64,533.822,26.512043923469964,0.62,-0.1523234098857867,0.010936549913731637,0.37608736872095977,1,-0.07993544381608787,6.817730551400645e-05,0.370056931246703,1,-0.01176124279889568,-0.008421961652619641,0.36530004462181537,1,0.05088887780782818,-0.0028783897525551136,0.3689165309217149,1,0.1006929044909642,0.03994750974467997,0.3636397431176546,1
113.511762,grid_0166_y506_z534,473.494,504.188,533.913,26.53354640827344,0.731,-0.15070559234869235,0.010284843333275978,0.37542459284952756,1,-0.07865667094883,-0.001210795251547369,0.3697555628197618,1,-0.010509993787304384,-0.009880588751094292,0.3622942512397464,1,0.05154536389287571,-0.003874135254646433,0.36364887098757553,1,0.10198880373086441,0.04037338328615511,0.36760266621779303,1
114.14785,grid_0167_y508_z534,473.259,506.154,534.089,26.59440317059208,0.624,-0.14850842152410632,0.01005059258327195,0.3749848985917015,1,-0.07699773136091773,-0.002451761524723893,0.37051578534945356,1,-0.008890092575084736,-0.011953133404329385,0.36397780835395344,1,0.053190879072502986,-0.005271895599583505,0.3641103029199481,1,0.10290130202756154,0.04075076071601448,0.36999916861865506,1
114.788188,grid_0168_y510_z534,473.451,508.07,533.849,27.218403920876746,0.63,-0.14640526648035673,0.009903314032442951,0.3747953521014131,1,-0.07523458561234202,-0.003824232597598575,0.3714348028843094,1,-0.006884512175687582,-0.013836903332633205,0.35898926152653543,1,0.05542212736310288,-0.006758175687572243,0.36804603857198775,1,0.10182580137913151,0.04008857245094276,0.3650845282466804,1
115.536209,grid_0169_y512_z534,473.29,510.097,533.983,27.618312946304375,0.738,-0.1435096571256241,0.009677430254056683,0.3731171895265134,1,-0.07260592801694407,-0.005287502460864033,0.36798063601326503,1,-0.005274660284552572,-0.01624338411380397,0.3623427060719958,1,0.05634434800756669,-0.007993843399860777,0.3641452491939632,1,0.1029512401913603,0.040357303443012374,0.36810891075115765,1
116.292769,grid_0170_y514_z534,473.301,512.063,533.643,28.58806710849825,0.747,-0.14202462738032945,0.009684554200806649,0.37624447421977514,1,-0.07238397992949165,-0.007075058479251381,0.3787629404045044,1,-0.0033220407662790164,-0.018877645930444935,0.36744722948299136,1,0.05853183913621248,-0.009773529720932459,0.36715224997039114,1,0.10304624793570268,0.039873572897546186,0.36638641139514794,1
116.940375,grid_0171_y516_z534,473.622,513.954,533.707,29.280240384942207,0.635,-0.1401240822575671,0.009680533327205452,0.3758913288952108,1,-0.06987106306793278,-0.007927205524687148,0.37417548802374745,1,-0.0018307679749218469,-0.02038199312432059,0.3667468058088752,1,0.05960750497532634,-0.01069757849900561,0.3648884374182041,1,0.10244523231953942,0.03964378356988778,0.3632652487758309,1
117.683919,grid_0172_y518_z534,473.357,516.289,533.443,30.54040309164242,0.732,-0.1369781110931993,0.009662872589008905,0.3739165827239942,1,-0.06732693601160371,-0.009166475896098689,0.3715251458829633,1,0.00013716371167769406,-0.02262072434851197,0.36720278900332604,1,0.06169852792617857,-0.012033562893539403,0.3673060441779433,1,0.10228423930380146,0.039695872047236035,0.36236398315394486,1
118.326313,grid_0173_y520_z534,473.655,518.012,533.503,31.359482138581264,0.632,-0.13424262388164893,0.009313276790876323,0.3720354313586698,1,-0.0649786146740459,-0.010199455719187497,0.36910793123421565,1,0.001679537915555775,-0.024033599058994132,0.36123217170006694,1,0.06288786324705399,-0.012927654075075437,0.36630268419578493,1,0.10364218843165089,0.03978424911511347,0.366005705439992,1
118.961828,grid_0174_y522_z534,473.52,520.226,533.336,32.68898735048244,0.624,-0.13241519921077363,0.009152537223414442,0.3733531035127332,1,-0.06317178290018528,-0.011528981649563053,0.3697034653785902,1,0.0035751199717237473,-0.025953512282142356,0.361644277010391,1,0.06500190030292255,-0.014161626848290249,0.3695043639167158,1,0.10400832136242485,0.03970999110428991,0.3667421284239228,1
119.703153,grid_0175_y524_z534,473.827,521.914,533.381,33.650510248731784,0.731,-0.1308577734166093,0.00915705826106404,0.3733614714523311,1,-0.06177658584907879,-0.012548210195789184,0.36952640845186213,1,0.0049571126994659084,-0.02738489010015329,0.3650297939847085,1,0.06619887065814675,-0.01503728796187175,0.36912385444906626,1,0.10182931301111106,0.038796247349055055,0.3581127997561392,1
120.342015,grid_0176_y526_z534,473.624,523.885,533.818,34.51666836471913,0.626,-0.1289278975142229,0.008639290660597576,0.37455240114699984,1,-0.060364498927849494,-0.014184866086251791,0.3727841787279811,1,0.006643823475527199,-0.02929959847036883,0.36512026441650997,1,0.06795504411714805,-0.01595349097753586,0.37031409357088596,1,0.10365767899989416,0.03914912486531485,0.3630141613817142,1
120.992938,grid_0177_y528_z534,473.639,526.005,533.533,36.12118941840095,0.64,-0.1264160381022082,0.008547923130307066,0.3741591716715951,1,-0.05773849883623663,-0.015095246514916996,0.369251836459221,1,0.008555662722656097,-0.03098491721123576,0.3637869614820094,1,0.06959437839146072,-0.0168982426314997,0.37073266723299564,1,0.10519873678536362,0.03958363114186719,0.36791083997146334,1
121.621504,grid_0178_y530_z534,473.701,527.778,534.298,36.79121907466513,0.619,-0.12331906360008163,0.007862864846028267,0.37083811098805686,1,-0.05589917210592675,-0.016611391084120603,0.36961335716919363,1,0.01013753708049683,-0.032610518463630125,0.3629536899307221,1,0.07080833496998688,-0.017831244830861254,0.3691286217769242,1,0.10480519788642784,0.039328163517123524,0.3650462672591657,1
122.365297,grid_0179_y532_z534,473.56,530.116,533.871,38.7603355119638,0.734,-0.1209491915944944,0.007716333889519288,0.37107796351394323,1,-0.05391785433480821,-0.017888737228127647,0.3694779645085907,1,0.011814963768794323,-0.03431092859094393,0.3639535896118583,1,0.07276591447894254,-0.01878878450035576,0.37121213149901733,1,0.10651161200559955,0.03989101569377812,0.3707795606765238,1
122.997042,grid_0180_y534_z534,473.616,531.926,534.072,39.97193302806364,0.621,-0.1197284793734495,0.007445938978595225,0.37355153095611315,1,-0.05174341777760866,-0.01874041495063582,0.36609632798326336,1,0.01331116524658997,-0.035237496563716705,0.3631067432506381,1,0.07409981895053216,-0.019401772829816023,0.37232219540798395,1,0.1056551259155533,0.0395092382777484,0.3670905595400974,1
123.639902,grid_0181_y536_z534,473.719,533.858,533.952,41.52800477990724,0.632,-0.11647081290126338,0.007228706174753826,0.37004406132543416,1,-0.05015244453834792,-0.019849150443646914,0.36695998262975643,1,0.015142701335364286,-0.036728279475985684,0.36344524681662527,1,0.07489397299130464,-0.019838000877273075,0.3698531875118744,1,0.10542174558604515,0.039146109163893425,0.3652984517967246,1
124.389234,grid_0182_y538_z534,473.59,536.117,533.778,43.39591864449926,0.741,-0.11524548877506564,0.007487527310703623,0.3736965058447817,1,-0.04845763504742268,-0.02100554161100025,0.3688074052749454,1,0.016770058062895766,-0.037904603735325754,0.36087688197588974,1,0.07597583262293216,-0.020489204786768377,0.36790004736274806,1,0.10592574623308386,0.03933825917179266,0.3663294044020212,1
125.026142,grid_0183_y540_z534,473.83,537.969,533.657,44.95654103687254,0.626,-0.11259493496963693,0.007537700059933633,0.3719518868040459,1,-0.04644987555442692,-0.021875071975417673,0.3680143142082266,1,0.018577323926332195,-0.03978185494161094,0.3651996869424287,1,0.07721520729495918,-0.021083899946739613,0.3669597210607112,1,0.10446139015256453,0.038834702635458754,0.36112210568689795,1
125.658975,grid_0184_y542_z534,473.795,539.992,533.362,46.767084161833324,0.623,-0.11031557127645453,0.00753596592182147,0.37166730599085246,1,-0.04470207546945454,-0.0224568683257359,0.36698094989288593,1,0.020045200139413202,-0.04104350649170703,0.36524241642825245,1,0.07824287355945907,-0.021864321473044228,0.3667998942115497,1,0.10383279320223075,0.03867274102965634,0.3596363973105211,1
126.288332,grid_0185_y544_z534,473.809,542.031,533.214,48.52932859622103,0.618,-0.10858763586089795,0.007726327078497798,0.3731739127090269,1,-0.04313896315704151,-0.023391579637669174,0.3681684138477272,1,0.02122489891592324,-0.0414492853585218,0.35751289799640534,1,0.0801429532519574,-0.02242968064233546,0.36959979638477547,1,0.10507535148057716,0.03908425796748848,0.3628030310442896,1
127.021912,grid_0186_y546_z534,473.562,544.257,533.294,50.3375705710953,0.723,-0.1056175362317215,0.007412750139910817,0.3714724663525214,1,-0.041333883722606414,-0.024598609533143228,0.3708897755858396,1,0.02342799008484258,-0.043274617128802616,0.36294939510504054,1,0.08228257268709284,-0.023042183180627906,0.3713819792445068,1,0.10528942438637581,0.039201802225598506,0.3622057876024892,1
127.660499,grid_0187_y548_z534,473.667,546.109,533.562,51.77392859345335,0.628,-0.10272301068332176,0.007046350565982932,0.36894667941742154,1,-0.039762822639304696,-0.02579415307188463,0.374051214335091,1,0.025260139903771118,-0.045198232231899296,0.36741834348829683,1,0.08384831467652756,-0.02376538938949243,0.37363186303960283,1,0.10721387469588821,0.03934458449937992,0.36774790660061607,1
128.295567,grid_0188_y550_z534,473.548,548.201,533.485,53.60944079171134,0.625,-0.10037885862134063,0.006786333122918068,0.368230659562841,1,-0.03788559805831641,-0.026635000203203633,0.37277906756474966,1,0.027131971991994075,-0.04669615799280201,0.36946581280861673,1,0.08541371516761048,-0.024146754451295792,0.37402527933511254,1,0.10659391241360969,0.03899871361676348,0.3646018893516804,1
128.931969,grid_0189_y552_z534,473.714,549.896,533.839,54.91721814695275,0.626,-0.0989988405218056,0.006376195809953761,0.37037578856859604,1,-0.03587672419300743,-0.027531499952533806,0.3697438963551591,1,0.028026042879400005,-0.04680431137596698,0.36279312796936736,1,0.08653800676177396,-0.02472835250040761,0.3728208765454265,1,0.10592297275161541,0.03874617854939416,0.36200970212445455,1
129.665978,grid_0190_y554_z534,473.381,552.241,533.652,57.05868233669614,0.725,-0.0965954045451983,0.006220747160853214,0.3707019734690351,1,-0.03335767076578049,-0.028246711799280316,0.36663308314495013,1,0.029953841545480836,-0.04796600754020305,0.3633433448433063,1,0.08763880627512734,-0.024915701477538,0.37226963157488113,1,0.10592297275161541,0.03874617854939416,0.36200970212445455,1
130.300536,grid_0191_y556_z534,473.789,553.896,533.883,58.43465399914675,0.624,-0.09389205014354687,0.005953503306810607,0.36712654973699865,1,-0.032305215204071466,-0.029402779860203072,0.3699930225651543,1,0.03153836502230163,-0.04900669368508657,0.3637944675461416,1,0.09002990118133566,-0.02563656614543259,0.3774109006757163,1,0.10621539842440735,0.038741873137207464,0.3626682917534573,1
130.954692,grid_0192_y558_z534,473.517,556.131,533.767,60.47784471192734,0.644,-0.0920489709150825,0.005724794775556773,0.3693703673437511,1,-0.030596899287457475,-0.03040317666440761,0.3710819936757047,1,0.03314268960670753,-0.04996976755651159,0.3613234078134164,1,0.090281764936466,-0.026004897791724886,0.3725093398155056,1,0.10641857242714312,0.03870369652165491,0.3618813167160963,1
131.592333,grid_0193_y560_z534,473.664,558.088,533.694,62.277179014467265,0.627,-0.09001922279528034,0.005709044923654196,0.3697836191490415,1,-0.02879700685119055,-0.031122328447142494,0.37111034307631463,1,0.035001250198635835,-0.051342589327892665,0.3644745193837865,1,0.09019614057415673,-0.025795559421849516,0.36758308572415793,1,0.10596762875340038,0.03834884219417929,0.36013390717279015,1
132.332675,grid_0194_y562_z534,473.851,560.033,533.234,64.23854950105897,0.73,-0.08707023352595308,0.006150056694678255,0.366237736401099,1,-0.02697999667841875,-0.03142542807762122,0.3695831435092819,1,0.03657196177370128,-0.05228560395493154,0.36493842091443657,1,0.09258847743910464,-0.026453724539463784,0.3724131177041572,1,0.10664461734925028,0.03851721349036914,0.36234955612042763,1
132.982753,grid_0195_y564_z534,474.077,562.026,533.264,66.04569085867752,0.64,-0.0850872416314842,0.006023061717044233,0.3664200415266401,1,-0.025094011493567846,-0.03217721970541737,0.36839043585434555,1,0.037416671982434604,-0.05222342430170336,0.3583369653655632,1,0.09316115609308395,-0.026555743108001777,0.3700348450435196,1,0.1090445376025653,0.03957805811714157,0.3700637945875135,1
133.624021,grid_0196_y566_z534,473.947,564.179,533.168,68.04850348097304,0.629,-0.08215108986517451,0.005956160484334496,0.36278056487824484,1,-0.023160968560540514,-0.03278883930079453,0.36746775086738426,1,0.03939832381886108,-0.05373188258216517,0.36218810504994237,1,0.09515430615068568,-0.027154382836135964,0.3736757108444781,1,0.10787834184465536,0.03914203711910369,0.3656344113152322,1
134.36357,grid_0197_y568_z534,474.087,565.891,533.39,69.53949147067442,0.729,-0.08041741654337689,0.005618607544663567,0.3633206423322651,1,-0.021882355146684886,-0.033734377587006203,0.3711904346724323,1,0.04169719702970439,-0.055889026039336466,0.37064756536778976,1,0.09589625906842922,-0.027207903600771122,0.371719564587902,1,0.10713756233402565,0.03881514522815206,0.3628579268534004,1
134.998393,grid_0198_y570_z534,473.86,568.15,533.335,71.6404239309065,0.624,-0.07813339234730762,0.005394443564669076,0.364486910415711,1,-0.020031760716323392,-0.034522431072899054,0.3707246036884862,1,0.04265872856463855,-0.05575281398470803,0.3633903080656538,1,0.09710917992902708,-0.027424733975225418,0.3706943133838133,1,0.10878663359635117,0.03925726263216898,0.3676796074332029,1
135.650248,grid_0199_y572_z534,474.029,570.04,533.417,73.36915030174465,0.64,-0.07669413123366332,0.00546279907638679,0.36807803151375845,1,-0.018050392058304464,-0.035213526423690814,0.3678608442973498,1,0.04562037195780678,-0.05803781595280303,0.3722724954819507,1,0.09824255618648269,-0.02765295968530823,0.37073672585939366,1,0.10831725116568709,0.039044394292675144,0.3648662087555382,1
136.28858,grid_0200_y574_z534,473.915,571.995,533.621,75.11481518981464,0.627,-0.0738960480732807,0.0049047980791724274,0.3639587162645988,1,-0.016762319404885557,-0.0368965376897328,0.37577816621652105,1,0.04664525333342497,-0.05800006605183938,0.36788483798422755,1,0.09987729886104194,-0.028159207750203658,0.37281758307883395,1,0.10710616406820353,0.03871433311368388,0.3606814269582551,1
137.034731,grid_0201_y576_z534,473.688,574.191,533.581,77.17868528291997,0.734,-0.07147544349729269,0.004691930059287476,0.3650104483109238,1,-0.014335852673313661,-0.0371257017652665,0.3715242305714133,1,0.04795023315621054,-0.05791497629532112,0.36213506346123536,1,0.09954478220216464,-0.02764409430166369,0.3666748611008869,1,0.10681010991614495,0.038667799528153315,0.3598181615120721,1
137.682027,grid_0202_y578_z534,473.903,576.017,533.494,78.92886236352334,0.639,-0.06949101115772402,0.004601703500054155,0.364399313247202,1,-0.01279343054032174,-0.03771826461965462,0.3710116527289483,1,0.04945159281277493,-0.05885829986143263,0.36397851851446894,1,0.09953372378210398,-0.02764838118001024,0.3621765935776461,1,0.10654616683912858,0.03850935770814682,0.3584168378844844,1
138.320429,grid_0203_y580_z534,473.95,578.132,533.511,80.91632473734826,0.627,-0.06748189067065284,0.004823541737405975,0.3650201035229707,1,-0.011119426074184716,-0.03862270105468566,0.3727155308563844,1,0.05136708846387115,-0.060062031106309845,0.3666255549911964,1,0.10233604391033539,-0.02848664697350816,0.36878448464312513,1,0.10611854294603522,0.03821714066130573,0.3559129990897571,1
139.05737,grid_0204_y582_z534,474.109,580.009,533.339,82.7494254058601,0.727,-0.06507857292417596,0.004879814771931891,0.3631038362190611,1,-0.009428271580162137,-0.03880698465946447,0.36947152832998176,1,0.05247490492185797,-0.06038097473037153,0.36476325569488705,1,0.1043627320407456,-0.0289259504880734,0.37184877151929036,1,0.1063405189024104,0.0382904947693287,0.35624426421842925,1
139.70008,grid_0205_y584_z534,474.139,582.022,533.161,84.7120878741636,0.631,-0.06289346862519861,0.004871943494222699,0.3635909617009849,1,-0.007743840596606852,-0.03954949863488666,0.3711020223912733,1,0.05441028585225308,-0.06145634230336004,0.3663326566615267,1,0.10449399782840352,-0.028485357912388064,0.3683662971159101,1,0.10845829208747568,0.03892725066060143,0.36282560318956314,1
140.344668,grid_0206_y586_z534,473.845,584.222,533.318,86.7417974508253,0.634,-0.06017493223477367,0.004670967051247429,0.36097503066816405,1,-0.005613599181039414,-0.039878144924639015,0.3680925223964027,1,0.05709563163728778,-0.06298143695064115,0.3703141665415074,1,0.10543562729227185,-0.028321219238745136,0.3665958305341997,1,0.10940016734911148,0.039110619445812234,0.365662792454959,1
140.983031,grid_0207_y588_z534,474.189,585.903,533.301,88.35449535252864,0.629,-0.05915093851262423,0.0042668625981148785,0.3655552989631018,1,-0.004009514469774228,-0.04058070042410111,0.36868815849857084,1,0.057690029338307705,-0.06264475570353727,0.36651831932945234,1,0.10508859578240295,-0.028107934085545662,0.36150610054203697,1,0.10940016734911148,0.039110619445812234,0.365662792454959,1
141.724637,grid_0208_y590_z534,473.852,588.216,533.458,90.50383931082708,0.73,-0.0560118706622415,0.004076673017433516,0.36277462903186863,1,-0.0020230789010766575,-0.0416843171911496,0.3723335071067209,1,0.059786234931579044,-0.06375782545748945,0.36783072204904227,1,0.10664103630804085,-0.02839547293340357,0.36282297132649144,1,0.1093646616591927,0.039207397285433335,0.36500748883250017,1
142.375094,grid_0209_y592_z534,473.606,590.311,533.47,92.49753101029243,0.64,-0.054051304052398365,0.004134049661764316,0.3644498757790266,1,-0.0002230187472519521,-0.04308111557128838,0.379507851393361,1,0.06171042701930411,-0.06467267287640169,0.3690292915711574,1,0.11061111405679198,-0.029067159081820493,0.37297044230084164,1,0.1084349688845658,0.038782959319915024,0.3616418682185023,1
143.014802,grid_0210_y594_z534,474.013,592.019,533.407,94.15992865863909,0.628,-0.05254236696598384,0.004082919694983046,0.3672706500333269,1,0.0015066919075326197,-0.04334658557304437,0.3751778311055838,1,0.06254947659400684,-0.06431433100273995,0.36446389291788883,1,0.11208936069412805,-0.029038035298128012,0.37437492602131517,1,0.10807467047269811,0.03845601568652578,0.35973878294249667,1
143.759811,grid_0211_y596_z534,473.726,594.363,533.613,96.34458680175037,0.734,-0.04997928229006705,0.0038854265565459157,0.3656730766927579,1,0.0033763685269165844,-0.0441329400183903,0.376245768960451,1,0.06416581807798195,-0.06470669773623523,0.36340112545021686,1,0.1132293142546416,-0.028986887476638495,0.3740245694740622,1,0.1077798570404919,0.03834890604946772,0.358581278870768,1
144.403168,grid_0212_y598_z534,474.069,596.201,533.371,98.18518298093664,0.632,-0.04755032390515411,0.004005428896855491,0.3623266526354204,1,0.004859521298699749,-0.04412783147282379,0.3713684125933586,1,0.06613115773533547,-0.06555852302470491,0.3649572763255967,1,0.11381908019544855,-0.028857166626461615,0.3723098535353849,1,0.10841103456210252,0.03860990774120069,0.36100400349441386,1
145.043716,grid_0213_y600_z534,473.953,598.247,533.346,100.15795196588236,0.629,-0.04552882282828033,0.004024418326812266,0.3632278078279796,1,0.0068437799224637195,-0.04500123374336819,0.37553484133854936,1,0.06884143495835113,-0.06709359431074335,0.3710716654126581,1,0.11451248986745832,-0.02886445526032496,0.3706111549515086,1,0.10922138860995068,0.03909575545024882,0.3625425565102214,1
145.688275,grid_0214_y602_z534,474.118,600.271,532.994,102.20542069283799,0.634,-0.043030565223994996,0.004151722083310182,0.359690138512446,1,0.008580655121841715,-0.0452108931486129,0.374690774072027,1,0.07010069727816412,-0.06745738354715691,0.3695858153088521,1,0.11340696365676176,-0.02822038214095573,0.3633182837779496,1,0.10957884810045801,0.03929342560174352,0.36331396121898485,1
146.445798,grid_0215_y604_z534,474.144,602.153,533.178,103.97227493423432,0.747,-0.04075778780763541,0.003945515657473783,0.35976410253377605,1,0.010438040193913672,-0.04582896475668993,0.3736545457101119,1,0.07143229530436454,-0.06747251924905869,0.3680021538925716,1,0.11581982939906113,-0.028728483928765248,0.36890163614225446,1,0.10915102176707434,0.03908544461337617,0.3611182598307699,1
147.082363,grid_0216_y606_z534,474.0,604.269,533.056,106.04411438170439,0.626,-0.039184595653554866,0.00391094981140149,0.36251846385956243,1,0.0120676050166307,-0.04609007371324296,0.3734900829142528,1,0.07284496777954955,-0.0676686755482522,0.36625242508548356,1,0.11880511431113279,-0.029069368775295496,0.37452709682674423,1,0.10901650981054889,0.03903208912059296,0.36040522829253446,1
147.73895,grid_0217_y608_z534,474.089,606.167,533.221,107.83951380176012,0.645,-0.03687440208893942,0.003840512319619984,0.3629234889189874,1,0.014088927224114681,-0.046708875420250644,0.3738377674342267,1,0.07513667556214877,-0.068596169070097,0.36885463653330236,1,0.12192882331411299,-0.029473842731490618,0.3802919535526696,1,0.11061323218963588,0.03937897953087456,0.3658884854766348,1
148.497922,grid_0218_y610_z534,474.135,608.164,533.37,109.73763103420815,0.747,-0.03436088738323563,0.0032834654431567064,0.35831053473196567,1,0.01589719331691528,-0.047909598561894993,0.37616811968292774,1,0.07684298621396296,-0.0693754934667443,0.36980837354327784,1,0.12169264602474324,-0.028994322219716356,0.37676487790050145,1,0.1098151807475598,0.039160415578090704,0.36314480320957404,1
149.141628,grid_0219_y612_z534,474.135,610.122,533.417,111.6250848868658,0.631,-0.032394402031090556,0.0029655763814740834,0.35960581257222407,1,0.017927086977723522,-0.048490426398467026,0.37671111380876693,1,0.07806557133929781,-0.06923473959940088,0.36645632790593485,1,0.1221408529694548,-0.02874036178748602,0.37453613231567784,1,0.10944641837602558,0.03900599706986409,0.3611140867741118,1
149.778976,grid_0220_y614_z534,474.053,612.174,533.485,113.59963568603555,0.626,-0.030497390926404754,0.0028834858497414216,0.3626352648361516,1,0.019748036050015693,-0.04900645908932888,0.377358901294608,1,0.0798948696599844,-0.06954941476318766,0.36690371866200533,1,0.12316989315272098,-0.028719628567168885,0.3744178054212237,1,0.10910986627477419,0.03889570762684598,0.3597746651756105,1
150.415788,grid_0221_y616_z534,474.22,614.152,533.151,115.60370292079757,0.626,-0.028035180348151455,0.00311211740874909,0.35869943059709775,1,0.02109650619516048,-0.048767678159726824,0.37287768245823455,1,0.08116811876817787,-0.0697455707711843,0.36624525284306103,1,0.12300881599787565,-0.028262734011696516,0.37016695234731356,1,0.10999896785681493,0.03901887936730538,0.3621901259716595,1
151.173094,grid_0222_y618_z534,474.026,616.263,533.332,117.61081628404767,0.746,-0.026406606775728547,0.0029771884461469297,0.37043585765610276,1,0.022811595880728064,-0.048406816112474715,0.36661698031774204,1,0.08371213516975436,-0.07064920040942921,0.36845599756743547,1,0.1253938784629644,-0.028320989526608043,0.37402839641690677,1,0.11261408315794555,0.04004726616813331,0.3702142762034645,1
151.814944,grid_0223_y620_z534,474.52,617.989,532.951,119.38822994751204,0.63,-0.02437566972022235,0.003108555257773569,0.36553726762726146,1,0.024412547250773513,-0.049206915519742475,0.3701579922815474,1,0.08488639826980957,-0.0706654863065445,0.36785008108559547,1,0.1256460725728446,-0.028273135290796624,0.37260683031241637,1,0.11312132564519936,0.040272644217454266,0.37181703773800556,1
152.464715,grid_0224_y622_z534,474.407,619.943,533.03,121.27035015204666,0.639,-0.022202225234360832,0.0034074545058869468,0.36543814319293777,1,0.02655838182336102,-0.05007560567282652,0.37405768430458797,1,0.08569210410321511,-0.07018292360743691,0.3639656365187899,1,0.12626306824456632,-0.02786935410812464,0.37143269574711335,1,0.11146658360893424,0.03956151372225234,0.3650741341093406,1
153.209363,grid_0225_y624_z534,474.317,621.974,533.419,123.16243547445795,0.734,-0.019676703777816905,0.002850549339639523,0.35965245650923705,1,0.028652152494788218,-0.05107837921099397,0.3765934054315268,1,0.08663314451917095,-0.07000294811896447,0.3604675242441432,1,0.12771930372695764,-0.027709768901675917,0.3717331996144861,1,0.1077618726474963,0.038127673237703254,0.3523118110500242,1
153.844696,grid_0226_y626_z534,474.37,624.054,533.219,125.23688512974122,0.625,-0.01767499332168203,0.002798589813722349,0.36212294940051104,1,0.03037667394343685,-0.05124566004785204,0.375479321973685,1,0.08886253124781993,-0.07077113013927815,0.3627334446777607,1,0.12930991415797316,-0.027652646194581458,0.37296976276172,1,0.10884443579278555,0.03843798521718832,0.35671566748345784,1
154.498542,grid_0227_y628_z534,474.324,626.025,533.564,127.0876847338089,0.644,-0.01536674768423849,0.002140178414354393,0.3603459325253723,1,0.03262809401429021,-0.05222963637533394,0.3778950062047325,1,0.0916467838570655,-0.07147888990145893,0.36526618874607475,1,0.12946071241026558,-0.027256465584212825,0.3702775352942226,1,0.11035233065047334,0.038881718400988044,0.361391591028599,1
155.139667,grid_0228_y630_z534,474.152,628.116,533.546,129.13271341530773,0.63,-0.013285135759961795,0.002102596774324214,0.36312147738780376,1,0.03456139779306391,-0.05255996744668338,0.37696940535360524,1,0.09296451679453789,-0.07151534052102142,0.36431795563461605,1,0.1321125602977028,-0.02706702830620014,0.37519557339974985,1,0.11065354871723551,0.03892958053452307,0.36183475642222185,1
155.887298,grid_0229_y632_z534,473.814,630.39,533.33,131.3963372929398,0.736,-0.010594390268276108,0.002476208757529821,0.3622642090191738,1,0.03641246655801364,-0.05261720357519776,0.3744352304610885,1,0.09512923869138164,-0.07189980374503904,0.36515501520677746,1,0.13289608727562316,-0.026804363792393815,0.37417187087463566,1,0.11089801306959288,0.039037671868854144,0.3609431396020165,1
156.534175,grid_0230_y634_z534,474.087,632.248,532.953,133.296398646025,0.637,-0.008740420702707146,0.002676933927811275,0.3617607448867362,1,0.03815837340064416,-0.05288459753802159,0.3771513836732924,1,0.0964014855635011,-0.07192115949672458,0.3647867156354784,1,0.1333158578220514,-0.02651218374218727,0.3727928707334934,1,0.11103738627384581,0.03910655051434313,0.36100843287065576,1
157.176205,grid_0231_y636_z534,474.113,634.121,532.899,135.14124799260958,0.632,-0.006629580762997397,0.002829139909499806,0.36273641903646797,1,0.03985868786915314,-0.053253346512112144,0.37782520867581043,1,0.09814905052354723,-0.07211807825864039,0.365114642983362,1,0.13253539389395053,-0.025796280117931086,0.36809788018404643,1,0.11128787670683524,0.039257077129789895,0.3624466761116155,1
157.933072,grid_0232_y638_z534,473.87,636.419,533.249,137.31875757521257,0.746,-0.004064967560261668,0.0025955684934893127,0.35717724135000084,1,0.042192972743156885,-0.0542599060513043,0.37897590370001766,1,0.10148691298128634,-0.07348577654902556,0.3705091938388984,1,0.13535333687845336,-0.025811070048629113,0.37220105164434303,1,0.11222511161671314,0.0395080517025746,0.3647497518107821,1
158.62465,grid_0233_y640_z534,474.235,638.166,533.221,139.04322415709447,0.679,-0.0020908299704781945,0.0024469384017632486,0.35879132016801074,1,0.044090334346547966,-0.05453337158914269,0.37868487342012114,1,0.10290076763180059,-0.07335703628816434,0.36893805047166317,1,0.13575537588688782,-0.025584147735053166,0.37098543501940706,1,0.11282077801742266,0.039624222059946514,0.3659859555596801,1
159.259397,grid_0234_y642_z534,473.965,640.35,533.214,141.1826423927531,0.623,6.416217031000593e-05,0.0022923811660201542,0.36476124737922444,1,0.04531106766042851,-0.053937640309510274,0.3721430659581436,1,0.10436682362958931,-0.07324115038404468,0.3674296511289181,1,0.13660342223469274,-0.025177893406819744,0.36973228870006364,1,0.11282077801742266,0.039624222059946514,0.3659859555596801,1
159.892355,grid_0235_y644_z534,473.93,642.232,533.469,142.9813801199303,0.622,0.002117074575947065,0.0020644364293429737,0.3660209399730019,1,0.04755633981332128,-0.054995342081855414,0.37591255077409247,1,0.10652610628995166,-0.073661114430669,0.36826348127387154,1,0.13799678253241784,-0.024906615258018305,0.3718585526863397,1,0.11268215520635053,0.039650491897425325,0.36455747088085927,1
160.629953,grid_0236_y646_z534,473.869,644.328,533.164,145.09628644799977,0.728,0.004569741052501183,0.002069041779202357,0.3583419551217215,1,0.04994508488941692,-0.05549845404777113,0.3778929039239322,1,0.10895179535539012,-0.07393062113054491,0.3698489152013089,1,0.14024038992325738,-0.024750648579735846,0.3742803162318203,1,0.11259950806844202,0.03970837690193531,0.3637705078475741,1
161.264778,grid_0237_y648_z534,474.082,646.135,533.147,146.87797921404012,0.625,0.0064241389652461706,0.0021839129317997815,0.36172925221898045,1,0.051113777128503735,-0.05515066462689346,0.37494981125293986,1,0.1096982045918379,-0.0735334063626087,0.3674363924837635,1,0.13879872628567066,-0.02393947926981894,0.36824255153024354,1,0.11193641041542077,0.039542894229903605,0.3618267359065904,1
161.903523,grid_0238_y650_z534,474.322,648.1,533.136,148.8152775288882,0.628,0.008394485872864456,0.0020769057818207106,0.3627747986744706,1,0.05295575379801498,-0.05561033310403357,0.37475677294468046,1,0.11102523968204125,-0.0732667895747043,0.3658768434543288,1,0.1393216125927717,-0.023552855663172105,0.3668199375096637,1,0.1111621500306906,0.03934757559878525,0.3595934962872301,1
162.662822,grid_0239_y652_z534,474.213,650.252,533.04,150.94685527363595,0.749,0.010959624489243099,0.002026036624041999,0.3626288063197812,1,0.05563028031093524,-0.05623034820864299,0.3775027079175885,1,0.11328747376917052,-0.07339197823096447,0.3663720936345819,1,0.14113571772738037,-0.023128695649402415,0.3686212350853245,1,0.11062443319034614,0.03913297631283087,0.3570461190783939,1
163.299831,grid_0240_y654_z534,474.299,652.199,533.227,152.83021280165775,0.626,0.013036484252232047,0.001977871911813392,0.36385489885489986,1,0.05646953476133247,-0.0556463460751768,0.37102247707452046,1,0.11528470247061946,-0.07365782855682038,0.3675458138630765,1,0.14426537507041293,-0.023272153165751118,0.37418837719499515,1,0.11180401665541635,0.03932798134301023,0.3604971570792782,1
163.935233,grid_0241_y656_z534,474.386,654.144,533.417,154.7129463910503,0.625,0.015236162590219846,0.0018438164815780655,0.36328801461683824,1,0.059089223476183575,-0.056751432200410644,0.3755869438931895,1,0.11734947755562182,-0.07352550503727531,0.36765327125541936,1,0.145597974712795,-0.022869073032305995,0.37538975848104944,1,0.11250955832826108,0.039494960624151906,0.36254377695829043,1
164.863382,grid_0242_y658_z534,474.386,656.172,533.158,156.75485087868896,0.919,0.017738093947854756,0.0017245827623293144,0.3623933245715962,1,0.06176604231172552,-0.057512594893904,0.37853736881675354,1,0.11976046565797109,-0.07370777945629411,0.3689156745129062,1,0.14610254690238875,-0.022341247946174418,0.37351624874177947,1,0.11389475879456126,0.04013320655093315,0.36668262959241255,1
165.504539,grid_0243_y660_z534,474.349,658.038,533.164,158.59113783878345,0.63,0.019601390952381496,0.0018457448734248959,0.36505826346440384,1,0.06258842157687823,-0.056807626456329016,0.37313856713339744,1,0.121667959326163,-0.07391845565950936,0.3699681617564411,1,0.14648191995835996,-0.021865916159795627,0.37252873926757457,1,0.11407134005929671,0.0402326879508089,0.3671349585954201,1
166.254484,grid_0244_y660_z536,474.405,658.229,533.945,158.6486962600072,0.74,0.02047399532823944,0.00131102281746703,0.36604336691503453,1,0.06422268337271565,-0.057983521301406424,0.3763066245125219,1,0.12171424049856508,-0.07339434995702016,0.36686273884069737,1,0.14645620219839478,-0.021602154728311736,0.3718070316800077,1,0.11407134005929671,0.0402326879508089,0.3671349585954201,1
166.897502,grid_0245_y658_z536,474.405,658.229,533.945,158.6486962600072,0.632,0.020452359949376976,0.001018996250543719,0.3669839345939453,1,0.06522603174935546,-0.05872589645563876,0.38011584844295926,1,0.12087554322312329,-0.07282512238586147,0.36363837496041196,1,0.14747630448023435,-0.021640056864858762,0.3740429713482939,1,0.11407134005929671,0.0402326879508089,0.3671349585954201,1
167.5415,grid_0246_y656_z536,473.74,657.488,533.841,157.92581860164609,0.631,0.019757234024368853,0.0010197318711091818,0.3647510367003156,1,0.06351778307758454,-0.05761066887861173,0.373866703434687,1,0.12214403172057993,-0.073823289151265,0.3691969539243195,1,0.14667672714146357,-0.021620291947129257,0.372039536896951,1,0.11407134005929671,0.0402326879508089,0.3671349585954201,1
168.340676,grid_0247_y654_z536,472.869,656.139,533.792,156.5958840774559,0.789,0.01840251268881015,0.0011354436846856138,0.36268822230504644,1,0.06248078798162711,-0.057427360243363444,0.37688319577685087,1,0.12012837553035735,-0.07347601769920017,0.36759612020288923,1,0.14526107641469985,-0.021616628048585225,0.37095033080513423,1,0.11407134005929671,0.0402326879508089,0.3671349585954201,1
168.98321,grid_0248_y652_z536,472.232,654.564,533.891,155.0237652264968,0.63,0.0169389934356539,0.0011792117470688355,0.3646538364873554,1,0.061177016849338114,-0.05752550320122167,0.37946998609248006,1,0.11899676621499186,-0.07338772087975379,0.3686928539721704,1,0.14697317595295303,-0.022478914548042045,0.3774431603404191,1,0.11345330563272256,0.03988450305124379,0.3655518070848937,1
169.623491,grid_0249_y650_z536,472.298,652.608,533.729,153.12491326038358,0.631,0.014950214188025049,0.0011907550099471058,0.36604007915794307,1,0.05844462898335123,-0.05652013842930518,0.374232509636761,1,0.11708204456526514,-0.07329159049782101,0.36838852634008734,1,0.14536943253786305,-0.022930277910876127,0.3751533523819975,1,0.11227369145653414,0.03935198160818415,0.3617263450270342,1
170.264673,grid_0250_y648_z536,472.244,650.552,534.088,151.03764185791573,0.629,0.012868973208098041,0.0010086878751923312,0.3650363538362583,1,0.05673193674009147,-0.05645430284923699,0.37447436152894154,1,0.11551433111116409,-0.07347769751378459,0.3689408508152988,1,0.1437832173100778,-0.023186525051679424,0.37367652246250976,1,0.11141216310515463,0.039229189192502775,0.35920394865187244,1
171.074782,grid_0251_y646_z536,472.12,648.622,534.648,149.0395925584876,0.798,0.010208898692616264,0.00033871275830399985,0.36838859499530274,1,0.05575039656524652,-0.057768422560241874,0.38220411419465433,1,0.113986728998685,-0.07385352570901785,0.3699700522043567,1,0.14123474403572417,-0.02352533642715888,0.3700347179819182,1,0.11089006130726653,0.039293285324800885,0.3585593782852028,1
171.717248,grid_0252_y644_z536,472.029,646.635,534.406,147.12479143230757,0.631,0.008585369449199022,0.0006230008816214804,0.369186972782633,1,0.05353930301857498,-0.05654354530946528,0.3774017673496344,1,0.11250018493225436,-0.07392231187606652,0.36965022903750067,1,0.14055065631600633,-0.023724149370571997,0.3699312778575016,1,0.11066773584384873,0.0392336134066276,0.3579804429284495,1
172.361851,grid_0253_y642_z536,471.991,644.619,534.383,145.14469547661744,0.634,0.006399247421374893,0.000816649004955619,0.36382233677271536,1,0.051734005995259714,-0.05649308740916831,0.3785002450697399,1,0.11066344578361331,-0.07393016027997495,0.36984423672907546,1,0.13991738756890854,-0.024059235318435707,0.3704570834568758,1,0.11210121514436804,0.039580881627289496,0.36236442035951727,1
173.12318,grid_0254_y640_z536,472.19,642.559,534.061,143.17729872434387,0.751,0.0037028911383779977,0.0011261358818335195,0.36485970431005155,1,0.04957107286138926,-0.05587773981980217,0.3792989862670786,1,0.10785559676830334,-0.07337885463879654,0.3679224904214302,1,0.13943519285153883,-0.024637708038989993,0.3728445715613983,1,0.11297500253403317,0.03982076855583291,0.365201804326319,1
173.763045,grid_0255_y638_z536,472.09,640.764,533.975,141.428760246988,0.628,0.0020091245362764236,0.0013575348233940212,0.36526855838053524,1,0.048132541592457195,-0.055784986113989445,0.3807560861257642,1,0.10628529732290418,-0.07310698750093994,0.36782292715712983,1,0.1373376271744911,-0.02466003030552284,0.36942910261290834,1,0.112709140121742,0.03960310661197761,0.365018368343203,1
174.421998,grid_0256_y636_z536,472.049,638.802,534.088,139.48013232356791,0.649,-0.00033594655879016426,0.0013040226174119442,0.3658345218763637,1,0.04586729690173631,-0.055104432546999725,0.3781030508587865,1,0.10431503901570187,-0.07309532601790314,0.3673757838753192,1,0.13509021162756502,-0.024894475964497464,0.366123588067668,1,0.11274733258904204,0.03959107179245206,0.3656649459787393,1
175.171643,grid_0257_y634_z536,472.041,636.873,534.151,137.57394042841116,0.739,-0.0023059125323721887,0.0011583007172761121,0.36539098552601507,1,0.04413556649708657,-0.05467007509020305,0.37796210100556704,1,0.10167342494371112,-0.07236355610477745,0.3644922534027998,1,0.13549699835368886,-0.025526477171542765,0.36980721136336014,1,0.11282077801742266,0.039624222059946514,0.3659859555596801,1
175.813041,grid_0258_y632_z536,472.072,634.777,534.43,135.46323094847554,0.631,-0.004481977414839462,0.0011479418652200059,0.3657543539090995,1,0.042341036322272776,-0.05450336165010078,0.378326004782751,1,0.10052713174519254,-0.07258480902385421,0.3664751596702799,1,0.1343922903924613,-0.02567910996979821,0.36963179038552896,1,0.11148630782572395,0.03930586613637597,0.3626916947813356,1
176.450109,grid_0259_y630_z536,472.07,632.64,534.392,133.37350628216984,0.627,-0.006851227734400176,0.0010161154905265093,0.36990708901873065,1,0.04080040541736203,-0.05490083035806055,0.3817862922317137,1,0.09960839903343784,-0.07290742181244166,0.36865089279377,1,0.13278597906070327,-0.025723624750987745,0.36786067671403466,1,0.11116541382457852,0.03922383562946197,0.36190165356366794,1
177.092767,grid_0260_y628_z536,471.944,630.623,534.443,131.38519813890764,0.631,-0.008937134435474125,0.001060195463399443,0.3656734923841406,1,0.03897404124648775,-0.054617672752682124,0.3831168128457231,1,0.09741328084470056,-0.07251873086675407,0.367973077578284,1,0.13432549919111716,-0.02665706962266388,0.37534635558971463,1,0.11103738627384581,0.03910655051434313,0.36100843287065576,1
177.848382,grid_0261_y626_z536,471.776,628.698,534.777,129.43200259982072,0.744,-0.011299254037379278,0.0008491175355031265,0.3652577963728155,1,0.03628872860543399,-0.05342173882827469,0.37648724010174217,1,0.09576829238796838,-0.07253385682197248,0.368635277050297,1,0.1326503325323936,-0.02678299409477075,0.37448695628029904,1,0.1107513394398549,0.03916702119307446,0.36114682213659743,1
178.490148,grid_0262_y624_z536,471.899,626.649,534.594,127.46064149375682,0.632,-0.013170256866528804,0.0009451861877391507,0.3637605388365718,1,0.03463769651076927,-0.05323895391530433,0.37700145161052745,1,0.0943540857122459,-0.07242479383901228,0.3692175879055205,1,0.13271948462152972,-0.027322625407767403,0.37713597021470424,1,0.11026859284915111,0.038909709767036664,0.3605254531306098,1
179.138413,grid_0263_y622_z536,471.971,624.732,534.338,125.63628539956123,0.636,-0.015553775441657347,0.0012658989730768913,0.36578279309593675,1,0.032801181678878535,-0.05274927741494384,0.378035793801624,1,0.09189457746715282,-0.07168773991416225,0.3666132208723159,1,0.13146837442796822,-0.027462787950609552,0.37709945483219365,1,0.10994993946798137,0.03877879778304906,0.36062593109892227,1
179.891582,grid_0264_y620_z536,472.162,622.731,534.423,123.66176373479398,0.742,-0.017626363820419596,0.0014422045567154254,0.3659367362512268,1,0.030807604252932497,-0.052269164640834295,0.377805700490817,1,0.0897753043953585,-0.07118333791592885,0.36517075922807085,1,0.129946501071098,-0.02755077802755615,0.3748694940540312,1,0.10933844006098763,0.03851356282572259,0.3584315011924305,1
180.532608,grid_0265_y618_z536,472.139,620.793,534.45,121.76149405292301,0.63,-0.01962076631548554,0.001624506218267133,0.3654342380917005,1,0.028902454917723606,-0.051446128193373096,0.3751575787923821,1,0.08827853626827059,-0.07114586316716812,0.3660648543090843,1,0.13002389056662716,-0.02822714574385758,0.37799961091907675,1,0.10940575782051307,0.038518909583754035,0.3577372089698822,1
181.164988,grid_0266_y616_z536,472.322,618.709,534.216,119.77717276259277,0.622,-0.021606441627313223,0.001756003231995381,0.3619399563218938,1,0.027023391466302032,-0.051417495327916916,0.37817527288885533,1,0.08686075075712016,-0.07098037194994376,0.36758595670574856,1,0.127832664250377,-0.02821811376790311,0.37507527041710026,1,0.1113612927305248,0.039421537664828775,0.3648662808665309,1
181.804461,grid_0267_y614_z536,472.108,616.804,534.199,117.92153588297602,0.628,-0.02418677821574395,0.0019381488534893129,0.3676993928660631,1,0.02520719368428634,-0.05066988641739197,0.37725070706981045,1,0.08487543593658024,-0.07034323927816069,0.3666180800985751,1,0.12477659798252014,-0.028003953797543297,0.36883958888669227,1,0.11228618067690044,0.03994154061505676,0.3686690241697888,1
182.555694,grid_0268_y612_z536,472.239,614.573,534.292,115.72639485441513,0.74,-0.026532758163724884,0.001799051294979032,0.36534188136881274,1,0.023019769814782973,-0.05019959498693586,0.37686309948144925,1,0.08365640490090338,-0.07072566155738409,0.36907557172962163,1,0.12631504547380165,-0.028714143969442423,0.37733498813832567,1,0.1129547899865789,0.040184356098642945,0.3712597894885218,1
183.205921,grid_0269_y610_z536,472.135,612.652,534.539,113.79879233102616,0.64,-0.028596625376424482,0.0018817031687671255,0.3656138892856056,1,0.021341999454887645,-0.05008551858966448,0.3789443810950768,1,0.08154010101874107,-0.07009257707982228,0.3675246715243,1,0.12534915063394553,-0.028636282506419485,0.37753974632270537,1,0.11058790354658707,0.03935858664417219,0.3641523904397916,1
183.848126,grid_0270_y608_z536,472.144,610.488,534.76,111.64127603176175,0.632,-0.030344307331001734,0.001667064906097936,0.3612483030547814,1,0.01948797186729974,-0.04951455143093374,0.3775526675915348,1,0.07997991935216804,-0.06978368209624072,0.3675320810108954,1,0.12433135331454463,-0.028766491933275518,0.3776313623045419,1,0.10974053273867976,0.038981445284204906,0.361495976170498,1
184.69333,grid_0271_y606_z536,472.237,608.412,535.057,109.55288173297869,0.733,-0.032896016024223276,0.0013235940821842932,0.3608757477997494,1,0.01745742594341637,-0.04930053202591507,0.37684044310622367,1,0.07808821913946032,-0.06936583737870426,0.36729479703332063,1,0.12218331290993123,-0.028851899484940612,0.3753528038206694,1,0.10885532412238877,0.03896028126211769,0.35985986899784483,1
185.341874,grid_0272_y604_z536,472.233,606.609,534.815,107.85601741673949,0.637,-0.035465178653635056,0.0015459063464917746,0.3677628424048061,1,0.016006766917022505,-0.04872274894790303,0.3762414128045391,1,0.07567340101600814,-0.06809723866544544,0.362946666674718,1,0.1228172936615487,-0.029417569132465415,0.3799069858486014,1,0.10954084724498606,0.03907267104626995,0.3631186797985063,1
185.976512,grid_0273_y602_z536,472.469,604.429,534.811,105.74119638532561,0.624,-0.037493386062941614,0.0016029103026941392,0.3665709322612959,1,0.014282548069721757,-0.04849585634134131,0.37803999424204693,1,0.07470068708837593,-0.06840615494515659,0.3661023555354534,1,0.12181784983574043,-0.029454078540759505,0.37994687947564876,1,0.11098902412692815,0.03950072338512171,0.36759693877253796,1
186.72051,grid_0274_y600_z536,472.399,602.518,534.472,103.97072617328405,0.733,-0.03933511097595099,0.002058906325558219,0.3623844574383762,1,0.012098860455249386,-0.04768049024741121,0.37772205376500606,1,0.07417983868201838,-0.06898228731018484,0.3718475675017772,1,0.11937843595237214,-0.029261820392627553,0.3767201499530385,1,0.10932772600862058,0.03910029442950019,0.36161546007740036,1
187.375466,grid_0275_y598_z536,472.365,600.569,534.344,102.11615828065604,0.645,-0.04177290826662524,0.0024330721965900937,0.3656347236503479,1,0.010495572813398479,-0.04670810245834508,0.3764971215000569,1,0.07118845464917611,-0.06722936527945811,0.3662304732853949,1,0.11589767296162705,-0.028810679491270204,0.3690794750955055,1,0.10938330518255253,0.03919034193802076,0.36232551465233176,1
188.016419,grid_0276_y596_z536,472.377,598.542,534.227,100.18743941233357,0.628,-0.04410068187626394,0.0024865200800397785,0.3665464998274398,1,0.008643086506418337,-0.04661848269326576,0.3803890139770071,1,0.06874309335476851,-0.06613398843003096,0.36362955027707516,1,0.11473433506209096,-0.02881840216925203,0.36855795253894874,1,0.10977535446467099,0.03928010344853628,0.36449264316202906,1
188.772752,grid_0277_y594_z536,472.569,596.409,534.24,98.12736966820218,0.747,-0.04594117949434329,0.002550108230574894,0.3640507116903561,1,0.006629400256158389,-0.04536662157722764,0.37500145201801893,1,0.0675804334944024,-0.06609838145106192,0.3657319359488872,1,0.11387798924536927,-0.028823732016493013,0.3692653669735492,1,0.10987277208103971,0.03930793488911815,0.36506442725825533,1
189.414379,grid_0278_y592_z536,472.232,594.564,534.635,96.24162314196494,0.629,-0.04764467996349006,0.00252957393215405,0.3625658816537294,1,0.00492796700399943,-0.04505686704934862,0.3756485972462425,1,0.0668821261726439,-0.0666404764095736,0.37025692533716364,1,0.11347136619106613,-0.028812775037361037,0.371296419464935,1,0.10724824258837833,0.0383913712947402,0.3571112190800164,1
190.06707,grid_0279_y590_z536,472.437,592.515,534.778,94.23074923823965,0.641,-0.050410726532446846,0.0025158201904132557,0.36523795823356897,1,0.0032058757458137696,-0.04442344425295025,0.37332591633694767,1,0.06435072494692794,-0.0652945805963597,0.36604516155792993,1,0.11252340184171306,-0.028996245832290286,0.37206267971956064,1,0.10718055053795343,0.038240364176519624,0.356828263305474,1
190.707298,grid_0280_y588_z536,472.269,590.42,535.225,92.09205624808253,0.628,-0.05283718152513097,0.0021937919819299337,0.36769437528446586,1,0.001640362748201633,-0.044044653319493594,0.372106792142822,1,0.06272644108545024,-0.06466704577717783,0.36489505639035186,1,0.11211057344556088,-0.029197132948273752,0.374262496095469,1,0.10763359609662752,0.03834399525543329,0.358167789883816,1
191.501188,grid_0281_y586_z536,472.268,588.521,535.248,90.25982673925313,0.783,-0.05473788951475082,0.002210977475575059,0.3631945889131533,1,-0.0005593661556968093,-0.04390947192709094,0.3750368240108926,1,0.06128026260098548,-0.06448957645737652,0.3674212750486115,1,0.11073228786049023,-0.029280967811614704,0.37330744132979,1,0.10783609093405488,0.03849506109876858,0.3596145022952414,1
192.135792,grid_0282_y584_z536,472.127,586.689,535.105,88.54107320899153,0.624,-0.05664196076551438,0.0022386786170239792,0.364122594061918,1,-0.0019762050835945713,-0.04337962947643655,0.3766647679174102,1,0.05905345048591422,-0.06308796885557545,0.36160382485435755,1,0.10825524986140167,-0.028610344942833092,0.36870135860470504,1,0.10893769425250874,0.038930987469810316,0.3638965291540912,1
192.773586,grid_0283_y582_z536,472.4,584.502,535.032,86.46946192731856,0.627,-0.05916912271105216,0.0023494951509331094,0.36716347611895517,1,-0.0038741369151042266,-0.04239103478235946,0.3746611977087286,1,0.05777892040331659,-0.06244178144575339,0.36315246982929084,1,0.10602359870769902,-0.028290781800279347,0.36549768236578367,1,0.10940016734911148,0.039110619445812234,0.365662792454959,1
193.53616,grid_0284_y580_z536,472.347,582.685,534.794,84.80422783092833,0.752,-0.06106714457301018,0.002691414297608965,0.3653709780156616,1,-0.005781268381980323,-0.041388018921522905,0.3719706324051006,1,0.05675598071222351,-0.06279204593792584,0.36969079450815034,1,0.10530864949843437,-0.028442249671315274,0.36687725129869975,1,0.10940016734911148,0.039110619445812234,0.365662792454959,1
194.175399,grid_0285_y578_z536,472.195,580.783,534.672,83.02882353737168,0.628,-0.06307377701426464,0.0029780699122506213,0.3671382189531529,1,-0.007249211400748724,-0.04100607256986212,0.37292585326502703,1,0.05547832641533532,-0.06238582132639657,0.36964409594667397,1,0.1048006011191607,-0.028467210339625532,0.36895544730306173,1,0.10955504290044046,0.039209518348635536,0.36664068498804403,1
194.829253,grid_0286_y576_z536,472.394,578.763,534.536,81.15407456807091,0.642,-0.06538742364339298,0.003343082664321941,0.36615984448973454,1,-0.009273613160376311,-0.04037330439492615,0.3745878881895748,1,0.0537810263389506,-0.06167848809403326,0.3702336217052457,1,0.10381830693168811,-0.028436062098581134,0.37045390525410465,1,0.1076377225110398,0.038728131263665304,0.3605825079069996,1
195.586224,grid_0287_y574_z536,472.468,576.725,534.603,79.20293207956388,0.747,-0.0665329892148429,0.003480125327810157,0.36212033433021473,1,-0.010808582817457887,-0.03969537905943005,0.37412562105128583,1,0.05178995829096411,-0.06042462103666144,0.3679991982225584,1,0.10152254310003939,-0.027890974510457762,0.3654858128284171,1,0.10533725385268859,0.03782354602800707,0.3529731178663694,1
196.221205,grid_0288_y572_z536,472.491,574.788,534.683,77.34689816663631,0.625,-0.06957600005516057,0.0033620495860451965,0.3658733352828913,1,-0.012883410392919178,-0.03942782101786678,0.3774242918843919,1,0.04943528153784368,-0.058952538739452255,0.36265881836063735,1,0.10064817394961043,-0.027922570261657276,0.3667729737393482,1,0.10620229834853405,0.038341193053482325,0.3572843889025476,1
196.865904,grid_0289_y570_z536,472.23,572.873,535.154,75.38222657231618,0.635,-0.07143321411201224,0.003021975022876597,0.364892485160546,1,-0.014321318889375417,-0.03855646496741594,0.3737810833814822,1,0.04855693297348462,-0.05912251750280695,0.36646752274025196,1,0.10065637627944965,-0.028154297207059448,0.37036788156261846,1,0.10661480359196529,0.038564063312890376,0.3590250854329254,1
197.508349,grid_0290_y568_z536,472.303,570.756,535.256,73.35538192252838,0.63,-0.0736255937102452,0.002896713340817232,0.36538687699269107,1,-0.016131016980078287,-0.037783143917851855,0.37158948327295305,1,0.04722848448709042,-0.0587470722914825,0.36923193107191626,1,0.10032456470397015,-0.028233535975427177,0.3732234025958313,1,0.10750090293761494,0.0387763778943913,0.36183244755316585,1
198.259701,grid_0291_y566_z536,472.467,568.481,535.308,71.20433533149512,0.741,-0.07712909861694849,0.0030014507686891454,0.36915234234384914,1,-0.018153301556176567,-0.03668658955534376,0.36935061630558097,1,0.04472176368217484,-0.057133619199877785,0.3642976709291828,1,0.09892142862557651,-0.028109983086189748,0.3736163050321099,1,0.10866497467517895,0.03914382041491478,0.36744515836486763,1
198.894355,grid_0292_y564_z536,472.446,566.613,535.35,69.44290168908562,0.623,-0.07920819531652362,0.00327477537592081,0.36971296715805557,1,-0.01975227474953609,-0.036529768728554145,0.3740675000020175,1,0.043132310141824906,-0.05597037835676032,0.3623691688693585,1,0.09687917635094748,-0.027503999490017694,0.36908439295920914,1,0.1076526683743186,0.038840098958656234,0.3643161837201134,1
199.531804,grid_0293_y562_z536,472.577,564.542,535.363,67.51083379725068,0.628,-0.08041749922471576,0.003356834378565852,0.3652412107829147,1,-0.02157919255423117,-0.03572512109648801,0.3734008765517334,1,0.04172657089053318,-0.0554149855739142,0.36528447666445857,1,0.0969632702740437,-0.027596155465907955,0.3746187658948056,1,0.10716377714136782,0.03880889104808891,0.3628965439048686,1
200.274818,grid_0294_y560_z536,472.661,562.428,535.102,65.65168875969609,0.733,-0.08296688056263582,0.0036120535178319397,0.36700929297899043,1,-0.023307803848092824,-0.034582052171237714,0.36968720624827156,1,0.04057380460941897,-0.05535615650732686,0.36953925653897535,1,0.09401863302840732,-0.02686340485513796,0.3678524657216109,1,0.10898388734460876,0.03963199764816863,0.3692474875759976,1
200.918064,grid_0295_y558_z536,472.667,560.594,535.065,63.97667106062965,0.632,-0.08555923047148896,0.0038082088649043786,0.3680868071934341,1,-0.02540869901211536,-0.03363507463082298,0.3696756449842788,1,0.038632479496351124,-0.054063726938874526,0.3674166757749638,1,0.09350766239760694,-0.026630812291367212,0.3708211857364956,1,0.10929173827036029,0.0396866927281999,0.37082866927949265,1
201.554185,grid_0296_y556_z536,472.536,558.747,535.043,62.290834590652246,0.625,-0.08779823840003056,0.003897744879601975,0.37023626890638467,1,-0.027071566480211647,-0.032927928952355946,0.37160306638853263,1,0.037300178833285534,-0.05354166989223543,0.3699267970619705,1,0.09317110361582501,-0.02657735830764667,0.3736577007139873,1,0.10697859854324698,0.038669018448004765,0.363519375292879,1
202.189931,grid_0297_y554_z536,472.796,556.715,535.106,60.416470229565775,0.624,-0.08976120656787155,0.0040764956173673745,0.3688445871038498,1,-0.028371826308811902,-0.03185935096907817,0.36865039035684116,1,0.03532235489853623,-0.052069234774883545,0.3660628211010336,1,0.09145051466124221,-0.02609658753579126,0.371365965254998,1,0.1058800344437173,0.03821467756095227,0.35999215748253927,1
202.933495,grid_0298_y552_z536,472.742,554.73,534.983,58.67021660945192,0.732,-0.09204768417247913,0.004181420710212566,0.3691132091507268,1,-0.030281930647783555,-0.030992956721498814,0.36868782163072067,1,0.03351167987371053,-0.05067172499302945,0.365479204567577,1,0.08909798401341071,-0.025463660875616002,0.36886226058145255,1,0.10627611212147774,0.03864156438191137,0.3624187000539493,1
203.580828,grid_0299_y550_z536,472.817,552.541,535.274,56.57550146485676,0.637,-0.09479466723452115,0.004298165113458526,0.3705659148564732,1,-0.03251085860144511,-0.030576518758388117,0.37132410730539045,1,0.03172614850553643,-0.04954158616119126,0.3646566711731355,1,0.08820861414033976,-0.025296505650370893,0.3692710221576707,1,0.10602909761512805,0.038734494253669094,0.36220419547240823,1
204.219526,grid_0300_y548_z536,472.463,550.776,535.18,55.03540911994751,0.626,-0.09640957554820051,0.00426357846597539,0.3694731843082314,1,-0.03437472132934914,-0.030110221433304617,0.3747604916850408,1,0.030500437529959613,-0.048960806974877105,0.36732942947970254,1,0.08753057622226389,-0.025035726528425985,0.37158583553834207,1,0.10590377232678864,0.038736339430320545,0.36192194277426426,1
204.959767,grid_0301_y546_z536,472.586,548.478,535.439,52.88053363006089,0.73,-0.09877296015509103,0.0043457654594847754,0.3702545771677498,1,-0.03625077503785308,-0.02932087028950724,0.37586731405878393,1,0.0290528241220425,-0.04817322106179012,0.36839614129994736,1,0.08621469228113277,-0.024426237185923873,0.3713017528508337,1,0.10592297275161541,0.03874617854939416,0.36200970212445455,1
205.594476,grid_0302_y544_z536,472.397,546.578,535.345,51.25433441183291,0.623,-0.10111992265634731,0.004496763978236232,0.37058409433157485,1,-0.03815384262206256,-0.02830628457783459,0.3755809892014656,1,0.027358401675138,-0.04717928416550197,0.3696911156944833,1,0.08540145251047487,-0.024291366218585797,0.37353660143359946,1,0.1073522260244815,0.039152317222027985,0.36761038231239856,1
206.242944,grid_0303_y542_z536,472.539,544.502,535.194,49.529455367488154,0.637,-0.10374856656606375,0.004803933547003307,0.3718382093584615,1,-0.03968277961973354,-0.026931212640056074,0.37119698493182723,1,0.025217665562959752,-0.04494414592514006,0.3649819842704353,1,0.08399766213741276,-0.023581393309834015,0.3731826075174292,1,0.10703292515378167,0.03944629923987973,0.3677998088938284,1
206.876327,grid_0304_y540_z536,472.533,542.547,535.132,47.88679874453927,0.623,-0.10596506718735033,0.005096906183078826,0.3718155955573132,1,-0.04122871156969784,-0.025874616388875338,0.3696462806952954,1,0.023352040237455508,-0.043442265869394446,0.3615054037374995,1,0.08369207144024897,-0.023431240240922836,0.3781827713422531,1,0.10560581473547692,0.03898327419479837,0.362811669893401,1
207.614143,grid_0305_y538_z536,472.629,540.494,535.203,46.115709514220924,0.727,-0.108707082606323,0.005313543490707057,0.37342250941007593,1,-0.042987932751781734,-0.024680516687225172,0.3676811575439265,1,0.021945236378844102,-0.04280523651609357,0.3651511602673078,1,0.0802309206816099,-0.022394413315419356,0.3680435207675439,1,0.10505294210671487,0.03899710243466749,0.3621979262710342,1
208.254678,grid_0306_y536_z536,472.57,538.615,535.152,44.57864155624306,0.629,-0.11022659356165672,0.005511426184890862,0.3718928914750409,1,-0.045004712542763725,-0.023855254973066904,0.36983636913191525,1,0.020517818584542134,-0.04172952432679598,0.36845691399368385,1,0.0794530368983111,-0.0219384496618724,0.3708242898817661,1,0.10411736395344928,0.038720214312817414,0.3597289553464316,1
208.89095,grid_0307_y534_z536,472.718,536.585,534.996,43.01217431146682,0.625,-0.11229765443325176,0.005772599107939845,0.3713156759741818,1,-0.046869391826069556,-0.022866235369149036,0.3717939827305675,1,0.01869529158024258,-0.040173204310778844,0.36603550310456656,1,0.07895211260817787,-0.021451538695760518,0.37499062540538414,1,0.10518891041267939,0.039138084018526045,0.363666245176128,1
209.542636,grid_0308_y532_z536,472.704,534.646,534.888,41.525576191065646,0.642,-0.11463845732986082,0.005945569506108323,0.3712887197925415,1,-0.048282569229102235,-0.02149298759369588,0.3673325302441613,1,0.0167392294364665,-0.038120934348929165,0.3600286271577521,1,0.07645063255777249,-0.02061624059230035,0.3707799663160636,1,0.10577958383962446,0.03922530860533463,0.3660398338845659,1
210.288249,grid_0309_y530_z536,472.713,532.693,534.748,40.088076905733445,0.735,-0.11628399285468231,0.00622524926900569,0.36987611505359164,1,-0.050184525666801275,-0.020524399505493382,0.36842836004876994,1,0.015123527210935277,-0.0366105907232462,0.3613106583057841,1,0.07594258700722575,-0.02028197412622585,0.3743974847504761,1,0.10506895248584529,0.03920236103892148,0.36454543251274785,1
210.929369,grid_0310_y528_z536,472.719,530.665,534.888,38.45467526842475,0.63,-0.11825242477488265,0.006254734241342139,0.3701707668885062,1,-0.052303221525622036,-0.01972711191171208,0.37133795232022115,1,0.01374798364689779,-0.035689354612507086,0.3659663855329555,1,0.0730691453257343,-0.01937544119111842,0.3663221348543675,1,0.10662484680860392,0.0398884069295027,0.3708856725280178,1
211.576185,grid_0311_y526_z536,472.43,528.895,535.17,36.94616801510006,0.636,-0.12254729674701066,0.006349659086113639,0.37670813492607624,1,-0.054112808319547644,-0.018632147159224594,0.37074476729431544,1,0.012013569439248915,-0.0342939456473638,0.3642915697806368,1,0.072522736184666,-0.018761662034387654,0.37129436344638994,1,0.1052768638845524,0.039425006423187504,0.36710786518597527,1
212.317852,grid_0312_y524_z536,472.661,526.664,535.208,35.32091908487098,0.731,-0.12484836521741985,0.006365667482269114,0.37699012436331036,1,-0.05521966624840602,-0.01744006705001868,0.3675153669464434,1,0.010579326186528643,-0.03280489588779453,0.3626606715737527,1,0.07064200620478206,-0.017753561478925085,0.36699172197859986,1,0.10356437393042801,0.038907794100117014,0.3611868784978789,1
212.957534,grid_0313_y522_z536,472.471,524.822,535.248,34.01572502534673,0.629,-0.1270837024224297,0.006562882609857839,0.3775045113831094,1,-0.05730661109290423,-0.016599848210749057,0.36972689907145045,1,0.008780462101231245,-0.03130280609746464,0.3640234007453959,1,0.0695469128033868,-0.01719757197671943,0.36858819144044713,1,0.10420617702492645,0.0391659262065268,0.3642562869559801,1
213.606007,grid_0314_y520_z536,472.516,522.746,535.536,32.42740196192109,0.638,-0.12944977148925715,0.0064784189270519765,0.3772120841422041,1,-0.059973792897235624,-0.015674610974545054,0.37316094642895425,1,0.00688618912709261,-0.02957926526697937,0.36326949362121097,1,0.06792396712731649,-0.016231100625602866,0.368476608005399,1,0.10355339252811277,0.03895340862027987,0.3627686124566858,1
214.241474,grid_0315_y518_z536,472.463,520.87,535.506,31.271247960386923,0.625,-0.13086955229053393,0.006599617153033417,0.3752185572743268,1,-0.061569836193861374,-0.014598402733859544,0.37199962276072374,1,0.005396947021288044,-0.027909049120517605,0.36016424848546197,1,0.06646495542874542,-0.015451911937536953,0.36775208049909336,1,0.10275674989321089,0.03895355447088518,0.3613668354830044,1
214.990952,grid_0316_y516_z536,472.574,518.88,535.576,30.044474267325775,0.737,-0.13337006620022127,0.006870089942955002,0.3760899519489881,1,-0.06312157645037128,-0.0133483452569246,0.37022628209352915,1,0.0038233987741712406,-0.026410348886818084,0.36510237038050136,1,0.06540897463758313,-0.01426228952296187,0.3694223455065824,1,0.10382821257100276,0.03962100327132856,0.36604636639801763,1
215.6451,grid_0317_y514_z536,472.513,516.968,535.536,29.03293765708188,0.644,-0.13573357032679523,0.007001947260217825,0.3769742560546366,1,-0.06511689095032225,-0.012005438384868823,0.3718441959519697,1,0.0021343615880188706,-0.02478679918516858,0.36464575110984654,1,0.06356274487693798,-0.013346850710570412,0.36783472122252764,1,0.10471714022124907,0.04005173416644604,0.36980278519851284,1
216.340136,grid_0318_y512_z536,472.586,514.929,535.506,28.05048268746907,0.686,-0.13908078143568425,0.007351830627734111,0.37984028332962955,1,-0.06694509375705185,-0.010505012347611873,0.3698235977280423,1,0.0002775528494845301,-0.0224300902271843,0.36198602404557284,1,0.06321280977967976,-0.012364009023191926,0.3759502880928268,1,0.10314104701934775,0.039920337650757566,0.3652783512569619,1
217.075193,grid_0319_y510_z536,472.76,512.672,535.421,27.15162221672951,0.725,-0.14028957135977016,0.007670482322341547,0.3763522188583828,1,-0.06913902731409842,-0.009145597544298303,0.369912662870577,1,-0.001639587393679824,-0.020402943669815116,0.36438166469279076,1,0.05978212931425354,-0.010689724583673035,0.36550675287443374,1,0.10324165970525179,0.03989901683260607,0.3666670874785873,1
217.71832,grid_0320_y508_z536,472.754,510.717,535.186,26.650839892956455,0.631,-0.14264100709015265,0.007894879104406763,0.3764532791574881,1,-0.07120899834783749,-0.007567626866777107,0.3706515975268726,1,-0.003436003220571385,-0.018393643385865736,0.36413806557794387,1,0.05800513978784687,-0.009530142989798242,0.3643380749848685,1,0.10153698448783229,0.039505954286286886,0.3612250194792611,1
218.370533,grid_0321_y506_z536,472.835,508.702,534.955,26.27207802972576,0.641,-0.14535607071068854,0.00853058526775575,0.37787347838892,1,-0.07273571048500076,-0.0059422407840555485,0.3686088359389163,1,-0.005421444745164446,-0.016399088340196762,0.3665100409868939,1,0.056087352227508734,-0.008154047530389032,0.3632827344762347,1,0.10342202314454059,0.04049165201443582,0.3693668994482912,1
219.007569,grid_0322_y504_z536,472.669,506.829,534.798,25.991195701621752,0.625,-0.14639898523975273,0.008817591018896941,0.3752569342966842,1,-0.07469938119177066,-0.004318587250572898,0.3689232689993874,1,-0.007040197861099116,-0.01406629532892863,0.36475094040358924,1,0.05475376609333057,-0.006560912479990595,0.3644760713873746,1,0.10299191566018362,0.04052994133952787,0.3684066743009944,1
219.747124,grid_0323_y502_z536,472.801,504.61,534.785,25.672602906600698,0.728,-0.1490463356234442,0.009144679144141145,0.3757286446070676,1,-0.07698245457987991,-0.0026965870168636687,0.3683868170298742,1,-0.009254241758748286,-0.011673038341065343,0.3659063208559505,1,0.05265821691851086,-0.004901053737801515,0.3635766266710053,1,0.10225561683007826,0.04059341672393731,0.3670904748088046,1
220.386767,grid_0324_y500_z536,472.786,502.627,534.908,25.40862410678705,0.629,-0.15103122666134083,0.009287003774427666,0.3754351223877699,1,-0.07925094521692364,-0.0015416617371083706,0.3700472577170016,1,-0.010959131822750243,-0.009465443092329507,0.36602216970239293,1,0.0514679826393165,-0.003552326716681397,0.3663471699668882,1,0.10110474475110079,0.040159646066539476,0.36453400213923937,1
221.033901,grid_0325_y500_z538,472.204,502.358,536.31,23.983309488058637,0.635,-0.15316320648042342,0.008292789078999888,0.3793100885817204,1,-0.07932404369723627,-0.0015933703523038749,0.3673172409513994,1,-0.011499520351091818,-0.0090302680955163,0.36594652142841666,1,0.05154671504633533,-0.0031281773967007263,0.3724509153887926,1,0.1006929044909642,0.03994750974467997,0.3636397431176546,1
221.776413,grid_0326_y502_z538,472.276,502.414,536.451,23.845153574678434,0.731,-0.15298265623210142,0.0076687938680761,0.3796879242192817,1,-0.07968802937266009,-0.002138810236979337,0.36916189065207866,1,-0.01131856144655609,-0.009189485599889987,0.36311630073662216,1,0.05154671504633533,-0.0031281773967007263,0.3724509153887926,1,0.1006929044909642,0.03994750974467997,0.3636397431176546,1
222.409621,grid_0327_y504_z538,472.962,502.821,537.666,22.671159189595894,0.622,-0.15216232543264777,0.006698467542768929,0.37749512196764956,1,-0.080443153622789,-0.003088962697784544,0.375299053308524,1,-0.010911218643882736,-0.009990986635957485,0.3620405847905605,1,0.05098611873855123,-0.0032264207989230916,0.36463000369112564,1,0.1006929044909642,0.03994750974467997,0.3636397431176546,1
223.043772,grid_0328_y506_z538,473.36,504.317,537.753,22.725338061291826,0.624,-0.15090141110487162,0.0063222301234168886,0.37685419203742077,1,-0.07877260661242597,-0.004013742552905065,0.3730714793315396,1,-0.009749106692976944,-0.011470279056796954,0.36105576827652214,1,0.05204024762201348,-0.004321887996173485,0.3641758063462115,1,0.10141527869017605,0.04028455999104592,0.365119090505673,1
223.693835,grid_0329_y508_z538,473.417,506.364,537.56,23.234406491236292,0.64,-0.14731409396267942,0.006232097559598004,0.37292150056846285,1,-0.07676988629482728,-0.005574277315117334,0.372950506562408,1,-0.008067127915366333,-0.013740676117920483,0.36305999125920724,1,0.05405123252925771,-0.005881261976812451,0.3660893211724676,1,0.10268488462198037,0.040659590347196795,0.3686937904256783,1
224.432485,grid_0330_y510_z538,473.394,508.372,537.697,23.57753483721318,0.728,-0.14625117567618498,0.005939810364845275,0.3767589619980072,1,-0.07409817519882105,-0.007121948588478623,0.3702941962515188,1,-0.006076748392456873,-0.016249947932819208,0.3631015142342392,1,0.056172014084753044,-0.007487985581769797,0.3680618399641835,1,0.10388215806527676,0.0407978153345789,0.3718675177395159,1
225.066967,grid_0331_y512_z538,473.687,510.178,537.535,24.315970801101127,0.623,-0.14459057693000227,0.005850433712605173,0.3768457941133222,1,-0.07254030663659783,-0.008311529822368564,0.37068887271152795,1,-0.0044668432340178935,-0.01806439803914835,0.36377003481316666,1,0.05704441050365037,-0.008831342151324927,0.36426996285646557,1,0.1018157769675649,0.0397971931040522,0.36289683199783546,1
225.704457,grid_0332_y514_z538,473.352,512.252,537.765,24.874094737296485,0.629,-0.14279605163334189,0.0054326798972911036,0.3782278639601433,1,-0.07026900356048368,-0.009788336835107268,0.3695950184214783,1,-0.002607015495095353,-0.020063500660688793,0.3636516207939282,1,0.058545338231728805,-0.010117481835659008,0.3644695005495614,1,0.10263594679665175,0.03975186678453796,0.3649066507733825,1
226.337211,grid_0333_y516_z538,473.425,514.059,538.023,25.46425614464321,0.622,-0.14002544517690801,0.00497683781952601,0.37643974817783893,1,-0.0679875101303207,-0.011193682742594923,0.36711781265592774,1,-0.0010554237801764853,-0.022086888607449222,0.3629336729795134,1,0.060460790431639745,-0.011207442539565595,0.36690159345458173,1,0.10269538764771531,0.03980580601855559,0.3641651205651213,1
227.078874,grid_0334_y518_z538,473.339,516.288,537.817,26.776221466069504,0.73,-0.13651495319078935,0.004845424644876718,0.37381942413274283,1,-0.06668261625611356,-0.01275002768764209,0.372147724415753,1,0.0010776927835969767,-0.024225812211500046,0.3615899211798098,1,0.06250077641877834,-0.012605266989753791,0.36787838074194856,1,0.10275521823092164,0.03981671077451242,0.3640753744247182,1
227.722405,grid_0335_y520_z538,473.358,518.142,538.235,27.48750838108108,0.633,-0.1351508327613748,0.004318941857165883,0.3753417563081146,1,-0.06487028160256435,-0.014187953925823556,0.37180157910815703,1,0.0027611348166180364,-0.026231005245096955,0.36544696835044604,1,0.06429797420360925,-0.013792657004092027,0.37025771245792977,1,0.10373908688608295,0.03980095692621025,0.3663585639419112,1
228.357573,grid_0336_y522_z538,473.253,520.292,537.932,29.04427084641654,0.624,-0.13267765050397973,0.004379533845760434,0.37507210008944597,1,-0.06268913505743537,-0.01532297311624054,0.3705773718522025,1,0.004449150262643299,-0.0281445231214495,0.36550951892871886,1,0.0655958829402891,-0.014883907805410568,0.36838312189447653,1,0.10292766861389224,0.03917606410652183,0.3625675562684919,1
229.094763,grid_0337_y524_z538,473.434,522.034,537.973,30.16213800445856,0.727,-0.13043948878411213,0.004215590880115097,0.373929781574635,1,-0.060761125947356345,-0.016363574582212034,0.3688818532287282,1,0.005940804798786119,-0.029457066670056264,0.3643453362192726,1,0.06652352136272616,-0.015634514860130105,0.3661355105629928,1,0.10159824514541685,0.03856289732993951,0.3568951752746978,1
229.739121,grid_0338_y526_z538,473.308,524.296,537.772,31.859026256306105,0.635,-0.1270874872939984,0.004240869015164749,0.371280498718216,1,-0.05962457564601407,-0.017637995788530467,0.3725723664005086,1,0.007780238671057332,-0.0307853676608838,0.362406206850506,1,0.06860954277448847,-0.016658424603301383,0.36886049761151896,1,0.10464486884345506,0.03938683692982825,0.3660933803946028,1
230.391764,grid_0339_y528_z538,473.483,526.065,537.666,33.21228317957081,0.641,-0.12603134006343325,0.004051467939691829,0.3745591837938883,1,-0.057582534893438675,-0.01861901194204691,0.37224696281571357,1,0.009394611704467454,-0.03240288812140994,0.36162187702105497,1,0.06954865669787624,-0.017426510341944597,0.36624155625648724,1,0.10425420466046073,0.039184620922043376,0.36384612856802157,1
231.0343,grid_0340_y530_z538,473.56,528.167,537.368,34.97578469455691,0.632,-0.12358815019778675,0.004139362162507075,0.37374526385441376,1,-0.05519778597784879,-0.01946914747259268,0.3698737629402099,1,0.010987673405185692,-0.03399099675292032,0.3611268817333395,1,0.07188160585099339,-0.018402256199617655,0.3717402792359522,1,0.10407116635653357,0.03914372710054346,0.36223231820084106,1
231.778504,grid_0341_y532_z538,473.605,530.178,537.235,36.601335166903425,0.734,-0.12154721868683316,0.00436033814117698,0.37431395092277403,1,-0.05363266834143656,-0.02069663770998373,0.37196990748519243,1,0.012851073168471292,-0.03570042830160351,0.3649462830739923,1,0.07236077584521763,-0.018945924107431317,0.36756753999513403,1,0.10675254838469825,0.03999416041467598,0.3715747746026401,1
232.415242,grid_0342_y534_z538,473.747,532.069,537.337,38.031483234288935,0.625,-0.11860059712633461,0.004049257684781127,0.37114711356575636,1,-0.05207889997298264,-0.021798659871059375,0.3723767887882642,1,0.014451275560413845,-0.037062840300731224,0.3646196320148767,1,0.0749339462263596,-0.019953920970559834,0.3726314593028745,1,0.1056551259155533,0.0395092382777484,0.3670905595400974,1
233.049452,grid_0343_y536_z538,473.558,534.021,537.749,39.35618901773898,0.623,-0.11762815592151599,0.0035170454724172727,0.37507779176018,1,-0.04962308700479125,-0.022901999647687334,0.3698468922061611,1,0.016276928151983644,-0.03847765999060757,0.3644114187739543,1,0.07639888976801736,-0.020588538282337504,0.3726700671414336,1,0.10545864418158506,0.039165129936400034,0.3655047443686478,1
233.79062,grid_0344_y538_z538,473.66,535.927,537.69,40.96817178005386,0.73,-0.11435214977060044,0.0032209617044723963,0.37035086601227096,1,-0.048160273176800404,-0.023890387643044065,0.369398614186745,1,0.0176496704494379,-0.03958725001440546,0.36292101865135395,1,0.0779433737225401,-0.021036847439892762,0.3736401603529815,1,0.10596205163968189,0.03937245356854228,0.36645823746715317,1
234.424636,grid_0345_y540_z538,473.709,537.954,537.983,42.51903507842107,0.622,-0.11137419037971914,0.002747165882912306,0.3689412444029487,1,-0.046201278197103304,-0.025191514626049388,0.37092528853492357,1,0.019504340922194018,-0.04129271578763454,0.3643699755133409,1,0.0793527568768371,-0.021760256694903345,0.373284273432127,1,0.10453400096576057,0.038903091428957995,0.36137977181716197,1
235.062068,grid_0346_y542_z538,473.696,539.961,537.897,44.280867990589364,0.627,-0.10945979509895698,0.002558004592397109,0.3696811846031299,1,-0.04428976334817454,-0.026156716156303383,0.3699754485636845,1,0.02119036225721736,-0.04220077169168187,0.36239237580143085,1,0.078987351086968,-0.022005851685510815,0.36530931632088215,1,0.10583883579019142,0.03946443040999187,0.3653272965646993,1
235.695425,grid_0347_y544_z538,473.844,541.791,538.174,45.73910120454935,0.623,-0.10836723832784281,0.0021852306464435122,0.37257676654939614,1,-0.042300259667186514,-0.0269642852249752,0.36736335826750427,1,0.0229189849912904,-0.0439805056327871,0.3649755397782557,1,0.08180985879659892,-0.022918936156212592,0.37282880819227165,1,0.105220939809698,0.0390473373876263,0.36203730288782754,1
236.42785,grid_0348_y546_z538,473.536,544.141,537.9,47.9221815342332,0.722,-0.10498285131842644,0.0022804783664861373,0.37036592914014693,1,-0.040583407871900117,-0.028242668558897167,0.3698903992102978,1,0.02484356103151738,-0.045315659584003444,0.36364645434845055,1,0.08351794872163291,-0.02378319353451435,0.37311449194765467,1,0.10538073416606664,0.03879294147525571,0.36183384211820757,1
237.064199,grid_0349_y548_z538,473.951,545.833,537.763,49.50207713823733,0.624,-0.10308195811951815,0.0023892543387813987,0.36937183760459436,1,-0.038886955102767594,-0.028903491322745667,0.36828418172468314,1,0.02600706177953026,-0.04603052286984268,0.3623194922363391,1,0.0846628273809504,-0.024138614401214765,0.37321733536321144,1,0.10692327853473471,0.03918683318357791,0.3664192211503671,1
237.702461,grid_0350_y550_z538,473.799,548.088,537.488,51.632678266772075,0.628,-0.10091951396596532,0.002490810874895841,0.36960707081838473,1,-0.03693057629438366,-0.029510331653796008,0.36884716713268373,1,0.027256577034969233,-0.04656601382718145,0.35739462948405487,1,0.08564732034992695,-0.024157906539027618,0.3714890953867373,1,0.1063702658596116,0.0389145352609737,0.36373782694260515,1
238.346516,grid_0351_y552_z538,474.124,549.883,537.306,53.339191773029384,0.633,-0.0984925639965754,0.0024036455596021366,0.3681548916225009,1,-0.03527444933273068,-0.030316125203877702,0.37034760608830325,1,0.029123941734089838,-0.04785483336646164,0.35937848672830663,1,0.08688246037163586,-0.02473439200992272,0.3715587451982942,1,0.10592297275161541,0.03874617854939416,0.36200970212445455,1
239.085865,grid_0352_y554_z538,473.721,552.426,537.205,55.66851415297525,0.729,-0.09537577601252178,0.0024134980222181557,0.36647826562328134,1,-0.03285605338425882,-0.030921378082914584,0.36674025555960965,1,0.031015504835551398,-0.04882905170319256,0.35854516583145923,1,0.08908157291693208,-0.025452032703482036,0.3744044834804429,1,0.10625717352052047,0.03874125807832365,0.3627623759861719,1
239.721716,grid_0353_y556_z538,474.052,554.085,537.322,57.14642108653881,0.627,-0.09393712308412354,0.002274228867675858,0.3684440191766576,1,-0.03179777354997686,-0.03248844343843912,0.37313161909862813,1,0.03301836815292653,-0.05081747173156609,0.3670755696784883,1,0.09062420407395436,-0.0257229609775123,0.3762681552400057,1,0.10655516662624938,0.03881240247206004,0.3635555817625337,1
240.358939,grid_0354_y558_z538,473.764,556.122,537.509,58.9327773738859,0.627,-0.09173683539752123,0.002045829305955416,0.3684424310125791,1,-0.029861813537965225,-0.03355550278226341,0.3731461517709904,1,0.035080757203906014,-0.05266628454985169,0.36998229613171973,1,0.09169328822580093,-0.026136736352156437,0.3744231650972885,1,0.1061613879199704,0.038401683104944004,0.36104627176062565,1
241.099287,grid_0355_y560_z538,473.792,558.16,537.427,60.84800664771196,0.731,-0.08948807897428399,0.001862884404281738,0.36799424381774537,1,-0.02799013896060041,-0.03413545433982832,0.3700460010845511,1,0.03636499055321396,-0.05307934725764842,0.3665888347813907,1,0.09277148771660601,-0.026468365875502248,0.37430078011490897,1,0.10633114155282604,0.03838246177885095,0.3613204392918846,1
241.73711,grid_0356_y562_z538,473.54,560.313,537.793,62.707515833431025,0.628,-0.08705198183934518,0.0013863660595467247,0.36786423975731936,1,-0.02602614912621499,-0.0350116545435568,0.3698110031570955,1,0.03784570693846954,-0.05370662692727981,0.3634136457496571,1,0.0925940410592144,-0.026496855519115237,0.36896244605081574,1,0.10821199633137146,0.03919097204796011,0.3674951402631425,1
242.38389,grid_0357_y564_z538,473.711,562.195,537.584,64.5451863580857,0.635,-0.08327347319880445,0.001382157782264315,0.3612974627466042,1,-0.024094384131416013,-0.03592429646308006,0.37003475901347505,1,0.03969337814734739,-0.05459311423822877,0.3640016028704998,1,0.09491673060861283,-0.027206561463175044,0.3735004131027974,1,0.10770532001973217,0.039057925666549274,0.36512123214995623,1
243.022319,grid_0358_y566_z538,473.584,564.234,537.465,66.49400719613766,0.627,-0.0819564428941069,0.001225804899281634,0.3639806866267493,1,-0.022310633168607444,-0.03644064192370814,0.36823136425586245,1,0.0410569882248991,-0.05542294306583926,0.3641756634287349,1,0.09630033963553285,-0.02735933808936559,0.3739299524729674,1,0.10708513271934131,0.038827653588278374,0.362780692750464,1
243.769144,grid_0359_y568_z538,473.678,566.227,537.617,68.32062012306389,0.736,-0.08029225599987096,0.0010403194544955862,0.36729880793538644,1,-0.02050920867917897,-0.037580051834629605,0.37049048391739725,1,0.04311352567746747,-0.056640512609117566,0.36541914661811964,1,0.09737207778051754,-0.027538092231842844,0.3722993130675642,1,0.10834221225080465,0.039030529850395346,0.36658545553404576,1
244.413063,grid_0360_y570_z538,473.924,568.145,537.515,70.17225601332767,0.634,-0.07760660599369376,0.0009079925703875212,0.3642699075979252,1,-0.018987224795521222,-0.0382361300121158,0.3719460464234158,1,0.04502275216609789,-0.057905281546969035,0.3677010555825868,1,0.09919737319284427,-0.02801415984486983,0.3750861708487467,1,0.10870946784775097,0.039177695015223044,0.36624753068212657,1
245.051733,grid_0361_y572_z538,473.703,570.273,537.41,72.21433870084257,0.629,-0.07562080694675008,0.0010993657146078292,0.36507499103416857,1,-0.017082923956842473,-0.03860305392985036,0.3704008666075605,1,0.046468472116705614,-0.05834143354436676,0.36526203981791283,1,0.10089580202461146,-0.02834323433090636,0.3766140009563356,1,0.10741467313856264,0.038830410119100336,0.3616846288726827,1
245.792115,grid_0362_y574_z538,473.785,572.322,537.233,74.21689174305273,0.73,-0.07338964568954506,0.0010944039297545122,0.36384150521208547,1,-0.015426828333126197,-0.03923980235366142,0.3706124031559253,1,0.04755192949502056,-0.05838173345995745,0.3622448044520614,1,0.10122013308651981,-0.028247762648844155,0.3740178071692153,1,0.10700747935085067,0.03869882191850702,0.36039367180952747,1
246.426287,grid_0363_y576_z538,473.82,574.304,537.259,76.09568303787016,0.623,-0.07115743743452671,0.001086603778744285,0.3635713085584281,1,-0.013727511306205267,-0.04017166432307176,0.37140843274214785,1,0.04939539995888949,-0.05941487869733576,0.364275715086735,1,0.09913822672038301,-0.0275546820033437,0.36155833814172333,1,0.10658387299298806,0.03853199225386204,0.3586170269741398,1
247.082958,grid_0364_y578_z538,473.995,576.026,537.507,77.66979873799082,0.647,-0.06880939624769325,0.0006993099568174991,0.36276060083675304,1,-0.011901525717293061,-0.04156877326452958,0.3752836194923198,1,0.051501859490020827,-0.0606173201222488,0.3663212282405387,1,0.10170541963033866,-0.028246091135314573,0.3671837706074185,1,0.10532984718530888,0.03787374238416708,0.35366606168907877,1
247.718305,grid_0365_y580_z538,473.92,578.174,537.178,79.81751766373095,0.626,-0.0669660388312733,0.0007500033275676529,0.3637846578593131,1,-0.010110577729226505,-0.042036490967494886,0.37581632388044434,1,0.052843481928355474,-0.06123881559443552,0.36514524778310226,1,0.10377249292166624,-0.028643232021151342,0.37062495663713335,1,0.10618186097781349,0.03822473730088482,0.3558631548668423,1
248.459013,grid_0366_y582_z538,473.896,580.148,537.492,81.61940726322393,0.73,-0.06459103219344715,0.0005375495995289793,0.3639244402837702,1,-0.007911062951523688,-0.04279744946280285,0.37468017229260064,1,0.05503036009212806,-0.06253595784987138,0.3675954243229689,1,0.10328877897770702,-0.028189061903442218,0.3640567081296681,1,0.10816523270045952,0.03893985965600044,0.36201739341135064,1
249.103836,grid_0367_y584_z538,473.978,581.969,537.737,83.30438277785878,0.634,-0.06319932882926574,2.775097887472248e-05,0.3659309964888178,1,-0.0065538594419814284,-0.04339561150799326,0.372634322666912,1,0.05543268950675813,-0.06203889507786835,0.3607453706715583,1,0.10529772363690366,-0.028451722036825076,0.36730164473024485,1,0.10925345073127671,0.03911660531367611,0.36525432607576763,1
249.73646,grid_0368_y586_z538,474.03,584.064,537.636,85.35043813595804,0.622,-0.06063082512970759,-0.00011162919788097365,0.36285737787897754,1,-0.004784840784347363,-0.043765362597888866,0.37142828916925674,1,0.05673318681769719,-0.06215678407546822,0.35817887267206033,1,0.10464366346443892,-0.02806533722647168,0.36038162067781093,1,0.10940016734911148,0.039110619445812234,0.365662792454959,1
250.478937,grid_0369_y588_z538,474.14,585.857,537.747,87.05395031817915,0.732,-0.058928953575481426,-0.00039739220560566226,0.36434086757346595,1,-0.0029771053152545853,-0.04437286482514523,0.37010031103836705,1,0.05889686115352298,-0.063415416643408,0.36197686820837843,1,0.10624479435138712,-0.028380321437689888,0.36257940310600495,1,0.1094911039183836,0.039182796942575246,0.36583686086988776,1
251.11604,grid_0370_y590_z538,474.195,587.919,537.445,89.12487444591437,0.625,-0.05610853504676121,-0.00012540057328035752,0.3612893048402749,1,-0.0010817251650902982,-0.04474083823961753,0.3707703592263174,1,0.0611397809682487,-0.06465021057245383,0.3653236991399015,1,0.1100803493432522,-0.02914633096811472,0.37207920014288526,1,0.1083665317416745,0.03872756691685593,0.36162854562706526,1
251.757829,grid_0371_y592_z538,474.065,590.05,537.332,91.21056601622422,0.631,-0.05406142177291142,0.00014415727440789404,0.3623693384637084,1,0.0006853889855365199,-0.04550852880388169,0.37260080600555884,1,0.06270156997857679,-0.06510354088015864,0.36587486228838934,1,0.11117186049068066,-0.028995178807431177,0.37207570020212033,1,0.10799995525331248,0.03844368265652964,0.35952103182485556,1
252.402636,grid_0372_y594_z538,474.255,592.001,537.078,93.16727478036482,0.634,-0.05219837351238632,0.00027534558334509676,0.36505930937748843,1,0.0025972442199827485,-0.04581758674040414,0.37171463509483393,1,0.06419477575749076,-0.06552448953162571,0.364695798252037,1,0.11166139768067465,-0.028763655907791015,0.3695918910639321,1,0.10830603307109818,0.03845499252539859,0.360127549942586,1
253.140256,grid_0373_y596_z538,474.227,593.96,537.07,95.0663118091788,0.728,-0.049580497999589655,0.00018289552637606362,0.3618046394736812,1,0.004198039365150323,-0.04577955799215641,0.36756505666924166,1,0.06653445102349782,-0.06649001295979369,0.36678909933125114,1,0.11222388706377236,-0.028692730595023343,0.3673591330760067,1,0.10657490504560123,0.038092311771655805,0.35503122124351955,1
253.780329,grid_0374_y598_z538,474.201,595.936,537.031,96.99172040952782,0.63,-0.04750507725029256,-2.3595406127837212e-05,0.3597873443887624,1,0.00589006780838502,-0.04679938014934117,0.3716503695757569,1,0.06829582753908998,-0.06732048499536283,0.36872826003669745,1,0.11384995803499107,-0.028798128620667395,0.3695033638616082,1,0.10860101173675112,0.03890786727641172,0.3607806764479463,1
254.431085,grid_0375_y600_z538,474.189,597.994,537.176,98.95603201927617,0.63,-0.04590159293059367,-6.079343089073775e-05,0.3652228700925767,1,0.007956763729275906,-0.04753778187917444,0.3721476801328306,1,0.07010286036515607,-0.06790693524040288,0.3691016871861049,1,0.11448980756347349,-0.028661473002857468,0.3678138847056543,1,0.10961558859803071,0.03929523926266536,0.3635327694738937,1
255.174737,grid_0376_y602_z538,473.897,600.174,537.316,101.03791300793975,0.732,-0.043155632036034335,-0.00021985793205603872,0.36083427388927974,1,0.00985228728873736,-0.04864670690174323,0.37549293831794206,1,0.07136605444038199,-0.06797173261731468,0.3661556355996141,1,0.11616833768598529,-0.028886686277581508,0.3704467974739033,1,0.1091999074965507,0.03911121552930687,0.36136537147243314,1
255.806267,grid_0377_y604_z538,473.934,602.112,537.434,102.9001955003002,0.62,-0.04078177687259284,-0.0005170497245874865,0.3611244762384888,1,0.01182382548113117,-0.04895355607812768,0.37240414111809733,1,0.07306489491028578,-0.06831240845691525,0.3657956376259138,1,0.11838400471757446,-0.02899065493501281,0.3732102774193601,1,0.10901650981054889,0.03903208912059296,0.36040522829253446,1
256.447827,grid_0378_y606_z538,474.022,604.099,537.319,104.86505291087217,0.63,-0.039017029895775567,-0.0005341597436324139,0.36463431128929347,1,0.013213184540707792,-0.049189818809410424,0.37133074371568064,1,0.07476088491242257,-0.06887502404250073,0.3650853141666225,1,0.12161180508295213,-0.02943469378236286,0.3799435234280758,1,0.11114582850170074,0.03958571702738806,0.3673896485568654,1
257.100473,grid_0379_y608_z538,473.81,606.357,537.247,107.08008510456088,0.643,-0.03616692936959529,-0.0006545380794294735,0.3594040997390718,1,0.015667143068530225,-0.050018708509141196,0.37345396345974136,1,0.07731734813015363,-0.0699047728361055,0.36901427612402177,1,0.1224951039153264,-0.02922556308077332,0.3785495999616459,1,0.10960393303071587,0.03911315045993246,0.3620121897571701,1
257.853632,grid_0380_y610_z538,473.933,608.198,537.27,108.87587266699634,0.743,-0.03444139729186259,-0.0008193868159066184,0.36398803384698686,1,0.01749861801399954,-0.05086434204595654,0.37544102919004424,1,0.07908694064561388,-0.07043215450465858,0.36892761673914515,1,0.12285208851767342,-0.02896121631170081,0.3762075808263736,1,0.10891279979066384,0.038887024059201594,0.3595178086558932,1
258.500606,grid_0381_y612_z538,473.722,610.474,537.019,111.1493994450713,0.637,-0.03183856283434499,-0.0007348778268088288,0.3598509224015355,1,0.019352290618225344,-0.05124741692535319,0.377029232007993,1,0.0810602994278963,-0.07093245941442958,0.37016009505183856,1,0.12347259608271036,-0.028820111411368636,0.3750003591011136,1,0.10910986627477419,0.03889570762684598,0.3597746651756105,1
259.138577,grid_0382_y614_z538,473.902,612.381,537.223,112.97600493025057,0.627,-0.029832133978965353,-0.0008981029071257838,0.36113324087534815,1,0.021204909612304357,-0.05181283285038516,0.3754671452841403,1,0.08202727734227935,-0.0706085097484477,0.36631392085474623,1,0.1235114376117326,-0.028454812562729997,0.3712955693034072,1,0.10999896785681493,0.03901887936730537,0.3621901259716596,1
259.875025,grid_0383_y616_z538,473.982,614.136,537.446,114.65118976268846,0.725,-0.027936298640141077,-0.0010165639509408663,0.3641739571755591,1,0.02302751584365865,-0.052196299346286036,0.37581108672531066,1,0.08297914566910945,-0.0703569023467564,0.3634168442174559,1,0.12454077814303091,-0.028289953643768045,0.37154862130929184,1,0.11227337632931218,0.03991017623762366,0.3691687629184071,1
260.513619,grid_0384_y618_z538,473.91,616.289,537.391,116.7708619904812,0.628,-0.025700635123067268,-0.0013514551855392173,0.36109926079325705,1,0.024881424264727094,-0.05280348183274887,0.37562967779033374,1,0.08467896557911787,-0.0707414404620723,0.36392580325732443,1,0.1247933845777319,-0.02809854193254314,0.36971027718809146,1,0.11312132564519936,0.040272644217454266,0.37181703773800556,1
261.160549,grid_0385_y620_z538,474.177,617.98,537.518,118.40986883279623,0.637,-0.02362179713222519,-0.0014915908411990062,0.3593549279857799,1,0.02690756607798339,-0.05352713280047931,0.3768252572024185,1,0.08725582981892795,-0.07169288761815737,0.36648952945044855,1,0.1258349940040666,-0.027712826206283996,0.36918367346384273,1,0.11151490667269814,0.0396067364644696,0.36534916604729284,1
261.798243,grid_0386_y622_z538,474.101,620.049,537.64,120.41600547269454,0.627,-0.021806922615924696,-0.0016807391348968692,0.3630549458947944,1,0.028665550553149132,-0.053873181467176526,0.3755452410184789,1,0.08868678857217563,-0.07182394872737574,0.36579582450217607,1,0.1268478437363875,-0.02763611904876106,0.3689895501553849,1,0.10824092261006868,0.03833549803191357,0.35398350794794475,1
262.544228,grid_0387_y624_z538,474.214,622.096,537.32,122.48850101948348,0.733,-0.01950634530905824,-0.0016471591780196416,0.36444766386591204,1,0.030559949373680693,-0.054293175763058,0.37601625833424707,1,0.090452611220154,-0.0721717529553254,0.3657506741666241,1,0.12868811954040213,-0.02744428388713622,0.3709341093368944,1,0.10917922979119599,0.03849591342090798,0.35702378625469,1
263.197259,grid_0388_y626_z538,474.301,624.061,536.846,124.50890698259309,0.641,-0.017202832718608868,-0.0012794084483251996,0.3596043932190026,1,0.032057237013873904,-0.054259280006344154,0.37536282112786373,1,0.09221652205562222,-0.07245442928446269,0.3666120525594713,1,0.12874545896995268,-0.027112891209502516,0.368262401005519,1,0.1103992184516506,0.03886676769411461,0.3611832470211769,1
263.838836,grid_0389_y628_z538,474.402,625.961,537.084,126.33319599772663,0.629,-0.015134488815567924,-0.001268390382013929,0.3607345820907802,1,0.03389430329554237,-0.05481258410107753,0.3773622157073926,1,0.09413701417299014,-0.07284856029444839,0.36753522557633034,1,0.13123078437139957,-0.027073382876607842,0.37294942197173653,1,0.11065354871723551,0.03892958053452307,0.36183475642222185,1
264.596373,grid_0390_y630_z538,474.328,628.197,536.965,128.55138203068842,0.746,-0.012901981405272451,-0.001279086119860729,0.36548806129233635,1,0.03596519431561228,-0.055260374950992106,0.3765488604648849,1,0.09612220381158464,-0.07326236470564182,0.3682753056796325,1,0.13344001772453992,-0.027032725401673407,0.37616139273654675,1,0.11082832646746643,0.039003232546109656,0.36091049296769684,1
265.238159,grid_0391_y632_z538,474.25,630.183,537.454,130.4165492681048,0.63,-0.01060131186986896,-0.001607728800282739,0.3592592705226365,1,0.038144960284799,-0.056053064008815934,0.37712964143418953,1,0.09729864842955849,-0.07286047758377139,0.3651118874673652,1,0.13319249275744977,-0.026512836759778103,0.37211147999496846,1,0.11103738627384581,0.03910655051434313,0.36100843287065576,1
265.881765,grid_0392_y634_z538,474.322,632.203,537.01,132.48410973018613,0.632,-0.008579103938602103,-0.0016279138270671027,0.3661902227485899,1,0.039818314248502316,-0.05613140034682883,0.37558377997377895,1,0.09880219277499229,-0.07284227213719408,0.3641445517875214,1,0.13315839631468473,-0.02590478084389817,0.36901680160695693,1,0.1112163080116954,0.03921406952537653,0.3620357494713413,1
266.523196,grid_0393_y636_z538,474.342,634.036,537.386,134.22438107139848,0.631,-0.006586482358526452,-0.001788733062853853,0.36593241677354565,1,0.041605069560955145,-0.05667755591307485,0.37613895206719566,1,0.10126234606711522,-0.07363514272961023,0.3673533187583987,1,0.13556453818035696,-0.02583525614805159,0.372479127148193,1,0.11222511161671314,0.0395080517025746,0.3647497518107821,1
267.274797,grid_0394_y638_z538,474.174,636.162,537.216,136.34490478928802,0.74,-0.003995940988591729,-0.0019513461715386753,0.36515942875345675,1,0.04393760632439363,-0.0571262440018835,0.376819247355899,1,0.10338719068120894,-0.0738154345720152,0.36793846058014407,1,0.1353928040004714,-0.025455302838931642,0.36923014417019645,1,0.11265277609707644,0.03959884175963557,0.3656266186570781,1
267.982045,grid_0395_y640_z538,474.134,638.158,537.082,138.3339563736974,0.695,-0.001957862775231551,-0.0019307366848796419,0.3637336620932148,1,0.04574647480935124,-0.057299836415796765,0.3766875009357783,1,0.10489833737486261,-0.07361296577977298,0.3669432594998459,1,0.13691290223672445,-0.025274247519883587,0.3702870355670541,1,0.11282077801742266,0.039624222059946514,0.3659859555596801,1
268.622267,grid_0396_y642_z538,474.166,640.232,537.342,140.3365123194958,0.631,0.0002323257200433713,-0.001938291827044704,0.36811441994379335,1,0.04781887613256138,-0.057977930929490065,0.37763322199162236,1,0.10660612716410182,-0.07368782835982396,0.3661619267138371,1,0.13698437290478535,-0.024759717344359666,0.36839939678155453,1,0.11291121913175876,0.03970994201293994,0.3653035093667441,1
269.366457,grid_0397_y644_z538,474.221,642.295,537.275,142.38360736053852,0.735,0.002743580202023097,-0.0020248043173837936,0.36096315659908046,1,0.04994983704313551,-0.05827203306767115,0.3777366256552256,1,0.1091405192291733,-0.07406045674289935,0.36717906874440953,1,0.139527474364228,-0.024527147100734593,0.372046952050071,1,0.11299316240311714,0.03976937712318388,0.36512279106074647,1
270.001898,grid_0398_y646_z538,474.295,644.313,537.098,144.40474328082166,0.626,0.0047596679158993125,-0.001954265001814739,0.363903813300527,1,0.05162200292286471,-0.058312272093155725,0.37671610171423786,1,0.11082401603300684,-0.07417437032919955,0.3680840832498056,1,0.14055870800496453,-0.02417619268216859,0.37222030293173936,1,0.11254198733397151,0.039686692381147914,0.36372925694374764,1
270.651364,grid_0399_y648_z538,474.369,646.195,537.33,146.2270518542996,0.638,0.00687943199388894,-0.0021622693208645473,0.3613212149584686,1,0.05267766707214179,-0.05758304414645362,0.37001739069983614,1,0.11286357730361345,-0.07430566051547749,0.36883724159077147,1,0.14175825778299,-0.02405923070632524,0.37248381188899415,1,0.11133083349686998,0.0393990960786593,0.35992421486943316,1
271.391896,grid_0400_y650_z538,474.158,648.27,537.129,148.3040614447224,0.73,0.008935000414894503,-0.0021800632676956234,0.3592719901227969,1,0.05530862838967563,-0.058716024357182116,0.3749953809258192,1,0.11515920882038713,-0.07465094191511475,0.3702641970215699,1,0.1412994316211176,-0.023251905008985135,0.3689102328800627,1,0.11078962710542224,0.039234824895678616,0.358016568738456,1
272.030599,grid_0401_y652_z538,474.082,650.295,537.083,150.3102052490116,0.627,0.01134794695661974,-0.0020617129996209627,0.36394151973254907,1,0.05775925014970675,-0.05953603159218397,0.3787779631277364,1,0.11699695427573682,-0.07462190633887959,0.37020264837981864,1,0.14290489901270217,-0.023123860730686733,0.37063305961790116,1,0.11114668688954085,0.03914794885869012,0.3582601320370424,1
272.676082,grid_0402_y654_z538,474.035,652.259,537.255,152.22391896479348,0.634,0.013539838318151604,-0.0021567740700607387,0.3626108734721946,1,0.05946863150691417,-0.059792586968587615,0.3780107918749716,1,0.11810636561714156,-0.07404976954589235,0.3675168256800734,1,0.145597974712795,-0.022869073032305995,0.3753897584810495,1,0.11303597668910512,0.03967139772755583,0.36434881882149106,1
273.322823,grid_0403_y656_z538,474.144,654.264,537.409,154.18463803180916,0.636,0.015636879041694578,-0.002457200195325384,0.36102576159725763,1,0.06184251774793602,-0.06046021792539404,0.3793087749528191,1,0.12091761393729103,-0.07461105880291924,0.36966010462913895,1,0.14578970751171183,-0.02206828500562109,0.3731763737889596,1,0.1135415962650903,0.03993424375118167,0.36577797158639747,1
274.075181,grid_0404_y658_z538,474.216,656.332,537.313,156.24500538897237,0.741,0.018209462243745082,-0.002435810512791279,0.3643323584881836,1,0.06386348690188551,-0.06025416616540117,0.3769706227108972,1,0.1243082158263114,-0.07536435639231039,0.37349447422983484,1,0.14683071658770086,-0.02162583059298185,0.37298830584739096,1,0.11407134005929671,0.0402326879508089,0.3671349585954201,1
274.714535,grid_0405_y660_z538,474.44,658.215,537.151,158.1347966324933,0.63,0.019914240540016323,-0.0023639012954948546,0.35989031435977503,1,0.06542902006417677,-0.06028819703166266,0.37557957653192015,1,0.12384594285076518,-0.07387074160322263,0.3672942205825705,1,0.14603059380148992,-0.02105400444212635,0.3683186920122673,1,0.11407134005929671,0.0402326879508089,0.3671349585954201,1
275.353607,grid_0406_y660_z540,474.537,658.441,538.181,158.21282795336165,0.629,0.0210587822192539,-0.003264409774466665,0.3632830231774492,1,0.0656165692221998,-0.06015293138074866,0.3702776295638542,1,0.12484093911311203,-0.07353080064204477,0.36663154747612614,1,0.14797093879457407,-0.021049624939509553,0.3727029895143287,1,0.1137932962013379,0.040100748907104286,0.3658845790307329,1
276.106332,grid_0407_y658_z540,474.537,658.441,538.181,158.21282795336165,0.742,0.02140096050484184,-0.003692299523281809,0.36711062841796405,1,0.06516139713355493,-0.05976722091599816,0.3671849416824472,1,0.12493255725095591,-0.07324246601669125,0.3657661490076345,1,0.14921654326344008,-0.021157058873228687,0.3759297329327184,1,0.11351525234337909,0.03996880986339969,0.36463419946604586,1
276.747382,grid_0408_y656_z540,473.9,657.34,538.205,157.10957329520062,0.63,0.020012727563906575,-0.0035894605206904214,0.36045151835898215,1,0.06518146073252248,-0.06044296923051969,0.3712693768826064,1,0.12558781294427254,-0.0744112947300567,0.37023393294871154,1,0.1461644969758662,-0.020904453866063735,0.36830510235516695,1,0.11386280716582761,0.04013373366803045,0.36619717392190476,1
277.387587,grid_0409_y654_z540,473.059,655.955,538.486,155.68975224464845,0.628,0.01899393246805866,-0.0037087166844002157,0.3664556256831857,1,0.06430700155129722,-0.06087978621074913,0.37384818601323505,1,0.12380546795485037,-0.07435534065150573,0.3687456058487605,1,0.14729765646237414,-0.021384857915204523,0.37229941580454007,1,0.11407134005929671,0.0402326879508089,0.3671349585954201,1
278.024525,grid_0410_y652_z540,472.468,654.479,538.332,154.24651644364621,0.626,0.01740548610480732,-0.0035325535650804637,0.3688977802452763,1,0.06361120253715731,-0.06092704753856394,0.3783107865756283,1,0.12222892932731852,-0.07435423512312653,0.3689493658897506,1,0.14624117946186938,-0.021584346343131205,0.3715999366782759,1,0.11407134005929671,0.0402326879508089,0.3671349585954201,1
278.771882,grid_0411_y650_z540,472.16,652.744,537.84,152.5998793249851,0.736,0.01522271894172519,-0.0029481221858804834,0.3646865452035933,1,0.06196679418695541,-0.060887470449695655,0.3827941906836488,1,0.12001636127718303,-0.07399189287940479,0.36862526019204067,1,0.14635983666924798,-0.022491589574983813,0.3749508041475873,1,0.11336501500035481,0.03983476235130592,0.36532564258338995,1
279.412843,grid_0412_y648_z540,472.145,650.735,537.561,150.6548104807809,0.629,0.013111144479753012,-0.0026729037285677603,0.36157327908027576,1,0.060000666290642726,-0.06022809516869192,0.3821620106717893,1,0.11867075227186179,-0.07446099888283636,0.3700717577376321,1,0.14394373068260208,-0.022619514002653388,0.37111776947291547,1,0.11212123441001993,0.039288098384309814,0.3612018502681429,1
280.054451,grid_0413_y646_z540,472.22,648.714,537.573,148.65562149141897,0.63,0.010783701792368634,-0.002522971597627319,0.3605662431764811,1,0.057286448179849805,-0.059425105081029626,0.3790297140219902,1,0.1165288309311789,-0.07437045976372877,0.36946539306103476,1,0.1434365332776722,-0.023029706386012427,0.3726974842670777,1,0.11042063451378947,0.038909573448896936,0.3557911507192321,1
280.80568,grid_0414_y644_z540,472.035,646.847,537.66,146.79694027465288,0.741,0.008788616814858855,-0.0025933135884207382,0.36518626386366093,1,0.05591170722612304,-0.05947826799319546,0.38108011111135554,1,0.114712890761309,-0.07432006203168343,0.36915902148608815,1,0.1418139389492863,-0.023562635080514496,0.3713308092242905,1,0.11001055711054637,0.03897904806813731,0.3555622404595895,1
281.448182,grid_0415_y642_z540,472.247,644.666,537.871,144.61008043701526,0.633,0.00672663565852598,-0.0027104985266664565,0.36645695988589677,1,0.05378900757316317,-0.05927036752189209,0.3806725790540668,1,0.11258128725861012,-0.07424110539655622,0.36880904463931496,1,0.14042961730475018,-0.023800959944946787,0.36952703098851414,1,0.11072137784108713,0.03924176484492684,0.35822865970299966,1
282.093621,grid_0416_y640_z540,472.105,642.718,538.241,142.62789599513835,0.633,0.004377427003179399,-0.003158350337499142,0.3629822437129394,1,0.051724330919172244,-0.05898870539918161,0.37932152633238675,1,0.11064227746043005,-0.07406576729775124,0.3679584480622323,1,0.14026646435262666,-0.024121212177764008,0.37113154710660134,1,0.11177160568647346,0.039504906832517714,0.3612890514536635,1
282.746146,grid_0417_y638_z540,472.121,640.695,538.604,140.5731532761502,0.641,0.0021260985937713883,-0.0034658999660143854,0.36775062714243134,1,0.04993260393466587,-0.05891204453099923,0.3795860390113853,1,0.10873169898235005,-0.07378423375282525,0.36673004848628676,1,0.14071034917508246,-0.02467277395749279,0.37545660444100315,1,0.11226968429086703,0.03959596481551159,0.36276369921608104,1
283.552079,grid_0418_y636_z540,472.121,638.564,538.679,138.456321329147,0.795,-0.0002789924214673761,-0.0037982150573998667,0.3673990050846494,1,0.047681158959495804,-0.058436728197008916,0.3766755044255559,1,0.1077922842709516,-0.07433143574384414,0.37025486576523575,1,0.13603120091884896,-0.024467677898156116,0.3654433915244254,1,0.11249945208282541,0.039538094816272275,0.36447741904124864,1
284.257648,grid_0419_y634_z540,472.166,636.567,538.372,136.5331978494608,0.695,-0.0020371426295531193,-0.0031361422033049,0.36757168046703625,1,0.04597043312718855,-0.0580959803639197,0.3788390060287812,1,0.10575742468507006,-0.07395025921182348,0.36952991086037884,1,0.13463097881896294,-0.024838201743528493,0.364466865809162,1,0.11282077801742266,0.039624222059946514,0.3659859555596801,1
285.009496,grid_0420_y632_z540,472.163,634.62,538.205,134.6390790372543,0.74,-0.004395807590460656,-0.0028910460175199325,0.36576467369027277,1,0.0434140356251923,-0.05688782796087165,0.37488408460714107,1,0.10301443913296104,-0.07338198351640537,0.3669285095020173,1,0.13520346321874593,-0.025484789229481285,0.36914288074643614,1,0.112316772256384,0.03954808115901368,0.364907944851874,1
285.64945,grid_0421_y630_z540,472.233,632.645,538.189,132.694105223254,0.628,-0.0064041452329954025,-0.0027687199473668657,0.36181940162925913,1,0.04152985626269519,-0.05691655972303792,0.37610898221024963,1,0.10115673644355463,-0.07330317862047156,0.36651938265186046,1,0.13438603278700412,-0.025704956305657594,0.36980196841510915,1,0.11124731977372984,0.03929323008812473,0.3624509955702425,1
286.286305,grid_0422_y628_z540,472.3,630.564,538.114,130.65558542213188,0.628,-0.008603284325470249,-0.0027355386603735627,0.3596613771803622,1,0.03977491554363902,-0.05671714697448186,0.3766559733533744,1,0.09896204466819905,-0.07294537946364525,0.3649802149261668,1,0.1333749149874441,-0.02590690622434852,0.36964966494302753,1,0.1111805236641255,0.039192565723169856,0.3618302861512042,1
286.936827,grid_0423_y626_z540,472.476,628.558,538.089,128.6842926584282,0.642,-0.01090902615311495,-0.0026445966842492718,0.35843613967080773,1,0.03737823617330074,-0.05559835755790549,0.3734709548674513,1,0.09755660421523653,-0.07301097271227303,0.366495995435522,1,0.13382725173180604,-0.0266720740396504,0.37445959227267844,1,0.11107317062141572,0.03912805431654981,0.36121389619079286,1
287.676533,grid_0424_y624_z540,472.599,626.398,538.281,126.5244578095477,0.728,-0.013251573499504671,-0.0027909700250062725,0.36012023154236805,1,0.035844714942002066,-0.05623713439674669,0.3780602420484086,1,0.09600937440588866,-0.07318506498266238,0.3681263903697789,1,0.1324373434254273,-0.026767254228986133,0.37399217593201756,1,0.11069083535622688,0.038942922182289536,0.3612234797050122,1
288.311646,grid_0425_y622_z540,472.466,624.414,538.609,124.51288046222368,0.626,-0.015219791380815728,-0.0029250142733243906,0.3606623219994985,1,0.03402412684951447,-0.05579768829542372,0.37507370753956404,1,0.09436807383134563,-0.07289938874796695,0.36734450948406944,1,0.13239608591498228,-0.027341211312819406,0.37638619419486663,1,0.10999008919016551,0.03866179112307792,0.3597783165567564,1
288.947921,grid_0426_y620_z540,472.259,622.441,538.569,122.57659527413877,0.625,-0.01751663251165473,-0.0029770572555006206,0.36280583920964615,1,0.032112405468846514,-0.05542488850482772,0.3764873745943264,1,0.09246595459466657,-0.07251299290923663,0.36650249699028264,1,0.12976344820407945,-0.027309822913687547,0.3716431426090433,1,0.11006674982211995,0.03881225317098915,0.36092714775582324,1
289.69609,grid_0427_y618_z540,472.361,620.293,538.739,120.43311486879348,0.739,-0.019599080953775584,-0.0030563682291225554,0.3638882977116159,1,0.03050727127808029,-0.05541558166190835,0.3789157786071573,1,0.09014180365642574,-0.07189883000282485,0.36514788020264566,1,0.1292643273065446,-0.027592507029472902,0.3726802608590472,1,0.1093968392221922,0.03852161592275412,0.3582315229097234,1
290.332564,grid_0428_y616_z540,472.338,618.401,538.623,118.59315957507833,0.625,-0.021893080264672925,-0.002874214464147859,0.3621589554167881,1,0.028518920815189704,-0.05452912421278718,0.37738662688791397,1,0.08902818996448532,-0.07228370167285932,0.3676917364703297,1,0.1281733915458823,-0.027977317384497307,0.3728967415592695,1,0.11029751001431798,0.03892454997049669,0.36052864234397186,1
290.96811,grid_0429_y614_z540,472.119,616.656,538.361,116.92594704341717,0.626,-0.024137939328252922,-0.0027231101147395646,0.3666324445663611,1,0.026854371041788533,-0.05452009980566173,0.3789072551115972,1,0.08715198113884796,-0.07164377050100187,0.3660997598431558,1,0.1271046535368375,-0.028152324410991674,0.3726695968255389,1,0.11047956161964209,0.03919830369708397,0.3621560091337579,1
291.600704,grid_0430_y612_z540,472.25,614.676,538.393,114.97604065630375,0.622,-0.02625833658461828,-0.0028452800575509583,0.3667933191437728,1,0.02506038288499795,-0.0536781552068208,0.37784199180229183,1,0.0862120793565589,-0.07213217050237433,0.3700399279644118,1,0.12462386181670271,-0.0279912695860583,0.3682671827372047,1,0.11248656258629683,0.040036915945158305,0.3695770811162817,1
292.353687,grid_0431_y610_z540,472.606,612.432,538.516,112.75217912750074,0.743,-0.02869899163930078,-0.002591216327699662,0.3651968682916469,1,0.02287580532020602,-0.05335661618760694,0.378147532934587,1,0.0833174098777341,-0.07071637909540233,0.3656605411787831,1,0.12631504547380165,-0.028714143969442423,0.37733498813832567,1,0.11159959818343786,0.039596510069491386,0.3670087531343822,1
293.011954,grid_0432_y608_z540,472.431,610.693,538.38,111.07200966040006,0.646,-0.030736359189592423,-0.0023601236626804695,0.3663642578510662,1,0.021167381024947883,-0.05253564384139252,0.376866496342423,1,0.08176055462196494,-0.07049616987680653,0.3662738324708708,1,0.12473833560352268,-0.02874275675258935,0.3752655862665978,1,0.10991412540071274,0.03904492047603991,0.3619923806557668,1
293.647382,grid_0433_y606_z540,472.34,608.718,538.192,109.17389540544936,0.625,-0.03253527474453583,-0.002122421649037382,0.3659335558262443,1,0.019441615867025135,-0.0525767689665517,0.3810312798803776,1,0.08049549240021295,-0.0705172080589616,0.36755658502705124,1,0.12190133073386977,-0.028435148574952378,0.37029860937784387,1,0.10991029415281679,0.039074167142839705,0.3621690823529384,1
294.398539,grid_0434_y604_z540,472.42,606.509,538.354,106.97868604072498,0.74,-0.03456694418221442,-0.00222320675520681,0.36242309217268276,1,0.017353877591595773,-0.051446762465572046,0.3765614401203089,1,0.07899903421304008,-0.0703531924249304,0.36906692327179724,1,0.12171608360655009,-0.028798739278468342,0.3732222820112935,1,0.10886675444069312,0.03887024532413382,0.3594011566515808,1
295.03205,grid_0435_y602_z540,472.064,604.765,538.478,105.24500650862257,0.623,-0.03674469117503998,-0.002116659181802501,0.36311970752448197,1,0.015605458484077217,-0.05126363385972381,0.37832361911636603,1,0.07710791492846969,-0.06993912953701867,0.36823943269678117,1,0.12270170504955147,-0.02944658739867852,0.37953322229105674,1,0.10943034086951238,0.03903120316643919,0.3623671364242739,1
295.665771,grid_0436_y600_z540,472.207,602.504,538.823,102.9621857576849,0.624,-0.03911863432591262,-0.0023681726866536753,0.3663361078014587,1,0.013773847352294847,-0.050730643951014606,0.37587195761024306,1,0.0753132262972939,-0.06919502210424061,0.3665627602111451,1,0.12181784983574043,-0.029454078540759505,0.37994687947564876,1,0.11069873818150162,0.039431179599693465,0.3666713620712394,1
296.301192,grid_0437_y598_z540,471.993,600.635,538.963,101.10468953020926,0.625,-0.040945778318854445,-0.0023351628803949093,0.3634218041061431,1,0.012202132479983077,-0.050536311167906064,0.37580087370441095,1,0.073054027442958,-0.06816688413341894,0.3644017358773518,1,0.12013023970572922,-0.029344350464491593,0.3782385859284315,1,0.10976508958728659,0.03922656367297176,0.3630406667166418,1
297.044436,grid_0438_y596_z540,472.097,598.695,538.898,99.2234366568706,0.731,-0.042861651711075054,-0.0023572539722034954,0.35999007673576205,1,0.010069183531309924,-0.049773635957853356,0.3751438611903479,1,0.07167586593915265,-0.06821261029533694,0.36649764402972257,1,0.11609370324919224,-0.028853822161370744,0.37017559101907016,1,0.10950567190717433,0.039219740175795104,0.36301024280381267,1
297.700142,grid_0439_y594_z540,472.201,596.695,538.861,97.27995099196964,0.646,-0.04525620978897224,-0.002271138505726953,0.36233339137183024,1,0.008470076361567259,-0.04942515112054836,0.37792947915306574,1,0.0706143839278394,-0.06827851745488232,0.36962070140645026,1,0.11465763336055464,-0.028758599811537805,0.3679196440245208,1,0.10983603158346703,0.03930612122819632,0.3648456190033465,1
298.394168,grid_0440_y592_z540,472.134,594.806,538.602,95.49643728433021,0.683,-0.04743390585379303,-0.0017297052091228237,0.365913291070911,1,0.006621399808399002,-0.04819889336414025,0.3731867169420023,1,0.06917620070604255,-0.06794502730167415,0.37018361410790973,1,0.11329060862117077,-0.028753159449848065,0.36698987963540275,1,0.10974137208501304,0.039241440284979306,0.36473435627036455,1
299.13578,grid_0441_y590_z540,472.281,592.596,538.5,93.36994405588987,0.731,-0.04977425213708164,-0.0016093910105806613,0.36449875257244946,1,0.00442294760648127,-0.047525403678105003,0.37346332136704713,1,0.06663443477842561,-0.06670855060344949,0.367672060287879,1,0.11242511399516912,-0.028688664528429397,0.36811566257714123,1,0.1075505010205434,0.038401063807302585,0.3579678264143905,1
299.776753,grid_0442_y588_z540,472.206,590.757,538.299,91.63035354073452,0.631,-0.0520314129511301,-0.001468609277073834,0.36656655906272323,1,0.002920529704288884,-0.04691806917636625,0.37376075808762116,1,0.0651912754173762,-0.06656918093724852,0.3684070873213165,1,0.11199224783842168,-0.02879562108157021,0.36993206856181116,1,0.10740628094356375,0.038287240899487,0.3574925232825624,1
300.423805,grid_0443_y586_z540,472.23,588.793,538.268,89.7326976469559,0.638,-0.05405564123583765,-0.001220906870077652,0.3644345412758244,1,0.0008873859708037396,-0.04601072265944644,0.3719146642423515,1,0.06309465336158408,-0.06539547167178716,0.3665538176391559,1,0.11180148165791295,-0.029055046353970205,0.3740620502365129,1,0.10776859265491243,0.03844470581765682,0.35913226482476623,1
301.168081,grid_0444_y584_z540,472.266,586.656,538.572,87.58695365178535,0.733,-0.056510745918373795,-0.0013865682801985837,0.36775897228178467,1,-0.0006243684093239326,-0.04598699684316211,0.3750050990540125,1,0.06224800545085328,-0.06560987920659013,0.3700738767807928,1,0.1107579802795404,-0.0292162402866952,0.3740221429342676,1,0.10865709429445025,0.03889571048733443,0.362478402683081,1
301.816053,grid_0445_y582_z540,472.186,584.742,538.787,85.67941459300476,0.637,-0.058526155492664725,-0.0014399945102039318,0.3662095834598361,1,-0.002603605287752035,-0.04529328873934052,0.37360369087920803,1,0.05937415555532235,-0.06382595692287493,0.36318363255670433,1,0.1072209299407283,-0.028462094555318708,0.36585841021205423,1,0.10953657220301967,0.03921888569095676,0.3659238950773521,1
302.455805,grid_0446_y580_z540,472.182,582.664,539.274,83.54571564119853,0.629,-0.0605747871244031,-0.0017865128770531446,0.36479348317846133,1,-0.004422922000085919,-0.04453752194442402,0.3691580139404773,1,0.0583967926909531,-0.06384659891784725,0.36659661599602733,1,0.10585682736071098,-0.028279371450322565,0.36506992777436575,1,0.10940016734911148,0.039110619445812234,0.365662792454959,1
303.090056,grid_0447_y578_z540,472.082,580.732,539.435,81.6355621589023,0.624,-0.06232296030107365,-0.0020549965914379116,0.36357265213410916,1,-0.006130957133397908,-0.044989894553169416,0.3761430146140149,1,0.05680996641900243,-0.06323192325168499,0.36609919713349826,1,0.10506262955565009,-0.028313169994082947,0.36583044809160314,1,0.10940016734911148,0.039110619445812234,0.365662792454959,1
303.845067,grid_0448_y576_z540,472.409,578.54,539.558,79.48802655117309,0.743,-0.06522210168132299,-0.0018603986268243247,0.36577463196402976,1,-0.008002439941028304,-0.043995552646839145,0.37487600502772844,1,0.054735098628720925,-0.062004288407450724,0.3639073211882586,1,0.10357214098333004,-0.028209888947174366,0.36552530462937693,1,0.10822680907233768,0.038978781957458505,0.36239982744441457,1
304.484069,grid_0449_y574_z540,472.433,576.645,539.267,77.73857331466792,0.628,-0.06690855797895728,-0.001738462229721041,0.36358067288210966,1,-0.009677464690526445,-0.043220922605905765,0.3738229393369366,1,0.0532135262910768,-0.061527887063615935,0.36463172644350356,1,0.10374045526361049,-0.028500845604335513,0.37020558780095486,1,0.10659622523277852,0.038376739384696476,0.35726941558507097,1
305.328207,grid_0450_y572_z540,472.461,574.603,539.343,75.75390485644948,0.731,-0.06892841193675397,-0.0015830805415017672,0.3643306863162361,1,-0.011596802297691933,-0.04284951752461587,0.3769186343435138,1,0.051574422056745686,-0.06078414384174905,0.3645895741025051,1,0.10232650542025368,-0.028265776572118,0.36842084246238355,1,0.10528370224172753,0.037804349879335356,0.3528434956057426,1
305.974286,grid_0451_y570_z540,472.575,572.609,538.927,73.959943057036,0.635,-0.07108387080953046,-0.0011903346134183573,0.3633192475688169,1,-0.013403835627655871,-0.04135813454561513,0.372148695566981,1,0.04944228423426559,-0.05955707139928971,0.3629832208807168,1,0.10084333006299055,-0.02809703329022801,0.3675096505032426,1,0.10651749868917441,0.038503396392577785,0.3584701628815303,1
306.620805,grid_0452_y568_z540,472.554,570.614,538.878,72.06665812981761,0.637,-0.07427439948674897,-0.0009037921169987387,0.36739583309492657,1,-0.015348713449250836,-0.04052590278760902,0.37201231983293226,1,0.047762778095899475,-0.058903043389637345,0.3640205243903451,1,0.09973195777541777,-0.027960408049484874,0.3686907049878875,1,0.10681010991614495,0.038667799528153315,0.3598181615120721,1
307.263913,grid_0453_y566_z540,472.509,568.701,538.509,70.35524379177437,0.632,-0.07567655719340902,-0.00043958592553207187,0.3653475639155544,1,-0.017031986722621285,-0.03956773522122432,0.3715597146705279,1,0.04644444172805748,-0.05845393915319379,0.36608963839087183,1,0.09937075398113321,-0.028219561574382712,0.3720878723640875,1,0.10750090293761494,0.0387763778943913,0.36183244755316585,1
308.009265,grid_0454_y564_z540,472.612,566.601,538.58,68.34016900037636,0.735,-0.07821012705923272,-0.00019355025955418139,0.36595138016596407,1,-0.019171199221388786,-0.03892614846968491,0.37333506439021613,1,0.04479800958414809,-0.05781851728553887,0.36780175939530824,1,0.09812063603442048,-0.02768165695548992,0.37161946620086517,1,0.1080656326957807,0.038928417547675176,0.3651701290350883,1
308.649505,grid_0455_y562_z540,472.654,564.553,538.797,66.33147733919397,0.63,-0.08013728998051652,-0.00025824145845951935,0.36520419464604953,1,-0.020870500177547133,-0.03803424842684422,0.37058320360453245,1,0.043246637421224955,-0.057088634816314675,0.3675402008016212,1,0.09673738065922555,-0.0274294869352374,0.37033493678439067,1,0.10760893637780038,0.038903800749074645,0.36433349150507127,1
309.297662,grid_0456_y560_z540,472.522,562.613,539.08,64.40392605268727,0.637,-0.0827664106056023,-0.0005383220652104764,0.36799538583855745,1,-0.02253756792102237,-0.03776588725282858,0.37286622524157675,1,0.042018564806733855,-0.05652646770971449,0.36844534008935675,1,0.0955402127207899,-0.027301518682040025,0.37094646379951834,1,0.10708513271934131,0.038827653588278374,0.362780692750464,1
310.049506,grid_0457_y558_z540,472.611,560.428,539.223,62.2976931836164,0.741,-0.08462677984852802,-0.0006039871789650895,0.3662492308796955,1,-0.02401620961451354,-0.03670599407996695,0.3695617269102889,1,0.0403793919692784,-0.0556123344638745,0.36832342428828896,1,0.0930789701185512,-0.026588688116584713,0.36561914735590795,1,0.10853223642025331,0.039364955104243794,0.36824195134927923,1
310.742334,grid_0458_y556_z540,472.595,558.402,539.48,60.30569947359874,0.683,-0.08758239928844276,-0.0007362805857737114,0.36899691024257,1,-0.02607456554354858,-0.036322329197088846,0.3711817390126607,1,0.03859695262804792,-0.05474367310022009,0.3684743650093846,1,0.09244251580816831,-0.02642544786266009,0.3682681348295407,1,0.1085254721277957,0.03932572375947831,0.36852425709168546,1
311.380555,grid_0459_y554_z540,472.354,556.736,539.364,58.78323803602521,0.628,-0.08967907767820853,-0.0005430373354811672,0.36952792112728416,1,-0.027736784594814233,-0.03556969849468235,0.37194590473167094,1,0.03660139832503323,-0.0531592548811262,0.36463535201813174,1,0.09252902397501113,-0.026628525413228375,0.3737644661297702,1,0.10601766575640181,0.038247710067332755,0.36029132246334167,1
312.014,grid_0460_y552_z540,472.464,554.627,539.353,56.82265813916136,0.622,-0.09169973901917569,-0.00042830172084876606,0.36923599581476335,1,-0.029281494128825563,-0.034365478366801684,0.3686330658552749,1,0.03545063403856143,-0.052579126942736844,0.3675196218749626,1,0.0907141916385846,-0.025994697557577225,0.370196565611199,1,0.10531162265189686,0.03828778669137128,0.35823067276124243,1
312.752509,grid_0461_y550_z540,472.425,552.615,539.315,54.971287605440004,0.728,-0.09483377253905735,-0.0003488284552103473,0.3715796974814386,1,-0.03166569431685365,-0.033503657271618706,0.3713531629177701,1,0.03316741099689964,-0.05086682085661468,0.364183860269721,1,0.08950807424344918,-0.025778548608938794,0.3718617482619841,1,0.10613774376715235,0.03866603050378925,0.3621382205112599,1
313.392121,grid_0462_y548_z540,472.564,550.639,539.169,53.20983997344857,0.629,-0.09522690482872123,0.00015423652852227,0.3659137810920653,1,-0.03330828360188648,-0.03276104455398012,0.37212022920030136,1,0.03143498108156228,-0.049692103431536246,0.36184991909645803,1,0.08831228547573441,-0.02515749441489585,0.3709975699804501,1,0.10604829803995482,0.03874433337274272,0.36229195482259857,1
314.041545,grid_0463_y546_z540,472.54,548.748,539.139,51.49173946372377,0.639,-0.09786714153092445,0.0004994467834746124,0.36812167339518376,1,-0.035222396233270684,-0.03193927422402561,0.3738282399190182,1,0.030435976737983976,-0.04961947381412324,0.3690726938432204,1,0.08736259707123077,-0.024976337439886136,0.3729902256390941,1,0.10592297275161541,0.03874617854939416,0.36200970212445455,1
314.778756,grid_0464_y544_z540,472.699,546.796,539.06,49.75496936990324,0.728,-0.100178124746691,0.0006719343725708433,0.3683364512667663,1,-0.03666012298360867,-0.030710019377568554,0.3694988551123693,1,0.028413821383175386,-0.0483386589434426,0.36781300493603836,1,0.08419449681732999,-0.024002930569133753,0.3647733657043789,1,0.10592297275161541,0.03874617854939416,0.36200970212445455,1
315.415448,grid_0465_y542_z540,472.67,544.959,539.037,48.10981960057631,0.625,-0.10353710966538177,0.0007993730976128264,0.37315326555370515,1,-0.03797356140650521,-0.029869446223913555,0.36719905602711433,1,0.026855345645265417,-0.04721391422769075,0.3664299949821303,1,0.08422880580539412,-0.023819149324694717,0.37048892640610254,1,0.10726256643186363,0.039103334644383106,0.3673582308527992,1
316.052724,grid_0466_y540_z540,472.672,542.776,539.163,46.10391507236667,0.625,-0.10456936618427774,0.0009047826725778248,0.3686770543159955,1,-0.04005282332259295,-0.028939651682010042,0.36783476034972196,1,0.02479216380260592,-0.04519025155982421,0.3608690869367287,1,0.08261312226423288,-0.023281930141561935,0.36892783243075944,1,0.10549678393562975,0.03885389783579798,0.36243609690001066,1
316.796366,grid_0467_y538_z540,472.687,540.67,539.299,44.178425368045886,0.734,-0.10700528462767991,0.000963933269170808,0.3693886072527408,1,-0.04261455267415411,-0.02849424341490616,0.3738973380425744,1,0.023179637945169678,-0.043771863628165555,0.36155106841445817,1,0.08094323118711821,-0.02263561203363098,0.3671052014949189,1,0.10466348942576365,0.03876559832665063,0.36048437497030683,1
317.439253,grid_0468_y536_z540,472.524,538.732,539.336,42.46199479534611,0.629,-0.110183450507217,0.0010013416296052967,0.37320420585980196,1,-0.0439677282500498,-0.027146602865230584,0.36912074564155983,1,0.02169014815670538,-0.04296158900995981,0.3648701058961878,1,0.07983384110861118,-0.02235538019162416,0.3687504214337616,1,0.10412313862146252,0.03874305853028058,0.3603755472978033,1
318.080946,grid_0469_y534_z540,472.468,536.648,539.416,40.62046078025214,0.631,-0.11218449285045518,0.0010570252273576779,0.3722359997805923,1,-0.045780100535769086,-0.026213191817893233,0.3696921272683203,1,0.01984176040393526,-0.04175997890462167,0.364414696048699,1,0.07817760055560956,-0.021609492407090317,0.3666222178098047,1,0.10383047701800355,0.03866114516437369,0.3594975515535373,1
318.726145,grid_0470_y532_z540,472.505,534.568,539.525,38.793208374662726,0.635,-0.11424079921447512,0.0010542208991886517,0.3717770756026769,1,-0.04767795701127779,-0.025356013831145476,0.369777258159892,1,0.018078811740011545,-0.04012027843425716,0.3626572402485685,1,0.07786125900837745,-0.021341331896287792,0.3725758190067626,1,0.10516216617718743,0.03899416316403015,0.3640371126043142,1
319.484591,grid_0471_y530_z540,472.516,532.563,539.17,37.31527669735283,0.747,-0.11653814291226519,0.0014095712905348406,0.37129869807760907,1,-0.05041606914555138,-0.024358044534295423,0.3743103990768223,1,0.016480776856565953,-0.03912622866671964,0.3681134530284226,1,0.0762445873844881,-0.020534033282680136,0.3718674687727366,1,0.10563342144616508,0.039112358038876596,0.3657502633671107,1
320.122192,grid_0472_y528_z540,472.639,530.539,539.344,35.565367564528266,0.627,-0.11882062985704059,0.0015896603587858137,0.37193150856780555,1,-0.05186516392176397,-0.023042158572079745,0.37223386883646853,1,0.014904775774469886,-0.03772348357731801,0.3675864369487208,1,0.07418188288103626,-0.019592057697929464,0.36834774565697814,1,0.10586680177567323,0.03947548715273158,0.3675423711104835,1
320.774282,grid_0473_y526_z540,472.663,528.547,539.108,34.122783268660925,0.639,-0.12192039526052849,0.0020023264305253237,0.37429651394107777,1,-0.0536810757939141,-0.021731367167223483,0.371081662598885,1,0.012765617395939542,-0.03570932075188149,0.36510794875662966,1,0.07315950130961175,-0.018884968880894568,0.37059708215744364,1,0.10479200343802711,0.03923542209731036,0.36521030869201504,1
321.523401,grid_0474_y524_z540,472.782,526.463,539.159,32.48556260864202,0.736,-0.12429760492894042,0.002145169873779862,0.37537351979576405,1,-0.05567080657763133,-0.020650006457368454,0.37258226460716287,1,0.011147657337665174,-0.03457111083389528,0.36606274024128804,1,0.07232509369650028,-0.018611427595441238,0.3731188139455609,1,0.10443302583459617,0.03910822163022818,0.3635818880583643,1
322.161096,grid_0475_y522_z540,472.88,524.534,538.975,31.175529586520266,0.626,-0.1263059714763398,0.0024707330041642307,0.37418657050157195,1,-0.05728366518496425,-0.01928047278128902,0.3699845040009588,1,0.009381737665392801,-0.03272370656947935,0.36317848686513343,1,0.07016063499095364,-0.01738715912884084,0.3696320051590397,1,0.1052171142451751,0.03951171262987715,0.36727878589246243,1
322.805201,grid_0476_y520_z540,472.816,522.625,538.905,29.860089584594398,0.633,-0.12844680368373454,0.002774641844731918,0.3745282114685029,1,-0.060339120193737716,-0.018605762609207335,0.37796441742748843,1,0.0077153777228204466,-0.030725066774948954,0.36047215452359105,1,0.0688070069873267,-0.01660002900516306,0.3711849140728468,1,0.10386110158217021,0.039101744695979004,0.36378001152604666,1
323.447136,grid_0477_y518_z540,473.089,520.467,538.811,28.479667782472454,0.633,-0.13205150278101416,0.0032573555038990292,0.37789424850266534,1,-0.06149455790530859,-0.01682746642592568,0.3731935023363238,1,0.005945303439096226,-0.028947214541577736,0.3609140406664475,1,0.06778512317037706,-0.015777009835742747,0.3731567478088027,1,0.10188458604668675,0.03866331425280081,0.35788646916247496,1
324.198472,grid_0478_y516_z540,473.016,518.532,538.905,27.173422548512434,0.741,-0.13331974384359827,0.0033503718308954293,0.3747646505073725,1,-0.06314577941754759,-0.015248955082068527,0.3699768781668386,1,0.0039417160029191585,-0.027277873727572743,0.3631765139096693,1,0.06518662064784644,-0.01440289022869112,0.3680098382206297,1,0.10364515330387256,0.03955770047841743,0.36530390697929216,1
324.834241,grid_0479_y514_z540,472.984,516.511,539.032,25.872228721159658,0.625,-0.13642660877970675,0.0033719909374338303,0.3773693788059815,1,-0.06526511734882509,-0.014183801402344223,0.37112336261927165,1,0.0022761948090007722,-0.02537046415987252,0.3608383403290123,1,0.06343062292876704,-0.013432164070476824,0.36641954988272146,1,0.10422269664359216,0.03990289379762316,0.3680186278637904,1
325.47143,grid_0480_y512_z540,472.877,514.5,539.327,24.526834039476057,0.626,-0.1385377547551816,0.0031483293122201864,0.37694950923554166,1,-0.0675755234480228,-0.013135182656030664,0.3730275076342112,1,0.0005417768145150682,-0.02390723136253336,0.365478292490087,1,0.06262805319084373,-0.012421752341069988,0.37080851174271884,1,0.103033314744768,0.039856726342250806,0.3648013993421995,1
326.221182,grid_0481_y510_z540,472.851,512.463,539.279,23.578564354090783,0.739,-0.140264132646113,0.0034036997751059695,0.37579184990656467,1,-0.06884092387848958,-0.011760865189537196,0.3693049622065364,1,-0.0012567464504367907,-0.022208843230334313,0.36789051006208423,1,0.06018427203728628,-0.011222146766843962,0.3650715668973107,1,0.10313240529374448,0.03988037466979598,0.36616669409589403,1
326.859004,grid_0482_y508_z540,472.699,510.535,539.458,22.600269246183835,0.626,-0.14300344673878948,0.0035124897554263935,0.37732418727442907,1,-0.07087082736035363,-0.01059626447144565,0.36954196140595114,1,-0.003049727904105148,-0.019737171842062456,0.3629616922391638,1,0.058224320674065334,-0.009795094757512663,0.3631650259853732,1,0.10166474986315781,0.03950304082319093,0.361906209389612,1
327.498658,grid_0483_y506_z540,472.747,508.57,539.551,21.829960054933657,0.628,-0.14437865560079305,0.0035911088982925263,0.37517204087119593,1,-0.07284623227774376,-0.009386710356300293,0.3706095621895513,1,-0.004778048933038362,-0.0179870697259202,0.3650496334726372,1,0.05720921571193628,-0.00846750066694156,0.36783215581633877,1,0.10328646258269454,0.04043142402599037,0.36880754665005616,1
328.136584,grid_0484_y504_z540,472.823,506.534,539.574,21.268339968131095,0.626,-0.14716345413523055,0.0035556327935756756,0.3768245860889251,1,-0.07453026523303012,-0.007854194045837301,0.36864406459357946,1,-0.006735028511817859,-0.01609156136635794,0.3682749245971877,1,0.054922290665887205,-0.007013664049811906,0.3640094799825082,1,0.1029593114884004,0.04050575110037416,0.36830855968405973,1
328.882723,grid_0485_y502_z540,472.753,504.674,539.605,20.899304007550104,0.735,-0.15017881708556965,0.003966284985511799,0.37843655770544127,1,-0.07812154033432542,-0.006509851445165712,0.3760214994158565,1,-0.008729937673883512,-0.013449347569723102,0.36492298259329287,1,0.052915199250249643,-0.005536462440905362,0.3630770320158681,1,0.10265353254125623,0.04064465633228846,0.368499740223723,1
329.529466,grid_0486_y500_z540,472.925,502.548,539.574,20.754467784070073,0.636,-0.15263136920280732,0.004323853493910119,0.379059836631878,1,-0.07925346681348892,-0.004992179490971671,0.37194911883846726,1,-0.01049707679141583,-0.011275877184594267,0.3646294673781931,1,0.05146919544256048,-0.0038627658277157148,0.36366229709751036,1,0.10130948166848439,0.04018579231309231,0.3652771638939917,1
330.161524,grid_0487_y500_z542,472.278,502.533,540.585,19.718004310781538,0.622,-0.1533164849822352,0.0034895528448834305,0.38010993993576225,1,-0.08049313551036948,-0.0051315389143111794,0.3761870562387507,1,-0.011011130556862057,-0.01098524221467687,0.36569513350043453,1,0.05099869067965268,-0.0034250955933372755,0.363492404015445,1,0.1006929044909642,0.03994750974467997,0.3636397431176546,1
330.897068,grid_0488_y502_z542,472.349,502.59,540.861,19.44648976036552,0.725,-0.15160721517971615,0.0031441488521621193,0.3761875165923595,1,-0.07971647688898582,-0.005467678023625205,0.37321704931600647,1,-0.010483104017394784,-0.011019915559936339,0.35730382918401615,1,0.0511590517541437,-0.0035079509015785207,0.3653669829763132,1,0.1006929044909642,0.03994750974467997,0.3636397431176546,1
331.544382,grid_0489_y504_z542,473.08,502.91,542.103,18.260589174503718,0.637,-0.15136825487224842,0.0019418380395645877,0.37554964782324474,1,-0.07937082340592228,-0.006475840796160699,0.37132503399889105,1,-0.010278767075488374,-0.011848041014365911,0.3625653145806823,1,0.05156094414463793,-0.0038558562337229056,0.36426956033877267,1,0.1006929044909642,0.03994750974467997,0.3636397431176546,1
332.190734,grid_0490_y506_z542,473.333,504.273,542.234,18.283933001408627,0.636,-0.15131701579751278,0.0014479849300164738,0.3779515970793413,1,-0.07831037616806551,-0.007601913876155317,0.37158696301338945,1,-0.00952410034906637,-0.013318088306157572,0.36703153885590767,1,0.052344617773065774,-0.004979276491756499,0.36475503770158524,1,0.10165386509794953,0.04044249449568547,0.3657263475013524,1
332.824967,grid_0491_y508_z542,473.356,506.293,541.925,18.965218427426624,0.625,-0.1484092597746511,0.001470498692470729,0.3759132390491279,1,-0.07650106357924759,-0.008788227108024836,0.3721261734677481,1,-0.0076088851711471174,-0.0152326467933869,0.36355305058814363,1,0.05425635849376431,-0.006524492749308742,0.36676014073144164,1,0.10219971135746198,0.04043647816201476,0.366517368441281,1
333.558633,grid_0492_y510_z542,473.395,508.184,542.056,19.37950734667937,0.724,-0.14694633166021814,0.0012202902153224124,0.37787802093159695,1,-0.07361881196880511,-0.010249047418446839,0.368201027418991,1,-0.0057457869233144545,-0.017868617335530208,0.3660868654529513,1,0.05655647193679595,-0.007946618589427268,0.3702181162984009,1,0.103403736219955,0.040598321013672924,0.3699817729900913,1
334.195057,grid_0493_y512_z542,473.468,509.997,541.891,20.2057101335242,0.626,-0.14473273807609266,0.0011430451025812851,0.3769810721166228,1,-0.0727234518615272,-0.011532192551083755,0.3718924583834612,1,-0.004254175706086394,-0.019626413357962898,0.3677467069756458,1,0.05735985820513266,-0.009167886259363874,0.3653279897735032,1,0.1018157769675649,0.0397971931040522,0.36289683199783546,1
334.833817,grid_0494_y514_z542,473.449,512.003,542.165,20.858983891839106,0.63,-0.14246468061586723,0.0006874251419157453,0.3770178982310822,1,-0.07024677207879963,-0.013004348004551386,0.3692752302050945,1,-0.0023021280861294274,-0.021608418745280456,0.36588677813749715,1,0.0589404657969552,-0.01047711336268561,0.36396145726015944,1,0.10263594679665175,0.03975186678453796,0.3649066507733825,1
335.568959,grid_0495_y516_z542,473.573,514.099,541.576,22.458096045747098,0.725,-0.1394398800509945,0.0008050392215249511,0.37438328671491716,1,-0.06782389703679717,-0.013873423305060592,0.3668921145991886,1,-0.0005111664897361506,-0.02338775864978752,0.3649536277356885,1,0.06073816467697418,-0.011774283174159494,0.3659640851928986,1,0.10269538764771531,0.03980580601855559,0.3641651205651213,1
336.202766,grid_0496_y518_z542,473.691,515.874,541.955,23.185488651309473,0.622,-0.13839989395041036,0.000568764653659487,0.3773309897976212,1,-0.06643376878871507,-0.015306300278386493,0.36975122982761593,1,0.001280790209876635,-0.025258995828296965,0.3637809441699858,1,0.062394666793860874,-0.012818317231697397,0.36647222593703843,1,0.10246452286762549,0.039766587341222084,0.36301679891896077,1
336.842501,grid_0497_y520_z542,473.797,517.91,541.419,24.88691238382136,0.626,-0.13558850190041521,0.0006677498994737497,0.37574666192925454,1,-0.06430386439681167,-0.01630552259316464,0.368317958479217,1,0.0029567929884857696,-0.02691158862776998,0.36211875680968025,1,0.06412409095256136,-0.013861923929993632,0.36819537530020197,1,0.1041257981891601,0.03988618598652638,0.3676657693618713,1
337.487626,grid_0498_y522_z542,473.818,520.0,541.441,26.273667216435552,0.634,-0.13267159588753122,0.00061221053065201,0.37360577318241645,1,-0.06348081748025972,-0.018060014810374257,0.3752934344170744,1,0.004783850416569583,-0.028459987454551423,0.3585245000579918,1,0.06735935575007064,-0.015239603035679903,0.3767137529703096,1,0.10292766861389224,0.03917606410652183,0.3625675562684919,1
338.226019,grid_0499_y524_z542,473.623,522.135,541.483,27.752828054092127,0.728,-0.12896910277888726,0.00048478957609896737,0.37014162009383095,1,-0.06074833630842186,-0.01927614509239676,0.3719204838639226,1,0.006745933497863084,-0.030680746183310115,0.3616274703583273,1,0.06848414169244552,-0.016245584163154626,0.37348375794303024,1,0.10307224799681561,0.038879331188028575,0.36168484092687575,1
338.86495,grid_0500_y526_z542,473.706,523.979,541.735,28.97418081672031,0.629,-0.1288874540282489,-1.044508459408823e-06,0.3754978288359997,1,-0.05883452986226819,-0.020436945795917837,0.3700305194158108,1,0.008295197182691753,-0.032408247142274624,0.362679425998111,1,0.06911744429556446,-0.016843214661077945,0.36973392627578733,1,0.1046235006906675,0.039338917776990424,0.3660732752130192,1
339.501058,grid_0501_y528_z542,473.684,525.953,541.853,30.438440663082634,0.625,-0.12630964727603292,-0.0004267167809171124,0.3752519809188522,1,-0.05671027910538588,-0.021676085775464704,0.37009867927331397,1,0.010152504914801071,-0.03381257347249543,0.3594967435560109,1,0.07074901463263066,-0.01782750536459741,0.36947911809132,1,0.10447710855749699,0.03923539939933146,0.3640795804166421,1
340.236689,grid_0502_y530_z542,473.48,528.137,541.915,32.151687265212075,0.726,-0.12356378131451835,-0.0006675811215926067,0.3735682362496863,1,-0.05508010671686388,-0.02318959711713283,0.372526800368281,1,0.011892242189686774,-0.035236778078888135,0.3607915888311541,1,0.07271299187755799,-0.01872971629998973,0.37194107633412543,1,0.10420981967486416,0.03919931336398581,0.3625308185609873,1
340.877245,grid_0503_y532_z542,473.337,530.255,542.027,33.84070467646914,0.63,-0.12118974662059945,-0.0009994146129504165,0.3738561424562675,1,-0.05273288006140118,-0.024190845567870278,0.3699195913626904,1,0.013706128799932627,-0.03709386812719786,0.361117919147697,1,0.0741020971476587,-0.019625384321713582,0.3709013722582019,1,0.10524060272153819,0.03943088809816192,0.36575226703458064,1
341.514162,grid_0504_y534_z542,473.413,532.195,542.104,35.45116480455901,0.626,-0.11914016809508636,-0.001216948802292856,0.37445756464602875,1,-0.050888649663184474,-0.025519945730651982,0.37107275898966713,1,0.015578184668896544,-0.0386776522567611,0.3620007642718341,1,0.0750142914816927,-0.02006221500530911,0.36824127689967534,1,0.10542174558604515,0.039146109163893425,0.3652984517967246,1
342.152402,grid_0505_y536_z542,473.437,534.152,541.98,37.20441464396402,0.628,-0.1172555016401619,-0.001303172461042984,0.3752109678017026,1,-0.049292824943472945,-0.026793536253736518,0.3732098512474272,1,0.017482678393812373,-0.04050852846925625,0.3655367856517914,1,0.07717763320021713,-0.02092016531011922,0.3726676090938447,1,0.10582973662614445,0.03922609131772235,0.36667195716062195,1
342.888784,grid_0506_y538_z542,473.414,536.226,541.936,39.040824043557286,0.726,-0.11364699527764435,-0.001360126847378393,0.3715933815071358,1,-0.04675586369369128,-0.027308417509514328,0.3679130998027037,1,0.019055239631532127,-0.041589101250719254,0.35987971595261325,1,0.07795828341161397,-0.021380071680430695,0.3681889334440184,1,0.10422379536756676,0.038749535954272094,0.36070446412560425,1
343.523129,grid_0507_y540_z542,473.564,538.146,541.679,40.86642422576265,0.624,-0.11100701029611729,-0.0013114344270103225,0.36876098134945445,1,-0.04507752424871967,-0.028051863725692017,0.3671071780002454,1,0.02072557171018574,-0.042862883372370805,0.3642289049927268,1,0.07947468183954423,-0.022030892152127567,0.3697755900527483,1,0.10383510938645794,0.038684336894939,0.35977524306750486,1
344.153152,grid_0508_y542_z542,473.673,540.19,541.443,42.80243217388479,0.621,-0.10913101483541354,-0.0013023171016809027,0.37000899586735714,1,-0.043401427759410936,-0.029046291607912174,0.3691734954100697,1,0.022353053485218842,-0.044196789318738224,0.36468061460183393,1,0.08136987931686128,-0.02272294365913436,0.3720006899590068,1,0.10526680160403752,0.039182200044435,0.36346880886363797,1
344.8924,grid_0509_y544_z542,473.786,542.254,541.434,44.67155164083743,0.73,-0.10683462580888377,-0.0014180165179813078,0.36936449242630187,1,-0.04126424964601773,-0.029792998975353684,0.3667672390264867,1,0.023462742455544038,-0.044444363952299275,0.3567660617484674,1,0.08303487791102407,-0.0231803315920062,0.37335742560260804,1,0.10572459953265052,0.03933611929130963,0.3637151758279041,1
345.532841,grid_0510_y546_z542,473.61,544.262,541.265,46.55908084359053,0.63,-0.10424778301349717,-0.001316339298989476,0.36831578268199744,1,-0.03964439933110994,-0.0307979972816041,0.3693746493698424,1,0.025418780661813956,-0.04588536662315288,0.3599258798058567,1,0.08433691711930688,-0.02374751171090797,0.3743019153701622,1,0.10672901305136573,0.03933002544080016,0.3662839957206804,1
346.180253,grid_0511_y548_z542,473.805,546.054,541.572,48.08639284662554,0.637,-0.10338512783813796,-0.0016869263974815124,0.37209427284172003,1,-0.037289944943403305,-0.031040340080754125,0.36135002496847324,1,0.02730462767424065,-0.04727486327883537,0.3621353253988529,1,0.08365728371934866,-0.023839312870047005,0.3658392146730906,1,0.10659391241360969,0.03899871361676348,0.3646018893516804,1
346.975683,grid_0512_y550_z542,473.999,547.935,541.445,49.878887206913475,0.785,-0.10103431151812525,-0.0018895256138547155,0.3707290290476821,1,-0.03582208892813524,-0.032320270231974556,0.3630855374945057,1,0.029530552166287926,-0.049413782244210024,0.36914634930807555,1,0.085856863802965,-0.024621573330295122,0.36980314215275195,1,0.10592297275161541,0.03874617854939416,0.36200970212445455,1
347.607477,grid_0513_y552_z542,473.885,549.991,541.563,51.738712440492776,0.621,-0.09788299426674847,-0.0021677282437330115,0.3672337840534813,1,-0.03428147756895385,-0.03369653312378744,0.36766961338343956,1,0.030811549094423397,-0.05020425334925618,0.36504991380406204,1,0.08738294253451265,-0.02499381840107805,0.36953417750059625,1,0.10592297275161541,0.03874617854939416,0.36200970212445455,1
348.244915,grid_0514_y554_z542,473.914,551.876,541.735,53.43992830272136,0.627,-0.09538038592727838,-0.0023049350924837083,0.3660562674551985,1,-0.03230135922705168,-0.034548105785993835,0.3657901828063944,1,0.031904403228793274,-0.05055846269407825,0.3593358331466455,1,0.08846720213644846,-0.02552625268693797,0.3696236925487847,1,0.10621539842440735,0.038741873137207464,0.3626682917534573,1
348.884078,grid_0515_y556_z542,473.867,553.902,541.522,55.41272363816821,0.628,-0.09303875750787097,-0.002302514617040237,0.36549922883876135,1,-0.03044681632041743,-0.035152766203748353,0.36593087181980233,1,0.033845781003613455,-0.051792538793930275,0.36192668487463797,1,0.0891443833125725,-0.02549844488934605,0.36672785000745095,1,0.10631654354271344,0.03871538221073595,0.3616505744022024,1
349.628128,grid_0516_y558_z542,473.895,555.852,541.771,57.16985065574338,0.733,-0.09142748281291894,-0.0026465008341937414,0.36768284134263424,1,-0.02880517441046567,-0.036626510602483835,0.3686125874367216,1,0.03525660421382556,-0.0524547339205628,0.3579575593326919,1,0.09184917435825343,-0.026253676122234067,0.3720598334800843,1,0.10617588690100106,0.03835872898526597,0.36073753226260574,1
350.281644,grid_0517_y560_z542,474.029,557.761,541.79,58.976906175214054,0.644,-0.08913981330870856,-0.0028416622859307175,0.36655126322075404,1,-0.027223972993263006,-0.037089839275431316,0.3679991056578575,1,0.03734285173884898,-0.05383852611524179,0.3610594160372277,1,0.09247006034298236,-0.026428498140063227,0.3702161586899629,1,0.10789852053494724,0.03905622033644192,0.36646602343459955,1
350.931379,grid_0518_y562_z542,473.996,559.9,541.49,61.100513009302965,0.638,-0.08687349624588625,-0.0027539059855254096,0.3658613771554711,1,-0.02558233317371055,-0.03808251721344082,0.3706112521659758,1,0.03933727178756035,-0.055572135223730355,0.3665967794859369,1,0.09289851769061093,-0.026477579786190225,0.3667794883464051,1,0.10935801339898954,0.03971280982865976,0.37109291141605644,1
351.681282,grid_0519_y564_z542,473.836,562.081,541.34,63.21723026991933,0.74,-0.08441490957318729,-0.0026873270996590234,0.36510568568566043,1,-0.02389481412897957,-0.03918745346591958,0.3743130841431364,1,0.0412175950117796,-0.0565866282501578,0.36856958216296914,1,0.09561859973664419,-0.027290006449959166,0.3725465440779887,1,0.10805136366957857,0.03922614857165811,0.36614759048050816,1
352.31632,grid_0520_y566_z542,474.108,563.936,541.248,65.0244432348329,0.625,-0.08275862102929914,-0.0027513461225253384,0.3675223503795909,1,-0.02181621615722503,-0.03948640827759585,0.37100422251970977,1,0.042696315871861006,-0.05708060515638845,0.3663710919622,1,0.09703460080334005,-0.02757843683466371,0.37309211551792687,1,0.10721620675605217,0.03879638268796261,0.362973778007805,1
352.955662,grid_0521_y568_z542,473.981,566.086,541.366,67.04410871210092,0.628,-0.08066735993551297,-0.002933697777150019,0.3679120967567008,1,-0.019797876068400826,-0.039939354209518066,0.36850564235781497,1,0.043954242588001145,-0.05758020595985334,0.36446574612718347,1,0.09759161190073598,-0.027931240116340787,0.37129842229685744,1,0.10888086294945602,0.03932725461800849,0.3679491156948195,1
353.613087,grid_0522_y570_z542,473.848,568.045,541.34,68.9276523537542,0.646,-0.07773778650456323,-0.003010992156618836,0.3657096302421633,1,-0.017800484898563583,-0.04073129415060075,0.36790486718649923,1,0.04555262982767157,-0.058142291764308685,0.36256601955523216,1,0.09816704525951075,-0.027899274678168752,0.3682931117791422,1,0.10831725116568709,0.039044394292675144,0.3648662087555382,1
354.357551,grid_0523_y572_z542,473.774,570.24,541.476,71.00141797175607,0.734,-0.07543282745835318,-0.003104144847554273,0.3660666927674817,1,-0.015983771088833927,-0.04240800742171631,0.37564448607779277,1,0.04775785818218072,-0.059265962074464884,0.364173284844303,1,0.10124547649669254,-0.0282713682605333,0.3743758351350565,1,0.10700747935085067,0.03869882191850702,0.36039367180952747,1
355.021643,grid_0524_y574_z542,473.837,572.052,541.559,72.72989781376026,0.653,-0.07334600162686832,-0.003322166113725061,0.3644832237499101,1,-0.014390357241832413,-0.04263774310656761,0.37224183582057985,1,0.049018763182809504,-0.05985911473571426,0.3621286267657463,1,0.10020224470647769,-0.027905986060283706,0.3668147971879464,1,0.10681010991614495,0.038667799528153315,0.3598181615120721,1
355.675109,grid_0525_y576_z542,473.731,574.155,541.958,74.66133153112126,0.641,-0.07111499748510966,-0.0038222938324717986,0.36458783232004127,1,-0.012445773807283443,-0.043435871552102344,0.3702928715369306,1,0.05124891539110436,-0.06084458228412011,0.3637660568798866,1,0.10062969626017886,-0.027860268161606326,0.3642698908620944,1,0.10605147373309613,0.03825065487062147,0.35648363254392607,1
356.416504,grid_0526_y578_z542,473.927,576.145,541.576,76.68888098023078,0.73,-0.06870668139296829,-0.0038285684914703593,0.3627660436304054,1,-0.010553971931398096,-0.0441450532684894,0.3712497277481449,1,0.052563025434942054,-0.06127000330399977,0.3622696967253466,1,0.10342631585723783,-0.028392027129889908,0.37057501466593734,1,0.10659345896554928,0.03842975726774121,0.35726810478242244,1
357.051024,grid_0527_y580_z542,473.607,578.291,541.652,78.74481713738379,0.624,-0.06666681754047901,-0.0037842938200948486,0.36390294806232826,1,-0.008844644198553988,-0.04493336983498951,0.3716532397473313,1,0.054441009373395244,-0.06245042569202526,0.36393676601360186,1,0.10430186894167796,-0.02852160080153533,0.3686496404353742,1,0.10701284354190095,0.038629321962882754,0.3582098066702338,1
357.695781,grid_0528_y582_z542,473.826,580.303,541.363,80.77303031334161,0.634,-0.0641801240760049,-0.0037932118635975306,0.3631458690702279,1,-0.0069761794988785555,-0.04530792469109021,0.37035055279293705,1,0.056277312135407896,-0.06346503178517934,0.3653452445051854,1,0.10525166220832391,-0.02855938333624287,0.36774348840487175,1,0.10881107997056254,0.03904033044295503,0.3638494298747279,1
358.334319,grid_0529_y584_z542,473.765,582.323,541.297,82.75115463242794,0.627,-0.062497639494503064,-0.0037174142976575232,0.36535292894785326,1,-0.005237967960954949,-0.04651278957638226,0.3748975394049674,1,0.05790555076931917,-0.06392543500803423,0.36436993391203476,1,0.10552632618558899,-0.028295283837098773,0.3643286935306179,1,0.10940016734911148,0.039110619445812234,0.365662792454959,1
359.080275,grid_0530_y586_z542,473.849,584.386,541.084,84.80982495560288,0.735,-0.059993048738310004,-0.003594537132011382,0.364983340198314,1,-0.0030617779475033877,-0.0467719759345368,0.372530953145214,1,0.05933189736941753,-0.06423210305557588,0.3626705063551109,1,0.10605321091852149,-0.028251436727713845,0.3622007982452047,1,0.10940016734911148,0.039110619445812234,0.365662792454959,1
359.714096,grid_0531_y588_z542,473.921,586.129,541.2,86.484039070802,0.625,-0.05795655355673035,-0.003989976506725642,0.3634530023424464,1,-0.0017676764443452504,-0.0473449721514289,0.3734409367755611,1,0.06151636530778357,-0.06552249761986245,0.3675055559785668,1,0.10881017272898794,-0.028885784430094687,0.3681253840360272,1,0.1087203154240457,0.038883410315905385,0.3628930887017748,1
360.370176,grid_0532_y590_z542,473.932,588.292,541.157,88.6038822004996,0.646,-0.056078594939069706,-0.004136105770184434,0.3645697306956203,1,0.0003237594148903011,-0.04868938774493057,0.37784901702139917,1,0.06295624159883544,-0.0655133575848528,0.3645521121882102,1,0.11015719210938771,-0.028772851439089718,0.3689684056411616,1,0.10792524003392687,0.03843134962653349,0.35930328070721446,1
361.109257,grid_0533_y592_z542,473.92,590.237,541.228,90.4881578716243,0.727,-0.05424207623205933,-0.004218177284254195,0.3665697896699318,1,0.002139615845336281,-0.048258983204271466,0.3703096571883898,1,0.06475209703776943,-0.06650459770437586,0.3662615269073368,1,0.11062010315075085,-0.02858102728464556,0.3663358472114338,1,0.10815660263232692,0.038430326465406305,0.3596920477073038,1
361.744607,grid_0534_y594_z542,474.08,592.047,541.464,92.21325984369064,0.624,-0.05136478232368476,-0.0042362404431462155,0.36245595166346284,1,0.003759144000918852,-0.04875837540657154,0.3685881795233551,1,0.06638474478688135,-0.06708042661850984,0.3654468063662445,1,0.111964532695735,-0.02865859190469435,0.36690241398330725,1,0.10702636585682188,0.038186065217590534,0.3563597411976965,1
362.385427,grid_0535_y596_z542,474.036,593.992,541.549,94.09952351101465,0.629,-0.049474326901409155,-0.004789874346358519,0.36227394660525875,1,0.005557329420190509,-0.05028385588274874,0.37565587753388197,1,0.06890272972581357,-0.06829983777646408,0.3694422477361878,1,0.11406290287203227,-0.028880623183465615,0.3703074953519142,1,0.10893696363507958,0.03896018498214457,0.3621013611897611,1
363.038856,grid_0536_y598_z542,474.075,596.116,541.544,96.1832203713309,0.642,-0.04707635112352114,-0.004826742029799278,0.36032430480425254,1,0.007454707242617244,-0.05035837024365203,0.3713919419531554,1,0.07006096606631475,-0.06832888794170908,0.36639781839451047,1,0.1152606860479928,-0.028943772298413856,0.370975937146807,1,0.10961558859803071,0.03929523926266536,0.3635327694738937,1
363.786742,grid_0537_y600_z542,474.19,598.064,541.273,98.14896464558349,0.736,-0.045383251090115484,-0.004659132179630621,0.3650941361720339,1,0.009487575462313848,-0.051065749747736214,0.3732638531748279,1,0.07215706079860831,-0.06914954642678038,0.36844040853435994,1,0.11630244706854205,-0.02890356947170496,0.3706422056486339,1,0.10937151379323289,0.03919009507429141,0.36221965045267757,1
364.443667,grid_0538_y602_z542,474.288,599.979,541.247,100.03516986540292,0.646,-0.04248147872549947,-0.004426751519341581,0.35896989301038307,1,0.011005873803920258,-0.05142783432186952,0.372463672134845,1,0.07365318506811203,-0.06931569217495026,0.36716548110878444,1,0.11833815847080956,-0.029080837394306162,0.37401760408233964,1,0.10916316699897802,0.03910940186838503,0.36114656321752425,1
365.083806,grid_0539_y604_z542,474.198,602.176,541.045,102.22783063823675,0.631,-0.04051748827662839,-0.004354820278946179,0.36057010052878785,1,0.012898140200287053,-0.05163665498185684,0.37131519665289187,1,0.07460571235061741,-0.0690142647801656,0.3638774810217269,1,0.12132288703494835,-0.029464708116751996,0.3800504104253822,1,0.10985742174478164,0.03925065288754366,0.36297801300236043,1
365.831437,grid_0540_y606_z542,474.223,604.222,541.286,104.19378598073881,0.738,-0.03851111122126492,-0.004751478345518921,0.3607548262812544,1,0.014884887890911792,-0.052278621519202054,0.3710189325710208,1,0.07659384349024209,-0.06973057719468467,0.36501019404857316,1,0.12069507641774735,-0.028842928063734258,0.3739762076189651,1,0.11053283635949733,0.03931510160996724,0.36564778951376475,1
366.47501,grid_0541_y608_z542,474.161,606.224,541.411,106.13859281147465,0.633,-0.03611990103753766,-0.005071862771958528,0.3598929345009588,1,0.016785180847759894,-0.053183776336198564,0.3732305305853388,1,0.07855354539085006,-0.0702904349320237,0.36570565512216574,1,0.12189517333491473,-0.028743485058991262,0.37414285425737254,1,0.10911776706988478,0.03892139860389464,0.36070917192543267,1
367.116932,grid_0542_y610_z542,474.211,608.109,541.281,108.01751075172959,0.63,-0.034582569001267806,-0.0052305457263424875,0.36500628572236143,1,0.018828698277057444,-0.05393796083755357,0.37471709354065974,1,0.07952408136993067,-0.07014740764765978,0.36282465749449716,1,0.12293311393793352,-0.028764329760287068,0.37372253435502384,1,0.10924591391950966,0.03893148077972782,0.36020851209402327,1
367.768375,grid_0543_y612_z542,474.096,610.101,541.444,109.94795930348143,0.64,-0.03191738427867653,-0.005064427293996083,0.3603393177402384,1,0.02037016244948068,-0.05417162570253557,0.3728325400883413,1,0.08111523748592805,-0.07026457502013854,0.36162787896525456,1,0.12270896813623274,-0.0282347476673226,0.36914670424682566,1,0.10971874361667433,0.039002628941525216,0.36145467929122,1
368.512548,grid_0544_y614_z542,474.067,612.211,541.364,112.03975109754576,0.734,-0.02978528783227598,-0.005262571604665535,0.3635416588147211,1,0.02252516976332099,-0.05454662601911466,0.37152434649268057,1,0.08401786598095312,-0.07156769713502881,0.3659180616803243,1,0.12400683218955304,-0.028159051987453932,0.37011307780463526,1,0.11203557331722265,0.03988090525747623,0.3685321888959139,1
369.159881,grid_0545_y616_z542,474.012,614.098,541.327,113.90476044924547,0.637,-0.028116011358213382,-0.005454978902247054,0.3661486534064347,1,0.024183762549181427,-0.055377911647884845,0.3737350729306861,1,0.08507441351411225,-0.07148180653404043,0.3640099882519227,1,0.1249479304658756,-0.028175414181501584,0.37033623757734696,1,0.11312132564519936,0.040272644217454266,0.37181703773800556,1
369.792604,grid_0546_y618_z542,474.111,616.126,541.139,115.93743148785038,0.624,-0.02583918901615334,-0.005365863228022815,0.362661119219026,1,0.02561519710141763,-0.055309142698440436,0.37233253374854874,1,0.08662347916714892,-0.07164376765102166,0.36349989980062103,1,0.12580174580109516,-0.02780889495536721,0.3695464482618297,1,0.11119215398917773,0.03950381727953448,0.3645069929728947,1
370.530116,grid_0547_y620_z542,474.274,618.029,541.226,117.80358603624937,0.728,-0.023352069665533073,-0.005428130920179762,0.3577532008331948,1,0.027325645227857263,-0.0559718048311912,0.3725958442586154,1,0.08963942448492455,-0.07290138742778018,0.3684199554585093,1,0.127650867293721,-0.027710438587911168,0.3714727326807684,1,0.10941224474381947,0.03861137777800426,0.35756237598689017,1
371.166956,grid_0548_y622_z542,474.292,620.126,541.079,119.89680871899803,0.627,-0.021331070013793415,-0.005425093197675158,0.35948413526799416,1,0.02951183509749366,-0.056545612926964375,0.3738950673444862,1,0.09087612737127951,-0.07287925613698035,0.36675642912077927,1,0.12841225302666087,-0.027448900097112993,0.3705782835367825,1,0.10857078825440596,0.0382741194777691,0.35499228673278804,1
371.802782,grid_0549_y624_z542,474.082,622.284,541.003,122.03478815895083,0.626,-0.019119758480764398,-0.005408784761965976,0.3602759966410706,1,0.03182266054385681,-0.056764975211766114,0.37382894664491395,1,0.09243265420472481,-0.0728788864102734,0.3654801484456131,1,0.12916033915789643,-0.027145414052404122,0.36932418681339063,1,0.10988841317641777,0.038702649506235844,0.35999159504679784,1
372.44023,grid_0550_y626_z542,474.388,623.935,541.221,123.637331312189,0.624,-0.01688088633898385,-0.005545262534165301,0.35826979879964127,1,0.033461320436676864,-0.057410084575206,0.3742994989514282,1,0.09467029546602188,-0.07364585785963289,0.3678886221316966,1,0.1296904412183989,-0.02693412746112171,0.36819743782614706,1,0.11038269712711965,0.03879721112894866,0.36096322429701433,1
373.191584,grid_0551_y628_z542,474.279,626.02,541.283,125.68573793394381,0.74,-0.014526802655519255,-0.005665741485422053,0.36180065934082134,1,0.035782242250572104,-0.05803500932446355,0.3762409889844496,1,0.0963040268827458,-0.07360124367886815,0.36573080189623236,1,0.1330845920082194,-0.026947347344994366,0.37500224377291685,1,0.11021569951691712,0.03914213800884782,0.360000960662061,1
373.832594,grid_0552_y630_z542,473.933,628.221,541.198,127.86778076591463,0.629,-0.012483374882947712,-0.005677277619485754,0.3588342240573273,1,0.037589804859963376,-0.058079751650806734,0.3746630813248313,1,0.09832219172359395,-0.07382319879388667,0.36694000869472243,1,0.1341861558447845,-0.026891167757094207,0.3754817129872906,1,0.1106778886517017,0.039115445306992236,0.3603576154903686,1
374.474117,grid_0553_y632_z542,474.098,630.053,541.131,129.692019931837,0.63,-0.010348692915600022,-0.005596489176379888,0.3616065449409319,1,0.039469619579197604,-0.05842550754830426,0.3743888895408462,1,0.10085275416891262,-0.07466918689245426,0.3698847787862395,1,0.13303759220949027,-0.025954219274463224,0.36921865989584235,1,0.11103738627384581,0.03910655051434313,0.36100843287065576,1
375.228925,grid_0554_y634_z542,474.183,632.078,541.213,131.6844627129564,0.746,-0.008098553942732975,-0.00576960795931047,0.3584524516558988,1,0.04153168067632685,-0.059022519597195566,0.3758694946313815,1,0.1012158594182404,-0.0739176456052302,0.36477129297175004,1,0.1355881566795171,-0.025882953343239347,0.37280381760176845,1,0.11107873528989169,0.039212097931340714,0.3615620943358574,1
375.919342,grid_0555_y636_z542,474.216,634.201,541.141,133.79596330980996,0.679,-0.005831123507578479,-0.005659718684449165,0.35745332351616377,1,0.04342792989375785,-0.05971228178747534,0.37677484356539825,1,0.10313234841169464,-0.07398072652716857,0.3650627570488092,1,0.13647045458170184,-0.02577310439296047,0.3725612669800581,1,0.112316772256384,0.03954808115901368,0.364907944851874,1
376.616519,grid_0556_y638_z542,474.26,636.142,541.387,135.68327892927715,0.687,-0.003798886217568297,-0.006130203048917084,0.3648293732770245,1,0.045535979741514854,-0.05994111034605341,0.37580789293067707,1,0.10554266063237039,-0.07440276548552319,0.3665491373699615,1,0.1367206864601444,-0.025244362757289217,0.36994240531379374,1,0.11267388716066143,0.03955792152495761,0.36534393639779855,1
377.36022,grid_0557_y640_z542,474.255,638.22,541.143,137.774580064684,0.733,-0.0012605348787403559,-0.005855878989738796,0.36438060071497247,1,0.0476110294666067,-0.060025997822766665,0.3755421251442471,1,0.10791676603641824,-0.07500348172794706,0.3679530404412205,1,0.13536676176561319,-0.024515774194878916,0.36388782185452956,1,0.11223321459037768,0.0393590199199909,0.3634178789121539,1
378.000691,grid_0558_y642_z542,474.37,639.972,541.245,139.49765757531557,0.629,0.00034276833569071695,-0.006106136108081841,0.36232179936260467,1,0.04913700872710523,-0.06054813458697861,0.3752830108829034,1,0.11011152654588077,-0.07539379166399832,0.36991997752161954,1,0.13883065648517248,-0.024666813363949228,0.3710513333356912,1,0.11279164269878364,0.03966345318136568,0.36460125076953,1
378.64962,grid_0559_y644_z542,474.184,642.183,540.959,141.72333324474135,0.637,0.002804004020203626,-0.005960429643978638,0.3670767636825185,1,0.050900661799015215,-0.060551602605913316,0.3736779732368688,1,0.11165247214149605,-0.07510904289926798,0.36885768641176203,1,0.14114763513911144,-0.0243516263461952,0.37433685525219057,1,0.11284470991273057,0.039773415981890964,0.36473256890739403,1
379.389503,grid_0560_y646_z542,474.445,643.952,541.064,143.46628224429602,0.73,0.004725562365070713,-0.005905262829893531,0.3620547029851323,1,0.05226063892245114,-0.06037726405641215,0.3706353110096342,1,0.11357665463256608,-0.07512696728058972,0.36948639462480626,1,0.14046392081669273,-0.02374709451014077,0.36958992375933075,1,0.1111621500306906,0.03934757559878525,0.3595934962872301,1
380.031658,grid_0561_y648_z542,474.092,646.211,541.5,145.6419231505819,0.63,0.00706733574329582,-0.006490997883378212,0.36176099342838897,1,0.05526893155889003,-0.06179258888117313,0.375787619632407,1,0.11580816021599372,-0.07527180781508448,0.3695463662999772,1,0.1412893532760274,-0.02321329510261382,0.3688124322535965,1,0.11111238677068433,0.039352957242974176,0.35913831364195603,1
380.684232,grid_0562_y650_z542,474.562,647.828,541.585,147.2427025729968,0.641,0.009153635122615984,-0.006523526416049563,0.35761200676492655,1,0.05687082940841125,-0.06161499116698684,0.37280070662972553,1,0.11670298439861908,-0.07462466471277672,0.36673127398706906,1,0.14386917372642335,-0.023226779502415723,0.37309402443399975,1,0.11092295987326495,0.039228279237408306,0.3579529298784132,1
381.322762,grid_0563_y652_z542,474.357,650.121,541.291,149.55037930075605,0.627,0.011219519870038601,-0.006734318747333596,0.3594715179172373,1,0.058988422601401504,-0.06259743246185155,0.3756302076552715,1,0.11820672229139126,-0.07456468562334034,0.3657406974025806,1,0.14448307005130417,-0.022780491660646794,0.37208460877964333,1,0.11236075201164844,0.03951966975432268,0.36236434499161074,1
382.074827,grid_0564_y654_z542,474.439,652.139,541.146,151.57161745524792,0.741,0.013404276246999034,-0.006485974813650322,0.3561287854102736,1,0.06148307197955492,-0.06302176793495792,0.3776921821023844,1,0.12055124106248158,-0.07459726187231305,0.36645969772133524,1,0.1457996462972575,-0.022090393712087906,0.37303971669569497,1,0.11318843373561933,0.039735280951430176,0.36487331358038244,1
382.717225,grid_0565_y656_z542,474.45,654.141,541.007,153.57507215039817,0.63,0.01566975086836126,-0.006264282985394223,0.36064855208701896,1,0.06318201324460562,-0.06286122100644129,0.3764977315049995,1,0.12182475402321435,-0.07422227095561754,0.36534853962346253,1,0.14684320292019745,-0.021707108834235496,0.3730687889796565,1,0.1138064681621935,0.04008346585099528,0.3664564650909088,1
383.355048,grid_0566_y658_z542,474.465,656.118,540.648,155.5814945840283,0.628,0.0176993532460049,-0.0059252819606035526,0.36007161375353497,1,0.06516120753777467,-0.06306253559516883,0.3776258964541207,1,0.12541790274733924,-0.07521741925635815,0.3707321900026293,1,0.14524569108513402,-0.02103327536387332,0.36700553253380575,1,0.11407134005929671,0.0402326879508089,0.3671349585954201,1
384.104223,grid_0567_y660_z542,474.414,658.155,540.87,157.5737453353191,0.737,0.019864317636147037,-0.006026984759061377,0.3579605941056919,1,0.06737729623569691,-0.06324347889473154,0.37693073924773424,1,0.1251567741119836,-0.07370993345496824,0.36422760363617657,1,0.14918302059719993,-0.02101126849218584,0.3743779914510438,1,0.11386280716582761,0.04013373366803044,0.3661971739219047,1
384.745266,grid_0568_y660_z544,474.615,658.364,542.047,157.64413605332746,0.631,0.021336803755889255,-0.007070056440937012,0.3626572862305853,1,0.06840380478162136,-0.06360018977663988,0.37488528806089205,1,0.12793167757209717,-0.07470939898664514,0.3685846902822821,1,0.14944802548397518,-0.02068953639889039,0.3740547592252037,1,0.11400182909480702,0.04019970318988275,0.3668223637042483,1
385.380942,grid_0569_y658_z544,474.615,658.364,542.047,157.64413605332746,0.625,0.021249597494460513,-0.007308700741208732,0.3603280512196107,1,0.06868248383883153,-0.06391897004196509,0.37516341780689555,1,0.12953161284496598,-0.07564419830009081,0.3725286382575918,1,0.14849498272277356,-0.020463121741940135,0.37151860941148435,1,0.11386280716582761,0.04013373366803044,0.3661971739219047,1
386.016616,grid_0570_y656_z544,474.094,657.42,541.904,156.71478368679834,0.625,0.020547642028168223,-0.0070691287726304996,0.3592960937682258,1,0.068076041023435,-0.06395792694784339,0.3760269310783018,1,0.12733002555381429,-0.07458447590857566,0.367949931936694,1,0.1490650751882554,-0.020657917360433653,0.3735219790367044,1,0.1136542742723585,0.040034779385251996,0.3652593892483894,1
386.768611,grid_0571_y654_z544,473.317,655.902,541.782,155.2123407496969,0.741,0.01898545734576241,-0.007113901026250801,0.36489236179152507,1,0.06592528440288181,-0.06342972612332143,0.3746025747467086,1,0.1263741803701402,-0.07500981002161802,0.36964320390793526,1,0.14576658261711298,-0.020769893428137027,0.36672480925166384,1,0.11393231813031732,0.040166718428956596,0.3665097688130765,1
387.412614,grid_0572_y652_z544,472.603,654.303,541.931,153.60154012574225,0.634,0.017258105766503152,-0.007213733647283646,0.36456901062104413,1,0.06502360983219424,-0.06340452265408507,0.3774967682688376,1,0.12492601867516664,-0.0749995900411815,0.37006462583958877,1,0.14687620985980301,-0.02135187349990277,0.3712822641067408,1,0.11407134005929671,0.0402326879508089,0.3671349585954201,1
388.048529,grid_0573_y650_z544,472.101,652.582,542.103,151.87042695666597,0.626,0.015530912239401595,-0.0072021114808968004,0.363780627911876,1,0.06332508837394187,-0.06320596737823558,0.37733912633941924,1,0.12177056944887932,-0.07413597403602083,0.36583724084801783,1,0.14635330738026459,-0.021601594624084806,0.371944529011258,1,0.11398304942692898,0.04018294725087103,0.3669087940939163,1
388.788965,grid_0574_y648_z544,471.978,650.563,542.369,149.83388911057472,0.731,0.013604473535971408,-0.007476638907524128,0.3651975613799274,1,0.06142117590826533,-0.06308763645970379,0.37707860817557837,1,0.12049104102907478,-0.07452821675544971,0.3673706365944328,1,0.14549180048572694,-0.022304622752204017,0.3721190631403099,1,0.11345330563272256,0.03988450305124379,0.3655518070848937,1
389.426579,grid_0575_y646_z544,472.151,648.564,542.459,147.8388885780734,0.627,0.011314460426792239,-0.007492551625171265,0.36385817431043566,1,0.05937044237177327,-0.06304498673304436,0.37728906039092996,1,0.11789119130358272,-0.0740190570578613,0.3649701286215056,1,0.14362821648386662,-0.022506890842798482,0.37031837702822434,1,0.11256735505062872,0.03953915667953841,0.36308459116753405,1
390.078755,grid_0576_y644_z544,472.154,646.646,542.267,145.9586513674335,0.641,0.009175471272794014,-0.0075761483895827805,0.3678524270264508,1,0.05691950564412993,-0.062155081561557066,0.3740737041049458,1,0.11528139664813815,-0.07370989281616099,0.3624793872561377,1,0.14302147357473077,-0.023032144088646248,0.371464616459509,1,0.11050101823635623,0.03897727757497303,0.3563942948828901,1
390.716603,grid_0577_y642_z544,472.143,644.709,542.061,144.0625513205982,0.627,0.006932421026089855,-0.007352396860073257,0.36515975177059223,1,0.05495471862775543,-0.06163326917802268,0.37404073247874703,1,0.11413481258215155,-0.07406220090503021,0.3646526476942652,1,0.14111404635890668,-0.023534766673577984,0.3695748184513555,1,0.11066773584384873,0.0392336134066276,0.3579804429284495,1
391.580893,grid_0578_y640_z544,472.024,642.799,541.957,142.18120941249586,0.853,0.004771174511319866,-0.007017049855342609,0.36649422701252676,1,0.0531232865531953,-0.06142550335213025,0.3763226002414205,1,0.11216115483356648,-0.0740333709314828,0.36496540203924377,1,0.13971395169752093,-0.02360892156984295,0.3677427158747469,1,0.11072137784108713,0.03924176484492684,0.35822865970299966,1
392.437055,grid_0579_y638_z544,472.117,640.729,541.814,140.14770530408273,0.845,0.002825627721267936,-0.006770258615357469,0.3628623407271205,1,0.05132796809148844,-0.06114977645049367,0.37651289015099326,1,0.11057979702718454,-0.0742289044552083,0.36604205341658214,1,0.1402002524138171,-0.02412194203599362,0.3710910885397727,1,0.11193641041542075,0.039542894229903605,0.3618267359065904,1
393.075438,grid_0580_y636_z544,472.148,638.838,541.811,138.2739095744385,0.629,0.00040304044073007013,-0.0065727131264674415,0.3629360767795679,1,0.049244339240509055,-0.0610245131443774,0.377973172611705,1,0.10984231142732193,-0.07497164954335266,0.36976761463861374,1,0.13978214801061511,-0.024587903460890806,0.37308287677500684,1,0.11262683796983637,0.039625465783979796,0.3640635663166031,1
393.713958,grid_0581_y634_z544,471.983,636.769,542.135,136.17982990516626,0.628,-0.0017285400497251823,-0.007126431671286468,0.36532618731937516,1,0.047846556784264395,-0.06114175146936331,0.37940662308265233,1,0.10718098967642245,-0.07399681374213432,0.36648572769030546,1,0.1355129374046146,-0.024387059138454115,0.36450376046453575,1,0.11290272128878102,0.03968365717019044,0.3658052372536825,1
394.515049,grid_0582_y632_z544,472.122,634.764,542.351,134.16423303175856,0.79,-0.004078054494873138,-0.007268819630214541,0.36704964072699725,1,0.045578676763172093,-0.06007604957728537,0.37547792064919283,1,0.10457523514452456,-0.07360964854883181,0.3633006008101683,1,0.13437001838658125,-0.02480710531690818,0.3641234249668933,1,0.11282077801742266,0.039624222059946514,0.3659859555596801,1
395.156594,grid_0583_y630_z544,472.101,632.687,542.71,132.05786200753067,0.63,-0.006159098713772652,-0.0074410599796820185,0.3661731844886457,1,0.04369431691912325,-0.060251385813747026,0.3767719375803658,1,0.10540981802521363,-0.07541551959404422,0.3720169851475324,1,0.13560441219008493,-0.025505452011132218,0.36995242291905556,1,0.11181276649534537,0.03947194025808086,0.36382993414406795,1
395.802837,grid_0584_y628_z544,472.159,630.668,542.77,130.04916842871395,0.635,-0.008243426934087682,-0.007771176034559453,0.36562862042630034,1,0.04181103416930296,-0.059930484274941895,0.3752600550343675,1,0.10405702996681784,-0.0756370299255273,0.3732551192067647,1,0.13533679394918302,-0.02597879629006448,0.3721780811813897,1,0.11148689038921589,0.03936161799284903,0.36322125911311876,1
396.444063,grid_0585_y626_z544,472.217,628.551,542.612,127.97368935058495,0.629,-0.010600894966707148,-0.007352148271394065,0.36413316030312864,1,0.03965826329584442,-0.05954760876899782,0.3761540642095082,1,0.1017116620877935,-0.07515544210113592,0.3717774074060077,1,0.13375468157174547,-0.0260597424912627,0.371004761843,1,0.11114473931655555,0.039171061920963174,0.3616248228310671,1
397.189496,grid_0586_y624_z544,472.264,626.571,542.203,126.07114554092072,0.735,-0.012836670666200967,-0.006790467242129218,0.3638686808494759,1,0.037461426274612956,-0.05903538671201021,0.3769130207754401,1,0.09887308036904251,-0.07425342465408158,0.36960759673128935,1,0.1346633866611528,-0.026841481969695595,0.3767109201518052,1,0.11107317062141572,0.03912805431654981,0.36121389619079286,1
397.892047,grid_0587_y622_z544,472.327,624.573,542.131,124.10492174366011,0.691,-0.014814747908272304,-0.00669333719341853,0.3598304234325518,1,0.03603040672222056,-0.05905594423880965,0.3805878722095951,1,0.09662943420753158,-0.07368435752001945,0.36808461335311204,1,0.13232193566824585,-0.02675192051047181,0.37349926919919313,1,0.11054958005896058,0.03886547525513168,0.36077990643041835,1
398.536869,grid_0588_y620_z544,472.368,622.543,542.18,122.09005339912015,0.634,-0.017263376902350098,-0.006540347224274804,0.3635373463807891,1,0.03365024159668324,-0.05805402319715466,0.3762609222790771,1,0.09460086440929583,-0.07337821762738604,0.3672595156267092,1,0.1305190645667566,-0.027029069702803315,0.37090443709189164,1,0.1103187548932286,0.038807611274238894,0.36090982857236564,1
399.28055,grid_0589_y618_z544,472.476,620.609,542.09,120.19197268952705,0.733,-0.01948260810522245,-0.006427891713545586,0.36126446709910426,1,0.03181495727013071,-0.05780206169765567,0.3774871461939016,1,0.09255076789251712,-0.07297482894658575,0.36612584192656544,1,0.12845440136585434,-0.027110057792935287,0.36821916754155243,1,0.10979342523565423,0.03869508615923663,0.3600495361515411,1
399.92917,grid_0590_y616_z544,472.163,618.74,542.321,118.30813667706887,0.636,-0.021270109231289535,-0.006533506545158324,0.36559073638175266,1,0.03014231155458088,-0.05724810017557495,0.37579817158183104,1,0.09083756272396494,-0.07266505428692695,0.36543653198648385,1,0.1290665996107844,-0.027626806606564865,0.3725913704557453,1,0.10822541643961855,0.03824254487067173,0.35434671590588646,1
400.564284,grid_0591_y614_z544,472.175,616.724,542.586,116.2753345512281,0.624,-0.02351580290282653,-0.00685190650887219,0.36571875507070534,1,0.028321750479805185,-0.05688519297601831,0.3741073613938768,1,0.08946721594344184,-0.07274272515060429,0.36660624159858873,1,0.1278450752260824,-0.02790023402889108,0.37176295320477576,1,0.11048353799552683,0.03914288655360189,0.3613611129442683,1
401.30856,grid_0592_y612_z544,472.101,614.557,542.704,114.11559555994094,0.734,-0.025798693944718305,-0.006981021498299773,0.3646669336545815,1,0.026464642625472608,-0.056905299627875425,0.3769026398590508,1,0.08708030945264718,-0.07187171342339563,0.36408214517687565,1,0.12582769872354066,-0.02770508265279421,0.36926764442827054,1,0.11246450099166667,0.03998397471732808,0.36908538020923204,1
401.953037,grid_0593_y610_z544,472.072,612.521,542.786,112.09143454787255,0.632,-0.028081409841378996,-0.0068790574598477415,0.36424865249765903,1,0.024165117141930988,-0.056068936828121495,0.37414422746200315,1,0.08535030182848095,-0.07173572388017456,0.36508123426694405,1,0.12503754749175477,-0.028034866817958044,0.37069270528728027,1,0.11312132564519936,0.040272644217454266,0.37181703773800556,1
402.591046,grid_0594_y608_z544,472.302,610.371,542.584,110.0015002215879,0.627,-0.03057259554612655,-0.006958615532641789,0.3659734533219585,1,0.02248590528134704,-0.0559957068561304,0.37706525811517777,1,0.08422627265192706,-0.07210494900737864,0.3679199445085663,1,0.1241511947537581,-0.02836693553141681,0.3706986608690569,1,0.11106350957076609,0.03941712860446705,0.36542553848477805,1
403.235402,grid_0595_y606_z544,472.181,608.551,542.703,108.18570381062378,0.634,-0.032524871664413126,-0.0068153380755718775,0.3652859233560185,1,0.020956710748147256,-0.056207108478142954,0.3819516654584131,1,0.08258660067398749,-0.07174361243866702,0.3677278936027881,1,0.12300808292592136,-0.028397773014889594,0.37051974830523116,1,0.10956578306068702,0.03894731685264326,0.36101585058461955,1
403.980179,grid_0596_y604_z544,472.632,606.314,542.321,106.04581493392371,0.734,-0.034820953794371355,-0.0062875648270426035,0.3626486986367772,1,0.01849787793457493,-0.05486032171115514,0.37749732573443123,1,0.07991462766337637,-0.07078697490292132,0.36550483541506595,1,0.12198781243200205,-0.028594279655644,0.37169572565593445,1,0.10879393745623209,0.038838888780915806,0.3591369719161669,1
404.628246,grid_0597_y602_z544,472.351,604.661,542.47,104.3896633675959,0.639,-0.03691527210174574,-0.006200728702520237,0.36551597909536704,1,0.01667950247986254,-0.053780183978179075,0.3730495924587269,1,0.07797959671907523,-0.0700558657759715,0.3638760754045368,1,0.12189320272750381,-0.028848942069327217,0.3747437536781789,1,0.10927222331881355,0.038990692922200434,0.3613576293438606,1
405.326249,grid_0598_y600_z544,472.535,602.538,542.493,102.29568198120586,0.683,-0.038596315350223086,-0.006122673541196609,0.3630672056527303,1,0.014995976724569296,-0.053555989415351335,0.3733756474969085,1,0.07697844039114869,-0.07038889600320986,0.3664696291966286,1,0.12269033386720966,-0.02938592239632031,0.3800094899997084,1,0.11039891191696953,0.03930746197776645,0.3655210541734565,1
406.072678,grid_0599_y598_z544,472.655,600.551,542.317,100.37195136590707,0.736,-0.04096715891595223,-0.005984566247865263,0.361435285076157,1,0.012977119456222643,-0.052799740936708583,0.37353529572406663,1,0.07486854821194969,-0.06954164093018056,0.36559560867402846,1,0.12174519588908414,-0.02949509762310301,0.380689476537142,1,0.10951556299504069,0.039161738822178827,0.36216218724193927,1
406.722915,grid_0600_y596_z544,472.5,598.531,542.468,98.35658694261404,0.64,-0.043132715406377156,-0.005948369590946278,0.36244423875296305,1,0.011117975938388192,-0.05224846705977839,0.37398759436234574,1,0.07337678100257555,-0.06921419699662576,0.3660988786235811,1,0.11921752055912493,-0.029287418328435254,0.3769065094382372,1,0.10907819941637467,0.03903546957870726,0.360736980602698,1
407.364993,grid_0601_y594_z544,472.44,596.447,542.558,96.29081282760058,0.631,-0.04532141961314195,-0.006027102509533725,0.36262207093570453,1,0.009310299227909418,-0.0519137733645453,0.3743341048314507,1,0.07061198018623178,-0.06772342611442722,0.361181387709093,1,0.11601851841899531,-0.02893039620123679,0.3709640274264022,1,0.10954241240474705,0.03922155383671694,0.36322905105872144,1
408.110311,grid_0602_y592_z544,472.608,594.3,542.701,94.15592020154652,0.735,-0.04789727499489389,-0.006204359446771064,0.3662983434888457,1,0.007496581679429871,-0.05177137328763618,0.37632133376422716,1,0.07012734216737025,-0.06861721626002461,0.36755550459034103,1,0.11522140336218747,-0.02898890183163135,0.3706632695129438,1,0.10987277208103971,0.03930793488911815,0.36506442725825533,1
408.754506,grid_0603_y590_z544,472.199,592.431,543.055,92.25096366434343,0.631,-0.050005237660942024,-0.006206863157452773,0.36587764057593525,1,0.0056590935110161725,-0.050941707118074706,0.3741593417892898,1,0.06835706781504156,-0.06779339213415299,0.3663733333924098,1,0.11394388258722124,-0.028947503801641728,0.3704376116199662,1,0.10724824258837833,0.0383913712947402,0.3571112190800164,1
409.397758,grid_0604_y588_z544,472.432,590.38,542.865,90.27475516998096,0.631,-0.0517816381336217,-0.006145980319584831,0.3630353603315247,1,0.003735560637210503,-0.05059407366587432,0.3749416615074733,1,0.06726031380802468,-0.06791689288317564,0.36894271623943425,1,0.11173265290724552,-0.02868492343645414,0.3670585463511442,1,0.10787237464290642,0.038378805408697356,0.3589408716203212,1
410.036528,grid_0605_y586_z544,472.503,588.396,543.044,88.2943566090155,0.627,-0.0540838603938399,-0.00611952827454051,0.36414622988146395,1,0.0019661690317667544,-0.04987926008507219,0.37493719640142187,1,0.06540274678099219,-0.06726252655958985,0.3685185979343404,1,0.109892813001264,-0.028541757814260625,0.36456920846315394,1,0.10778302653539877,0.03836866131542559,0.35860329211909825,1
410.787663,grid_0606_y584_z544,472.486,586.543,542.984,86.48968000287668,0.74,-0.056295442222965716,-0.006123387536118139,0.3650405951491717,1,0.0002547326583272864,-0.04959651267246856,0.3764797396008879,1,0.06247392005462783,-0.06543907061701754,0.3616030476963446,1,0.11148224071233208,-0.028990400205210397,0.37355015230910416,1,0.10781359150767407,0.03847827600506466,0.35945375647174965,1
411.420119,grid_0607_y582_z544,472.429,584.655,542.776,84.68303380252742,0.622,-0.058295498702443216,-0.00591917339222509,0.3659402589052011,1,-0.0013646575030725745,-0.04940643630209809,0.3795575051303392,1,0.06148658275505695,-0.06525737636175014,0.3642607781737358,1,0.11185747559293502,-0.02946777195440058,0.3784130909590354,1,0.10925597224496116,0.03918360870848087,0.36450576860634193,1
412.054685,grid_0608_y580_z544,472.528,582.618,542.792,82.68863722422816,0.623,-0.060505880140531806,-0.005643848384075621,0.3660752006720081,1,-0.003164603480018887,-0.048110567139968606,0.3750716590329869,1,0.05997691807402548,-0.06508758796262495,0.365912436877034,1,0.10808039570040558,-0.028997196359470727,0.3696611973714551,1,0.10953657220301967,0.03921888569095676,0.3659238950773521,1
412.791592,grid_0609_y578_z544,472.726,580.582,542.666,80.72944938496732,0.726,-0.06214403294182893,-0.005537579579212858,0.3623805328945542,1,-0.00508941309832084,-0.04710533945127099,0.37247397287325257,1,0.05822706511896671,-0.06453309246934671,0.36702106709469595,1,0.10477441994855359,-0.028247906966798474,0.3617963417000281,1,0.10940016734911148,0.039110619445812234,0.365662792454959,1
413.429927,grid_0610_y576_z544,472.547,578.705,542.554,78.922008451382,0.627,-0.06497959933468138,-0.005130697036946479,0.3669010714441597,1,-0.0070306021480414874,-0.04640589470088692,0.3721902003412859,1,0.056506671006483954,-0.06379400485724376,0.3675055475019382,1,0.1043208138462812,-0.028249804569637587,0.3643921317402046,1,0.10940016734911148,0.039110619445812234,0.365662792454959,1
414.066972,grid_0611_y574_z544,472.382,576.785,542.803,76.99398731069849,0.627,-0.06699845063496566,-0.005293668528882941,0.36702552571308084,1,-0.008591569471381386,-0.04587418131822395,0.3730225229024904,1,0.05509041014706991,-0.06334088503693967,0.36710919941178466,1,0.10437283292879267,-0.028497036031550023,0.36926549887450055,1,0.10739808056240763,0.038674777789835205,0.35958730600795724,1
414.715796,grid_0612_y572_z544,472.565,574.588,543.019,74.8076653024274,0.638,-0.06865256377083077,-0.0054414681465997095,0.3628432318747964,1,-0.010655533048210673,-0.04526993496422301,0.3724398715403935,1,0.05241913962562754,-0.061434166693428646,0.3616059907072059,1,0.10374130953497107,-0.028718991624598244,0.3713043718294683,1,0.10533725385268859,0.03782354602800707,0.3529731178663694,1
415.460473,grid_0613_y570_z544,472.473,572.486,543.453,72.66145352248333,0.734,-0.07121270119426436,-0.0057210551974681036,0.36437857042683064,1,-0.012551918047974172,-0.04480239000275801,0.37237335052194914,1,0.05123706134873064,-0.06115472394102064,0.36420355933684395,1,0.10275202348054298,-0.02883546565603905,0.37244487552458816,1,0.10614877863588701,0.038311321790934064,0.3570385550953211,1
416.098615,grid_0614_y568_z544,472.297,570.749,543.572,70.94326762984637,0.628,-0.07297483060099028,-0.005787332944099584,0.3649279954273353,1,-0.013791772931683193,-0.044261398806043115,0.3710742236790737,1,0.050174787680162036,-0.06119549334598233,0.366806556340982,1,0.1010237384380368,-0.028176256917202762,0.3691090628772141,1,0.10653939128424632,0.03851879422145994,0.3586247072536146,1
416.750461,grid_0615_y566_z544,472.617,568.538,543.59,68.79533938429263,0.641,-0.07520308350860838,-0.005881263156640709,0.36366286086719457,1,-0.01583303345888647,-0.04340326187072514,0.3698481544743509,1,0.048647011949377095,-0.06079757477827541,0.36953410058117464,1,0.0993489431476579,-0.028009782305239338,0.36849990275356764,1,0.1074028878163887,0.03884585477460601,0.3616447358011948,1
417.493461,grid_0616_y564_z544,472.381,566.726,543.394,67.08559088954948,0.733,-0.07766379038118999,-0.005624281434564947,0.3666178921384262,1,-0.017546932883115814,-0.042587880805927514,0.3701707270638184,1,0.04692330701935617,-0.059454186249561225,0.36682993553639726,1,0.09867037245263714,-0.02810970722068461,0.37020375077580686,1,0.10728000677754665,0.03865274392158587,0.36195088177421864,1
418.134381,grid_0617_y562_z544,472.497,564.637,543.478,65.0455301308245,0.63,-0.07991097965982492,-0.0055856867210949,0.36669166329000796,1,-0.019386915437656443,-0.04209355254901294,0.3723263878798959,1,0.04473425227412832,-0.057795697208953986,0.3624392321565842,1,0.09785342181383735,-0.02777917533638727,0.3710464900247626,1,0.1074492673086023,0.038771407789754665,0.36327530218440296,1
418.783462,grid_0618_y560_z544,472.433,562.781,543.073,63.3625825941462,0.638,-0.08276979496208392,-0.005026569656236558,0.3689211526172785,1,-0.021333933585256173,-0.04107218039630143,0.3717743444942829,1,0.042889051438457934,-0.056914301929779365,0.36360504535869376,1,0.09654180344313489,-0.02746451652611804,0.3709212192694613,1,0.10716377714136782,0.03880889104808891,0.3628965439048686,1
419.426061,grid_0619_y558_z544,472.421,560.756,542.901,61.46458108536982,0.632,-0.08486203294368738,-0.004668803605651899,0.3696080230756028,1,-0.023040294900883527,-0.03986839075053951,0.37045953254466796,1,0.04104794566974608,-0.055919219724167024,0.36314467651812804,1,0.09585306754385711,-0.027278973178948042,0.3734295674573606,1,0.10708513271934131,0.038827653588278374,0.362780692750464,1
420.182226,grid_0620_y556_z544,472.531,558.763,542.641,59.63342556821643,0.746,-0.08710146657953444,-0.004191557507276768,0.3689755877552842,1,-0.02517786127208339,-0.03929347774264151,0.3728300304554271,1,0.038702398492883094,-0.05429586688856445,0.3586981670479353,1,0.09304976284911315,-0.026650835149146717,0.3678703298474427,1,0.1087389655203836,0.039441712463667435,0.36902213114911,1
420.822065,grid_0621_y554_z544,472.453,556.821,542.524,57.81623901638714,0.629,-0.0885939905759037,-0.00377961673062894,0.36756179510109016,1,-0.026575837133682112,-0.03783885515815298,0.3685815100843311,1,0.037925488377642404,-0.054438157740934336,0.3658818522446231,1,0.09325669083286248,-0.026675460904654676,0.372273988444588,1,0.10695809314567453,0.03865196520188734,0.3633786729489706,1
421.476613,grid_0622_y552_z544,472.374,554.907,542.795,55.91173724720069,0.643,-0.09121189379471814,-0.0038696714216636236,0.36814613885000264,1,-0.028769787071543557,-0.03765875563948808,0.3737332757201134,1,0.03620409452798903,-0.05353196948654859,0.3661633349421153,1,0.0930357768472081,-0.026684983189086943,0.37654883486109236,1,0.10601766575640181,0.038247710067332755,0.36029132246334167,1
422.223164,grid_0623_y550_z544,472.468,552.758,542.938,53.82977753994537,0.738,-0.09316061470759095,-0.003994108839620022,0.3681727968065558,1,-0.03046637015915457,-0.03674083356215624,0.37288074834158896,1,0.0344154684687296,-0.052533457179367624,0.3637152791208789,1,0.09085537272281245,-0.026183817847910112,0.37282453446686903,1,0.10624380632584325,0.03859233259258904,0.36215277785512334,1
422.864195,grid_0624_y548_z544,472.356,550.831,543.201,51.92093679817424,0.629,-0.09544982433432593,-0.004010412826922954,0.3683566404688857,1,-0.0321874241627494,-0.035806690954491086,0.37072045065800774,1,0.03272362227457876,-0.05130030665537812,0.3630216903295709,1,0.09021799582632241,-0.0259095086421214,0.3754573557614457,1,0.10625717352052047,0.03874125807832365,0.3627623759861719,1
423.504795,grid_0625_y546_z544,472.261,548.71,543.436,49.84209410729053,0.63,-0.09781284029581966,-0.004104394764617649,0.3688254763342818,1,-0.03397129514075235,-0.03501815784452557,0.3707163306649194,1,0.03124788774525853,-0.0504896866474618,0.3652506776103094,1,0.08758163907140756,-0.025067872460210305,0.36982627606094454,1,0.10600652294384169,0.03874494843162653,0.36219787058988395,1
424.136147,grid_0626_y544_z544,472.516,546.59,543.312,47.899432794136565,0.622,-0.10079328619536683,-0.003934717288173356,0.3711209953525658,1,-0.03589293166765658,-0.03411351374467274,0.3702501689282487,1,0.029347879715320917,-0.049173108717931915,0.36431972867497303,1,0.0865292657820633,-0.024746774950454464,0.3721614198602143,1,0.10592297275161541,0.03874617854939416,0.36200970212445455,1
424.874778,grid_0627_y542_z544,472.442,544.559,543.445,45.95604976496564,0.73,-0.10353338807008099,-0.003865465242840252,0.37268905501797767,1,-0.037826012089298075,-0.0331317538580719,0.36943102477458295,1,0.027322491875764222,-0.04739619404362621,0.3601145184322325,1,0.08544481152891673,-0.024335212851355578,0.37264421587537255,1,0.10760312709950368,0.039273117541396674,0.36856399605659046,1
425.615678,grid_0628_y540_z544,472.549,542.598,543.309,44.191315843726585,0.628,-0.10493544171879547,-0.003761385375893045,0.3698179815601105,1,-0.03941181541305037,-0.032198255637153575,0.3683541129830416,1,0.025688355153832027,-0.046486242548675595,0.360277633834437,1,0.08427574841852539,-0.02410743997606215,0.37345526669433093,1,0.10685623564857745,0.03935215142017636,0.36711421104827063,1
426.353123,grid_0629_y538_z544,472.545,540.503,543.444,42.2109416857763,0.728,-0.10709330132236561,-0.003643537290352955,0.36999079546682134,1,-0.04128029146749347,-0.03130381751055385,0.3681969854780731,1,0.024259423708559675,-0.045700533673501256,0.3635429796114877,1,0.08320950345969239,-0.023406030872996156,0.37434842500713694,1,0.10496269845503543,0.03884108457076452,0.36092471610962107,1
426.986982,grid_0630_y536_z544,472.575,538.625,543.096,40.64265525282523,0.623,-0.1098354171616673,-0.0032986821517255365,0.37217710062014514,1,-0.04319870331086506,-0.030043358908806456,0.3677713846532442,1,0.022587576876500322,-0.04450185757608332,0.3661290661169162,1,0.0812651540810502,-0.022936662756148658,0.3723617427887307,1,0.1046222841545786,0.03890645844326117,0.36136751353159535,1
427.635914,grid_0631_y534_z544,472.757,536.535,543.208,38.713953324350655,0.638,-0.11236208656195523,-0.003001215003212933,0.372686406375225,1,-0.04498700821220242,-0.02892318283974902,0.36677560217072436,1,0.020765202883805588,-0.043288671663120386,0.3663104565979468,1,0.07922665091753822,-0.022016553309539093,0.3693930900670732,1,0.10383144820780554,0.038610428934278816,0.3589556399549729,1
428.271527,grid_0632_y532_z544,472.766,534.701,543.085,37.1345369972483,0.625,-0.11430390418495759,-0.0028032080885687927,0.37155164828390924,1,-0.0468839718730934,-0.02788164012974321,0.3681351769438549,1,0.019016103545882245,-0.04171783824919132,0.3638583747650708,1,0.07761648290690779,-0.021341673351938328,0.3677613623037354,1,0.10538069377302643,0.039182022751933,0.36420366849537833,1
429.024245,grid_0633_y530_z544,472.916,532.69,543.082,35.37132202788024,0.742,-0.11704026788032226,-0.0025334896144817176,0.37341251003012327,1,-0.048802781745249615,-0.0270095589131281,0.36847277912930065,1,0.016971205119473476,-0.039582502083911175,0.3573141465736616,1,0.07669950640451544,-0.020758294295032863,0.3699834059770956,1,0.10568214224398487,0.039150008227695945,0.3658467868729291,1
429.671044,grid_0634_y528_z544,472.842,530.8,543.157,33.692950790929515,0.637,-0.11974964450763141,-0.002516965976378253,0.3753803418490986,1,-0.05094780950832175,-0.02591711148906447,0.3704129301904599,1,0.015464203830941905,-0.038663708529125936,0.3619798376463586,1,0.07606669506032512,-0.020412573584166087,0.374554337817823,1,0.10513951110588526,0.03919111066391587,0.3646960363695432,1
430.308355,grid_0635_y526_z544,472.754,528.755,543.193,31.92789986829704,0.627,-0.12193940517442844,-0.0023260088806924552,0.37542790356913835,1,-0.052604548071595925,-0.024816403370426947,0.3689885103601759,1,0.014001937774991289,-0.03780015948389947,0.3667561205040767,1,0.07382274251920683,-0.01964747132234527,0.3710696152425972,1,0.10603191149607835,0.03967475635946528,0.3689930605043084,1
431.041531,grid_0636_y524_z544,472.96,526.501,543.333,29.977625489688165,0.724,-0.12335574252931795,-0.002338798354759907,0.3730048449868277,1,-0.05485182916042329,-0.02390924335529266,0.3700871313122311,1,0.012091312155510955,-0.03559962832854432,0.3627101358072962,1,0.07156290346291852,-0.018512234505847235,0.36613695209911423,1,0.10496694415890433,0.039423791131939,0.36526954594743094,1
431.678533,grid_0637_y522_z544,472.673,524.621,543.393,28.402485683474957,0.627,-0.12572060301554228,-0.002266016427972869,0.37330497036387267,1,-0.05687228479927938,-0.022703820052066566,0.3711433100072225,1,0.0103258440136433,-0.03406559274372081,0.36282366804168376,1,0.07006287259680362,-0.017685626016832677,0.3651209847562667,1,0.1053114561296385,0.0395570263963981,0.3675166278046381,1
432.309836,grid_0638_y520_z544,472.633,522.556,543.508,26.69811178716581,0.622,-0.1287050672764275,-0.0022018105532884726,0.3754775158385442,1,-0.05860532399872265,-0.02164536277621199,0.3701718492966498,1,0.008527424262341394,-0.0325554411760344,0.3626248413900488,1,0.0682322824371792,-0.01671546115063719,0.364662625960906,1,0.10416881063622765,0.03925008077167813,0.36479141059540743,1
432.943785,grid_0639_y518_z544,472.662,520.585,543.453,25.23427712457806,0.624,-0.13016854552804052,-0.001966949844730786,0.3734560834072728,1,-0.060464097423087684,-0.02041734986858939,0.37011069180897815,1,0.006779680287898979,-0.030660163780217114,0.36079924781467765,1,0.06647949145914664,-0.01582431043498503,0.36241067927258075,1,0.1015627532725161,0.038517824376723575,0.35630002321510446,1
433.678208,grid_0640_y516_z544,472.631,518.61,543.276,23.925285473741027,0.724,-0.1345605968267718,-0.001556921414671481,0.3793768613515472,1,-0.06284313792730714,-0.018891480660095154,0.37170252757631134,1,0.0049692710408093055,-0.029137220507710747,0.3659851386341972,1,0.06591038633004576,-0.014987085468091946,0.36886216842794023,1,0.10346209403674236,0.03949439768550631,0.3645614475605667,1
434.329809,grid_0641_y514_z544,472.73,516.468,543.155,22.568140397471854,0.641,-0.13634607275979196,-0.0012158056836922958,0.37831398826908896,1,-0.06456423743958975,-0.017459112665796705,0.37065521310877325,1,0.003120196515586901,-0.02745194305993891,0.36570907998229146,1,0.06409069740913385,-0.01380115517805268,0.3675937911184567,1,0.10418843015384696,0.039798978937251255,0.3674378904498279,1
434.962556,grid_0642_y512_z544,472.756,514.444,543.351,21.152599107438313,0.622,-0.13797731406529673,-0.0009938351900038145,0.37630778312343116,1,-0.06588745089904327,-0.01602211591352882,0.3666492975359713,1,0.0011277797313704449,-0.025090101470094727,0.3603783733827367,1,0.06267563778086768,-0.012657054410835996,0.3687972561464508,1,0.10350369708664722,0.03993673187499251,0.3661980009832151,1
435.703537,grid_0643_y510_z544,472.739,512.633,543.173,20.272058726237002,0.73,-0.13943618453948084,-0.0009207162134761514,0.37495667061707366,1,-0.06841123684880057,-0.014902615491279695,0.37033238577800204,1,-0.00044551031805847385,-0.023499016527335503,0.36518077333199583,1,0.06069260890240519,-0.011668608474049862,0.3661301359515532,1,0.102464123164877,0.03960318770266386,0.36321587864511284,1
436.339863,grid_0644_y508_z544,472.92,510.591,543.116,19.319354518202765,0.625,-0.14150239619798702,-0.00048098250626195485,0.3736990183904602,1,-0.07085374580807356,-0.013426467974429932,0.37173166626271337,1,-0.002345493232615845,-0.021171860026430133,0.3635355662862604,1,0.05884744687763331,-0.010248518368562063,0.36564377766943135,1,0.10181102620230156,0.03947857173418892,0.3627681958276206,1
436.976103,grid_0645_y506_z544,472.851,508.669,542.942,18.68167299788754,0.627,-0.14635939928830383,-0.00012546989601865452,0.38101429025063716,1,-0.07247933571188192,-0.01202009794149506,0.37024338580702343,1,-0.00412184934564419,-0.019457724858934412,0.3643255918962203,1,0.057328424979391154,-0.008962259090417198,0.36567639773625854,1,0.10341422795802005,0.040428510562894406,0.36948873656040704,1
437.635994,grid_0646_y504_z544,473.141,506.495,542.838,18.1165782089224,0.65,-0.14809024350116703,0.0003468166182641976,0.3791953191348171,1,-0.07438599202747487,-0.01021407556201524,0.36923289193399567,1,-0.006141639775040611,-0.01680471230687788,0.3595736552973571,1,0.05569388759102958,-0.007462481406044584,0.36734527246296067,1,0.10288319415004255,0.04045006517415673,0.36780926471876013,1
438.379232,grid_0647_y502_z544,472.768,504.821,542.872,17.698565450340947,0.733,-0.14958490651379774,0.0004943586481270753,0.37779856297528785,1,-0.07561942044768818,-0.00878200217045774,0.3655494225035412,1,-0.008038185054255442,-0.014813272793277172,0.3634513678275898,1,0.054156843543450205,-0.0060949498641518045,0.3677447252171621,1,0.1028996424668408,0.04067047602354436,0.36923903666260827,1
439.025764,grid_0648_y500_z544,472.932,502.671,543.067,17.276870839362093,0.637,-0.15194675627506143,0.0005738710512632868,0.377939189262806,1,-0.07855218760953464,-0.0074778801419243006,0.36975780068318786,1,-0.010041043204143299,-0.01258013215735199,0.36418429010073944,1,0.05171406122462614,-0.004220473873449826,0.3633248689221713,1,0.10130948166848439,0.04018579231309231,0.3652771638939917,1
439.663765,grid_0649_y500_z546,472.232,502.598,544.187,16.122164029682867,0.627,-0.15364634964137097,-0.00025325962606831946,0.3816917016579958,1,-0.07930226283839026,-0.007645070859323766,0.37164845879305985,1,-0.01030111827080458,-0.012378173425165114,0.3610286272262101,1,0.05144960164264001,-0.003837155087624728,0.36406867168817825,1,0.1006929044909642,0.03994750974467997,0.3636397431176546,1
440.405682,grid_0650_y502_z546,472.283,502.641,544.395,15.918268027646763,0.733,-0.15273511793761946,-0.0009224489952250437,0.3799331589914363,1,-0.07838135166439239,-0.007931260643835984,0.36752094715633205,1,-0.010250940319418108,-0.012611459189336104,0.36306926349365004,1,0.05157003927633976,-0.003985999129072078,0.36392140032158926,1,0.1006929044909642,0.03994750974467997,0.3636397431176546,1
441.041719,grid_0651_y504_z546,472.985,502.959,545.661,14.71770039782038,0.626,-0.1550071961510247,-0.0018303733286674129,0.3856689820159219,1,-0.07858338892491648,-0.0089766321352211,0.3705054994191219,1,-0.009984587921628438,-0.01305183733796847,0.3627953942813428,1,0.051555363414453124,-0.004363141553106132,0.3643006280848275,1,0.1006929044909642,0.03994750974467997,0.3636397431176546,1
441.750933,grid_0652_y506_z546,473.256,504.639,545.501,15.124482602720704,0.699,-0.15027983650717963,-0.0021484676300810293,0.37691374134884364,1,-0.07737856156665499,-0.010213261714642789,0.37086945753201855,1,-0.008563777932752615,-0.01491166339748635,0.3653427710402616,1,0.053588878463482134,-0.005734314740001549,0.36753056464517125,1,0.1025140628706078,0.040655181379577555,0.36856345017977665,1
442.499797,grid_0653_y508_z546,473.366,506.44,545.209,15.851245913176738,0.739,-0.14792076600459997,-0.0022309331468750686,0.37531499959557774,1,-0.07596590043355861,-0.011304557427857822,0.37165817757765224,1,-0.007032076460411654,-0.01680029580645638,0.3669079260330773,1,0.055097219980110454,-0.0069964897721012595,0.3691727470553848,1,0.10260188960547234,0.04049342078938742,0.3675354240982375,1
443.145954,grid_0654_y510_z546,473.618,508.278,545.25,16.471647580008533,0.634,-0.1468263288650719,-0.00248069328931732,0.3774074370636823,1,-0.07358864869297395,-0.012531510779283217,0.3685226535253254,1,-0.00533415617938327,-0.018684850350477962,0.3639899043196072,1,0.05615842701124939,-0.008173762994040623,0.3656450951159739,1,0.10397419137252731,0.040807754349317514,0.3717553678744504,1
443.791866,grid_0655_y512_z546,473.537,510.212,545.533,17.069731105087747,0.634,-0.14370170458712944,-0.0026599714548256664,0.375103324799583,1,-0.07160128163668535,-0.014155352352098582,0.36943676738540887,1,-0.00333051728262695,-0.020901661941852112,0.36096062156567155,1,0.05842322325680825,-0.009653092160466049,0.36866651767129444,1,0.1018157769675649,0.0397971931040522,0.36289683199783546,1
444.426324,grid_0656_y514_z546,473.545,512.097,545.511,18.091570108755114,0.623,-0.14185932877208773,-0.0029323622058484633,0.375849523196658,1,-0.06975486403559676,-0.015576260769323436,0.36952435735381284,1,-0.0016060468347688771,-0.0226815249558831,0.3614652711995001,1,0.05978653107427069,-0.01095015891605141,0.3675861302484953,1,0.10263594679665175,0.03975186678453796,0.3649066507733825,1
445.163796,grid_0657_y516_z546,473.61,514.007,545.702,19.10237396241629,0.727,-0.13964028046849997,-0.0034440987314786355,0.37589748642703785,1,-0.06746309997466805,-0.016992565722860925,0.36858753087326174,1,0.0001770961252836651,-0.024500320623291647,0.35774746930362133,1,0.06147492131420227,-0.012110794474174878,0.36684632799584205,1,0.10258613323620802,0.0397871638557455,0.36366472718242804,1
445.800862,grid_0658_y518_z546,473.436,515.964,546.02,20.16707698205179,0.626,-0.1370997383812176,-0.0038132674890236995,0.37441854974247013,1,-0.0659782669609692,-0.018439179844274647,0.3697713112470085,1,0.0018016593983097098,-0.02648327397588231,0.3615645170991936,1,0.06289297323730676,-0.013137047733494316,0.3669475023130329,1,0.1034317423826439,0.0399704610840479,0.36633692676271934,1
446.452999,grid_0659_y520_z546,473.721,517.778,545.921,21.5693815395806,0.64,-0.1349785805436456,-0.003916840404548807,0.37466977965993375,1,-0.06425614393825467,-0.01993226433244804,0.3708908959349765,1,0.0037513304130266495,-0.02877921678095911,0.364476503494931,1,0.06461219696862082,-0.014188781389802013,0.3686919666287549,1,0.10401806591458036,0.039822574678019626,0.3671888174471089,1
447.204366,grid_0660_y522_z546,473.516,519.922,546.12,23.062903503245256,0.74,-0.13310060556811606,-0.0042868645173976165,0.3749160092209398,1,-0.06212459246669849,-0.021075640362799075,0.3693652731381011,1,0.005437403034541961,-0.03020192926003403,0.36243786429150404,1,0.06599702944429112,-0.015121767771008817,0.3672620115309598,1,0.10274460934676206,0.0391127613136107,0.3618250968497665,1
447.951779,grid_0661_y524_z546,473.574,521.91,545.973,24.74425478772803,0.736,-0.13059851708584963,-0.004593976531021593,0.3735884883081768,1,-0.060249149925824294,-0.022324463045041744,0.36972610645958265,1,0.007196667412033603,-0.03195979407289732,0.3622927199519744,1,0.06762377804203461,-0.016148320459563173,0.36705486749685784,1,0.10295368937159981,0.038890221294426555,0.3611944174628317,1
448.760912,grid_0662_y526_z546,473.645,523.836,546.043,26.30016159646176,0.797,-0.1286919145984468,-0.004786076014251367,0.3745818809410742,1,-0.05789722170402832,-0.023488796510008826,0.3664536967069876,1,0.009118588213264256,-0.03391559395694842,0.36527664605775845,1,0.0692498978128495,-0.017083669372662168,0.3691494961493005,1,0.10489102773130618,0.039435295066168066,0.3668994409021025,1
449.401809,grid_0663_y528_z546,473.808,525.925,545.761,28.228717540830655,0.629,-0.12582356889619245,-0.004540845332967207,0.3731370609589003,1,-0.05585397110839143,-0.024404743146147594,0.3668240805686557,1,0.010927523475442926,-0.03524817062640749,0.3620666700184041,1,0.07014850299013163,-0.01780895866351475,0.36482365855221494,1,0.1046313170572595,0.03929876794683973,0.3645287648154635,1
450.051986,grid_0664_y530_z546,473.705,528.01,545.774,30.016759868446847,0.64,-0.12403627135097914,-0.004732856033743429,0.37543488640803147,1,-0.053756594046754536,-0.0255575470271809,0.366486738041251,1,0.012910649340170074,-0.03716529286341326,0.3647240358788964,1,0.0722263513899323,-0.018848848742778167,0.36742174957739826,1,0.10496361726832029,0.0394413049151365,0.36513723562612665,1
450.689628,grid_0665_y532_z546,473.935,530.049,545.471,31.966517874175793,0.627,-0.12197153759190651,-0.004729306038864569,0.37560582481833615,1,-0.05214295866453896,-0.026628566188200482,0.3678664834102982,1,0.014495633106309167,-0.0383976754707053,0.36175326625854837,1,0.07462355016668414,-0.019728321796576458,0.37182668492230286,1,0.10475574227501287,0.03924130377228478,0.36385471054062046,1
451.430134,grid_0666_y534_z546,473.781,532.188,545.522,33.83954309679727,0.73,-0.11765861194269622,-0.004693369424767928,0.3695116075169297,1,-0.0501581770571856,-0.027774935555268,0.36843424748629805,1,0.01645975385867255,-0.039872178194026234,0.3604326446410027,1,0.07546109227870146,-0.020189996397121716,0.36770997730033034,1,0.10549230420608513,0.03913485878888782,0.36544905565352004,1
452.08063,grid_0667_y536_z546,473.972,533.989,545.317,35.562617760789266,0.639,-0.11594623481242279,-0.0048236611909650414,0.37060347941124855,1,-0.04864762348545641,-0.02892821363400922,0.36975681244256475,1,0.018005158360785565,-0.04120836097236692,0.3604556006066207,1,0.07651924534733709,-0.02096977129443224,0.3663517198530834,1,0.10597446703090366,0.039375909360612,0.3664259279078396,1
452.719794,grid_0668_y538_z546,473.707,536.02,545.657,37.26127517946748,0.628,-0.11476461201020356,-0.005304446917518475,0.3736644414451674,1,-0.04653998704056798,-0.029882782600951487,0.3688053001691013,1,0.019822689628222055,-0.04255997019016032,0.3627429393535371,1,0.07811559344268633,-0.021541699612859747,0.3674355334463625,1,0.10450779476615712,0.038860756958995435,0.36107978343573255,1
453.468154,grid_0669_y540_z546,473.584,538.052,545.775,39.085630825151135,0.739,-0.11156169846447336,-0.005451260316336135,0.3705314538533178,1,-0.04409010207441111,-0.031058926507246388,0.364543958408409,1,0.02181098261305569,-0.04461720140900262,0.3661904998244617,1,0.08025596942137184,-0.02263189473648508,0.371850735934927,1,0.10462597572286003,0.03900972361037492,0.3620216656590637,1
454.106004,grid_0670_y542_z546,473.801,539.904,545.768,40.821760434846524,0.627,-0.10938796691045971,-0.00583841247799866,0.3706149966397116,1,-0.042596284869165,-0.032310105779764745,0.3677243136002413,1,0.023486636112778327,-0.04540048824891636,0.3635931751921845,1,0.0822611951564229,-0.02308548192559822,0.3742088229923114,1,0.10507236308124397,0.039065666529204665,0.3622743397776638,1
454.745211,grid_0671_y544_z546,473.445,542.01,545.974,42.709158186506095,0.628,-0.10715867572682525,-0.006169370906078131,0.37134013034872865,1,-0.04083120562296437,-0.033643378038650404,0.37014705748505145,1,0.024929491804733882,-0.04648528007118076,0.3602674676216127,1,0.08373238896569807,-0.023787611563537002,0.3745048968900463,1,0.105247928717736,0.03893885041088626,0.3616824804706185,1
455.382688,grid_0672_y546_z546,473.559,544.06,545.693,44.739630977467826,0.627,-0.10427549775750615,-0.005943585450542514,0.36876205722822963,1,-0.03895706342112968,-0.034482920703683265,0.3699233522824015,1,0.02672076558646025,-0.04790131062467271,0.36329672206015406,1,0.08500384203381758,-0.024234926454836363,0.3736844641867324,1,0.10702075956648224,0.03927073118550052,0.3668696500608881,1
456.114248,grid_0673_y548_z546,473.528,546.091,545.934,46.58668499689589,0.721,-0.10255161548261979,-0.006365912775067642,0.37057570465439876,1,-0.03678040187268422,-0.03532081776871317,0.3680625681406243,1,0.02893972429251006,-0.04983350340936556,0.3671279420499901,1,0.08616349905558075,-0.024726209271315865,0.3723547356591813,1,0.1063702658596116,0.0389145352609737,0.36373782694260515,1
456.751111,grid_0674_y550_z546,473.443,548.241,545.677,48.70858024003575,0.625,-0.10011454008382037,-0.006336158518157897,0.3695015610610228,1,-0.03499365249415172,-0.036029807801867986,0.3688131843481447,1,0.030420793378685952,-0.05071566852809549,0.36544193174593725,1,0.08656838989428868,-0.02480674571317915,0.3688719852774792,1,0.10592297275161541,0.03874617854939416,0.36200970212445455,1
457.385099,grid_0675_y552_z546,473.511,550.35,545.582,50.75294195413706,0.624,-0.09750037716202106,-0.006397340782979584,0.3689570880240812,1,-0.03322257837064475,-0.037174275782031946,0.36984404178678953,1,0.03243652447360469,-0.052008270745979704,0.3664881299297285,1,0.08877450631009429,-0.025564827858494028,0.37194419579975435,1,0.1061736233282942,0.038742488196091274,0.3625742075207426,1
458.02116,grid_0676_y554_z546,473.667,552.208,545.432,52.580511912684905,0.626,-0.09526809768657568,-0.006276869252465319,0.3683468997161217,1,-0.03155509289191756,-0.03791557808818189,0.3704262926371379,1,0.033452033197758066,-0.05207692968417351,0.36036327541160834,1,0.09006834438086572,-0.0259070684696812,0.3719043804463436,1,0.10634072371274675,0.03874002796055602,0.36295054445160124,1
458.758546,grid_0677_y556_z546,473.51,554.51,545.169,54.85781214193656,0.727,-0.09330837362722666,-0.0062084912557650715,0.370528753005115,1,-0.029212345988905503,-0.03837527378883292,0.3673815097706858,1,0.03525825527401625,-0.053041053877023146,0.36017338710083013,1,0.09239460569293269,-0.026573272040968415,0.37600044679410366,1,0.10611943333102465,0.03838794689388087,0.3610192689061586,1
459.46058,grid_0678_y558_z546,473.742,556.287,545.395,56.51490665302392,0.691,-0.09054120505562234,-0.0063059287541403775,0.36734202300873653,1,-0.02739122492330106,-0.039456781291988874,0.36689581596570797,1,0.037260306733372356,-0.05433616404755631,0.36274615725928044,1,0.09257484535271014,-0.02666235679254402,0.3722095648678205,1,0.10601766575640181,0.038247710067332755,0.36029132246334167,1
460.107349,grid_0679_y560_z546,473.633,558.237,545.451,58.379266499331756,0.636,-0.08823946627109844,-0.006598049496589049,0.3662802401452991,1,-0.025829098417660883,-0.040212898970666676,0.36837381797922364,1,0.03890012548152498,-0.05515908857370529,0.3628215493575235,1,0.09199365133159762,-0.026401767077599052,0.36485992784543086,1,0.10821199633137146,0.03919097204796011,0.3674951402631425,1
460.848519,grid_0680_y562_z546,473.718,560.3,545.334,60.40732924074694,0.731,-0.08603037540798014,-0.006784856405237712,0.3667846503146651,1,-0.02394954358800387,-0.041263800754125876,0.3708914154029392,1,0.04093429846686609,-0.05663427514511826,0.3652410938811914,1,0.09443916889710441,-0.02701352714415468,0.36924089473766114,1,0.10749859091960187,0.038981168307125634,0.3643410523501255,1
461.485976,grid_0681_y564_z546,473.733,562.21,545.63,62.18878266214903,0.627,-0.08387391843906673,-0.007016832533397482,0.3647534683258831,1,-0.02228552134327273,-0.04189846771628547,0.3696430561468956,1,0.04268392863604629,-0.05792648898085552,0.36749883455139754,1,0.09614753687974699,-0.027404987602722863,0.3708978667605517,1,0.10708513271934131,0.038827653588278374,0.362780692750464,1
462.194354,grid_0682_y566_z546,473.619,564.249,545.783,64.13301122666864,0.697,-0.08152514766453059,-0.007452048012922213,0.3658780955362979,1,-0.01985233954097563,-0.042500522105840974,0.3666585943496082,1,0.0443988073817382,-0.058540623870395714,0.36441115673854674,1,0.09751173935757693,-0.027835927850544773,0.37149093785973647,1,0.10855038106035483,0.039119603792782086,0.36704878730548707,1
462.947199,grid_0683_y568_z546,473.882,566.095,545.744,65.94824882436232,0.742,-0.07948412089949179,-0.007479200453862,0.36498122557004054,1,-0.018707517464693922,-0.044008298265187075,0.37313825470049394,1,0.04604763779577166,-0.05940927046617854,0.3646877178050672,1,0.09809496812306992,-0.028033086581583384,0.36989158526073274,1,0.10820560235348223,0.03898666521816163,0.36464575615737155,1
463.582337,grid_0684_y570_z546,473.769,568.171,545.814,67.95529893981787,0.624,-0.07726996564377694,-0.00781283407782324,0.36414752156625085,1,-0.017068755941637873,-0.04493704911191261,0.3730688608945861,1,0.0476351163031737,-0.06018613590135795,0.36529396384373747,1,0.09930623667512004,-0.02808536142445186,0.3694014934311799,1,0.1072384393734563,0.03873214749674073,0.3611279551509249,1
464.226682,grid_0685_y572_z546,473.921,570.004,545.734,69.76772822014492,0.634,-0.07570301571459283,-0.00762797957902034,0.3670255287032739,1,-0.015053178334953435,-0.04514839265599103,0.37020939411105075,1,0.048765432434450626,-0.060253059347070634,0.36177411012104,1,0.10040732483472345,-0.02802817105469176,0.36843829831595876,1,0.10681010991614495,0.038667799528153315,0.3598181615120721,1
464.972092,grid_0686_y574_z546,473.859,572.234,545.326,72.03094121972869,0.736,-0.07272162579948639,-0.007373064292109958,0.36260013881551273,1,-0.01314443813727223,-0.045355651551748824,0.36733043456668246,1,0.05050596675090838,-0.061049351553307596,0.36205693147678775,1,0.10224266662444467,-0.028524476133086694,0.3710038427948194,1,0.1063885666688084,0.0384282560385991,0.357823950894993,1
465.606442,grid_0687_y576_z546,474.045,574.04,545.302,73.80813730883607,0.624,-0.07025222948105167,-0.007402023091478908,0.3604592075669665,1,-0.011613148231474368,-0.04609476873900678,0.3681470180712555,1,0.05210799200648401,-0.06190579588364838,0.36134341961233535,1,0.10399098886234641,-0.028819378530909573,0.3736285555340578,1,0.10557936974073348,0.03798975223661605,0.3543882025518087,1
466.242145,grid_0688_y578_z546,473.998,576.223,544.942,76.01640198667651,0.625,-0.06833637414934533,-0.007241337157875253,0.3617261743812823,1,-0.009833986903719491,-0.04684575595585649,0.37091055404376133,1,0.05399660670190122,-0.06286193218211696,0.3643348284368219,1,0.10417991674761677,-0.028517019769063057,0.37059144327998766,1,0.10613807578766965,0.038193941643120496,0.35555406612267376,1
466.874774,grid_0689_y580_z546,474.237,577.883,545.225,77.59406395466092,0.623,-0.06616581563547061,-0.007292718393828691,0.3607999830451984,1,-0.00807417281361511,-0.04744135660831638,0.3711599336026206,1,0.05508514991323617,-0.0629967004947356,0.3613967019414547,1,0.10441624585016238,-0.02832276702139853,0.36661113755018715,1,0.10742905485542235,0.03887491926133585,0.3597868414717582,1
467.609494,grid_0690_y582_z546,473.957,580.191,545.277,79.84034319189772,0.725,-0.06385278383716744,-0.0076018032178151364,0.36196176798588175,1,-0.005905078072980815,-0.04849864445255697,0.37187367676184047,1,0.05797049518120058,-0.06477502492185924,0.3656886133125029,1,0.10502151260090245,-0.028227127478868776,0.36356267754517263,1,0.10895779658839733,0.039034344575091154,0.36425789625391924,1
468.248481,grid_0691_y584_z546,474.209,581.991,545.263,81.61800789654205,0.628,-0.06201398095697761,-0.007586264006835474,0.36198759528291585,1,-0.004326918294891668,-0.04920422425798042,0.3723085977316968,1,0.05891310076155557,-0.06474746638268102,0.3625926661760999,1,0.10789423210604358,-0.028837087467324368,0.37074223787315985,1,0.10935865209975466,0.039087782505103905,0.36543788036954367,1
468.910518,grid_0692_y586_z546,474.312,583.834,545.412,83.4057805071087,0.652,-0.06022641337983377,-0.008137880308724418,0.3640092477891086,1,-0.002669196976775994,-0.05007484430405201,0.37320514684316536,1,0.05981858828797423,-0.06451072521330559,0.3578572959450606,1,0.1082179387363436,-0.02872388203849598,0.3674997689104394,1,0.1097184453415639,0.03936324068448279,0.3662720319072097,1
469.653648,grid_0693_y588_z546,474.111,585.927,545.483,85.44702878977132,0.733,-0.058184701537809504,-0.00841228599557626,0.3639069427337823,1,-0.0008763906064024028,-0.05085679700482391,0.37275830352674444,1,0.061744908956292255,-0.06524001894109246,0.3590437804322586,1,0.10993956517151116,-0.028883155239413604,0.36957238302500484,1,0.10845746831094663,0.03879974441361895,0.361802614041994,1
470.292609,grid_0694_y590_z546,473.938,588.043,545.557,87.51409078542726,0.628,-0.05609911981982343,-0.00863621207953478,0.36350253284048667,1,0.0011885938115876141,-0.051523756773822794,0.3738096536959019,1,0.0643801654567727,-0.0667875074600838,0.36377400108868935,1,0.11176048652716097,-0.02897759007834938,0.37072393221980604,1,0.10814938569208374,0.038468348716521925,0.3599565340601378,1
470.929225,grid_0695_y592_z546,474.236,589.713,545.458,89.18435474341898,0.626,-0.05377791310595337,-0.008559620444037784,0.36253693100571144,1,0.0029237119874043855,-0.05173357191043972,0.3716595117671229,1,0.06673683506406755,-0.06797441959301646,0.36745184854294854,1,0.11163204583414606,-0.02860414868911848,0.3661059808188799,1,0.10815501788487347,0.038420448832427366,0.3596810410831387,1
471.568631,grid_0696_y594_z546,474.188,591.947,545.194,91.42909962916625,0.628,-0.05133399101863569,-0.00828839046629809,0.36155286085073407,1,0.00470507474287133,-0.05166605380744602,0.36934143270760467,1,0.06840555240287804,-0.06875373711327437,0.3686920019847798,1,0.11323345410464043,-0.028862871664292588,0.368425283898287,1,0.10728770102849002,0.0382680745990249,0.35730768443860905,1
472.3121,grid_0697_y596_z546,474.155,594.011,545.271,93.45145503950167,0.731,-0.04918789015932627,-0.008740756658731816,0.363282134982189,1,0.006941231657374702,-0.05300534789376393,0.3730239586420435,1,0.06970267166368221,-0.06852578757038337,0.36472478162953087,1,0.11625221766665599,-0.0294719989396763,0.37467019815956226,1,0.10935278860597734,0.039162250054387664,0.36287262749811217,1
472.960611,grid_0698_y598_z546,474.154,596.17,545.193,95.5946062547464,0.638,-0.0468463062331839,-0.008623556675813193,0.3622146221024699,1,0.008787171607081309,-0.05348938143311795,0.3747783988565755,1,0.07165379658418286,-0.06940090996662543,0.36580318494917635,1,0.11696630064045666,-0.02923634557932219,0.3736810668329938,1,0.10950536710531258,0.03928979827989987,0.3628763447091673,1
473.599021,grid_0699_y600_z546,473.986,598.171,545.504,97.51883794939323,0.627,-0.044555076501197485,-0.008921355704948102,0.36180267730577803,1,0.010827728459677334,-0.054146059802548996,0.3731867119183804,1,0.07315630245187531,-0.06939877324668373,0.36382723116702076,1,0.11854589371930217,-0.029191063896486246,0.375147250806706,1,0.10916316699897802,0.03910940186838503,0.36114656321752425,1
474.347564,grid_0700_y602_z546,474.056,600.141,545.185,99.51550832910415,0.738,-0.04291382485096802,-0.008896183857400012,0.3645450546808867,1,0.012565200847079586,-0.05444133149231586,0.3723270731647085,1,0.07529250321349353,-0.07023994995166548,0.36594839314408595,1,0.12119980828649353,-0.029446742495846733,0.3798658686576446,1,0.10920531554211763,0.039081061605459974,0.3608870284763899,1
475.039993,grid_0701_y604_z546,473.933,602.195,545.52,101.4937106130228,0.683,-0.04012263440971579,-0.009111766155473678,0.3616617619414174,1,0.014309116995522364,-0.05470746203083683,0.36909973213533204,1,0.07720391158847148,-0.07073176787762474,0.3661203894115347,1,0.11926228636907846,-0.028630541016205813,0.36929017558371613,1,0.11072247195868054,0.03942005610544267,0.3659646460466818,1
475.691079,grid_0702_y606_z546,474.078,604.067,545.401,103.36593898378715,0.641,-0.03804841501012031,-0.009138083623394893,0.3620150476073768,1,0.016177254295954877,-0.05564795923524757,0.3725890788391186,1,0.07872935332061845,-0.07090913874167476,0.36567571335007915,1,0.11897660569052707,-0.028336787217464514,0.36552785852545844,1,0.10925985250584909,0.03898865698291626,0.36128162019846605,1
476.436726,grid_0703_y608_z546,473.826,606.278,545.437,105.54356170321337,0.736,-0.03596670021314906,-0.009222246241678863,0.36190926207648855,1,0.018152359582656662,-0.05614968694394109,0.3716513191698564,1,0.0808271199764759,-0.07175532912137551,0.3668678482663548,1,0.1226615910633039,-0.028757162251852587,0.3732217134372499,1,0.10992615214318706,0.03911034654413707,0.3623777466860874,1
477.078875,grid_0704_y610_z546,474.11,608.101,545.041,107.4096908756375,0.632,-0.03363206725174148,-0.008859557030444078,0.3582018565995046,1,0.019811636255930503,-0.05623036598557496,0.3708410251255346,1,0.08196342327426989,-0.07175992857280047,0.36511803171147345,1,0.12295464869784789,-0.02835610926053959,0.3707088345847779,1,0.10950743721540046,0.03897890748462661,0.36093709637541627,1
478.002941,grid_0705_y612_z546,474.063,610.25,545.168,109.51826973158407,0.914,-0.03144742715834662,-0.009123911163816775,0.3650235147650857,1,0.022236880112289633,-0.05734204353298428,0.3753379897572465,1,0.08385429302710826,-0.07176674265195726,0.36407613430276076,1,0.12340696861279796,-0.028078617173352177,0.36838701428437853,1,0.1120644194426406,0.039834908673179605,0.36851264201097694,1
478.638748,grid_0706_y614_z546,474.187,612.176,545.143,111.43175059201043,0.625,-0.02969089538155074,-0.009195718706353283,0.3639751034917658,1,0.023770058108956705,-0.05738319274523529,0.3727954319939949,1,0.08578732307646524,-0.07240641248456112,0.3656656462688847,1,0.12431567460987791,-0.028084087212745874,0.368450621413149,1,0.11275940820254049,0.040142064564128256,0.370722088123975,1
479.295021,grid_0707_y616_z546,474.294,614.217,544.881,113.49127588497718,0.646,-0.02723589413739743,-0.009198094999614567,0.3584824469967113,1,0.025724842253726156,-0.05767801812917994,0.3725210641073956,1,0.08671020251175136,-0.07204100320850437,0.361731249293905,1,0.12568973089103672,-0.027858823764036044,0.3695575043463567,1,0.11121703646849175,0.03956545940056637,0.36509716787283397,1
479.926173,grid_0708_y618_z546,474.223,616.172,545.05,115.40405546166916,0.622,-0.025169217333762484,-0.00931501203021207,0.35975971559619074,1,0.02732242702239642,-0.05785287273120564,0.3704708671659192,1,0.08893252981274083,-0.07277305265375288,0.36410016346990776,1,0.12784338669945966,-0.027841123519318483,0.3722558032944028,1,0.10989083787324534,0.03887191374836191,0.3594895170972889,1
480.669862,grid_0709_y620_z546,474.266,618.129,545.035,117.34663247831193,0.732,-0.022868948666834716,-0.009337652805346873,0.360014352979483,1,0.02933825324239882,-0.05827348581334707,0.3697181377109041,1,0.09171227334750047,-0.07394910752212606,0.3684925486163803,1,0.12883804242823338,-0.02756016170419286,0.3716794587596598,1,0.10739936547183229,0.037995048425686705,0.35110747972895096,1
481.31682,grid_0710_y622_z546,474.171,620.157,545.182,119.33663649525243,0.636,-0.02046157529892288,-0.009213082351477477,0.3575299945640016,1,0.03129796317256069,-0.0593175388266316,0.37230548330471824,1,0.09356030609050203,-0.07411800151084047,0.3678316360890071,1,0.12927805885017038,-0.027256920589747997,0.36981639578543013,1,0.10907633856928003,0.03852285937960731,0.3572114430913371,1
481.960641,grid_0711_y624_z546,474.089,622.131,545.302,121.27815307795547,0.633,-0.01842496427036548,-0.009394149316440597,0.3592134426856842,1,0.03354221822356491,-0.06031076764224075,0.3762155537409763,1,0.09552615874053896,-0.07444052736027844,0.3680631545398158,1,0.12949176501286858,-0.026828752953779723,0.36793726904117746,1,0.11017842412000836,0.038801050875575956,0.36053984798569677,1
482.709005,grid_0712_y626_z546,474.279,624.042,545.402,123.165997211081,0.738,-0.016970137045859052,-0.010136509978957684,0.36523170150846146,1,0.035270658483668435,-0.06067625978965661,0.37446312138721194,1,0.09711856619503201,-0.07454620347977477,0.36762511607794324,1,0.13002781211033362,-0.02650478094370392,0.366569831700907,1,0.11086628530471335,0.03917181228940299,0.3626189613320986,1
483.403838,grid_0713_y628_z546,474.345,626.069,545.281,125.19375265962755,0.683,-0.014698612259118945,-0.010128849136389303,0.36334824159316254,1,0.03678832742972726,-0.060313048469622835,0.3701146455004664,1,0.09830040146089003,-0.07411592074775727,0.36524140245890024,1,0.13342240381962528,-0.02688371919420645,0.3739267186513975,1,0.1106778886517017,0.039115445306992236,0.3603576154903686,1
484.058705,grid_0714_y630_z546,474.354,628.168,545.25,127.28127699705094,0.643,-0.012406237599999656,-0.010097730001246743,0.36184689223742666,1,0.038832098377586534,-0.060918173497459795,0.3716623715854732,1,0.0998638282741275,-0.07424521499086653,0.3644274186723909,1,0.133720465279712,-0.026136875425559158,0.37102974588027166,1,0.11103738627384581,0.03910655051434313,0.36100843287065576,1
484.800646,grid_0715_y632_z546,474.215,630.206,545.395,129.28534056110155,0.731,-0.010155637332506493,-0.010243463565360003,0.3648006224409811,1,0.04084139946607027,-0.06126251285026367,0.37142938061409575,1,0.10122030358825411,-0.07397021653958138,0.36283981539039667,1,0.13625587909316558,-0.026134299348264202,0.37483054337488125,1,0.11107317062141572,0.03912805431654981,0.36121389619079286,1
485.438585,grid_0716_y634_z546,474.305,632.251,544.891,131.3763853552076,0.628,-0.007791053311184853,-0.009828508594592283,0.360831852803137,1,0.042645518086347776,-0.06138664659057902,0.37049993105644974,1,0.10386163944802695,-0.07458096061699737,0.36583758289507473,1,0.1365975685133624,-0.02584094124860347,0.3732335869679105,1,0.11211775857400338,0.03944354029595456,0.36413336185037076,1
486.079309,grid_0717_y636_z546,474.178,634.177,545.288,133.24134044282206,0.63,-0.005721218932566491,-0.010234538784844231,0.36858300343524786,1,0.04512006929747766,-0.06263232987052061,0.3764840743440968,1,0.10607130827506403,-0.0748994489957211,0.3672977060402207,1,0.13723082931188577,-0.02542290362512431,0.37192094908888507,1,0.11282077801742266,0.039624222059946514,0.3659859555596801,1
486.715816,grid_0718_y638_z546,474.17,636.207,545.004,135.2899458607328,0.626,-0.003550242146077424,-0.009897867153099723,0.3657785340607531,1,0.04689661341165398,-0.06275175608066537,0.37554868506031874,1,0.10724447449139533,-0.0747638149759902,0.3657430658556119,1,0.1356881557556983,-0.02463366744318768,0.3652223968729661,1,0.11260044173228079,0.039524771257463155,0.3650229268168578,1
487.463997,grid_0719_y640_z546,474.179,638.171,545.084,137.23252804637835,0.736,-0.001191266246330812,-0.009945829885045873,0.35602648213602195,1,0.049823170722509955,-0.06355003363182826,0.3782084623351775,1,0.10818628725390796,-0.07400448794016737,0.36182427465991507,1,0.1374272723806005,-0.024508772318720756,0.3670674264670787,1,0.112965847979331,0.039749565419769234,0.36518303049607903,1
488.114052,grid_0720_y642_z546,474.154,640.157,545.594,139.1509900036648,0.638,0.0009051441769164054,-0.010517825103541826,0.36125450334373477,1,0.05135680617262768,-0.0638150835139684,0.3760495381547241,1,0.11061016676240043,-0.07448852036730091,0.3635390786731988,1,0.14030487284251963,-0.02428654287363981,0.3718372892237032,1,0.11237293506519526,0.039628594684847133,0.3631909155125701,1
488.749459,grid_0721_y644_z546,474.192,642.232,545.5,141.224719911211,0.624,0.0030441759459845287,-0.010550958039057524,0.3597374054933767,1,0.052677302863997334,-0.06324483391323686,0.37062216345801074,1,0.11346455960376949,-0.07517333051731435,0.36609017304648556,1,0.1417111884072001,-0.024030977513786245,0.3726464826076218,1,0.11127331276239952,0.0393774115578719,0.3598829639656067,1
489.496882,grid_0722_y646_z546,474.202,644.208,545.358,143.2046249322975,0.737,0.0053242191095775855,-0.010617874916914549,0.3621864175777003,1,0.054476640336760286,-0.06322266536761392,0.36974670333951815,1,0.11474596848404686,-0.07467733754900809,0.3639696424636017,1,0.14095595804048613,-0.023257833468529412,0.3678834718887045,1,0.11111238677068433,0.039352957242974176,0.35913831364195603,1
490.142901,grid_0723_y648_z546,474.361,646.186,545.122,145.1989185393611,0.633,0.00745450134360383,-0.010523799649090894,0.36365698613775665,1,0.05667544355448726,-0.06404356160529565,0.37319873174729573,1,0.11721853115667902,-0.07499951874592072,0.3663799625162148,1,0.14393137288804525,-0.02323080874446349,0.3731840933265319,1,0.11100279262984167,0.03928158696987742,0.35833883419895923,1
490.779846,grid_0724_y650_z546,474.342,648.153,545.068,147.16023942288223,0.626,0.009558752675843827,-0.01033642309943587,0.3635664698028068,1,0.05909823379613245,-0.06462487831534847,0.37506746026790927,1,0.12021554581585545,-0.07588113776238681,0.37028914765585924,1,0.14446719135932456,-0.02278643937768854,0.3722802186505535,1,0.11061142640379436,0.03892283276858944,0.35621564640668424,1
491.420675,grid_0725_y652_z546,474.366,650.137,544.693,149.1725880113367,0.63,0.011705300853420694,-0.010074410730824244,0.3627854424203121,1,0.06102200846106302,-0.06471921020275877,0.3749680788229123,1,0.12188874562733717,-0.07557323153660858,0.3692841386608666,1,0.14695089212870652,-0.02268045403627276,0.37692950372043305,1,0.11273106259607672,0.03954363127980716,0.3632998293037083,1
492.165543,grid_0726_y654_z546,474.357,652.171,545.053,151.15844331363044,0.735,0.014242050492253836,-0.010256518894135428,0.36394718764919276,1,0.06381769692964827,-0.06585828972604299,0.3790703924893878,1,0.12427761126394148,-0.07561063833784179,0.36978721840428164,1,0.14737977224154972,-0.021895598408697765,0.3745797328726118,1,0.11389475879456126,0.04013320655093315,0.36668262959241255,1
492.807688,grid_0727_y656_z546,474.354,654.177,545.197,153.1397741084922,0.632,0.016178461696727802,-0.01037816999353675,0.3605135168084249,1,0.06557421877372674,-0.06582852699495143,0.377215604903657,1,0.12432585130117868,-0.07461836636983296,0.36477131938911145,1,0.14513438120556627,-0.021025511365404332,0.3665322374069516,1,0.11407134005929671,0.0402326879508089,0.3671349585954201,1
493.442239,grid_0728_y658_z546,474.376,656.171,545.317,155.1126618622736,0.625,0.01848213763495034,-0.010548998323188282,0.36057033741533173,1,0.06659370388732413,-0.06527727619123165,0.37112792172105524,1,0.12737879678296718,-0.07503581884079115,0.36793576915909315,1,0.14933662263298358,-0.02102671716132439,0.37478859078744575,1,0.1136542742723585,0.040034779385251996,0.3652593892483894,1
494.415296,grid_0729_y660_z546,474.379,658.101,545.364,157.0290751230485,0.962,0.021114433507678738,-0.01053511030669759,0.3584048691532458,1,0.06968306172798962,-0.06637398718737073,0.3741117937124471,1,0.12955083062274053,-0.07449670998778062,0.3668583407140091,1,0.15023853366332166,-0.020359418318333322,0.3737971906980515,1,0.11337623041439968,0.039902840341547396,0.36400900968370226,1
495.048554,grid_0730_y660_z548,474.527,658.27,546.221,157.12079600103866,0.623,0.02132144622539325,-0.011403532667250499,0.3606841833768212,1,0.06893982102619561,-0.06553411332893311,0.3669709903732958,1,0.1312341022314349,-0.07525036559761653,0.3704653406752304,1,0.1496608024734808,-0.020038824728826364,0.3713953822681033,1,0.11337623041439968,0.039902840341547396,0.36400900968370226,1
495.786173,grid_0731_y658_z548,474.604,658.192,546.224,157.04422279727456,0.727,0.021132132519661555,-0.01142789376856346,0.3581940204778703,1,0.06848377046840545,-0.06502295247601887,0.36329036725713226,1,0.13092730189997415,-0.07504422156971165,0.36948417182587057,1,0.14905061130698163,-0.0198772128565635,0.3696841320322509,1,0.11337623041439968,0.039902840341547396,0.36400900968370226,1
496.426146,grid_0732_y656_z548,474.0,657.424,546.03,156.287238282593,0.629,0.020714346850716263,-0.011480968730187582,0.36083554943150864,1,0.06906472325457727,-0.06602862993010046,0.3706800025517961,1,0.1311053704469643,-0.07551689821846845,0.37153586756235013,1,0.1488907952415666,-0.020202196483006373,0.37061257628590233,1,0.11344574137888938,0.039935825102473545,0.36432160457487406,1
497.074344,grid_0733_y654_z548,473.253,656.006,545.745,154.89288741578807,0.639,0.01937866824877617,-0.011415936941596084,0.36122919807732445,1,0.06939851621715507,-0.06754901933789804,0.380992827736783,1,0.12942484475825092,-0.07552236536987887,0.3708651293989328,1,0.1496126599737945,-0.020738726235290397,0.37443011818139443,1,0.11344574137888938,0.039935825102473545,0.36432160457487406,1
497.820196,grid_0734_y652_z548,472.664,654.433,546.017,153.29686182697938,0.734,0.017849111280083253,-0.0114793848761903,0.363275934288074,1,0.06699923646555953,-0.06633123493373097,0.37637773349284454,1,0.12662090770118303,-0.07482502129974618,0.36769985676555866,1,0.14747466321202277,-0.020903761588995363,0.37022360074883875,1,0.11386280716582761,0.04013373366803045,0.36619717392190476,1
498.462493,grid_0735_y650_z548,472.383,652.685,545.985,151.55818522600484,0.632,0.015846854186736977,-0.011250812612966142,0.3610770813404908,1,0.06500303159420208,-0.06567545703939912,0.3750602510855963,1,0.12490150287857563,-0.07486909461546215,0.3679268794984491,1,0.14763531619524284,-0.021405671374436483,0.37278203239185137,1,0.11407134005929671,0.0402326879508089,0.3671349585954201,1
499.107934,grid_0736_y648_z548,472.265,650.679,545.733,149.5851334892609,0.636,0.013994240444370329,-0.011364695838244837,0.36667183973393663,1,0.06424932802081794,-0.06678685884935445,0.38299115643065573,1,0.12333212238606028,-0.07499955634390719,0.36881667534660795,1,0.14618101824048707,-0.02159145164269914,0.37176770632368594,1,0.11362988689745804,0.03998398445111954,0.3660041360879013,1
499.748051,grid_0737_y646_z548,471.941,648.78,546.067,147.6620063929784,0.63,0.012141352304425205,-0.011422940972694091,0.36768504745670044,1,0.06231188655317745,-0.06657642315425431,0.3831118955966776,1,0.12300388722971226,-0.07606515944854567,0.3728869100050695,1,0.14584903223301574,-0.02232654246351828,0.3731793126489251,1,0.11318843373561933,0.039735280951430176,0.36487331358038244,1
500.492918,grid_0738_y644_z548,471.985,646.781,545.953,145.68364776116772,0.734,0.00936186732392643,-0.01133014972064025,0.3646807201430715,1,0.05931154976189319,-0.06537809579257713,0.37790119824313667,1,0.1202249621131343,-0.07582569865314928,0.37092746829898493,1,0.14360022054445093,-0.022606227464110173,0.3703883936691228,1,0.1115738238044609,0.039376664081178375,0.3600128000667162,1
501.191004,grid_0739_y642_z548,471.839,644.699,546.503,143.5579118300346,0.687,0.0072013050877586,-0.011884279544876858,0.36728112686387016,1,0.057096755550282444,-0.06495340006902475,0.3758832887610288,1,0.11755832696058935,-0.07511633095838086,0.3676804181070967,1,0.14354863558608627,-0.023105871157613846,0.3727702386398687,1,0.11151424227684933,0.03945431423569249,0.36033961946611665,1
501.8372,grid_0740_y640_z548,471.987,642.678,546.46,141.55071833445425,0.635,0.005094315554215621,-0.011842903078209663,0.36835415480831096,1,0.05553915909984086,-0.0650232391677664,0.37838816343918663,1,0.1147511267180529,-0.07456303932209069,0.3651516882813463,1,0.1403478564882518,-0.023359081637915564,0.3674759491158263,1,0.11077889857555763,0.03926344936571424,0.35826991060682617,1
502.58416,grid_0741_y638_z548,471.938,640.776,546.544,139.64957856721227,0.735,0.00283936613930938,-0.011961852897676142,0.36695727615215573,1,0.05362091875954478,-0.0652259611715871,0.3801549914980968,1,0.11291508668361894,-0.07466315701807179,0.3647694377741403,1,0.13988301288214597,-0.023671964756013148,0.36838469351480313,1,0.1109973453017433,0.03930958820139937,0.3590558118343032,1
503.238661,grid_0742_y636_z548,472.063,638.851,546.366,137.7521265244207,0.643,0.0009833733019136283,-0.011542586193611388,0.36479368937635653,1,0.05128642254680064,-0.06409432629181099,0.37649339684332284,1,0.11135679665432408,-0.0749756040512415,0.3664545949134486,1,0.14080420995388487,-0.02439644951386575,0.3730997609712863,1,0.11237705084399155,0.03967835403400382,0.3632956753809563,1
503.888379,grid_0743_y634_z548,472.096,636.813,546.157,135.74637962759817,0.639,-0.001276537627683112,-0.011352887415349129,0.3659964312655221,1,0.04970319554801311,-0.0641334867310684,0.3793395401663119,1,0.10921736353460018,-0.07475388587114992,0.3653833231699285,1,0.13897062949937883,-0.024638409793041747,0.37015527229976,1,0.11186643056251966,0.03934767964022327,0.36178917890800877,1
504.630869,grid_0744_y632_z548,472.068,634.84,545.881,133.8136133171809,0.732,-0.0034130254925875897,-0.010815021829999914,0.363435733915057,1,0.04717929874429248,-0.0630568769158488,0.3758545601548656,1,0.10831680019047156,-0.07538582046607664,0.3691228844630737,1,0.13479576579572494,-0.024323724668749984,0.36255633568878104,1,0.11270120158444755,0.039577733228372255,0.365283696962466,1
505.267972,grid_0745_y630_z548,472.171,632.753,545.812,131.74676634361853,0.626,-0.005783146940377665,-0.010722107459555808,0.3603144422414798,1,0.04519968446976579,-0.06281476212695254,0.37689989024074366,1,0.106235914153932,-0.07518810464090774,0.3684875976547932,1,0.1353410130158385,-0.02511117304280282,0.36712051630934883,1,0.11274733258904204,0.03959107179245206,0.3656649459787393,1
505.904868,grid_0746_y628_z548,472.294,630.606,545.929,129.60040913901472,0.627,-0.008072577284708931,-0.010863532810005922,0.3622112580126292,1,0.04311732027091325,-0.06236978304606976,0.37589842000802964,1,0.10434340110882642,-0.07499784421520736,0.3677564366851015,1,0.13578678296422902,-0.025629731165481028,0.3710016439624401,1,0.11161375281296475,0.03936739939502173,0.36305535114256465,1
506.545487,grid_0747_y626_z548,472.279,628.551,546.112,127.53774858448779,0.629,-0.010145044592321576,-0.010964213714319795,0.36276047650883736,1,0.04122296168796115,-0.062274276758695055,0.37669444376692657,1,0.10234660136919933,-0.07467420968695086,0.3669624475367498,1,0.13396453094007085,-0.025686982025024785,0.3690031049488384,1,0.11110418238345014,0.039207214879298,0.3616291422896941,1
507.302496,grid_0748_y624_z548,472.231,626.519,546.683,125.45518253543777,0.747,-0.012762331062258872,-0.011326748399037353,0.3663603793468682,1,0.03901625344950323,-0.06167781329378974,0.37302158069311675,1,0.10086719509287163,-0.07497233412346549,0.36863134261707914,1,0.13457252302741124,-0.026303343762402332,0.37391934655738635,1,0.11107317062141572,0.03912805431654981,0.36121389619079286,1
507.93879,grid_0749_y622_z548,472.332,624.459,546.891,123.38520741969029,0.626,-0.01468976555894499,-0.01161088037628256,0.3655705497731039,1,0.037197696680660614,-0.06131922709253523,0.37193811105965374,1,0.09794398885753125,-0.07385166635688706,0.3634849601685645,1,0.13505471755921752,-0.02686205005313063,0.3776016858354625,1,0.11043822357027229,0.0391213751687583,0.3599237372368439,1
508.578449,grid_0750_y620_z548,472.377,622.432,546.977,121.36116040974564,0.629,-0.016860617466532037,-0.011826502848133127,0.3638946246912354,1,0.035036909592180684,-0.06109255220551322,0.3715174201940418,1,0.09593047171549922,-0.07349960260037101,0.3624945573585815,1,0.1313236219325396,-0.026684126451547514,0.3700050448062565,1,0.11050311090147077,0.03904179329540565,0.36128187894489355,1
509.328192,grid_0751_y618_z548,472.611,620.279,546.562,119.26984977772045,0.741,-0.019012414121764982,-0.011210378401889912,0.359634951688151,1,0.03325560785118121,-0.060893830093880566,0.37487350843062983,1,0.09424328129757595,-0.07371552374996354,0.3636530397522634,1,0.12973905038782185,-0.026956052778017194,0.3686726034046772,1,0.11030582172925754,0.038918293964358454,0.36169148783355576,1
509.96466,grid_0752_y616_z548,472.504,618.43,546.257,117.46867599917859,0.627,-0.02135809198439489,-0.011110042504734251,0.36328092199791684,1,0.03141135290119396,-0.06055312115693422,0.3763126856140969,1,0.0932707524698441,-0.0741091384696418,0.367342128943941,1,0.12867026252388672,-0.02710429787407196,0.3686877724864285,1,0.10960088734594946,0.0385716429932222,0.35847409431528804,1
510.600173,grid_0753_y614_z548,472.557,616.413,546.045,115.49268946994009,0.623,-0.023535261052100236,-0.010822848728155263,0.36464311168073593,1,0.029343510735542377,-0.05966773097619974,0.37446411855571266,1,0.09040032324526012,-0.07306694604634917,0.3640097174011518,1,0.12801967192391284,-0.027515203511813146,0.370385176202275,1,0.10811779225103105,0.03816463854947788,0.35338503638919794,1
511.399568,grid_0754_y612_z548,472.689,614.352,546.204,113.42889080388647,0.788,-0.0260922427315455,-0.010610113288177896,0.3658721643278813,1,0.02725378655322655,-0.05946940152079907,0.376553353059338,1,0.08870971641192549,-0.0730227183970392,0.36515343801716404,1,0.12666801651579584,-0.02766661973709451,0.36973806959417954,1,0.11101424314737376,0.03940685301391428,0.3639732074001559,1
512.039975,grid_0755_y610_z548,472.585,612.551,546.035,111.66273375213423,0.631,-0.027909029941507894,-0.010506724688126962,0.3655303604304741,1,0.025854446480548365,-0.0589717166465724,0.37654085645860647,1,0.08750695617039979,-0.07286108847493251,0.36587436878384044,1,0.12552983862708594,-0.0277064154165678,0.36920013467086166,1,0.11228618067690044,0.03994154061505676,0.3686690241697888,1
512.68862,grid_0756_y608_z548,472.488,610.584,546.506,109.65130285591684,0.638,-0.02974338269133357,-0.010445682314770863,0.36031720621601393,1,0.023741101546242753,-0.0584636380216411,0.37477424758649697,1,0.08529619544561999,-0.07224920417730425,0.3636304362347628,1,0.12454894484549253,-0.02805201378760345,0.36966202432955114,1,0.11312132564519936,0.040272644217454266,0.37181703773800556,1
513.327063,grid_0757_y606_z548,472.389,608.563,546.731,107.6174832868712,0.629,-0.03161841463315815,-0.010691025724180485,0.35905007661766636,1,0.022011154532054933,-0.058166949301803696,0.37502410866437813,1,0.08336840291508466,-0.0716722955963172,0.3627554507365919,1,0.1237050725063196,-0.028278867969194488,0.36962185058354213,1,0.11065153538866375,0.039339055812621294,0.36430069942671117,1
514.077356,grid_0758_y604_z548,472.461,606.387,546.851,105.44429151452437,0.741,-0.03437652718042446,-0.011031023406918729,0.3631286684643612,1,0.019872239502532734,-0.05748112855492275,0.3727167166015911,1,0.08302651323752573,-0.07266394847517199,0.36946116127882467,1,0.12320747068765378,-0.028527468895501777,0.3723557709724836,1,0.10952336183263592,0.03896033740701053,0.3609169779266731,1
514.72426,grid_0759_y602_z548,472.241,604.426,546.988,103.4806880968619,0.636,-0.03633653885015821,-0.010978682144255986,0.3632422476586486,1,0.018259262792690283,-0.0577608862536809,0.3770377023800006,1,0.08152903340458181,-0.07231742888929062,0.36950338491428353,1,0.12163505809818845,-0.02853429426900784,0.371190935271707,1,0.10873070679595764,0.03883447217125197,0.3589673097331679,1
515.363684,grid_0760_y600_z548,472.322,602.434,546.699,101.54420494050855,0.627,-0.03856731222820472,-0.010732087278166472,0.36318892456887025,1,0.01609480317401456,-0.05640976524174375,0.37226217593307004,1,0.07848012941999297,-0.07076049480890083,0.3640850310649767,1,0.1195821797857732,-0.028444373478513606,0.3677051672185468,1,0.10970637356260482,0.03909997791974693,0.36299966960155905,1
516.106377,grid_0761_y598_z548,472.287,600.53,546.708,99.65625899560952,0.731,-0.04079940606766411,-0.010576202627050427,0.36514384181958504,1,0.014399797016331891,-0.056250772751843994,0.3740421431418982,1,0.07699807110442855,-0.07069510177689031,0.36545016662956387,1,0.12120548335116088,-0.029085646407938946,0.3760222761140729,1,0.11085678339694902,0.03946058825921299,0.36693256931271445,1
516.74075,grid_0762_y596_z548,472.466,598.49,546.435,97.67513872526625,0.623,-0.04244748552468868,-0.01023061921985482,0.3616272185575936,1,0.012476723294470927,-0.055585782419245444,0.3743958052000801,1,0.07549162039821598,-0.07049946356370099,0.36688203399436065,1,0.12130158637468713,-0.029452674577063763,0.38033619193492635,1,0.10976508958728659,0.03922656367297176,0.3630406667166418,1
517.389602,grid_0763_y594_z548,472.36,596.655,546.524,95.84554868641527,0.636,-0.044605638330028216,-0.00996146941988628,0.36129143558034815,1,0.010859561224417552,-0.05532773259270722,0.3770376819066154,1,0.07355550599397485,-0.06989548745329151,0.36593667723376205,1,0.1180837243169445,-0.029066222950592597,0.37410727314484815,1,0.1092983375999492,0.039116409648342995,0.36191593203750544,1
518.028659,grid_0764_y592_z548,472.433,594.693,546.441,93.91701405496238,0.629,-0.04709205916139607,-0.009877014579310766,0.3649997974747544,1,0.009127544327570387,-0.05451377336458665,0.3743577184173772,1,0.07140447829412747,-0.06884690017044323,0.36333723785130045,1,0.1160016623291303,-0.028919592098402773,0.3710118743232736,1,0.1095545576366507,0.0392455110917258,0.3632573544454759,1
518.783622,grid_0765_y590_z548,472.53,592.637,546.414,91.88884116692296,0.745,-0.049296684349934373,-0.009842731105114308,0.36364834919706635,1,0.007164224132863965,-0.05377131452051701,0.3750953682519018,1,0.0697866321824723,-0.0685929675114721,0.36499430399840127,1,0.11682080652663376,-0.02955588183253125,0.37673626195279775,1,0.10987277208103971,0.03930793488911815,0.36506442725825533,1
519.423661,grid_0766_y588_z548,472.386,590.689,546.531,89.94464383163681,0.63,-0.05113922243600968,-0.009899666352521952,0.3633855522143664,1,0.005177360223528381,-0.05330185180933335,0.3740512163163945,1,0.06813297879926844,-0.06806375469432265,0.3643828378789009,1,0.11413926494843378,-0.029061680070577755,0.3716128494238214,1,0.10747397299398864,0.038438248017707566,0.35777547905710494,1
520.058683,grid_0767_y586_z548,472.349,588.664,546.56,87.9392654790794,0.626,-0.05294403042752486,-0.009682927482966213,0.3605709735972439,1,0.00336005759013192,-0.05278503261413438,0.3744848551992608,1,0.06661581439987932,-0.06783736966657303,0.3664110897441136,1,0.11122213954919653,-0.028606129794166074,0.3656890873568364,1,0.1073299809767247,0.03826503023651191,0.35726376554075623,1
520.80097,grid_0768_y584_z548,472.354,586.54,546.755,85.81105038979535,0.732,-0.05577347253137545,-0.009927662214017969,0.3650379964388035,1,0.0014832320810189265,-0.05228677410717057,0.37427778033199544,1,0.06488363799436501,-0.06722388415641706,0.36543165783960996,1,0.11050101932320215,-0.028633232149439868,0.3668705055038391,1,0.10782802538816041,0.03840223150283343,0.35892478376608167,1
521.440227,grid_0769_y582_z548,472.41,584.45,546.979,83.71240083165702,0.628,-0.058215021613959694,-0.010044876013259246,0.36531798292771855,1,-0.0003957211792604006,-0.05156733046602755,0.3728446526121246,1,0.0631883401440067,-0.06663195982708034,0.365813556334352,1,0.11154222861786474,-0.029207056336170954,0.3745377650248912,1,0.1084349688845658,0.038782959319915024,0.3616418682185023,1
522.079002,grid_0770_y580_z548,472.137,582.745,546.999,82.02465539702075,0.627,-0.06063807700352923,-0.010184644284007473,0.3677781389306188,1,-0.0021775515936546274,-0.05077877649086064,0.3708728988056228,1,0.06220777395564414,-0.06687806014446909,0.368872301373903,1,0.1096782390617739,-0.029256202841871158,0.372030498731259,1,0.10913732023601239,0.0390269535435258,0.3645723177951782,1
522.71926,grid_0771_y578_z548,472.341,580.633,546.934,79.95331101336586,0.629,-0.061943940739448235,-0.01005326063499849,0.3633796906510178,1,-0.0038672703654338615,-0.05000091795575654,0.37007951234126,1,0.060064592799898356,-0.06552523087243142,0.3656261712403597,1,0.10714763736130806,-0.028827566920313675,0.3672842013637887,1,0.10940016734911148,0.039110619445812234,0.365662792454959,1
523.468065,grid_0772_y576_z548,472.518,578.447,547.154,77.76296097114619,0.738,-0.06494134495494056,-0.010071333058323808,0.36662224480272215,1,-0.005985256899384426,-0.04956178407879493,0.37067210785707055,1,0.058101631697148395,-0.0652650668620588,0.36703998283957107,1,0.10545638239001906,-0.0284258696024556,0.36597091048156044,1,0.10940016734911148,0.039110619445812234,0.365662792454959,1
524.107859,grid_0773_y574_z548,472.512,576.686,546.962,76.06123878822912,0.628,-0.06684883079186747,-0.009889198461475342,0.36605441281441453,1,-0.0077385290380959345,-0.048651952491398184,0.36863859248971015,1,0.05566430482036019,-0.06350778611885315,0.3609543740532444,1,0.10504378710992635,-0.02863103388925674,0.36843330120078505,1,0.10804689643702729,0.03887075557044501,0.36161628549514047,1
524.744297,grid_0774_y572_z548,472.314,574.759,546.964,74.16281167134916,0.627,-0.06875462731017057,-0.009585090849137395,0.36527461137037703,1,-0.00952655256594614,-0.04805935125207119,0.3698949813939917,1,0.05399672719362462,-0.06265045702115558,0.36094587219272223,1,0.10414339961308298,-0.028562743605909137,0.3696483750093338,1,0.10640696604656921,0.0382918393953592,0.356701450707037,1
525.486463,grid_0775_y570_z548,472.805,572.413,546.892,71.87502290782247,0.734,-0.07110494756701205,-0.009439245032608685,0.36611414293521183,1,-0.011220327950158484,-0.047448174292746635,0.3715280349782775,1,0.0528411814391912,-0.0624204481363006,0.36480273891969806,1,0.10256557968692263,-0.028304952807739932,0.36876545016131856,1,0.10602356589836785,0.03820574570193709,0.35598776542412935,1
526.139542,grid_0776_y568_z548,472.709,570.673,546.717,70.19868489508906,0.642,-0.07313646826683248,-0.009095466908860832,0.3650088944489264,1,-0.01315053663887362,-0.04632155740841164,0.3688251688464637,1,0.05264520633761731,-0.06360936700368827,0.37504257330451213,1,0.09975725997065914,-0.02762206339467694,0.3623146310556728,1,0.1066969914545665,0.03859989589100767,0.35921759424310595,1
526.777456,grid_0777_y566_z548,472.655,568.558,546.804,68.1069850529298,0.627,-0.07498818703683982,-0.008920343654622227,0.3631293477539394,1,-0.015218520983283157,-0.04625507539580583,0.3740873966279229,1,0.0495493410982425,-0.06156237871133578,0.367357590014744,1,0.0999424541147433,-0.027863580606469117,0.36760713354103136,1,0.10681010991614495,0.038667799528153315,0.3598181615120721,1
527.415264,grid_0778_y564_z548,472.594,566.637,546.974,66.19006495691023,0.626,-0.0767166777856268,-0.008872680073216978,0.3619158359851468,1,-0.016877581104215958,-0.0451485973733637,0.37024998966356204,1,0.047970851726043914,-0.06075138841510003,0.36766928657797066,1,0.10005675098555547,-0.028098252718944998,0.37218994923403825,1,0.10731485891902277,0.03866095875438782,0.3614318862355799,1
528.160573,grid_0779_y562_z548,472.644,564.423,547.245,63.96788830342928,0.735,-0.0808509138934217,-0.009472183264256995,0.3691455723314541,1,-0.018919023455350674,-0.04480881846488178,0.37092909303613947,1,0.045324516084271495,-0.05877806452125005,0.36144000725285264,1,0.09926515081170226,-0.028160346661297374,0.37394981313797643,1,0.10743721605214514,0.03877667172610185,0.3630726332119866,1
528.806532,grid_0780_y560_z548,472.497,562.461,547.497,61.994197478473794,0.635,-0.08270910374158079,-0.00949534340968666,0.36815792115153434,1,-0.02094971553632303,-0.04458499577957534,0.37469483453855734,1,0.04424355582693997,-0.05867599624185984,0.3653464290970295,1,0.0974187171705295,-0.027711040081851664,0.37153026517167753,1,0.10737324935591301,0.03885947298861335,0.3635957091792358,1
529.903091,grid_0781_y558_z548,472.824,560.315,547.656,59.86724529323202,1.084,-0.08534051370783638,-0.009453934409773303,0.3673922490859201,1,-0.02236510688367737,-0.04211527703933887,0.36408945653341984,1,0.04160994651212309,-0.0567880982433883,0.359720358679243,1,0.09532038664890877,-0.027373006911318203,0.3694572557196942,1,0.10708513271934131,0.038827653588278374,0.362780692750464,1
530.538601,grid_0782_y556_z548,472.736,558.498,547.617,58.09964214175514,0.626,-0.08679611072587436,-0.00913131507882292,0.3672562835284181,1,-0.024148562444593857,-0.04241776778066706,0.36966931201756115,1,0.04049236440671561,-0.056271167687579636,0.36043981982924933,1,0.09527439378810343,-0.02750969177584337,0.37349858447749124,1,0.10853223642025331,0.039364955104243794,0.36824195134927923,1
531.278175,grid_0783_y554_z548,472.728,556.449,547.549,56.117257862443694,0.729,-0.08895955380342342,-0.008929899161694718,0.3667847999101346,1,-0.026365051382462857,-0.04180269537611693,0.37149457703653765,1,0.03889549786545301,-0.05557704918963151,0.36283080666398587,1,0.09339924222477022,-0.026732093056920897,0.3710112763462996,1,0.10789852053494724,0.03905622033644192,0.3664660234345995,1
531.909791,grid_0784_y552_z548,472.751,554.505,547.325,54.27951330842974,0.621,-0.0909982223766682,-0.008889918156908445,0.366507847105315,1,-0.028319969056353055,-0.041264460984055173,0.37513460021241196,1,0.037190069747623775,-0.054479209782327745,0.3619645814806367,1,0.0935921422282435,-0.026761067429936836,0.37612373375902847,1,0.10664461734925028,0.03851721349036914,0.36234955612042763,1
532.546824,grid_0785_y550_z548,472.63,552.669,547.243,52.5169278042804,0.625,-0.09371307509030255,-0.008783296815110692,0.36884237225602706,1,-0.029577238227399365,-0.03947887110297816,0.36720949981528045,1,0.03531984852743914,-0.053616343794389475,0.36178721818732784,1,0.0905195017192155,-0.02581697156139104,0.3688484388073084,1,0.10653645467886423,0.03868739613992317,0.36189416854357065,1
533.178997,grid_0786_y548_z548,472.649,550.624,547.004,50.60133520965632,0.621,-0.09571102787256366,-0.008215032630930024,0.36871278074468916,1,-0.03140285953732218,-0.038548004491908636,0.36769524322347735,1,0.03324816055343769,-0.05206474222793954,0.3575019768603177,1,0.08899830714908462,-0.025525997292989395,0.368810842500922,1,0.10648113804274213,0.03875886096948885,0.3628220925540194,1
533.923909,grid_0787_y546_z548,472.84,548.549,546.653,48.70333341774462,0.735,-0.09847951541462327,-0.007641804190142684,0.3698884534242405,1,-0.03377704880041628,-0.03744429425180026,0.3692645368323312,1,0.03171482487100992,-0.051327516968840914,0.36447193880471124,1,0.08833460868190184,-0.025364933571685722,0.3710523997837019,1,0.10596474784772855,0.03874556349051035,0.3621037863571693,1
534.5659,grid_0788_y544_z548,472.7,546.708,546.586,46.95572452853858,0.631,-0.10012218194167544,-0.0073905273913062635,0.36892608068078714,1,-0.0355099491782158,-0.03667108546249866,0.3709468302915542,1,0.030795826745448222,-0.05093717362768059,0.3682578399215973,1,0.08712063916309684,-0.024996845298330794,0.3716325244115131,1,0.10592297275161541,0.03874617854939416,0.36200970212445455,1
535.201703,grid_0789_y542_z548,472.594,544.797,546.648,45.11084795257128,0.624,-0.10192176302336245,-0.007243314630430963,0.3674037138856793,1,-0.037510436220582845,-0.03606332639800638,0.37423363275618315,1,0.02890939918440611,-0.049697675048556676,0.36706457635291356,1,0.08480287216860725,-0.02427630749630578,0.36781264546570797,1,0.1063702658596116,0.0389145352609737,0.36373782694260515,1
535.940731,grid_0790_y540_z548,472.733,542.641,546.887,42.988822140179664,0.729,-0.10502308881845397,-0.007504490446359448,0.3704977026526873,1,-0.03898722141187311,-0.0349142368145851,0.3694018959819355,1,0.026892275857474827,-0.04835014266190796,0.3654690251783701,1,0.08466056469408553,-0.024015795152353265,0.37374162202307526,1,0.10613856930223838,0.03908132295579728,0.3643043809425574,1
536.576616,grid_0791_y538_z548,472.788,540.472,547.267,40.812556511446324,0.625,-0.10776093467771027,-0.007767693454355472,0.37268526081480047,1,-0.04072403460867717,-0.03401286008003248,0.3686417173828344,1,0.025254537316075916,-0.04730586599239236,0.3649892930840538,1,0.08244154200343742,-0.02324478904542391,0.3680007657501398,1,0.10488703154018283,0.03871763697460083,0.36036306565080534,1
537.212848,grid_0792_y536_z548,472.458,538.651,547.481,39.01364609979435,0.625,-0.10949970349656904,-0.007659973812509718,0.371174947228124,1,-0.042968866051064106,-0.033402764310267695,0.37162251880428054,1,0.023491022194814103,-0.04595519558264495,0.36484623916239395,1,0.08090966127396819,-0.022716645342107187,0.36709962973849575,1,0.10581219016652588,0.039353250788329706,0.36447904188639707,1
537.970031,grid_0793_y534_z548,472.618,536.522,547.427,37.031522639502754,0.747,-0.11163650348466672,-0.007500103768603376,0.37091176026093675,1,-0.045042504970573424,-0.03242601718144403,0.37222075504686286,1,0.021849345519452897,-0.04426975723900398,0.3634444037912205,1,0.07979346510346394,-0.022452921031421942,0.36913917563428245,1,0.1040194082623703,0.03868483176755787,0.35971262669775783,1
538.608374,grid_0794_y532_z548,472.587,534.586,547.472,35.20578220974508,0.627,-0.11435025281312086,-0.00737521821789756,0.3728928419041781,1,-0.04684684192575948,-0.03136733806317802,0.37102672768699413,1,0.01998196197139845,-0.042814049270665996,0.36182370936576846,1,0.07748918019913921,-0.021473280859795274,0.3641183738098076,1,0.10489268608063032,0.03913364700256377,0.3629556008655618,1
539.24418,grid_0795_y530_z548,472.603,532.689,547.37,33.48613172643265,0.625,-0.1171743591409304,-0.0070960256183904835,0.37497552216528657,1,-0.04852524747842864,-0.030227095221957212,0.370438993116987,1,0.018183846927832103,-0.04153921628222563,0.3626315890197719,1,0.07811371198370973,-0.02143196086802543,0.37395282830781107,1,0.10562410588587545,0.0392155642686773,0.3656312436304477,1
539.87751,grid_0796_y528_z548,472.537,530.676,547.401,31.624753975327707,0.624,-0.11936437470861046,-0.007004714931509608,0.3753133720437546,1,-0.0504809915153876,-0.029174422770549845,0.3710321025040363,1,0.01630316644161693,-0.03998409389552182,0.35952629528514957,1,0.07585738994120331,-0.020563991116041215,0.3699983358431032,1,0.10513951110588526,0.03919111066391587,0.3646960363695432,1
540.63657,grid_0797_y526_z548,472.504,528.774,547.207,29.98166047769873,0.748,-0.12289626918803762,-0.006830565392557654,0.3794622669152986,1,-0.052486265181685,-0.02798360171160017,0.3720868829290801,1,0.01471588049264758,-0.038602238583430544,0.36236600176471895,1,0.07419145851904022,-0.019719475898662287,0.37000977144086367,1,0.10686727703186656,0.03998319909244126,0.3718344507749979,1
541.268664,grid_0798_y524_z548,472.678,526.68,547.227,28.108667008593628,0.623,-0.12360229464217957,-0.006370325314003023,0.3749642756997752,1,-0.05414514060480384,-0.02670494625640634,0.37055117798485326,1,0.01293691806840353,-0.03691144540092959,0.3606956903651852,1,0.07221193139090673,-0.018602699314827685,0.3665830637651583,1,0.1052535756504642,0.03954760290556994,0.36618169293684516,1
541.90484,grid_0799_y522_z548,472.466,524.986,547.038,26.708017036088638,0.625,-0.12521128525635955,-0.006102369036732639,0.3728042070970326,1,-0.056064040451088315,-0.025604480843915322,0.3715210850926935,1,0.011350947777904598,-0.035878022795508245,0.3645513148508782,1,0.07157036881717198,-0.018257494261835754,0.3697613259654851,1,0.10369379881867997,0.03896247203445964,0.36128095055213827,1
543.500642,grid_0800_y520_z548,472.85,522.776,547.081,24.804875105510995,1.585,-0.12893141652165957,-0.006140172493941905,0.3758895844622724,1,-0.05854144689122985,-0.024362335163224513,0.370650246279139,1,0.0091601932449089,-0.03418323382957168,0.37003513220270434,1,0.06872179148422328,-0.016982279719832235,0.3655924154851479,1,0.10408844660939014,0.03914616319863514,0.3644209438348525,1
544.240285,grid_0801_y518_z548,472.627,520.9,547.186,23.171563628723884,0.729,-0.13006557564433063,-0.005888483004128679,0.374101273003723,1,-0.05952941093905858,-0.02310164806745233,0.36828767589932143,1,0.007735056653025869,-0.03297481562524578,0.3702365643518924,1,0.06851197357587477,-0.01645630839690004,0.37058636369103254,1,0.10303970659962294,0.03880857319476243,0.36113638626010275,1
544.886585,grid_0802_y516_z548,472.773,518.744,547.303,21.36464378359729,0.637,-0.13258704044005604,-0.005784851072956912,0.37481660481744633,1,-0.061562391545035566,-0.021834819351576246,0.3685947784156161,1,0.005844029417469499,-0.03075558565161044,0.364610946725887,1,0.06728133780710482,-0.015711755596344162,0.3730989325876991,1,0.1031649760746191,0.0393015773630123,0.3632335245975307,1
545.523769,grid_0803_y514_z548,472.495,516.927,547.331,19.924447520571338,0.627,-0.1348092006245726,-0.005671490659884782,0.37502864183081686,1,-0.0633879806594652,-0.020468671211977582,0.36820032673736,1,0.004096212903821441,-0.028908395845900166,0.36398951208417973,1,0.06475398129647361,-0.014522230241904308,0.36813096814617685,1,0.10400832136242485,0.03970999110428991,0.3667421284239228,1
546.366772,grid_0804_y512_z548,472.754,514.576,547.552,18.060139368233045,0.73,-0.13858584373973648,-0.005782368752062628,0.37771892237625143,1,-0.06621740573576163,-0.01931198062546725,0.37022836937559594,1,0.0017487471428393904,-0.026714012241155216,0.36504236772512766,1,0.06183798699583296,-0.012852109475153143,0.36208846535627626,1,0.1025497049872588,0.0397547894708379,0.3631413354203203,1
547.003424,grid_0805_y510_z548,472.635,512.659,547.421,16.85255366405933,0.625,-0.13959914543906632,-0.005408057062546571,0.37594103482505414,1,-0.0677202762055658,-0.01816947000397174,0.3703071298759829,1,0.0003053710307763534,-0.025052849970785572,0.36389872851896554,1,0.06125147873401278,-0.01196448437294797,0.3658685348127191,1,0.10236762441319343,0.03974987953012531,0.36266394041704164,1
547.656119,grid_0806_y508_z548,472.721,510.512,547.611,15.404913112380774,0.642,-0.1426548255081605,-0.0052950931528479295,0.3772539411612591,1,-0.06974491672850329,-0.01645943887027353,0.368273464189208,1,-0.0017876275765963284,-0.022575884437676642,0.3618015581749046,1,0.05955596164290261,-0.01070254553498844,0.3671637000897638,1,0.10165709892968533,0.039528691353681485,0.3614852354925805,1
548.396607,grid_0807_y506_z548,472.524,508.651,547.3,14.69716663170157,0.731,-0.14452803117721436,-0.004565174864886641,0.37677324283956054,1,-0.07266330033332717,-0.015092611610099662,0.37296835775487047,1,-0.0038809373481637566,-0.020396119516321108,0.3619472713651485,1,0.05814798067089113,-0.009409574133163522,0.3697483340587649,1,0.10365413398647694,0.0405899817564749,0.37028522531311137,1
549.036358,grid_0808_y504_z548,472.697,506.516,547.243,13.89611528449586,0.628,-0.1473744604176129,-0.004371748319819489,0.378402958428141,1,-0.07480666472407548,-0.013800491790142023,0.37437457153030584,1,-0.005577852099839168,-0.018501041793358063,0.36251876315219345,1,0.05608299710990137,-0.007940825406101411,0.3667669050450762,1,0.10227251957082088,0.04015245401542134,0.36584300470938824,1
549.689316,grid_0809_y502_z548,472.725,504.541,547.327,13.276265325760878,0.642,-0.14949642584099024,-0.004118840948474307,0.3778418646584614,1,-0.07653668313668543,-0.011939973821428565,0.37145287207454253,1,-0.007580210617702773,-0.015980480371448197,0.3632845330973396,1,0.05428308337297424,-0.006349832878377469,0.3668573355235024,1,0.10279076958172148,0.04061865546348172,0.3689418768196642,1
550.425034,grid_0810_y500_z548,472.856,502.535,547.156,13.19203225435724,0.726,-0.15285733669381743,-0.003954105381290549,0.3808159092191225,1,-0.07829592946507445,-0.010397303059349116,0.3706537922831414,1,-0.009422594679733508,-0.01395075717998329,0.3611968827700018,1,0.05263674580911974,-0.004792985915724644,0.3677010396997165,1,0.1014118501271762,0.040198865436368726,0.36564874477136783,1
551.117495,grid_0811_y500_z550,472.268,502.455,548.164,12.14664443375209,0.683,-0.157556143936535,-0.00489239843787601,0.3912423614304181,1,-0.07976075947814058,-0.010611139600867533,0.3753817936109066,1,-0.009926083966449627,-0.013379118542715068,0.35895041004688666,1,0.05220500020211024,-0.004256014053901934,0.36861870041767963,1,0.1006929044909642,0.03994750974467997,0.3636397431176546,1
552.205481,grid_0812_y502_z550,472.35,502.526,548.511,11.808323716768658,1.078,-0.15417562783757918,-0.004972951554919993,0.3839060049340725,1,-0.07882517578080354,-0.010860546824357714,0.3712685805060184,1,-0.010280662256066634,-0.013905246770863485,0.3691551074621914,1,0.05196247822939719,-0.004345381476853209,0.36713705778133676,1,0.1006929044909642,0.03994750974467997,0.3636397431176546,1
552.853669,grid_0813_y504_z550,472.976,502.792,549.715,10.682265349634394,0.638,-0.15751053175699775,-0.006606255257400361,0.39168178618773697,1,-0.07871068302512672,-0.0119006673583183,0.3713841832585598,1,-0.00990752105859113,-0.01432234062896163,0.3646959939370769,1,0.051455201916701054,-0.004499033438565066,0.36151445044073705,1,0.1006929044909642,0.03994750974467997,0.3636397431176546,1
553.597683,grid_0814_y506_z550,473.471,504.151,549.945,10.73651028034712,0.735,-0.1528008610206198,-0.006924299636871231,0.38245380053944206,1,-0.07727812379866039,-0.01299062095501366,0.3699142853389234,1,-0.00841930808204609,-0.015761183020894652,0.35818794215152405,1,0.05308968099979999,-0.005758883447129576,0.36446158848971927,1,0.10199588210204533,0.0405393528495248,0.3667675955966329,1
554.246617,grid_0815_y508_z550,473.284,506.252,550.164,11.156524279541582,0.639,-0.14946975549043734,-0.007221926809565751,0.37986105466058173,1,-0.07514148615929289,-0.014598961081268319,0.36967893712426514,1,-0.006555225956975136,-0.018262822250192216,0.36244772654253965,1,0.05486199643757099,-0.007228765420294282,0.36528474129175736,1,0.10239840170314862,0.0404400391208122,0.3669779830317702,1
554.884739,grid_0816_y510_z550,473.567,508.034,549.91,12.232646688268291,0.628,-0.14687225573537838,-0.007333521722468386,0.37801942127030036,1,-0.07308662051507152,-0.015895060813599697,0.36830052762364157,1,-0.004789825457369745,-0.020053552670605157,0.36254952514200206,1,0.05626077907275615,-0.008534173285213512,0.36391373024227713,1,0.10354562955553621,0.040662398497029836,0.37038696065402277,1
555.514202,grid_0817_y512_z550,473.249,510.193,550.129,13.253811564980095,0.619,-0.1436476046466614,-0.007588748207382974,0.3754359988039263,1,-0.07120899441696554,-0.01746999617714169,0.369129432014497,1,-0.0029339465000542747,-0.02245699872283653,0.36495482134493373,1,0.05871379827132074,-0.009992320774135236,0.36825407312816294,1,0.10194354234289042,0.03979427964095624,0.3635780219081864,1
556.260259,grid_0818_y514_z550,473.422,512.113,550.043,14.623914728963717,0.735,-0.1422903553389797,-0.007989456899281416,0.3784055251471417,1,-0.0687454244672822,-0.01906756299541763,0.3686745543770907,1,-0.0007126818146167945,-0.024821592233184087,0.36425772921858407,1,0.06057580907964063,-0.011320979060775675,0.3678491056218741,1,0.10318542795106149,0.0398748230336635,0.3667474664204433,1
556.89874,grid_0819_y516_z550,473.381,514.113,550.048,16.089089657280248,0.628,-0.13944984663270693,-0.008107691483568652,0.37570785321977285,1,-0.06782919605400728,-0.020308610295966097,0.37187236523206624,1,0.000752451990563839,-0.02627233185850144,0.3633651867158246,1,0.06162177282460775,-0.01231523987694741,0.36692393798003614,1,0.10269538764771531,0.03980580601855559,0.3641651205651213,1
557.545196,grid_0820_y518_z550,473.495,516.149,549.774,17.86589717870337,0.634,-0.1380767574476431,-0.00816331271381075,0.37820962425673715,1,-0.06487228683429601,-0.021398801734516627,0.36674100771478635,1,0.0027856422553341202,-0.028452917084628826,0.3654754357262001,1,0.06375960934011221,-0.013746948608294132,0.3688346397214378,1,0.10364218843165089,0.03978424911511347,0.366005705439992,1
558.286494,grid_0821_y520_z550,473.437,518.279,549.758,19.620825823598768,0.73,-0.13475097144009765,-0.008528079367259517,0.37601117582187527,1,-0.06254710298476342,-0.022746335371730562,0.3658215746462007,1,0.004899791334795676,-0.030544560862202384,0.3657074467983971,1,0.06601877140283806,-0.015095279361341635,0.3710085999983852,1,0.10400832136242485,0.03970999110428991,0.3667421284239228,1
558.920615,grid_0822_y522_z550,473.48,520.344,549.402,21.56498184557553,0.623,-0.13244694493780046,-0.008209135328704084,0.37537028420980667,1,-0.06090123800744303,-0.023785736567026622,0.3671167692172409,1,0.006621980771901963,-0.032675156140159665,0.3705572175386254,1,0.06679742348799975,-0.015947456754006058,0.3681785401095975,1,0.10164625374398087,0.038732944556143935,0.35737034033741377,1
559.553453,grid_0823_y524_z550,473.455,522.367,549.424,23.315031760647468,0.621,-0.13018109145282505,-0.008176092850677228,0.37581625517483197,1,-0.059042252502418235,-0.02518779567912243,0.3691952659477911,1,0.00841994481855399,-0.034182459934528155,0.36675457389889904,1,0.06856651283722716,-0.016877391618587277,0.3681513490934925,1,0.1036174969864754,0.03909716607879336,0.3628289280014367,1
560.298375,grid_0824_y526_z550,473.114,524.552,549.314,25.290197982617755,0.734,-0.12756681089563043,-0.008280526993627064,0.3746361544230223,1,-0.057266565709575015,-0.026523115669912972,0.3701411723619711,1,0.010173704584130206,-0.0351872540513866,0.3616240806209629,1,0.07125783621557305,-0.01802946967568052,0.37388892063318363,1,0.10451294753741056,0.039268891165001665,0.3650275670187727,1
560.937543,grid_0825_y528_z550,473.421,526.185,549.83,26.578579156907505,0.628,-0.1254677824657348,-0.008924986890927016,0.37460062255807725,1,-0.055423443144842856,-0.027868043760048707,0.3707951405544095,1,0.012144114405933323,-0.0368383818756637,0.3618041167824246,1,0.07132497632470954,-0.018426115107365654,0.36696945799823655,1,0.10408100252123646,0.03912674061193122,0.36226647722328154,1
561.576011,grid_0826_y530_z550,473.365,528.217,549.737,28.485180726124973,0.627,-0.12283063682997712,-0.009168818132640272,0.37334610090348735,1,-0.05314645056609909,-0.02872807843279167,0.36747446545010426,1,0.013868786247295817,-0.03862283403853806,0.3628643097417719,1,0.0733524907900606,-0.019199648736567532,0.37026279466035267,1,0.10645275383785144,0.03990484891285477,0.3704961582694811,1
562.221469,grid_0827_y532_z550,473.378,530.137,549.889,30.222120607263783,0.635,-0.12170133261676438,-0.009359893914133152,0.37672441578581034,1,-0.051231574253672155,-0.02993463457210856,0.36792749330926366,1,0.015770322680491566,-0.04077719646275264,0.3685040966011518,1,0.07443207995455162,-0.019917168124633546,0.36808057111555,1,0.1056551259155533,0.0395092382777484,0.3670905595400974,1
562.967753,grid_0828_y534_z550,473.462,532.085,549.839,32.07609044132409,0.736,-0.1202202021198538,-0.00967487622629384,0.3789103130236232,1,-0.049473053461583504,-0.031077766077974262,0.36924895230955185,1,0.017425401786783378,-0.04185609924495543,0.36481748539776976,1,0.07771410976739461,-0.02116103116729645,0.37591861434537605,1,0.10552920280162503,0.03915387956139442,0.36565534822544316,1
563.604451,grid_0829_y536_z550,473.448,534.13,549.882,33.99946184868229,0.627,-0.11693999580959118,-0.009715971708199045,0.37495456694024815,1,-0.0475719573657391,-0.032059487817010304,0.36913696463844603,1,0.01941601942677601,-0.04361621562330396,0.3684195566065783,1,0.07753270056145427,-0.021442523109010722,0.3676817371713406,1,0.1059279052969487,0.03946874821420353,0.3664038368491173,1
564.240445,grid_0830_y538_z550,473.692,535.909,550.068,35.65371637010652,0.627,-0.11349487548052392,-0.009922847054976005,0.370420429664003,1,-0.04596565048484598,-0.033357315510056475,0.3712494546902584,1,0.02096606312257309,-0.04453717373378787,0.3657836016132567,1,0.07802345776143768,-0.021922165239833494,0.3647903468484551,1,0.10461902717017842,0.03897493601452696,0.3616051283881123,1
564.875235,grid_0831_y540_z550,473.576,538.138,549.738,37.87630665732872,0.624,-0.11104813917854775,-0.009836255963558114,0.3697279694317136,1,-0.04451541180851108,-0.034695310970881674,0.37319737266046393,1,0.022986570080539448,-0.046202467520145396,0.36714215650172494,1,0.08090270543322359,-0.022818784633313667,0.3720846899989242,1,0.10583651960596421,0.039452834544709214,0.36518845080771545,1
565.618293,grid_0832_y542_z550,473.835,540.008,549.489,39.753190412846166,0.734,-0.10983269335691537,-0.009981925252090514,0.3739859488014473,1,-0.04186827415198354,-0.035460073366775605,0.36951822084337854,1,0.024284344986951104,-0.04642455222930999,0.3580583750371197,1,0.08130013741913084,-0.022950228619205364,0.36523570241640646,1,0.10513357882548773,0.038999893567919816,0.3615096267591178,1
566.256052,grid_0833_y544_z550,473.813,541.985,549.523,41.64685012098758,0.626,-0.10826196286040543,-0.010018347788932357,0.374423770358869,1,-0.040435607398630814,-0.0362756260740013,0.37029367328852514,1,0.025765044401998456,-0.04737152730379637,0.3599947931641537,1,0.08374574740660448,-0.023642746853054158,0.3721049366086831,1,0.10516018954263048,0.038818004614331436,0.36109422810190894,1
566.908818,grid_0834_y546_z550,473.982,543.957,549.233,43.63331788897108,0.643,-0.10500883514433305,-0.009881243561899084,0.3711267219505453,1,-0.038311544093993254,-0.03671733401385387,0.3678735760287407,1,0.028019267918415552,-0.04973939249121672,0.36754197665325217,1,0.08383940573005395,-0.023985298166317812,0.3669452002222444,1,0.10625233887274046,0.03893429811620859,0.3638270339231412,1
567.646512,grid_0835_y548_z550,473.904,546.053,549.531,45.586502322507734,0.728,-0.10196612940992042,-0.010024214747717555,0.3683876097112998,1,-0.036372613518723285,-0.037684688232037654,0.36713345277024406,1,0.029940287287212312,-0.05110246358789228,0.36693311074102697,1,0.0862568026919522,-0.024745498350825366,0.3710092910520255,1,0.1063702658596116,0.0389145352609737,0.36373782694260515,1
568.288137,grid_0836_y550_z550,473.844,548.028,549.564,47.49581524724053,0.63,-0.09996363999555599,-0.010332035733501463,0.36846178631016546,1,-0.03495655741968336,-0.0389234643456971,0.3703369445310526,1,0.03129938880739122,-0.05170063829825054,0.36399794487565,1,0.0868434840748408,-0.025028086467945177,0.36866560539958015,1,0.10592297275161541,0.03874617854939416,0.36200970212445455,1
568.934428,grid_0837_y552_z550,473.905,549.837,549.694,49.23261079812853,0.633,-0.09747051379774158,-0.010613543273070366,0.3668831589276594,1,-0.03296317606462651,-0.03968672447573719,0.36849144241531995,1,0.03283125639947549,-0.05248209896343303,0.3622745783980155,1,0.08822877337187919,-0.025503927179710655,0.3686475246936415,1,0.10621539842440735,0.038741873137207464,0.3626682917534573,1
569.570751,grid_0838_y554_z550,473.93,551.83,549.725,51.17356076139325,0.625,-0.09537356965754464,-0.010727305619119252,0.36656907506321545,1,-0.030929360270181987,-0.0404129935443965,0.36732613017906857,1,0.03465817767590761,-0.0538809359367438,0.36452147618988107,1,0.0885897996093272,-0.025427247736945945,0.3647059728735399,1,0.10641099674506653,0.03876901343389692,0.36267210390244475,1
570.3132,grid_0839_y556_z550,473.862,553.874,549.932,53.13003276867054,0.73,-0.09334737572493348,-0.011223073715884931,0.36787504533861054,1,-0.028974432619034457,-0.04180993140534206,0.36812942867869036,1,0.03633242397643259,-0.05455406462736616,0.361774316868047,1,0.09224923513881218,-0.02642990673522381,0.373605396961357,1,0.10614094008971378,0.03855543873273687,0.3610215105971469,1
570.950659,grid_0840_y558_z550,473.878,555.837,550.092,55.026003116708395,0.626,-0.09148106514166039,-0.011596534293023703,0.36810603660174535,1,-0.02731446708436015,-0.04270196939633567,0.3680761476646641,1,0.038158953146791685,-0.05568316583242301,0.36278641825319174,1,0.0933680176450625,-0.02665225027499498,0.3733302780029811,1,0.10633114155282604,0.03838246177885095,0.36132043929188473,1
571.603345,grid_0841_y560_z550,473.841,557.992,549.899,57.17695077564034,0.642,-0.08881157334534637,-0.0117550869405214,0.3675905228406836,1,-0.02497823977767177,-0.04314874984093956,0.36581392891506664,1,0.04061821072174626,-0.057381991471122794,0.3672391119969388,1,0.09463431027326175,-0.027201874683606585,0.3729854082282943,1,0.1085254721277957,0.03932572375947831,0.36852425709168546,1
572.339863,grid_0842_y562_z550,473.798,560.056,549.73,59.234871840833826,0.726,-0.08661485147710182,-0.011658870694714083,0.36774513325431746,1,-0.023611745522450257,-0.04419106584246691,0.36966870453398937,1,0.04116337569814541,-0.0569116313472222,0.3582990172360897,1,0.09533146430422598,-0.027264429420257297,0.37075251326709296,1,0.10770532001973217,0.039057925666549274,0.36512123214995623,1
572.975646,grid_0843_y564_z550,473.918,562.14,549.357,61.35486925257035,0.624,-0.08444902889691498,-0.011334268194477982,0.3681413887157762,1,-0.021555863620157295,-0.04474478115062248,0.3693307509410076,1,0.04275750643280417,-0.057731286627097714,0.357792263597306,1,0.09593191563639672,-0.027234935710026276,0.36784919471804256,1,0.10716377714136782,0.03880889104808892,0.36289654390486864,1
573.608902,grid_0844_y566_z550,473.952,564.058,549.402,63.235381219693785,0.623,-0.0815148293363214,-0.01112731966160029,0.3641440329571556,1,-0.019798453290403112,-0.04550389428760963,0.36949468720309925,1,0.04532237310964331,-0.05970694412291115,0.36418776832764715,1,0.09878691561160449,-0.028015378166302462,0.3738375897823988,1,0.10877161417938183,0.03926183918506562,0.3674189881278712,1
574.256254,grid_0845_y568_z550,473.925,566.151,549.029,65.35922766526542,0.635,-0.08003560323163927,-0.01108862718758916,0.3670242024732889,1,-0.01785076530032819,-0.04601002548962078,0.3674309167757885,1,0.04670747150361758,-0.059980109706220905,0.36221608738947875,1,0.10043701213744097,-0.02830303698474565,0.3752897432729053,1,0.10828916743924093,0.038995809395674985,0.3646987203992638,1
575.004868,grid_0846_y570_z550,473.872,568.282,549.045,67.45392004175895,0.737,-0.07802022753956141,-0.011386320104351335,0.3695724275976791,1,-0.015806886297392207,-0.046980455310884496,0.36911795193334307,1,0.049684161460938146,-0.06211477427076573,0.3695020804165918,1,0.09854401868272736,-0.02758077094338133,0.3631211565807833,1,0.10700747935085067,0.03869882191850702,0.36039367180952747,1
575.643368,grid_0847_y572_z550,473.965,570.125,549.254,69.24024493024272,0.627,-0.07537062774754343,-0.011322444439869492,0.36580343842951135,1,-0.014123140234040713,-0.04730983353141657,0.36672189294884716,1,0.050684304060343376,-0.06240547748985531,0.3669174230439534,1,0.09940970765319039,-0.027704179557888807,0.36317265644737723,1,0.10681010991614495,0.038667799528153315,0.3598181615120721,1
576.28646,grid_0848_y574_z550,473.837,572.244,549.434,71.30051021556584,0.632,-0.07368585207594686,-0.011959454713509805,0.36853104935460296,1,-0.012321547292940499,-0.048640457057110495,0.37154649586617405,1,0.05204876638673643,-0.06240986159722267,0.36239423404596005,1,0.10248119878638769,-0.02852048857512517,0.3696803715804138,1,0.1062090739034163,0.038331756540169196,0.35707651953341746,1
577.033659,grid_0849_y576_z550,473.753,574.271,549.399,73.30658816914068,0.737,-0.070956807561967,-0.0120666639664973,0.36567802461097065,1,-0.010518895101399774,-0.04986359052135017,0.37324140725073157,1,0.05402280295835338,-0.06357149454023057,0.3646535086872319,1,0.1031674005906901,-0.02848449279177979,0.3678289858378696,1,0.10662406022716164,0.038448899788634604,0.35745496030886936,1
577.67339,grid_0850_y578_z550,473.819,576.038,549.486,75.04302944977638,0.63,-0.06864262902845533,-0.012088643945472172,0.3648207896600005,1,-0.00867450927865868,-0.050651417399610724,0.3739961617560944,1,0.055866783468227064,-0.06440950804322643,0.3657370628528526,1,0.10463439954520071,-0.02861996409311699,0.36845372000624915,1,0.10656603096676717,0.03836458214353626,0.35644591634226247,1
578.312615,grid_0851_y580_z550,473.98,578.033,549.652,76.99843039309312,0.628,-0.06556778220541166,-0.012193197547200958,0.3593242889534011,1,-0.006879535377197474,-0.050762738454070776,0.3703592260859914,1,0.05805556594653667,-0.06557239532659732,0.3679877569141863,1,0.10398974102196457,-0.028150954851842193,0.36188965246587645,1,0.10854380618208573,0.038882979750950765,0.3628603585158606,1
579.12057,grid_0852_y582_z550,473.834,580.063,549.705,78.99760207753145,0.797,-0.06426325351308017,-0.012572477510968344,0.3662025300101173,1,-0.004930986417148385,-0.051742956260672046,0.37068499650047537,1,0.059498659678477096,-0.0661463782133002,0.3654073358894983,1,0.10738134552977563,-0.029008118966309393,0.36922670041033756,1,0.10940016734911148,0.039110619445812234,0.365662792454959,1
579.762704,grid_0853_y584_z550,473.868,582.263,549.201,81.24566950921144,0.632,-0.061303522735281224,-0.012214231569999498,0.36120191169615995,1,-0.003077416493664592,-0.05217423420906334,0.3713321102765644,1,0.06044422403370218,-0.06585777185410693,0.36199711147350033,1,0.10927283311645211,-0.02923681314476632,0.3723052038232691,1,0.10940016734911148,0.039110619445812234,0.365662792454959,1
580.41339,grid_0854_y586_z550,473.96,584.099,549.43,83.03641583666779,0.64,-0.059132145129616634,-0.012216270254778446,0.359701103399413,1,-0.0012688296849687817,-0.052722310971578604,0.3708939640241297,1,0.06203017678752132,-0.0661423323570271,0.3611231825615443,1,0.10937924186917128,-0.028877125325970872,0.3687441330505985,1,0.1087203154240457,0.038883410315905385,0.3628930887017748,1
581.056912,grid_0855_y588_z550,474.199,586.09,549.218,85.04386635731004,0.632,-0.05749095477934775,-0.012128554897133933,0.36296090873750453,1,0.0005997789950908823,-0.053261085675378086,0.3708789552312691,1,0.06478888968138141,-0.06768238873515706,0.366294843591879,1,0.1084215118051266,-0.028365160001560065,0.36154937100864376,1,0.10805015079804488,0.03851498267025282,0.3597613182306604,1
581.793521,grid_0856_y590_z550,474.244,588.033,549.433,86.94411233660395,0.727,-0.054809623815267126,-0.01234158688077065,0.35991730476581846,1,0.0026800935980140937,-0.054106333624150585,0.37081174879869233,1,0.06542017507651936,-0.06705256305233072,0.36012789262171363,1,0.1112391979311117,-0.02866823386882391,0.3666140728709892,1,0.10823131785171254,0.038442659495402445,0.3599097988249449,1
582.429944,grid_0857_y592_z550,474.089,590.13,549.271,89.03998845462641,0.625,-0.05307786732420731,-0.012670160953016605,0.3620821554046719,1,0.00409451045345612,-0.05480477472736606,0.37178396495973765,1,0.06726248623330339,-0.06788262022811117,0.3613868613827173,1,0.11407341469599105,-0.029159248584429413,0.37262198400747054,1,0.10680063545121155,0.03813918849462317,0.355695481220608,1
583.070122,grid_0858_y594_z550,474.066,592.113,549.269,91.00709149291617,0.629,-0.050548528242139214,-0.012488539744358953,0.3592959410511087,1,0.006106322794046712,-0.05531128010485657,0.3717619134908573,1,0.06962200033315762,-0.06919031379036591,0.3644259935140096,1,0.116119968962157,-0.029523049041878656,0.3754207213544948,1,0.10871123322946927,0.0389133082591772,0.3614371012126727,1
583.833665,grid_0859_y596_z550,473.94,594.192,549.527,93.03729704263772,0.754,-0.04915427071436458,-0.012885429069982319,0.3654891613156003,1,0.008341620544108952,-0.05606442957454849,0.37224042228804716,1,0.07136255199338765,-0.06954097732868256,0.36376832240831475,1,0.11707349941780817,-0.029441670424822076,0.37477450913365706,1,0.10957884810045801,0.03929342560174352,0.3633139612189849,1
584.477574,grid_0860_y598_z550,473.984,596.139,549.438,94.98212262841892,0.63,-0.04689867681692424,-0.013227402006054226,0.3645277492272932,1,0.009991782028277512,-0.05661899790656747,0.37176520462958557,1,0.07299242672870374,-0.0698080978203585,0.36280505806857144,1,0.1180439302253562,-0.029195741380968532,0.3742908739559725,1,0.10926093845793075,0.03916094370024641,0.3616407865008508,1
585.121004,grid_0861_y600_z550,474.032,597.988,549.669,96.79427138524272,0.634,-0.04458728107322038,-0.013321432599830952,0.36287626369609316,1,0.011825733387689195,-0.05670916845941913,0.36910259856835326,1,0.07487747805321676,-0.07060864370376758,0.3645464357698621,1,0.12093294175215252,-0.029470699081134033,0.37930930747709257,1,0.10901650981054889,0.03903208912059296,0.36040522829253446,1
585.756931,grid_0862_y602_z550,474.318,599.975,549.156,98.8323964042156,0.625,-0.042694509112726535,-0.013148260262575115,0.3629101107366718,1,0.013575879923427226,-0.057569479135456056,0.37162383987324377,1,0.07685047226173707,-0.07134931176546193,0.36595748124431904,1,0.12078090874023269,-0.029133361210740883,0.3753936922345174,1,0.10981457724080272,0.03923931597380233,0.36265522101515835,1
586.496834,grid_0863_y604_z550,474.196,602.088,549.375,100.90463688552671,0.73,-0.04023903906728369,-0.013482947349719665,0.36451271698641013,1,0.015676832730512336,-0.058756545454259276,0.3740174773934135,1,0.0787057751753237,-0.07167462686922903,0.3649808602558589,1,0.12126933491728469,-0.02902917757621033,0.3729574061323692,1,0.11048016159204224,0.03928286239435742,0.36538905966774965,1
587.130024,grid_0864_y606_z550,474.158,604.154,549.292,102.96612234128274,0.624,-0.03811988210435926,-0.013419667172176583,0.3622270904664597,1,0.017567975735450384,-0.059598115401930295,0.3773162494140946,1,0.07996296176008774,-0.07159438444124629,0.36335121703783846,1,0.12112152283911877,-0.028623788750579655,0.36950278621145094,1,0.1091567247460647,0.03895975796334798,0.36067890430471883,1
587.760648,grid_0865_y608_z550,474.217,606.187,548.984,105.02124073729088,0.62,-0.03537528166575836,-0.012952075779183484,0.35795734703344306,1,0.019685783114304016,-0.05973273288049298,0.3776352663273425,1,0.08212704176677979,-0.07228118147163871,0.36519975395830667,1,0.12169490198462843,-0.028142033512528152,0.3677015924621832,1,0.10910986627477419,0.03889570762684598,0.3597746651756105,1
588.500804,grid_0866_y610_z550,474.387,608.024,548.972,106.85256467207518,0.729,-0.033377146056234264,-0.012856921856303005,0.3588239755502157,1,0.021099476143482277,-0.059276723862885926,0.37201462821704523,1,0.08358079247547075,-0.07245096496212715,0.3639531346137643,1,0.12546176080581567,-0.02880416885258986,0.37611024411584665,1,0.10952336183263592,0.03896033740701052,0.36091697792667315,1
589.134521,grid_0867_y612_z550,474.313,610.045,549.154,108.84130872972814,0.623,-0.03167885075403703,-0.013250221301366947,0.3613839964800968,1,0.023306454527049013,-0.060464622714763196,0.3755217733962145,1,0.08525485227535541,-0.07267455686440893,0.3634244982231187,1,0.12497351225428588,-0.02833484051531975,0.37107134319125745,1,0.11203557331722269,0.03988090525747623,0.3685321888959139,1
589.78978,grid_0868_y614_z550,474.199,612.123,548.951,110.92606172131065,0.644,-0.02926188579732785,-0.013219169671187617,0.36111198808907924,1,0.02513909911210228,-0.060194404125937254,0.3716241930716453,1,0.08751132334464459,-0.07339589126706254,0.3656246866615014,1,0.12530679407874942,-0.02784492511085946,0.36926645377564016,1,0.11312132564519936,0.040272644217454266,0.37181703773800556,1
590.427798,grid_0869_y616_z550,474.211,613.949,549.242,112.71361189315157,0.628,-0.02724714952173494,-0.01340383955469536,0.3597719384752576,1,0.02659713901753913,-0.06046927159251027,0.36953488429440484,1,0.0892909650494702,-0.07371941094930241,0.3653577241825591,1,0.12724449371915647,-0.02783408828187802,0.3715360342464086,1,0.11171246769741064,0.039693410901369484,0.36615874900089607,1
591.184158,grid_0870_y618_z550,474.262,616.033,549.369,114.77623847295227,0.745,-0.02517803448857587,-0.013879076796927367,0.36474174086591116,1,0.029365721151954315,-0.062157139771058724,0.3756559465752819,1,0.09159687571310547,-0.0741809851764585,0.36673911266057757,1,0.1293478012618101,-0.02781669527666225,0.37358226643277714,1,0.10788161285195583,0.038233335286245715,0.35296985555461236,1
591.820502,grid_0871_y620_z550,474.204,618.012,549.522,116.73053531103159,0.626,-0.022881175316886448,-0.01396975342696576,0.3611342446184804,1,0.031031507689287714,-0.06227593896933191,0.37371445364290434,1,0.09337557181735247,-0.07429178144391015,0.3668435190850935,1,0.12966906071663997,-0.02757458714247828,0.37235092616189375,1,0.10867214758334923,0.03832622481653062,0.35549045741958235,1
592.463422,grid_0872_y622_z550,474.17,620.087,549.345,118.81188128297609,0.632,-0.020477143261696754,-0.013829653389765464,0.35868859704143075,1,0.03272771212160307,-0.06207301326136625,0.3714932949877407,1,0.09446209896086527,-0.07400668002102295,0.3641715269692506,1,0.12962352561572943,-0.027209502603176106,0.36910969977526487,1,0.11056182997309102,0.03897087548894524,0.36179606919809404,1
593.219733,grid_0873_y624_z550,474.109,622.102,549.394,120.81243880081223,0.745,-0.018587067884723064,-0.014081174332962406,0.3626037254675144,1,0.03498107854321284,-0.06317209493202254,0.37477502233072135,1,0.09607832782458989,-0.07421586727727965,0.36326801767546957,1,0.12996756832913703,-0.026660441203487227,0.36698748857414076,1,0.1105392113594468,0.038880922752761095,0.3615396192443955,1
593.858019,grid_0874_y626_z550,474.12,624.312,549.011,123.04790062817004,0.628,-0.016448197466969662,-0.014003477466658412,0.36582612312963125,1,0.03680830269778698,-0.0631890531442458,0.3734078150533808,1,0.09817821334061545,-0.07463210827290988,0.36483071625622415,1,0.132180055477992,-0.026693706576299037,0.37009497452113044,1,0.11070849392675172,0.03900619747699269,0.3606935538409345,1
594.499818,grid_0875_y628_z550,474.007,626.211,548.964,124.94087043878,0.63,-0.014117771931672057,-0.013937893499953552,0.36430035639291225,1,0.03871827123682942,-0.06323064088577837,0.37276635537313074,1,0.10089909253722742,-0.0752776892546256,0.3679473564331976,1,0.1340089031452632,-0.026377366266987785,0.37304088467115265,1,0.11103738627384581,0.03910655051434313,0.36100843287065576,1
595.146606,grid_0876_y630_z550,473.854,628.296,549.0,127.01130281199394,0.637,-0.011841553452894473,-0.0139712419686398,0.364414448668835,1,0.0409378407126368,-0.06414044859724626,0.3748906063889079,1,0.1031583139271179,-0.07580432143680615,0.36874826458197674,1,0.1376233169466655,-0.026612560569610588,0.37938757664160544,1,0.11121630801169542,0.03921406952537654,0.3620357494713413,1
595.943685,grid_0877_y632_z550,473.95,630.263,549.114,128.96204590111006,0.788,-0.009153980160839544,-0.013913937209646673,0.36065859139653533,1,0.042943012207996525,-0.06415580120236385,0.3721003813541605,1,0.10530343058684999,-0.0758627974592283,0.36800279262621494,1,0.13556706223164988,-0.025554778953004044,0.37057714955488064,1,0.11183821358890382,0.039467057206038145,0.36389698209790466,1
596.580219,grid_0878_y634_z550,474.061,632.115,549.515,130.77519124436412,0.626,-0.00736248972993934,-0.014450875909504285,0.36097763257978277,1,0.04481314504437778,-0.06521410606993508,0.3753683172910921,1,0.10717397513038944,-0.07611174586535766,0.36899783795378455,1,0.13632081487454778,-0.025227773636887912,0.3701669978073368,1,0.11248477417673022,0.03957346145932463,0.3652672817544761,1
597.379759,grid_0879_y636_z550,473.986,634.164,549.618,132.8074472685926,0.788,-0.005502976950698351,-0.014876675649555433,0.3664580507829899,1,0.04675118156748219,-0.06534432246073582,0.3733824841450779,1,0.10791416764590996,-0.07559092450772523,0.3655044760350454,1,0.13563116487155674,-0.024643783163443143,0.36540152055904523,1,0.11282077801742266,0.039624222059946514,0.3659859555596801,1
598.015093,grid_0880_y638_z550,474.048,636.375,549.278,135.0394342220079,0.625,-0.0030145747876760528,-0.0146850232143371,0.3665659874690804,1,0.04901550710298861,-0.06575622752563695,0.3742903054386472,1,0.11049463578126686,-0.07612777830392656,0.3678395860080504,1,0.1372488892169658,-0.024533840220347318,0.36696286519411825,1,0.11268215520635054,0.039650491897425325,0.3645574708808592,1
598.653802,grid_0881_y640_z550,474.106,638.316,549.358,136.9683685892477,0.629,-0.0009194508720837746,-0.014752849304656252,0.3649818168593412,1,0.05184448198305328,-0.06727662425229505,0.38035861976989516,1,0.11220348161626834,-0.07586970819883374,0.3675047755084083,1,0.1400334499292589,-0.024289440635119824,0.37214339740643565,1,0.11309392225528389,0.03982233909409298,0.3653835612063547,1
599.294261,grid_0882_y642_z550,474.101,640.366,548.945,139.0446222908315,0.629,0.0012897388827319794,-0.014439365196903314,0.36456683895345054,1,0.05298479250459417,-0.06666697044740963,0.3760942394272415,1,0.11300780638597799,-0.07535333175059684,0.3645030538923413,1,0.14037673833690018,-0.02371580900529835,0.36952437220842055,1,0.11198580487283016,0.039530935369287964,0.36207429570288996,1
600.04279,grid_0883_y644_z550,474.21,642.32,548.765,141.0083660674076,0.739,0.00389884682965444,-0.014171245990248823,0.3649260264572769,1,0.055006934962603726,-0.0662960934875897,0.3737613952901331,1,0.11557051077289734,-0.07577580115535895,0.36668579733919254,1,0.13977553536218273,-0.02299387405742339,0.3648453886598357,1,0.11122354950239322,0.03938279320206082,0.3594277813203327,1
600.680939,grid_0884_y646_z550,474.307,644.26,549.041,142.92139726437046,0.628,0.005679940054769729,-0.014319292181333352,0.36389932763270344,1,0.05642728020436333,-0.06674652700254491,0.37245306493674324,1,0.11723443485054674,-0.07554411867914926,0.36633181172168383,1,0.14280280991842484,-0.023217526889938493,0.37062638711257867,1,0.11124616952846197,0.03935919282382412,0.3592128292631064,1
601.321286,grid_0885_y648_z550,474.335,646.245,549.248,144.8846016731937,0.629,0.00772798380172871,-0.014477414739394904,0.35780972170202563,1,0.05869438995852257,-0.06732951296164116,0.374034915187382,1,0.11942240228513641,-0.07556668237598604,0.36708681372011814,1,0.1434852390419064,-0.0226854449461919,0.3698591514599744,1,0.11044666569570497,0.039026598951164185,0.3560354479767109,1
602.080173,grid_0886_y650_z550,474.232,648.339,549.15,146.9779113846704,0.749,0.01020633403864877,-0.014816021354562342,0.36359265737074875,1,0.05997292661928945,-0.06648352652956296,0.36836120767324776,1,0.12220121010751366,-0.07599970391428242,0.36913266530993394,1,0.14699309912169986,-0.022620909552461776,0.3771040752706699,1,0.11238839528110496,0.0395295235252172,0.3622879083911936,1
602.716257,grid_0887_y652_z550,474.241,650.283,549.398,148.89794345792697,0.626,0.01222849268524068,-0.014773194971834972,0.36394717620292494,1,0.06267225409936768,-0.06768348633272862,0.3723920037395366,1,0.12346209930630248,-0.07563180602091164,0.3672197500186079,1,0.14784683636311108,-0.022152472238970128,0.37636203586564454,1,0.11362988689745804,0.03998398445111954,0.3660041360879013,1
603.368449,grid_0888_y654_z550,474.378,652.139,549.29,150.7589291650747,0.642,0.014413478400541798,-0.014729931760836978,0.35934320480753434,1,0.06471204700424318,-0.0680147855592966,0.37235217526620684,1,0.12475227345446263,-0.07501202890763874,0.36465795924978456,1,0.1456811451814934,-0.02117180501751987,0.368674612092275,1,0.11398304942692898,0.04018294725087103,0.3669087940939163,1
604.001738,grid_0889_y656_z550,474.379,654.158,549.212,152.7779762302146,0.623,0.016612401855062582,-0.014875856990516596,0.36186130758070095,1,0.0667027814264227,-0.0680945349775231,0.3723306597622177,1,0.12696408893854755,-0.0752318906459869,0.36582837882023184,1,0.14945376727618545,-0.02112870453256093,0.376166899770985,1,0.11407134005929671,0.0402326879508089,0.3671349585954201,1
604.744583,grid_0890_y658_z550,474.485,656.159,548.876,154.7997140501235,0.732,0.018959582671315662,-0.014594710159926989,0.36081716464469005,1,0.06886503214413649,-0.06801709714814644,0.3720264653604827,1,0.12919849721051885,-0.07489654730699227,0.3668793164003719,1,0.14965545404847588,-0.020515077546742776,0.37389103140383506,1,0.11407134005929671,0.0402326879508089,0.3671349585954201,1
605.380479,grid_0891_y660_z550,474.263,658.235,549.18,156.8443318516803,0.627,0.021037156395909334,-0.014899858518524716,0.3624870154511811,1,0.07021116415077813,-0.06768980234487551,0.3686726696636914,1,0.1307936796534861,-0.07467759679327877,0.3659493221049602,1,0.14980077963478025,-0.020121295201614476,0.37124627142164013,1,0.11358476330786879,0.04000179462432585,0.36494679435721766,1
606.035853,grid_0892_y660_z552,474.372,658.663,549.788,157.23121861449783,0.644,0.022194592397180746,-0.015377873975269102,0.36145723193956425,1,0.07199985233207166,-0.06861896405830423,0.37037996082432045,1,0.13341190677846093,-0.0754149579809563,0.36914490298643665,1,0.14815273889381944,-0.01966709777439406,0.3660092912456725,1,0.11314028206390218,0.039815088349718225,0.363182124904163,1
606.787511,grid_0893_y658_z552,474.338,658.628,549.937,157.1858650801656,0.742,0.022074908133161698,-0.015480095037537412,0.3591693738282756,1,0.07267415629095589,-0.06911575099942897,0.3724126459413489,1,0.13412071744813764,-0.07574000845411197,0.3704569199482362,1,0.14753800900996356,-0.019562956654158754,0.36403678643381066,1,0.11337623041439968,0.039902840341547396,0.36400900968370226,1
607.436244,grid_0894_y656_z552,473.763,657.631,550.231,156.1635831332004,0.636,0.021332598402648194,-0.016008927076664,0.3631726275211783,1,0.07228069931074974,-0.06965904856291219,0.37482918875611504,1,0.1319900036143927,-0.07493663013571766,0.3667462291942847,1,0.14922729198308096,-0.019921702799661673,0.3688694470547943,1,0.11337623041439968,0.039902840341547396,0.36400900968370226,1
608.073501,grid_0895_y654_z552,473.109,655.876,550.202,154.4072472036206,0.628,0.019782895197017418,-0.01591309283938932,0.36314174721654335,1,0.07005212661564578,-0.0690711104727908,0.37243646023411836,1,0.13032861403866555,-0.07498704123435895,0.36651215436230905,1,0.15077705279377424,-0.020373524268037742,0.37458918471902203,1,0.1137237852368482,0.04006776414617815,0.3655719841395612,1
608.707114,grid_0896_y652_z552,472.604,654.314,549.976,152.86015909320517,0.624,0.01813615021716875,-0.01570561882284421,0.36431026807908296,1,0.06857237315862927,-0.06874641673170212,0.37413259990130016,1,0.12783581620083712,-0.07456722981921575,0.36432192722141155,1,0.14913773546053102,-0.020555852363311134,0.37309648545349927,1,0.11407134005929671,0.0402326879508089,0.3671349585954201,1
609.510364,grid_0897_y650_z552,472.327,652.589,549.751,151.1533935609784,0.792,0.01619578910252979,-0.01547334030945087,0.36863955561238754,1,0.06621430720853219,-0.06836373369684218,0.3740111593745931,1,0.12617846078383335,-0.07507516598595969,0.36603276418403585,1,0.14572772572596424,-0.02080373732158267,0.36682225937003754,1,0.11407134005929671,0.0402326879508089,0.3671349585954201,1
610.221559,grid_0898_y648_z552,472.25,650.736,549.66,149.3111455786205,0.702,0.01397109869391599,-0.015080735457865004,0.3650861630085068,1,0.06449366793830975,-0.06835223505472877,0.376413502239746,1,0.1245381742565947,-0.07520051455348248,0.3664595706922918,1,0.1477849327192447,-0.021611064899662285,0.37421941557530064,1,0.11407134005929671,0.0402326879508089,0.3671349585954201,1
610.96982,grid_0899_y646_z552,472.328,648.766,549.635,147.3482934987711,0.738,0.012225981187748107,-0.015137986666783143,0.3669741736263377,1,0.06228493888243736,-0.06727350924326254,0.3727648221343521,1,0.12381645312656783,-0.07577477033657587,0.3692372102735472,1,0.14642931068491533,-0.021822526498788086,0.373183951467191,1,0.11345330563272256,0.03988450305124379,0.3655518070848937,1
611.608579,grid_0900_y644_z552,472.481,646.645,549.77,145.22376716639738,0.629,0.009903118533160202,-0.015036661044577664,0.3625902925457053,1,0.0604024664478486,-0.06729344353165582,0.3732060606831592,1,0.12161175378719784,-0.07567843807057081,0.36821751753623033,1,0.14514295459969867,-0.02236540576078227,0.37204685102960183,1,0.11220464423523269,0.039367194176403233,0.3614947874405078,1
612.266868,grid_0901_y642_z552,472.363,644.738,549.861,143.31467790844044,0.648,0.007689828105640781,-0.015214339646832487,0.36635287101256714,1,0.05800171600966103,-0.06686892862243482,0.37122515099813247,1,0.11965515466959535,-0.07569281750433117,0.3683868505410398,1,0.14363196547890367,-0.022818072109261817,0.3711754656170615,1,0.11039860358989691,0.038957451641751906,0.35596530863850984,1
612.900672,grid_0902_y640_z552,472.227,642.683,550.06,141.25016922467742,0.623,0.00563789163858454,-0.015351199850968125,0.3650971732948355,1,0.05665946200651341,-0.06737255833887054,0.375175771491717,1,0.11690853507186119,-0.07508722344957966,0.3656024187123078,1,0.1425815194147836,-0.023021962361019246,0.3706959668624901,1,0.11081247922491697,0.03919794796534167,0.3576652938305137,1
613.641268,grid_0903_y638_z552,472.295,640.587,549.971,139.1665657009614,0.73,0.003121412893234015,-0.015149466155033353,0.3636842474562526,1,0.05458101254530486,-0.06711696973390598,0.37672647409767085,1,0.11534909555678315,-0.07565885522264901,0.36706114004057255,1,0.14124391016955165,-0.02363655376208803,0.3698150142068381,1,0.11055657311213984,0.03920377744754096,0.3576909752500729,1
614.293919,grid_0904_y636_z552,472.151,638.587,550.207,137.15414417727234,0.643,0.0010670542764810143,-0.015151571163665254,0.3643861258733765,1,0.052329202982903014,-0.06641598904388865,0.37391261918578267,1,0.1131603071596187,-0.07542482802378277,0.3660576055380908,1,0.14127771926923738,-0.024026178917952574,0.37270199459025666,1,0.11160680095752618,0.039466919435131836,0.3607513670007367,1
614.93825,grid_0905_y634_z552,472.191,636.535,550.524,135.08462844454212,0.633,-0.0011826505875856545,-0.015562583625923993,0.36460974471421126,1,0.05045207245245951,-0.0663857427353157,0.3744855163996091,1,0.1108645390359877,-0.07510416315072775,0.3634898454763415,1,0.14142671083576214,-0.024674731945688512,0.3756743254918125,1,0.11259929374876161,0.03967193961028337,0.3638390681219348,1
615.679224,grid_0906_y632_z552,472.208,634.52,550.591,133.0701412376195,0.732,-0.003527454565140828,-0.015829254759444432,0.3665963080551838,1,0.04903849327974793,-0.06667707367904618,0.37740713120260383,1,0.11044721917010333,-0.07589960042227982,0.36775930146317637,1,0.1380581365794982,-0.024652048288504074,0.36922061919660165,1,0.11273791655983374,0.03964566977280456,0.3652675528007556,1
616.313573,grid_0907_y630_z552,472.053,632.736,550.552,131.2934138066339,0.623,-0.005430762500390078,-0.0159060780476216,0.36651402960604595,1,0.047076259725264406,-0.06620503048967083,0.37634779571121646,1,0.10888071673667339,-0.07596991153698104,0.3685673337181087,1,0.1350821730478922,-0.024493600506380338,0.3639447744514155,1,0.11282077801742266,0.039624222059946514,0.3659859555596801,1
616.957309,grid_0908_y628_z552,472.187,630.789,550.371,129.36595775164346,0.632,-0.007666886040262841,-0.015432115993826098,0.3648939782920263,1,0.04535082522322197,-0.06616474977452338,0.37951005506583685,1,0.10684214406619744,-0.0757680534248061,0.36776576390379334,1,0.136373673560129,-0.025425501069850025,0.37022181733440773,1,0.11282077801742266,0.039624222059946514,0.3659859555596801,1
617.594723,grid_0909_y626_z552,472.253,628.77,550.18,127.36823814829192,0.627,-0.009574877729101433,-0.015119375610393605,0.3648193570283014,1,0.04315107985062422,-0.06519306255965887,0.3763948048788589,1,0.1040451574928966,-0.07492052599907095,0.3645874754571848,1,0.13703532113088643,-0.026027648905736563,0.37498980078139593,1,0.11158332361442225,0.03934399068874661,0.3631696693754466,1
618.339088,grid_0910_y624_z552,472.066,626.789,550.034,125.40486135313895,0.733,-0.011998550380731653,-0.0148917985454417,0.3620012560421511,1,0.04069349336118041,-0.06455454228920443,0.3752059332351364,1,0.10210213218394788,-0.07499922095541446,0.36542926676867565,1,0.13551111152627765,-0.026247914067619747,0.3742026559997121,1,0.11107317062141572,0.03912805431654981,0.36121389619079286,1
618.988032,grid_0911_y622_z552,472.094,624.907,549.865,123.54346466729844,0.639,-0.014008831283064677,-0.01472442847542145,0.36304719034640875,1,0.03850644510568173,-0.06325243277537337,0.37113151756238,1,0.09968205722404475,-0.07434405504092079,0.36371648692395875,1,0.13479077178027113,-0.026598399749136054,0.3753649167260709,1,0.11103738627384581,0.03910655051434313,0.36100843287065576,1
619.627244,grid_0912_y620_z552,472.229,622.7,550.053,121.32891444334288,0.629,-0.016194252512422395,-0.014758850941776508,0.36210297857626406,1,0.03708951115523734,-0.06382383805689977,0.3754566017072031,1,0.0976893601091111,-0.07398968527060133,0.3628608251376953,1,0.13210414622502442,-0.026565788166483733,0.3697080126950687,1,0.11049943412037233,0.03890287950875921,0.3605956139379756,1
620.368302,grid_0913_y618_z552,472.229,620.648,550.284,119.26477309331541,0.731,-0.018428523086462104,-0.01505454944045749,0.36358360118975136,1,0.034856745729730465,-0.06312777129146993,0.3730273940616235,1,0.096159862256937,-0.07413609332631302,0.3637902343277545,1,0.13017094047181318,-0.02656202461357739,0.3680902874031636,1,0.11060250543460473,0.03890181203566181,0.36149647142929736,1
621.060944,grid_0914_y616_z552,472.057,618.731,550.595,117.32801229459231,0.682,-0.020656220324443444,-0.015289925338355275,0.36454243417748244,1,0.03343971060925384,-0.0636752711605412,0.37805661160279563,1,0.09514624172884742,-0.07455601297288665,0.36657491733995656,1,0.12966284256348448,-0.02696898151055403,0.36902904805762693,1,0.11006674982211995,0.03881225317098916,0.36092714775582324,1
621.754993,grid_0915_y614_z552,472.042,616.682,550.857,115.26438218721346,0.682,-0.023006188893605388,-0.015386254693820952,0.3640798246737693,1,0.031409869683959125,-0.06369405797651999,0.37819737222580785,1,0.09301754216261728,-0.07401954450466171,0.3654234408954001,1,0.12799938856861934,-0.0270679752018673,0.3672947528738598,1,0.10794357732133372,0.038159151267117664,0.3532891903227643,1
622.496951,grid_0916_y612_z552,472.144,614.681,550.915,113.2656862513975,0.731,-0.02501546577794847,-0.015472933154016027,0.36446925351856846,1,0.02901267263787548,-0.06208524143307535,0.37058405388268506,1,0.09088301023243181,-0.07345790003090477,0.3626910760886281,1,0.12839216505207446,-0.027604228016498478,0.37182588186700294,1,0.10946415698171766,0.03852696268078556,0.3575372306871752,1
623.129225,grid_0917_y610_z552,472.265,612.578,550.817,111.17881213612601,0.621,-0.02674603131255628,-0.015243893541764069,0.36078612978169583,1,0.02780877156954494,-0.06273977215596707,0.3775645273722656,1,0.08990608010217513,-0.07380668597905052,0.36512238977215294,1,0.12687577965174007,-0.02767900648692423,0.3701957498363325,1,0.111042907537849,0.039373592663054735,0.36401295318884574,1
623.767239,grid_0918_y608_z552,472.109,610.758,550.397,109.40210855372035,0.626,-0.028980706338340656,-0.014737237551623223,0.3609922924630534,1,0.02572850181036789,-0.061759908083381866,0.3759934588711795,1,0.08775850597396798,-0.07354322469044244,0.36525058249490633,1,0.12575434119009105,-0.0278516656275136,0.37018256294769414,1,0.1128039441157481,0.04015478008130628,0.3706970594271436,1
624.521499,grid_0919_y606_z552,472.18,608.705,550.292,107.36764486101022,0.744,-0.031145297091614926,-0.014576146605967571,0.3616958981048456,1,0.023556598585516578,-0.06124953387195357,0.3756285784286441,1,0.08497154908768216,-0.0724485119286801,0.3616252641165266,1,0.12399455912844563,-0.02803532077039389,0.36853377913155655,1,0.11159959818343786,0.03959651006949138,0.3670087531343823,1
625.159745,grid_0920_y604_z552,472.153,606.834,550.164,105.51701751376407,0.623,-0.03362246517569252,-0.01448602996859925,0.3655776576651558,1,0.02188317520653561,-0.06095196469696647,0.3781930929649394,1,0.08427494630349175,-0.07286418211163666,0.36623499482172134,1,0.12301141466961911,-0.028089990210835997,0.36857216846907226,1,0.10956578306068702,0.03894731685264326,0.36101585058461955,1
625.807407,grid_0921_y602_z552,472.099,604.862,550.26,103.54477039908872,0.636,-0.03595143524326892,-0.014650283952133206,0.36680547714830636,1,0.019793055559858143,-0.059515010008167266,0.3727097105183878,1,0.08261517346025825,-0.07249557856921782,0.36598596282335416,1,0.12320301515934118,-0.02850349058622076,0.3724174434653148,1,0.10991558014960687,0.03908622694327216,0.3622386371306547,1
626.45009,grid_0922_y600_z552,472.168,602.874,550.138,101.57865688224082,0.632,-0.03788633637030509,-0.014240821518807806,0.3626111502594557,1,0.01787544733859977,-0.05949192193416978,0.3761571556805701,1,0.0801480000287823,-0.07159803466252634,0.3635795502836275,1,0.12091877221860674,-0.028548756808816265,0.3695355022995163,1,0.10901185445633046,0.03894025213035173,0.35968408605580615,1
627.200914,grid_0923_y598_z552,472.437,600.564,550.589,99.23686206244128,0.74,-0.04035321453037159,-0.014446005739997849,0.3641731410243319,1,0.015691429097783722,-0.05939146105671319,0.3762404463192003,1,0.0779375934345113,-0.07114933805961261,0.3623723162877487,1,0.1187171034929918,-0.028378897270834487,0.36613491005090615,1,0.11029578415718515,0.039278562958198183,0.36491833827970926,1
627.84571,grid_0924_y596_z552,472.294,598.671,550.786,97.33284248905925,0.634,-0.042401440913328134,-0.014686745592848846,0.36536232218998715,1,0.014207613562790624,-0.05902042241933383,0.376999954558764,1,0.07706728356279216,-0.0711901732574126,0.36541510160000934,1,0.1202642660114194,-0.0290802338111315,0.3745769152853963,1,0.10957725260086645,0.03916511928029313,0.3624939395521028,1
628.482706,grid_0925_y594_z552,472.337,596.48,551.015,95.13023260772576,0.625,-0.04497026304473072,-0.01479711862114431,0.36698998646881054,1,0.011976410781223759,-0.05804645496482993,0.37315425446292405,1,0.0756814538527188,-0.07140405844275026,0.36766118214681126,1,0.12054095618011,-0.02940471873308704,0.3787821428983336,1,0.10907819941637467,0.039035469578707266,0.360736980602698,1
629.22996,grid_0926_y592_z552,472.009,594.579,551.003,93.23827362730391,0.735,-0.047356985340710846,-0.014956582757622175,0.36981804914540445,1,0.010288475064406414,-0.0577779774919492,0.3740643354563926,1,0.07432502014428431,-0.07128928466297854,0.36996556258782554,1,0.1184117324657737,-0.02921369596614961,0.37579437737685684,1,0.10954241240474705,0.03922155383671694,0.36322905105872144,1
629.868916,grid_0927_y590_z552,472.128,592.576,550.963,91.24990867392697,0.628,-0.04906779991289025,-0.014707153237335563,0.36566414091165583,1,0.008206897630777971,-0.0571343829813651,0.3734778488593346,1,0.07168950778061543,-0.06981933731692001,0.3652038681569923,1,0.11636406232552059,-0.029204731093378816,0.373265765837061,1,0.10987277208103971,0.03930793488911815,0.36506442725825533,1
630.513555,grid_0928_y588_z552,472.405,590.446,550.711,89.15957213894653,0.632,-0.05117601064038714,-0.01441344642315931,0.3628369872086449,1,0.006120590753836288,-0.05628107875568539,0.3731365950492694,1,0.06961293198758185,-0.06910533572694685,0.364035830353808,1,0.11655142713427771,-0.02975470915006026,0.377423708921768,1,0.10724824258837833,0.0383913712947402,0.3571112190800164,1
631.148641,grid_0929_y586_z552,472.294,588.532,550.671,87.26058707687,0.624,-0.054166987555690146,-0.014408958033931515,0.36863469830296003,1,0.004389344675630711,-0.05536507364203266,0.3709881200987281,1,0.06841345268724104,-0.06920438094328843,0.3669039923597576,1,0.11383149429534985,-0.02922885180749694,0.3718359198626332,1,0.10740311144865688,0.03826748563352912,0.35747051003423225,1
631.896346,grid_0930_y584_z552,472.549,586.468,550.576,85.22220384970103,0.736,-0.05593578802702611,-0.013942583052292765,0.3649529159673638,1,0.0022850343069667723,-0.055110064415716066,0.37488054041781727,1,0.06604771017135995,-0.06815084722831505,0.3649014634214181,1,0.1126837128528922,-0.029120557249317947,0.3715348915177137,1,0.1078577417547844,0.03838099434542173,0.35882104323673936,1
632.544165,grid_0931_y582_z552,472.389,584.787,550.536,83.55575516982664,0.638,-0.05776087544100785,-0.013830581734938712,0.36483059555788194,1,0.0005246592550944083,-0.05399430354896038,0.3713041358895723,1,0.0644623051591402,-0.06751213354688353,0.36490538591471566,1,0.11186861318942451,-0.029025607144173127,0.3726513916169799,1,0.10779109208129325,0.03846149091136074,0.35929301064825797,1
633.186193,grid_0932_y580_z552,472.509,582.695,550.629,81.46838798577036,0.631,-0.06028661841237749,-0.013915586239026426,0.36628806711978384,1,-0.001136169625848405,-0.053511948078135044,0.36986223527220863,1,0.06350162550731044,-0.06758930243672953,0.3676950309398682,1,0.11142362587208318,-0.02929152832690604,0.37504528812955906,1,0.1092105039603251,0.03914751996009937,0.3644187343988775,1
633.942147,grid_0933_y578_z552,472.644,580.665,550.605,79.45742969666209,0.745,-0.061895418823133895,-0.013631848188344897,0.3644827617200762,1,-0.0027327474137984155,-0.05309294494631043,0.37226985488092945,1,0.061550572459939126,-0.0669630784446408,0.3674014146112545,1,0.109451243669591,-0.02926174352034016,0.37309508665291186,1,0.1094911039183836,0.039182796942575246,0.36583686086988776,1
634.584447,grid_0934_y576_z552,472.52,578.683,550.729,77.4739992384542,0.631,-0.06431555083479445,-0.01365943077703099,0.3649605273861437,1,-0.004716173936814205,-0.05243678440331283,0.3720188603582237,1,0.05911521263278965,-0.06556896880518998,0.36352376401589204,1,0.10511905868269003,-0.028326854612162833,0.362498850324054,1,0.10940016734911148,0.039110619445812234,0.365662792454959,1
635.218052,grid_0935_y574_z552,472.418,576.762,550.841,75.55310540937411,0.623,-0.06588739650358595,-0.013575852763341788,0.3624424065543558,1,-0.0066671979750696385,-0.05169510193527425,0.3712225013379527,1,0.057681676038264094,-0.06526359376790554,0.364525991394749,1,0.10305752750417987,-0.02799143283722407,0.35880575062334374,1,0.10866658425993755,0.0391405487851316,0.3636204605590024,1
635.854089,grid_0936_y572_z552,472.302,574.707,551.062,73.48575515703709,0.626,-0.06870651614217091,-0.013867998199327412,0.366330074774853,1,-0.008312652082753839,-0.05113847364117824,0.37078226785791124,1,0.0559370384160663,-0.06439160172265038,0.36368382721864523,1,0.103706563968004,-0.028259231793292018,0.3648513800174117,1,0.10739808056240763,0.038674777789835205,0.35958730600795724,1
636.615106,grid_0937_y570_z552,472.372,572.533,551.238,71.30753583598303,0.751,-0.07156561249937536,-0.014122109360706273,0.36840748720586713,1,-0.010516716962022766,-0.05137064620067351,0.3763857668796733,1,0.05459219594495426,-0.06441002675770667,0.36817274066376704,1,0.10236527394597095,-0.028223454409567306,0.3653218245293844,1,0.10519177985662312,0.03776944169643412,0.3527142417325041,1
637.268636,grid_0938_y568_z552,472.412,570.512,551.018,69.33282317921285,0.641,-0.07285491364363449,-0.0136574259382173,0.3650526879214273,1,-0.01225996088959915,-0.0503083482276645,0.37436263800187725,1,0.052838246663062347,-0.06377690260749178,0.3679646369976568,1,0.1027785628331046,-0.02868135664040126,0.37112520462069154,1,0.10620229834853405,0.038341193053482325,0.3572843889025476,1
637.908511,grid_0939_y566_z552,472.525,568.488,551.172,67.30776101609688,0.628,-0.0752504549442535,-0.013651642282054306,0.36536948766184535,1,-0.014072301687907357,-0.04921027139459688,0.37162288688749,1,0.05065103194174904,-0.06245293843238196,0.3649732136568767,1,0.10047910142722169,-0.028178926521394993,0.3669420504828053,1,0.10681010991614495,0.038667799528153315,0.3598181615120721,1
638.652211,grid_0940_y564_z552,472.466,566.581,551.225,65.41093271006007,0.732,-0.0774991333138887,-0.013560074267381478,0.36650535291878505,1,-0.01576730865470756,-0.04809788775114567,0.3701518797536409,1,0.0488900065600364,-0.06128815907221573,0.36297765119174397,1,0.099251576105015,-0.027889930118307947,0.36663548241048827,1,0.10779829628192675,0.038992887630705006,0.362895799792862,1
639.296717,grid_0941_y562_z552,472.598,564.549,551.063,63.42418587573672,0.634,-0.07962274123493068,-0.013312391562833403,0.3658612144195959,1,-0.01780511639444708,-0.04733625543693777,0.36926949046339097,1,0.04695201248139704,-0.06011423321386304,0.36220023715747046,1,0.09845339932700084,-0.028022425325218408,0.36897393387572314,1,0.10789591803839041,0.03887443063207456,0.3646415906337303,1
639.932475,grid_0942_y560_z552,472.631,562.653,551.005,61.55827876898448,0.625,-0.08172152773452732,-0.012958182349171085,0.3651868685629764,1,-0.019694529541230292,-0.04667871021980338,0.3700210238878111,1,0.04525246607878959,-0.05937696133946907,0.3629838916996542,1,0.09794275654575388,-0.02789936718792626,0.37116151021503097,1,0.10736455173774688,0.038808279558321244,0.3635011672913415,1
640.572507,grid_0943_y558_z552,472.652,560.658,550.883,59.60645499440479,0.63,-0.08467271978153049,-0.012821387356575264,0.3688320447745362,1,-0.021539275997836595,-0.0458531879091734,0.3706465218076488,1,0.04349164029895016,-0.05858013450748575,0.3625967692037257,1,0.09725500744519486,-0.02778051386065448,0.3732282086141562,1,0.10716377714136782,0.03880889104808891,0.3628965439048686,1
641.325308,grid_0944_y556_z552,473.025,558.44,550.731,57.449540607388755,0.742,-0.08669536025115368,-0.012737520098710231,0.3667392703267749,1,-0.023939159911814615,-0.045093964976071994,0.3722468573680727,1,0.04138379278193109,-0.057261900806600194,0.3612789209641524,1,0.09584910105782833,-0.02732363946439282,0.37395943191944775,1,0.109950118294846,0.04003049263154836,0.37261438530604185,1
641.965959,grid_0945_y554_z552,472.631,556.778,550.732,55.8041385293242,0.632,-0.08932686861629144,-0.012630075950661134,0.3699216463625447,1,-0.025095262215695902,-0.04377345442997535,0.367602789822163,1,0.03984266484370395,-0.05660404225701114,0.3616763886014079,1,0.0929119073225417,-0.0266205026076196,0.36648681391457866,1,0.10949846737049058,0.03976345008762354,0.37160884907932346,1
642.604154,grid_0946_y552_z552,472.676,554.604,551.165,53.58914954540712,0.627,-0.09097303070831723,-0.012595337368763318,0.36725075457328493,1,-0.02695124748094025,-0.04301391415367465,0.3666557049192647,1,0.03829645480397468,-0.05592199296603643,0.3632022661984059,1,0.09244217568271726,-0.02658647645779034,0.3695978732910342,1,0.10695809314567453,0.03865196520188734,0.3633786729489706,1
643.344826,grid_0947_y550_z552,472.672,552.519,551.135,51.5413322489825,0.73,-0.09318917789824874,-0.012689657621088573,0.36773515383606675,1,-0.029055406343931667,-0.04299296336145068,0.3725636627760541,1,0.03638617955959479,-0.05485283597925391,0.3618061348293325,1,0.09258692494838432,-0.026606227126450034,0.3749790571980528,1,0.10527840942380944,0.038315988633642564,0.35814951293774977,1
643.984965,grid_0948_y548_z552,472.458,550.582,551.554,49.557650206602844,0.629,-0.09608424436787269,-0.012930174485001954,0.3710734049919179,1,-0.030942910568460665,-0.04233106524990203,0.3719659204716724,1,0.0348899682172271,-0.053872648086653985,0.3617634833189995,1,0.09047706615005499,-0.02599728801663939,0.37100472564188003,1,0.1056190318830412,0.03856267221932904,0.36034190258567667,1
644.632461,grid_0949_y546_z552,472.701,548.429,551.797,47.4000814450777,0.635,-0.09778134313772181,-0.01310892944053119,0.3689867685630835,1,-0.03276266000718051,-0.04135132939829145,0.36921965508257565,1,0.03333596484435663,-0.052931084138288044,0.36300294359040575,1,0.08987205281089163,-0.025728890878076737,0.3747843053272825,1,0.10604829803995482,0.03874433337274272,0.36229195482259857,1
645.266206,grid_0950_y544_z552,472.648,546.583,551.732,45.596574114729286,0.624,-0.10072316333876448,-0.013062836317040505,0.3716466268247799,1,-0.03474822159066606,-0.04085928857948777,0.3719488230321558,1,0.031583708345733985,-0.05176923949440334,0.3624692997486504,1,0.08744492893621036,-0.025071650762009012,0.3697402630881746,1,0.10592297275161541,0.03874617854939416,0.36200970212445455,1
646.004861,grid_0951_y542_z552,472.693,544.453,551.705,43.512864408126475,0.729,-0.10257907366863236,-0.012811859869939716,0.3700832280798515,1,-0.03680181964242034,-0.03994251373675681,0.3727151551446233,1,0.03021839834706729,-0.05126150041261074,0.36754588163855895,1,0.08620129136071858,-0.024913706703979598,0.37162337289046043,1,0.10592297275161541,0.03874617854939416,0.36200970212445455,1
646.64296,grid_0952_y540_z552,472.612,542.586,551.5,41.72553048194838,0.628,-0.10390273642203755,-0.012380741008670582,0.3680551811429223,1,-0.03842303011834895,-0.03888744737637762,0.3721719775157684,1,0.028101562651788765,-0.04950531083729259,0.36358646711693066,1,0.08556123617032056,-0.024433632811444235,0.3733442282842924,1,0.10682631492523786,0.03899713574727169,0.3659417288146054,1
647.279934,grid_0953_y538_z552,472.806,540.396,551.461,39.6010274235404,0.628,-0.1072893935433874,-0.012252879422419932,0.3709446767629952,1,-0.04046768416759898,-0.03759814635930138,0.37163045665356104,1,0.026064833612959654,-0.04821114526244487,0.36294903867605177,1,0.08383539754788678,-0.023862903038367918,0.3727052791050447,1,0.10527787956230839,0.038781226952187255,0.3616607931801537,1
648.080941,grid_0954_y536_z552,472.673,538.58,551.301,37.867718494781336,0.792,-0.10988718022584923,-0.011801368442135612,0.37340423378911114,1,-0.04165234063031065,-0.03592731416250167,0.3668636876307596,1,0.024688522558423014,-0.04735617371580816,0.36461543998656226,1,0.08299522156334753,-0.023269649515580908,0.37435998461666425,1,0.10485493954922401,0.038863540403597144,0.3611501527896553,1
648.71263,grid_0955_y534_z552,472.806,536.511,551.023,35.9359802148209,0.621,-0.11227562442691703,-0.01151834823465637,0.3736827691435388,1,-0.04375346726702058,-0.034867459372347184,0.36751665284277346,1,0.022593977160184173,-0.045517821427877414,0.36301682834259036,1,0.08037760003153427,-0.022545719225375054,0.3689814010360316,1,0.10431458874492287,0.038841000607227096,0.3610413251171517,1
649.35921,grid_0956_y532_z552,472.69,534.769,550.675,34.3489366647645,0.635,-0.11364943769633787,-0.010800947127143228,0.37086132469873445,1,-0.04595870230330878,-0.03368154448911288,0.3701883177072705,1,0.020763755643194392,-0.04394687254544862,0.3622517097491256,1,0.07834596942107315,-0.021632680939327752,0.3656631070236814,1,0.10409950356000104,0.03879666442184519,0.36057033251701903,1
649.995776,grid_0957_y530_z552,472.858,532.562,550.656,32.24771715951385,0.627,-0.11613678506721423,-0.010507215339927815,0.37165167988562475,1,-0.04777701477329019,-0.03240754975546212,0.3685838387600279,1,0.018923741345529273,-0.04254047226968859,0.36136543681982214,1,0.07735090990444325,-0.021262237886908168,0.3693423568506273,1,0.10513221613432915,0.03900992998737152,0.3642473573033424,1
650.735211,grid_0958_y528_z552,472.861,530.623,550.671,30.39923362520844,0.729,-0.12002326586060019,-0.010426111987050391,0.37698528013672605,1,-0.05001428893908287,-0.031317990192041255,0.3687194851525035,1,0.017060762941373132,-0.041049359862382104,0.36237692235717345,1,0.0752366075794347,-0.020395836687551454,0.3660594410658693,1,0.10549230420608513,0.03913485878888782,0.36544905565352004,1
651.371243,grid_0959_y526_z552,472.731,528.578,551.097,28.322275191092974,0.626,-0.122275225317202,-0.010761070173172575,0.3780766366939268,1,-0.051466614656202614,-0.030483055008339477,0.3683415670124036,1,0.015620344892042712,-0.040271303540801155,0.3658100081232737,1,0.07501015210246331,-0.020119879341464537,0.37082094838117524,1,0.10659409244546118,0.0397598636415473,0.3703887058514238,1
652.077502,grid_0960_y524_z552,472.929,526.47,551.18,26.317620124167835,0.695,-0.12376260814664435,-0.010723800675855603,0.37458001950070596,1,-0.053966696344303344,-0.02941637036544718,0.37101049440099626,1,0.013584419852819113,-0.03859453633113439,0.36376077676889806,1,0.07392969034737243,-0.019405430412685963,0.37336807283350665,1,0.1052535756504642,0.03954760290556994,0.36618169293684516,1
652.824567,grid_0961_y522_z552,472.648,524.608,551.388,24.49311270541167,0.736,-0.12696392004545692,-0.010732637417542327,0.37772310365102946,1,-0.05587213154227194,-0.028456268127344343,0.3717087483846725,1,0.011664781168074937,-0.036503341133061265,0.359612275457036,1,0.07135627485191957,-0.018352766625366317,0.3676875229480676,1,0.1035987046925431,0.03897060794663089,0.36085060598193647,1
653.457843,grid_0962_y520_z552,472.819,522.411,551.497,22.426336058304305,0.623,-0.12921279062070296,-0.010645240290437685,0.3777587436865469,1,-0.05775141337144605,-0.027334598772616108,0.3708332989672559,1,0.009976776560674338,-0.03510156886995319,0.36170047310667697,1,0.06928646140772204,-0.017384911051536046,0.36412856790786,1,0.10379924442428375,0.039067412332599014,0.3629391182487245,1
654.090824,grid_0963_y518_z552,472.635,520.653,551.373,20.866705465885147,0.622,-0.13109964360252052,-0.010566710933864711,0.37719087560300696,1,-0.0596242075665249,-0.02620740752022861,0.37098524979533865,1,0.00835867404874519,-0.03413679511067265,0.3664705499473424,1,0.06840146592730373,-0.016641893912109552,0.36878653189324856,1,0.1032858654874741,0.03885703133110223,0.36194244676760245,1
654.824328,grid_0964_y516_z552,472.764,518.532,551.442,18.946643871672954,0.723,-0.13292477090599603,-0.010356052591062672,0.3766056172163453,1,-0.06127489105351373,-0.02496914840701695,0.3689195440765629,1,0.00635687124257255,-0.031929832390438326,0.36147248353632994,1,0.06669641926414563,-0.015841439516361373,0.36869165275014953,1,0.10275674989321089,0.03895355447088518,0.3613668354830044,1
655.457944,grid_0965_y514_z552,472.754,516.531,551.391,17.231322700245627,0.625,-0.13549354296214142,-0.00993691489558677,0.3768407195912232,1,-0.0632169306498956,-0.023505422560905487,0.3686048095386402,1,0.004368377916170117,-0.029797566586455243,0.359624853881222,1,0.06448533155986072,-0.014530475959140341,0.3655809141906997,1,0.10382821257100276,0.03962100327132856,0.36604636639801763,1
656.091013,grid_0966_y512_z552,472.678,514.594,551.442,15.57465986787519,0.623,-0.13774146115065367,-0.009803289260065042,0.37745174706373497,1,-0.06527052656191124,-0.022205277688152454,0.3693870745406269,1,0.0026303765584916343,-0.02826250879074942,0.3633074967723372,1,0.06357403156828627,-0.013665601962185536,0.3684241835859124,1,0.10291386613538948,0.03976460935226309,0.3640961254268775,1
656.719076,grid_0967_y510_z552,472.717,512.68,551.229,14.18299009377074,0.618,-0.13985284182788385,-0.009426242750149524,0.37713020677723713,1,-0.06725013487109746,-0.020680233689667465,0.3683467240559969,1,0.0007726915167584142,-0.026024157898437383,0.3596583963352603,1,0.062079423582311166,-0.012619897349749202,0.36875370578030375,1,0.10236762441319343,0.03974987953012531,0.36266394041704164,1
657.461216,grid_0968_y508_z552,472.972,510.51,551.212,12.6301178933532,0.73,-0.14283996453241177,-0.0092686201431125,0.37785542637400854,1,-0.06921161624143203,-0.019096715359767247,0.36658326907054917,1,-0.0014649618283120503,-0.023844594036113963,0.3589349457416211,1,0.05982748731607579,-0.011070336974350248,0.3679129376338296,1,0.10303080181570967,0.03983608197649533,0.3660872746102323,1
658.09544,grid_0969_y506_z552,472.834,508.747,551.209,11.474872286871074,0.624,-0.14379617444582235,-0.008966362214094309,0.37508728845335176,1,-0.07155935116090353,-0.017943115245814538,0.36983016687552145,1,-0.003051929771017188,-0.022156031806653497,0.3603753223261881,1,0.05773456281994262,-0.0097798288917854,0.36416048088829966,1,0.10304668038471768,0.04016231144307688,0.36733611386313175,1
658.72961,grid_0970_y504_z552,473.01,506.693,551.127,10.453218547414053,0.624,-0.14577960976050908,-0.00869652322704011,0.3745272387821679,1,-0.0737114377871729,-0.016467294704614242,0.370019950914907,1,-0.0049013054803345255,-0.02007429502316987,0.36111682080848034,1,0.05654527057370995,-0.008535386235693068,0.3671489294861676,1,0.10230175357300841,0.04008492127373593,0.36642560457426965,1
659.474997,grid_0971_y502_z552,472.979,504.75,551.129,9.691950061778073,0.735,-0.146539176869451,-0.008228929302802255,0.37150894669696843,1,-0.07623422891743943,-0.015047641184618082,0.3719735754840346,1,-0.006837758563659377,-0.017807363488118656,0.36128277219037097,1,0.05420619332557112,-0.0067963587562336475,0.36378324327406913,1,0.10274959574168427,0.04054256364404505,0.3689431228455933,1
660.108586,grid_0972_y500_z552,472.951,502.678,551.28,9.121967167228833,0.622,-0.1504211937108249,-0.007913586318706143,0.37457214956713625,1,-0.07862187934188561,-0.013325700246684825,0.3726595353147156,1,-0.009283482573017398,-0.015240898189129415,0.3636286808318663,1,0.052379722653377724,-0.005005856037309412,0.36518539232702973,1,0.1014118501271762,0.040198865436368726,0.36564874477136783,1
660.751766,grid_0973_y500_z554,472.455,502.514,552.186,8.156798698018708,0.632,-0.1521224135140215,-0.008636062471262109,0.3786556959939813,1,-0.0787438689002586,-0.013387416511439553,0.3710386520373564,1,-0.009824995093417527,-0.01493596664856095,0.36683819711783155,1,0.05186910453329009,-0.0046951831300598825,0.36653599395106723,1,0.1006929044909642,0.03994750974467997,0.3636397431176546,1
661.391604,grid_0974_y502_z554,472.533,502.585,552.533,7.82643628990871,0.63,-0.1554724811439118,-0.009711230856112234,0.3867445517442293,1,-0.07904397463537213,-0.013804749289786792,0.3722104289317057,1,-0.009818139259707653,-0.015328528096755176,0.36958228178786784,1,0.05149120138269299,-0.0047884094527173,0.36257055557045365,1,0.1006929044909642,0.03994750974467997,0.3636397431176546,1
662.134692,grid_0975_y504_z554,473.211,502.875,553.98,6.553506694892438,0.733,-0.15398769505396065,-0.01070307938284588,0.38318574265987,1,-0.07776556689732561,-0.014793325455491063,0.3683350701859702,1,-0.00944988276344009,-0.015599698704186852,0.36299950993195895,1,0.052469825986563544,-0.005036562944160272,0.3650235396089137,1,0.1006929044909642,0.03994750974467997,0.3636397431176546,1
662.780145,grid_0976_y506_z554,473.667,504.171,553.805,7.152760935471056,0.635,-0.150713952253614,-0.01076269964191891,0.3773696438426536,1,-0.07711657866096415,-0.015709726582552486,0.36978460183639417,1,-0.008342011739855252,-0.01735056973387264,0.3681964878328753,1,0.053828639152879554,-0.005932932771570567,0.3688354729653073,1,0.10175623355664136,0.040455567618961887,0.36609792837872857,1
663.413468,grid_0977_y508_z554,473.635,506.35,553.386,8.468129722672003,0.622,-0.14917598779511448,-0.010751614744162304,0.37908203992958533,1,-0.07514358213354945,-0.016872762731335644,0.3700880826523029,1,-0.006218694781627258,-0.01920288564658377,0.36382973820782366,1,0.05581511055426617,-0.0076300292421882495,0.37025015847717085,1,0.10157898121451507,0.04011725873512593,0.36406430750532376,1
664.154224,grid_0978_y510_z554,473.569,508.309,553.543,9.53810405688682,0.73,-0.146820071989959,-0.011070038809523142,0.37820454289386873,1,-0.07342842369773653,-0.01859705586008125,0.37134968825419606,1,-0.004352034494099663,-0.021343678844702015,0.36238721692575787,1,0.056347681569665964,-0.008817991655280206,0.362249632574274,1,0.10318125412869861,0.040510170960811796,0.3691092127774418,1
664.793106,grid_0979_y512_z554,473.597,510.102,553.593,10.814211945398547,0.629,-0.14405767097931402,-0.011188545801115925,0.37655066295971623,1,-0.07125963929188965,-0.019925878949686095,0.37013576180651503,1,-0.0024669080111747316,-0.02335197309196941,0.3624806690038193,1,0.05812585469805108,-0.010109556016588575,0.36407385750948895,1,0.10194354234289042,0.03979427964095624,0.3635780219081864,1
665.450283,grid_0980_y514_z554,473.643,511.958,553.771,12.207139058764001,0.647,-0.14226752618015226,-0.01177035419369155,0.37753032565757727,1,-0.06897749414806177,-0.021446325670686876,0.36942891339721784,1,-0.0005134024372001921,-0.025403715403743376,0.36045945462249873,1,0.060593371263868975,-0.011603805557407849,0.3676771109169807,1,0.10299389678542818,0.0398715496317279,0.3661177733373777,1
666.087706,grid_0981_y516_z554,473.643,513.966,553.836,13.89181186886724,0.627,-0.13957445481069228,-0.012059979620995153,0.3760192114808575,1,-0.06791071139658529,-0.023162682070455597,0.3745613730471492,1,0.0012703652949149964,-0.027398071345751777,0.36192925819963384,1,0.06252308480398519,-0.012745547092050256,0.36973011094114266,1,0.10299030312334419,0.03989186727992031,0.3652160583432901,1
666.825491,grid_0982_y518_z554,473.79,515.809,553.924,15.51300315864083,0.729,-0.13849970770904907,-0.012615517072126423,0.3789102426600953,1,-0.06546116414617137,-0.024569725043440994,0.37153012836258414,1,0.0032264732921434705,-0.02950839282873772,0.3634743291018208,1,0.06413628246197353,-0.01401207129005672,0.36900415179136903,1,0.10415952230984926,0.03994884934200826,0.3680007077150821,1
667.471509,grid_0983_y520_z554,473.648,517.859,553.766,17.42863858710722,0.635,-0.13460403725890419,-0.012504870239547525,0.3746300985355185,1,-0.06294959679067572,-0.02562705694023428,0.36917586110871287,1,0.005055813481702326,-0.03125293853799906,0.362765069861202,1,0.06571531617349488,-0.015055935665445714,0.36976393775842287,1,0.10393431320853426,0.03970904315126503,0.3666001148623712,1
668.102288,grid_0984_y522_z554,473.655,519.763,553.994,19.121366530664115,0.62,-0.13281293565276417,-0.012703091699967844,0.37553616675816864,1,-0.060870929398817594,-0.02674174705837975,0.368376669866153,1,0.0067938944951603936,-0.03281620052453721,0.361000493105847,1,0.06693734901380284,-0.015983664353007087,0.3685568481176202,1,0.10164625374398087,0.038732944556143935,0.35737034033741377,1
668.939412,grid_0985_y524_z554,473.658,521.864,553.873,21.143615324726326,0.724,-0.13003041503331136,-0.012981978979507633,0.37441112817371236,1,-0.05901162897837444,-0.02833259750365048,0.3702189942072588,1,0.008830414191931044,-0.03479032015609535,0.3615533102052607,1,0.06880548680145733,-0.01700847523871022,0.3677166302972415,1,0.1033474156536804,0.03895690927046156,0.36214778532946357,1
669.582342,grid_0986_y526_z554,473.656,523.897,553.951,23.05966387439338,0.632,-0.12694025299940495,-0.01305003700687658,0.3712906119377575,1,-0.05721209131916397,-0.029605466763757422,0.37079293791429135,1,0.010504036140347043,-0.03619405062535269,0.3615403388169652,1,0.07109095952736344,-0.017975929126656125,0.37262552157695206,1,0.10515855477194487,0.0395316723553457,0.3677256065911859,1
670.21961,grid_0987_y528_z554,473.819,525.905,553.698,25.068201570914503,0.627,-0.12679881684689895,-0.0133346504489183,0.3772274066061686,1,-0.055099852631616666,-0.030632156792958797,0.369344206043952,1,0.012667744576737628,-0.03846167759221009,0.3663400583120872,1,0.07227110652537116,-0.018604936673930074,0.37066533051133616,1,0.10475601706291333,0.03941309596018471,0.36487547214696353,1
670.963383,grid_0988_y530_z554,473.606,528.137,553.63,27.222353369978844,0.733,-0.12323564389392994,-0.013077379983256759,0.3738775421443884,1,-0.05315613464361248,-0.031696080155203435,0.3699902606966473,1,0.014682573686774749,-0.0404965753162715,0.36866359299843177,1,0.0732226801631467,-0.019419650027879442,0.3674189750986706,1,0.10645275383785144,0.03990484891285477,0.3704961582694811,1
671.594413,grid_0989_y532_z554,473.847,529.92,553.583,28.977736833645235,0.621,-0.12108539099390503,-0.01342280340646439,0.3740088345375584,1,-0.05114687401624982,-0.0326767963567304,0.36968253571081766,1,0.01612705655408031,-0.041110449277580716,0.36244009073606265,1,0.07490706244907283,-0.020309248899452556,0.36829784483999883,1,0.1056551259155533,0.0395092382777484,0.3670905595400974,1
672.235453,grid_0990_y534_z554,473.751,532.215,553.388,31.245645232576063,0.631,-0.11792743810016022,-0.01311060903462712,0.37116163514289247,1,-0.04934646913638385,-0.03372839681462968,0.3698453142165219,1,0.01837013727917992,-0.04329768180538947,0.3670056417936755,1,0.07579371280502503,-0.020672605286836964,0.3655555174928027,1,0.10553244137266485,0.03920317148141324,0.3659173295124942,1
672.869917,grid_0991_y536_z554,473.7,534.228,553.421,33.19825087259866,0.624,-0.11633871013860633,-0.013369049365163338,0.37295322456148244,1,-0.04715200132841707,-0.034799569671589425,0.3689838310684395,1,0.019621111380648835,-0.04395294939927248,0.3615846276266748,1,0.07697606613500285,-0.02116061945497171,0.3633865707162069,1,0.10467913843137118,0.0389603257489288,0.3627635152386014,1
673.614742,grid_0992_y538_z554,473.803,536.019,553.715,34.89890933825872,0.733,-0.11434740855562905,-0.014037022650525024,0.3739764803242837,1,-0.0454356166201904,-0.03619465236021381,0.3703106882947067,1,0.021760371524367203,-0.04553883793618877,0.3612312294193466,1,0.07863518375919745,-0.021907538400772423,0.3643857375263254,1,0.10383742557068516,0.03869593276022165,0.35991408882448866,1
674.251425,grid_0993_y540_z554,473.546,538.113,553.753,36.9341983262126,0.627,-0.11115320367137853,-0.014212879173963059,0.3703943728473978,1,-0.0433967508023408,-0.03711005547505241,0.3689891120306226,1,0.02317477630110737,-0.046400709588841696,0.35964137448844885,1,0.08148999062927578,-0.022853855099810888,0.3712105704468208,1,0.10584115197441864,0.03947602627527454,0.36546614232168306,1
674.900813,grid_0994_y542_z554,473.731,539.949,553.907,38.72384279742906,0.638,-0.10937863063984096,-0.014535124236773797,0.3721661525546829,1,-0.041136395442386356,-0.038250457646895726,0.36787909171498195,1,0.025500526014506787,-0.048489208582053314,0.3650821584938516,1,0.08327191654271413,-0.023662928525989058,0.37385815491171925,1,0.10586251163211835,0.03929290100624027,0.364028410836172,1
675.657978,grid_0995_y544_z554,473.488,542.112,553.994,40.83178264538544,0.745,-0.10682366280008251,-0.014626596019708709,0.37053302056051873,1,-0.03906812147462643,-0.03913454810063853,0.3669471844248521,1,0.026809247139827252,-0.0491072361781308,0.36000860789119826,1,0.08485734384362584,-0.02416656944648467,0.3742720763923697,1,0.10620310195212213,0.03917484396604387,0.36461534222288716,1
676.298612,grid_0996_y546_z554,473.622,544.004,554.07,42.69505322633997,0.629,-0.10524076130025908,-0.015097530420016622,0.37304501555195735,1,-0.037116157092910586,-0.04017762448135383,0.36705430161820984,1,0.02875139927701541,-0.050541091083869116,0.361524038477704,1,0.08569720763518818,-0.024656287492229482,0.37165421561256445,1,0.10614327004450637,0.03891565058866428,0.363204852446804,1
676.927923,grid_0997_y548_z554,473.703,545.964,553.946,44.654180017104856,0.62,-0.10390737404377293,-0.01527379562152952,0.3755374850008696,1,-0.03553375130210647,-0.041223626414681865,0.369066016201686,1,0.030986156879387255,-0.052260407223435036,0.36594205463618207,1,0.08632440346451437,-0.02486727537094456,0.36842951504945715,1,0.10592297275161541,0.03874617854939416,0.36200970212445455,1
677.562389,grid_0998_y550_z554,473.696,547.956,553.961,46.62274566131862,0.623,-0.09984065376433114,-0.01514777607812542,0.3688209800657526,1,-0.033622428782622685,-0.04165400754029806,0.3664883806393949,1,0.03228459092419917,-0.05263653721030133,0.36136865714229394,1,0.08888626929228073,-0.025436012268947112,0.37429812182355715,1,0.10592297275161541,0.03874617854939416,0.36200970212445455,1
678.299938,grid_0999_y552_z554,473.641,550.181,553.612,48.870576730789736,0.728,-0.09692336628124479,-0.014984085474446362,0.3672400057203102,1,-0.03136024627164467,-0.04244555586247676,0.36481739589233697,1,0.034021293892834335,-0.05353241870513652,0.36030899439133846,1,0.0895896721978788,-0.025694911770978886,0.37013368411809694,1,0.10625717352052047,0.03874125807832365,0.3627623759861719,1
678.935325,grid_1000_y554_z554,473.983,551.976,553.351,50.69689489505253,0.625,-0.09507729846814192,-0.01473361817776904,0.3667377514229858,1,-0.029862506250292374,-0.04304999658773825,0.3653808450847137,1,0.03578382778398391,-0.05475454573916112,0.36322269276260155,1,0.0910710442536045,-0.02609133289438852,0.3714224743043215,1,0.10579139998128786,0.03863562175868914,0.36035539143566975,1
679.568529,grid_1001_y556_z554,473.948,554.107,553.363,52.80368867797021,0.622,-0.09321250405370804,-0.01494735747105548,0.36872286606285315,1,-0.028331102889213384,-0.04423485619036367,0.36817880520023616,1,0.037407385625360556,-0.05555197047772187,0.3621387870839466,1,0.09176726347983007,-0.026470134246549683,0.37005351272462067,1,0.10593000715890628,0.03834167722972117,0.36002438271187376,1
680.357132,grid_1002_y558_z554,473.915,556.203,552.923,54.93648639110441,0.78,-0.09152093193404431,-0.014711802630647012,0.3705863355123873,1,-0.026322453781663084,-0.04476875371211988,0.3672429584918166,1,0.039535627129026016,-0.05690305878873725,0.3646570696633761,1,0.09145030465601181,-0.026296876892101268,0.3633822760874227,1,0.10821199633137146,0.03919097204796011,0.3674951402631425,1
681.049015,grid_1003_y560_z554,473.973,558.107,553.203,56.78910998598235,0.683,-0.08789881159651819,-0.014861364321407094,0.3656261022861017,1,-0.024203473446553124,-0.04581392124985316,0.36576020168852286,1,0.04133860450120656,-0.05759410081708592,0.3623102268980864,1,0.09474439798761054,-0.02712092023964659,0.3705870485262225,1,0.10977709646992281,0.03994638117899395,0.37210120614076586,1
681.697552,grid_1004_y562_z554,473.994,560.053,553.302,58.707938909486536,0.637,-0.08548147914282468,-0.015124651735152875,0.3641979252649282,1,-0.022491937463104968,-0.04671685650595096,0.36703648068993394,1,0.04303723609191026,-0.058633314829701154,0.36299544678750634,1,0.09657366231220485,-0.02751056947338635,0.3721805734256296,1,0.10822438549450178,0.03931026002421253,0.36666076964578415,1
682.442667,grid_1005_y564_z554,473.818,562.177,553.314,60.808357147681654,0.736,-0.08464102231203777,-0.015702218189418304,0.36930094028060545,1,-0.020584901200101702,-0.04705270068095701,0.3644951747568688,1,0.044276339151801423,-0.059358070793484576,0.3603293375865614,1,0.09745472181249182,-0.027826223619582348,0.37167607791355056,1,0.10726863637073651,0.03878387432783631,0.3630510121107414,1
683.079532,grid_1006_y566_z554,474.076,563.971,553.651,62.56222772568129,0.625,-0.08171018862125395,-0.015511692759575143,0.36507489417732975,1,-0.01896555005845001,-0.04864193057951042,0.3683677267457014,1,0.04681300105779346,-0.06126099627785201,0.36663107184616783,1,0.09788396299454245,-0.027892702736937707,0.36932640417794554,1,0.10889523066392785,0.039341924066043,0.3680918182486882,1
683.726452,grid_1007_y568_z554,473.959,566.079,553.494,64.6695715928287,0.637,-0.0793814817462015,-0.01564795777976357,0.3650193407495053,1,-0.016892128733939093,-0.04960338086397338,0.3708699501099785,1,0.04841661760558827,-0.062035198457260944,0.3657379348388818,1,0.09939985082928265,-0.028048649912714496,0.3694357745142473,1,0.10774978822529094,0.0389415531269902,0.36306253984818165,1
684.37279,grid_1008_y570_z554,474.027,567.781,553.851,66.32815909551536,0.635,-0.07754832971426605,-0.016113099655103234,0.36579024919442676,1,-0.015161573535005532,-0.05026758075466653,0.36887627625166575,1,0.05040794418732362,-0.0629433541547098,0.36795434480002015,1,0.10003768372020114,-0.02800933650609159,0.3668821965568233,1,0.10710616406820353,0.03871433311368388,0.3606814269582551,1
685.116167,grid_1009_y572_z554,473.893,570.083,553.616,68.6365326484373,0.733,-0.07434431413296878,-0.01594431455441529,0.3628025809226862,1,-0.013145895173715602,-0.05086736645925084,0.36752362328182486,1,0.052824442469380825,-0.064007506983863,0.36900903048823563,1,0.10220655824912264,-0.02843994596145082,0.37002788163656236,1,0.10681010991614495,0.038667799528153315,0.3598181615120721,1
685.756634,grid_1010_y574_z554,474.029,571.999,553.413,70.56651818674354,0.629,-0.07143187170158415,-0.015667663226139668,0.35810324314209246,1,-0.011401398737461788,-0.052036572965601935,0.37175297152209613,1,0.053568650914880486,-0.06404716215196844,0.36428535699012643,1,0.10305338135156938,-0.028333604982646234,0.369451143755093,1,0.1061871813083444,0.03831635871128704,0.35692197516133317,1
686.396452,grid_1011_y576_z554,474.04,573.992,553.341,72.5565094874333,0.629,-0.07035729592038095,-0.015909507899218123,0.3632977309737627,1,-0.009501748530505751,-0.05226788177900994,0.3703194352141007,1,0.05496427701051534,-0.06430624790907272,0.36177539919465185,1,0.10367946590971959,-0.02833271729127033,0.36723065040017805,1,0.1064139662001572,0.03833325776931132,0.35652067342084687,1
687.135573,grid_1012_y578_z554,474.174,575.973,553.292,74.53649475927881,0.73,-0.06912241105262397,-0.016078675928156837,0.36722407917630545,1,-0.0075874250871978185,-0.05253308580488305,0.3672978337771856,1,0.05637123579070523,-0.0645226828095083,0.3604381929914716,1,0.1029495780544408,-0.028064676297225553,0.3604047168497101,1,0.10650482844354243,0.038326297101749465,0.3560722052893686,1
687.771554,grid_1013_y580_z554,474.263,577.993,553.29,76.54982582605929,0.624,-0.06632618983455292,-0.016061246837895574,0.36352691150661604,1,-0.00572920479879847,-0.052957230147968756,0.36575304472990683,1,0.05809635064936691,-0.06512090694943742,0.3602731372978671,1,0.10469997970672076,-0.028256475707123002,0.36242430897167627,1,0.10836648830263855,0.03886982309792124,0.3622650366102224,1
688.420187,grid_1014_y582_z554,474.179,579.943,553.468,78.47258126250215,0.636,-0.06403790562800378,-0.01630910622626821,0.363985131918918,1,-0.003910894625599773,-0.05384283481938147,0.3674065988376821,1,0.06052087032034144,-0.06634178320298918,0.36258818913981133,1,0.10785605944506213,-0.02892954974608853,0.3693138707128291,1,0.10940016734911148,0.039110619445812234,0.365662792454959,1
689.055878,grid_1015_y584_z554,473.899,582.011,553.615,80.51182184623572,0.625,-0.061871894270338935,-0.016569304526075697,0.3640753414690243,1,-0.002037714245635454,-0.054958536445001024,0.3688220064923752,1,0.06246140366595283,-0.06733829131931732,0.36437351945474794,1,0.11001940254256355,-0.029264899196185485,0.3722252079752776,1,0.10958204048765571,0.039254974439338265,0.36601092928481654,1
689.799649,grid_1016_y586_z554,473.931,584.148,553.41,82.65856316801066,0.733,-0.05870523929051673,-0.016414317310101185,0.3594110543295074,1,-6.984494643350405e-05,-0.05522182905477495,0.36749250492591856,1,0.06390649605261864,-0.06770097393956398,0.36218416128948916,1,0.1107881584276725,-0.028886607860242625,0.36985329015598456,1,0.10825784232744298,0.03870377833990347,0.361126825400907,1
690.437829,grid_1017_y588_z554,473.871,586.074,553.514,84.56750121057141,0.628,-0.057171864116786555,-0.01661397600744034,0.3613296894053498,1,0.0015190610409542224,-0.05616722141466916,0.36909436840034926,1,0.06536013461482638,-0.06806284056345949,0.36235035094901535,1,0.1106311666489415,-0.028617083195990954,0.36629370461764216,1,0.10814938569208374,0.038468348716521925,0.3599565340601378,1
691.088903,grid_1018_y590_z554,474.134,587.935,553.513,86.42896406876571,0.641,-0.05535629213922751,-0.017037496954545792,0.36410106034495165,1,0.003542170160658871,-0.05720882613715027,0.3707787934396801,1,0.06756349823098368,-0.0689776851609957,0.36334278598259095,1,0.11318103665734643,-0.029104989384432355,0.3710982885958246,1,0.1083807482904838,0.03846732555539474,0.36034530106022716,1
691.71776,grid_1019_y592_z554,473.905,590.15,553.496,88.63200912198708,0.618,-0.05330408109059227,-0.017019314516054578,0.36384200642791215,1,0.005327160124316539,-0.057481536665646336,0.3698606351233291,1,0.0691493192636834,-0.06926759611553286,0.3628467590477206,1,0.11646849038158875,-0.02967136743057252,0.3774525171465588,1,0.10680063545121155,0.03813918849462317,0.355695481220608,1
692.449962,grid_1020_y594_z554,473.782,592.406,553.349,90.88920112422595,0.722,-0.050205166295451395,-0.016981716782131378,0.3616047479431893,1,0.007943665755160107,-0.058095140535233555,0.36919508715932015,1,0.07095382137170396,-0.06939334872983774,0.3607970916805912,1,0.11596726055078863,-0.029087532339392534,0.3722667677248585,1,0.1092039153157921,0.03916248794540382,0.36217778862209365,1
693.086062,grid_1021_y596_z554,473.828,594.378,553.258,92.86294928549283,0.626,-0.04841930901819855,-0.016927635829545224,0.3628648707232266,1,0.009757893383887096,-0.058797610299979874,0.37207856262295075,1,0.07234316727345909,-0.06974902378533825,0.3605221925543768,1,0.11587364218721727,-0.0288352960722209,0.3684601880965496,1,0.10957884810045801,0.03929342560174352,0.3633139612189849,1
693.72011,grid_1022_y598_z554,474.045,596.239,553.138,94.73220849320474,0.624,-0.04641865953927835,-0.016926034483729247,0.3626623486742695,1,0.011151971446739344,-0.058924577038453184,0.3699346699755317,1,0.07424901013469132,-0.07068414857741792,0.3619863693337212,1,0.11841781344018176,-0.029113915469302143,0.3721862575477126,1,0.10916316699897802,0.03910940186838503,0.36114656321752425,1
694.457949,grid_1023_y600_z554,473.861,598.489,552.959,96.98452609050587,0.726,-0.04372463505678662,-0.01687865345751114,0.36059386895827994,1,0.013351404157777474,-0.05986746913807707,0.37270747587133235,1,0.07632089608512098,-0.07132681378875258,0.3624581385842285,1,0.11887162181188453,-0.02879938089301075,0.370113379738621,1,0.10948852413947072,0.03915452033276048,0.3616097287521732,1
695.09205,grid_1024_y602_z554,473.966,600.267,553.177,98.7434839875524,0.625,-0.0417211831769194,-0.01708799012804895,0.3610309233226896,1,0.015231925004028568,-0.060524073015095006,0.37291537169413397,1,0.07833003304686192,-0.07187636006496956,0.3645074222386658,1,0.11901022685762168,-0.028478458856106604,0.36715530208668257,1,0.11080078263802082,0.03947731604724397,0.3659296472489458,1
695.728823,grid_1025_y604_z554,473.841,602.421,553.208,100.88667510627961,0.626,-0.03961157749998915,-0.017257193395680197,0.36171335003184807,1,0.016940952410645613,-0.060606368470008554,0.36940169842318227,1,0.08047489361479875,-0.0725403108661227,0.36615168155044236,1,0.12027908830576195,-0.02846892816205724,0.36791679193819277,1,0.10919568242224462,0.03899811732280134,0.36064863668400493,1
696.385939,grid_1026_y606_z554,474.099,604.116,553.124,102.58857738072014,0.647,-0.037733850300601564,-0.01721921839405904,0.3628486417148663,1,0.018450591294211994,-0.06062330216218481,0.3660117442841707,1,0.08151770974092562,-0.07250575414498583,0.3627822907958755,1,0.12154629682979134,-0.028206923318645338,0.3685451118172859,1,0.10864599049798299,0.03882753755387035,0.3587196695967839,1
697.181139,grid_1027_y608_z554,473.974,606.211,553.425,104.65518153440856,0.785,-0.03524332779744067,-0.017772743887872554,0.36184643564510716,1,0.020947230695252728,-0.061766415672784555,0.3695371882083777,1,0.08342096713805609,-0.07293564244535355,0.362661206432583,1,0.1234296627426836,-0.028314866355146906,0.37039576854535705,1,0.10950743721540046,0.03897890748462661,0.36093709637541627,1
697.818791,grid_1028_y610_z554,474.179,608.054,553.642,106.48457092461798,0.626,-0.03326824120066642,-0.017825648376991115,0.3610569852316378,1,0.023016018300526044,-0.06273767671231942,0.37252359226437753,1,0.08518708619116061,-0.07324994537760243,0.36215153408494005,1,0.12389395437064862,-0.028125090892851246,0.36863158829062376,1,0.11084691717270215,0.039381347347135984,0.36483840079125807,1
698.452899,grid_1029_y612_z554,474.112,610.114,553.53,108.54556365876964,0.624,-0.031318877283986815,-0.01784054193294165,0.36151925276355656,1,0.024414396762077503,-0.06261013790086056,0.369044404239382,1,0.08604274686295904,-0.07258140762616215,0.3583250316690541,1,0.12511739856743603,-0.027889549749594338,0.3693762868404479,1,0.11225216571528662,0.0399166865148073,0.36911932658943386,1
699.189605,grid_1030_y614_z554,474.195,612.196,553.185,110.6465139261062,0.726,-0.02875481182503844,-0.017579769586545016,0.360559054191104,1,0.02679419273117354,-0.06340771915415816,0.3717078046887007,1,0.08950347346835763,-0.07407474231975006,0.36521472331623017,1,0.1269805535431933,-0.027955241770004458,0.37180276818314206,1,0.11153441799794303,0.03968332353671435,0.36621714618369594,1
699.820249,grid_1031_y616_z554,474.334,614.048,553.193,112.49690042396728,0.621,-0.02722848341745442,-0.01782344968449186,0.3648136765773332,1,0.02857648334580023,-0.06409667511766236,0.3738119832780856,1,0.09031917273729828,-0.07382565843095198,0.3623529316368816,1,0.1284756196711238,-0.02786708530653449,0.3731615244578707,1,0.1100073806601537,0.03894711373055567,0.3599568826741361,1
700.450992,grid_1032_y618_z554,474.387,616.1,553.057,114.55406648390974,0.621,-0.025304835454472534,-0.01787023458710522,0.36591186900646344,1,0.03017056898349955,-0.06379063562274427,0.3699357301994894,1,0.09311075639137147,-0.07491349204208274,0.3659103666548353,1,0.12866050562797432,-0.027361646538201057,0.37015129081452985,1,0.10787841543440466,0.038202873219897016,0.35277917662687147,1
701.186034,grid_1033_y620_z554,474.364,618.049,552.951,116.5048578300493,0.726,-0.02288997523756303,-0.017824802720601534,0.3651449458968869,1,0.03217527843431374,-0.06461062041618053,0.37208366373564605,1,0.09423251492482101,-0.07483900842132016,0.36357039548508613,1,0.12908903074105313,-0.027142079661647917,0.3684145957723257,1,0.10860734180006722,0.0384019739918788,0.35555513799008387,1
701.879255,grid_1034_y622_z554,474.147,620.177,553.24,118.60613961342816,0.683,-0.019972875828115542,-0.017668325552313395,0.3595799621441003,1,0.034560334278535804,-0.06547574821357381,0.3731906733028315,1,0.09677926844692361,-0.0752934112087479,0.36494852359083935,1,0.1297784979543223,-0.026668271424274765,0.36705808992046646,1,0.11069572559177396,0.03896463437657353,0.36211601419177664,1
702.526969,grid_1035_y624_z554,474.197,622.176,553.237,120.60244597851246,0.637,-0.017851427322925727,-0.017797345792499152,0.36044563126998713,1,0.03664847049293328,-0.06632518342746493,0.3762886506624118,1,0.0994921933438403,-0.07616280476888031,0.36871488725869994,1,0.13123511049601838,-0.026558222178580844,0.3679611294666153,1,0.1101961588533789,0.0390702944324758,0.3601526065201841,1
703.287893,grid_1036_y626_z554,474.129,624.218,553.407,122.62963318871992,0.75,-0.01592313255145123,-0.01818037542783712,0.3634253194654108,1,0.03882849969958882,-0.06740313323319352,0.37876007010295487,1,0.10065036155496936,-0.0757282990767187,0.36595796866261804,1,0.13322791073363996,-0.026317812109773697,0.3710566805127088,1,0.1106778886517017,0.039115445306992236,0.3603576154903686,1
703.93049,grid_1037_y628_z554,474.266,626.002,553.66,124.39948696839548,0.63,-0.014058738351941883,-0.01866341529470566,0.3658026538015755,1,0.040154459433318905,-0.06679705459664964,0.37247122486576023,1,0.10209778845803644,-0.07553336660457498,0.36458914686366706,1,0.13645287578611648,-0.02656850221601186,0.37735335708972606,1,0.11103738627384581,0.03910655051434313,0.36100843287065576,1
704.573699,grid_1038_y630_z554,474.426,628.03,553.408,126.44096537910488,0.633,-0.011687811463043414,-0.01851826431525878,0.36234046776275053,1,0.04176110840156993,-0.0662127132181668,0.3675417493316344,1,0.10408264626366852,-0.07579376141207905,0.36489355109435095,1,0.1369420676032192,-0.02608182435081712,0.37531434972474625,1,0.1110835078754272,0.039154441170799206,0.36135231155709324,1
705.20918,grid_1039_y632_z554,474.328,630.021,553.446,128.4246156583698,0.625,-0.009375031660108588,-0.01812167725047669,0.3546018686240718,1,0.04462785654624455,-0.06806268552445464,0.3759787290049161,1,0.10599863870330636,-0.07593368052005028,0.36523976092311766,1,0.13607609332711273,-0.025367304367144454,0.3701783892649203,1,0.11212809582801486,0.039469927150203955,0.3642717772166712,1
705.95345,grid_1040_y634_z554,474.294,632.216,553.005,130.63929178084214,0.733,-0.006879326491076562,-0.017928205557592624,0.35950627808452057,1,0.0465177496275211,-0.06812762607203203,0.3750776961514539,1,0.10801774941605288,-0.07588444901433118,0.36505161047545504,1,0.13442610186497145,-0.024466487315463768,0.36265820614424327,1,0.11274733258904204,0.03959107179245206,0.3656649459787393,1
706.606148,grid_1041_y636_z554,474.29,634.124,552.938,132.54763968475643,0.641,-0.004877975042152364,-0.017555487088974787,0.3542488982310842,1,0.04776180374283619,-0.06747928415973828,0.3708634714083109,1,0.10952064999476248,-0.07581749786206901,0.3647207999276974,1,0.13561636913109748,-0.02437416211658163,0.3628874193533493,1,0.1123066600187583,0.03939217018748535,0.36373888849309466,1
707.248116,grid_1042_y638_z554,474.364,636.169,552.907,134.59228153947015,0.631,-0.0026985805024938407,-0.0178656120118535,0.3599985320061511,1,0.04970804191955226,-0.06753436731748252,0.3701944225924979,1,0.11147783040016282,-0.07592203365102405,0.3649610608663907,1,0.13860718146470702,-0.0244601192540607,0.3685900901571234,1,0.11281839781688649,0.039682353425636196,0.36477741060187285,1
707.995052,grid_1043_y640_z554,474.559,637.989,553.24,136.39549485961777,0.736,-0.0007424075850331199,-0.018469630298043948,0.36253601226608184,1,0.052360288572125116,-0.06881818607641339,0.37444049985140543,1,0.11301656391458852,-0.0757834815844303,0.3639593997606593,1,0.1398816906603619,-0.02390934653970484,0.36956952640519203,1,0.11236868752536626,0.039608484385932244,0.36319025853431947,1
708.637099,grid_1044_y642_z554,474.565,640.063,553.108,138.47323980466408,0.629,0.0013832851356386316,-0.018689941643407572,0.36495401309793457,1,0.054093738492071816,-0.06882856403020146,0.37247401548791925,1,0.11516222489496604,-0.07586134208679524,0.36458434734495343,1,0.14084708943840024,-0.023696261742248637,0.3695275469901464,1,0.11099309776191432,0.03928947790248448,0.35905515485605255,1
709.268518,grid_1045_y644_z554,474.464,642.062,553.235,140.46078853900832,0.622,0.0038479011324218347,-0.018776092637364128,0.3656419899078891,1,0.05590947121784547,-0.0685426475496421,0.36939390440360853,1,0.11866751302477589,-0.07682375825246698,0.3693159380772132,1,0.142827767412401,-0.023519239965016404,0.37224160989901955,1,0.11111238677068433,0.039352957242974176,0.35913831364195603,1
710.236225,grid_1046_y646_z554,474.48,643.921,553.555,142.30195484953825,0.958,0.006240954475104028,-0.018927508085454698,0.3640380543424636,1,0.06219937820779744,-0.0735275938502222,0.3922205142842932,1,0.11783059842032735,-0.07490030524567226,0.3599795775767542,1,0.14364496566509996,-0.02254697926686066,0.3705876506483742,1,0.11040821105850238,0.039069104784697356,0.35606590318967213,1
711.098409,grid_1047_y648_z554,474.515,645.946,553.15,144.34446781570819,0.852,0.008225508834352122,-0.01846404974822472,0.3587421575623889,1,0.060710558655183364,-0.0701527462665527,0.37411141531481396,1,0.12173247545109836,-0.07595998380317351,0.36613260577021006,1,0.1447335173181315,-0.022532233544065725,0.370825133775538,1,0.11109059637380359,0.03907988079945772,0.3577512956147966,1
711.740454,grid_1048_y650_z554,474.364,647.986,553.331,146.37018506854463,0.631,0.010165653520391022,-0.018618884827973525,0.3596874420026276,1,0.06217743708217073,-0.06993209710548667,0.3718311715712517,1,0.12220448839978833,-0.0753041667150622,0.36308146122078727,1,0.1461117799047935,-0.022200589907947058,0.3724652381867176,1,0.11228805406044542,0.03944628996849666,0.36178772461287256,1
712.379439,grid_1049_y652_z554,474.618,650.016,552.978,148.41922172683698,0.629,0.012184152796715374,-0.018429894087760922,0.3572212461125918,1,0.0643162640519331,-0.07005822234283147,0.37171492450044763,1,0.12447437330432287,-0.07555319594566574,0.36432163136332124,1,0.1482858738246064,-0.02179446318528643,0.3759215477742513,1,0.1138064681621935,0.04008346585099528,0.3664564650909088,1
713.012858,grid_1050_y654_z554,474.474,652.064,553.494,150.43757619025905,0.624,0.01429045743263585,-0.018898628942967656,0.35683023591323304,1,0.06575906202342885,-0.06995307030551316,0.36799353223994,1,0.12712986681957422,-0.07551935634190124,0.3653231669739391,1,0.1471340669662105,-0.021060757482602194,0.36991202756466707,1,0.11407134005929671,0.0402326879508089,0.3671349585954201,1
713.750353,grid_1051_y656_z554,474.651,654.132,552.907,152.53366631665284,0.728,0.01696087365754727,-0.018474422977516593,0.3581120035014117,1,0.07004600164352906,-0.07169410067641363,0.3778777530561137,1,0.12959129971180297,-0.07559424327045663,0.3661867727885175,1,0.14792781545645947,-0.020402179518461402,0.36980830945402066,1,0.11358476330786879,0.04000179462432585,0.36494679435721766,1
714.397477,grid_1052_y658_z554,474.541,656.074,553.521,154.4429682568941,0.637,0.018924484884073833,-0.01899002793680232,0.35990466339295296,1,0.0707928097958745,-0.07087284463998808,0.3714996146910762,1,0.13224114687572217,-0.07589282122430618,0.3685906935391417,1,0.1500874087866187,-0.020331743487157734,0.3725762410829219,1,0.11337623041439968,0.039902840341547396,0.36400900968370226,1
715.031982,grid_1053_y660_z554,474.459,658.083,553.306,156.45775696334138,0.624,0.02101179437250064,-0.01908453541747136,0.35824946019903126,1,0.07316159192920421,-0.07179023702693076,0.37422187031408766,1,0.13322346412741987,-0.07510229640935255,0.36637699651402605,1,0.1512592436608149,-0.019722958399930338,0.3732899778862004,1,0.1126683853629072,0.03963958436605988,0.3615283553450846,1
715.77645,grid_1054_y660_z556,474.492,658.469,554.008,156.81422668559134,0.734,0.022500521183143097,-0.01988642489843686,0.3649749448510151,1,0.07376153319440464,-0.07176011798841866,0.37081477894104486,1,0.13469640585483744,-0.07526472708710763,0.36733234922394814,1,0.15255976591284254,-0.019450190102900396,0.3753226415788148,1,0.11172459196091725,0.03928857639874319,0.3582208162269276,1
716.406877,grid_1055_y658_z556,474.492,658.469,554.008,156.81422668559134,0.621,0.022620004645779342,-0.020236724040995947,0.36246988511060324,1,0.07253362820428629,-0.07040612628434928,0.3624870068540107,1,0.1345337989433504,-0.0751689522047194,0.3662855112697571,1,0.15275385548290327,-0.019446142751954658,0.375163240925607,1,0.11148864361041974,0.03920082440691401,0.3573939314473883,1
717.043558,grid_1056_y656_z556,474.121,657.431,553.863,155.77709083494923,0.626,0.021531280527985315,-0.019647537377439333,0.3593536155592506,1,0.07258847843866381,-0.07104565534119829,0.36746711147002026,1,0.1333083876127351,-0.0747843455959688,0.36453217040817487,1,0.15109398347843625,-0.019557067590488565,0.37242328864725627,1,0.1126683853629072,0.039639584366059875,0.3615283553450845,1
717.698791,grid_1057_y654_z556,473.375,655.896,553.763,154.2382173133494,0.645,0.01977205966381456,-0.019243451539812863,0.3592976016198105,1,0.07105430481934094,-0.07047952094373158,0.36790584563222206,1,0.13279635159229428,-0.07555005082642277,0.36788832036892394,1,0.15031925636617238,-0.020058443021715507,0.37194541747848253,1,0.11337623041439968,0.039902840341547396,0.36400900968370226,1
718.435452,grid_1058_y652_z556,472.986,654.127,554.192,152.4495747288263,0.727,0.01846865125897846,-0.019873164300269534,0.36647987071002275,1,0.07028411198474899,-0.07153123250193978,0.3736572790308842,1,0.13199430919621546,-0.07601033713114844,0.370112770465111,1,0.1501249260197512,-0.020337452565235392,0.37359195657463845,1,0.11337623041439968,0.039902840341547396,0.36400900968370226,1
719.073336,grid_1059_y650_z556,472.735,652.372,554.159,150.69557158722347,0.627,0.0165221465322516,-0.019704267066295956,0.36325826395037447,1,0.06883423973577259,-0.07179646828286887,0.3758162111983685,1,0.12973722845546504,-0.07579280652652262,0.36808786626993895,1,0.14906262653554386,-0.020559356722349164,0.3733681895290404,1,0.11386280716582761,0.04013373366803045,0.36619717392190476,1
719.71588,grid_1060_y648_z556,472.452,650.405,554.533,148.71376352577457,0.63,0.014265636361373787,-0.020098426916095695,0.36466380298509027,1,0.06649335328976749,-0.07119008369398211,0.3733099641200408,1,0.12732167788305038,-0.07573939666631674,0.36689712213491255,1,0.1470146069841115,-0.020960326657541245,0.3706837847136148,1,0.11407134005929671,0.0402326879508089,0.3671349585954201,1
720.470116,grid_1061_y646_z556,472.394,648.441,554.211,146.76398428088552,0.744,0.012516505666655816,-0.020161447568963452,0.3689773752082456,1,0.06509983831928881,-0.07166443520702555,0.3777519870235574,1,0.12576990563247611,-0.07613917522089385,0.3682397718817114,1,0.14733372981735332,-0.021697197706308863,0.37350725534568674,1,0.11362988689745801,0.03998398445111954,0.3660041360879013,1
721.117786,grid_1062_y644_z556,472.334,646.53,554.1,144.85910925447524,0.637,0.010217171958565857,-0.019789017093390492,0.3654703878217541,1,0.0625212349827339,-0.07074265510382313,0.37537454668173204,1,0.12334819144417701,-0.07579634588083597,0.3667350003884426,1,0.14646842550010591,-0.022070753080026602,0.3741196905336078,1,0.11312426732147288,0.03972113842749371,0.3645749833229948,1
721.763246,grid_1063_y642_z556,472.145,644.755,553.96,143.0912597121152,0.634,0.0080455502063138,-0.019635601285517508,0.3663332502750477,1,0.06021902824485888,-0.07001775755161603,0.37384142072916865,1,0.12183473008264831,-0.07634580248693909,0.3678355258846033,1,0.1445813169995076,-0.022381261813636366,0.37123199312640376,1,0.11202535050501364,0.039523858341152136,0.36162488587524577,1
722.398763,grid_1064_y640_z556,472.313,642.713,553.845,141.0570377152448,0.625,0.0058420486211343756,-0.019499796118781665,0.36638245741768916,1,0.058472695847891054,-0.06984266434921167,0.3748025271302112,1,0.12060842948330115,-0.0769002161361213,0.3700390538334932,1,0.14306548365010432,-0.022829396237141798,0.3698349423621658,1,0.11162540500855822,0.03948415019477913,0.36062908714449327,1
723.136067,grid_1065_y638_z556,472.448,640.633,553.945,138.97524892584298,0.727,0.0034259828679724367,-0.019556619681156073,0.364880809486802,1,0.05595119232430491,-0.06928919676222078,0.3729955607242334,1,0.11907204597541668,-0.07738110840663819,0.37190813092248254,1,0.1407036791976141,-0.02293665291510263,0.36613651189439633,1,0.11055657311213984,0.03920377744754096,0.3576909752500729,1
723.78819,grid_1066_y636_z556,472.369,638.766,553.988,137.1078920886759,0.642,0.0012647381043759396,-0.019324822860520712,0.36360614689399856,1,0.053827801368082406,-0.06862991283404603,0.3708926858367693,1,0.11742012440942369,-0.07736819120452151,0.3718602905845235,1,0.14068922566049813,-0.02350111701630065,0.3685081128171787,1,0.11110850803345221,0.03933942416048601,0.3593452795126798,1
724.426688,grid_1067_y634_z556,472.337,636.713,554.091,135.0522102780995,0.627,-0.0007897613734467798,-0.019595865749341378,0.36435950502888054,1,0.05253738336441781,-0.06927175903028022,0.37560220948934575,1,0.11313219053954778,-0.07572449841920317,0.3636295547603774,1,0.14058299422794973,-0.02391612802025799,0.3712936084842361,1,0.11160680095752618,0.039466919435131836,0.3607513670007366,1
725.175327,grid_1068_y632_z556,472.368,634.573,554.303,132.90494411420516,0.739,-0.003025793393347412,-0.019726722437849734,0.3661409502494447,1,0.0510796794340551,-0.06974389724635963,0.37923360476684215,1,0.1108004497785204,-0.07543648093394721,0.36250896888918,1,0.13938645958549076,-0.024457903816032706,0.3708584371790479,1,0.11215953936470843,0.03939215518221467,0.3628121317012122,1
725.818131,grid_1069_y630_z556,472.35,632.569,554.272,130.90436427789564,0.631,-0.005298999886175266,-0.01951160335043304,0.3645040129767844,1,0.04804824938127652,-0.06835834032931198,0.3729974810944293,1,0.1091740583970724,-0.07547896276604765,0.3634389249024617,1,0.13703566353646898,-0.024583398064639196,0.3673376513189327,1,0.11237137780687254,0.03946532114194854,0.36427688833097294,1
726.455236,grid_1070_y628_z556,472.242,630.509,554.478,128.83670630297877,0.626,-0.007447562644454638,-0.019640675466782723,0.36348043768439303,1,0.045639376950820834,-0.0674549428158948,0.36916073720260345,1,0.10812812340336062,-0.07600043673065328,0.365860750407691,1,0.13662607010246866,-0.02497747624337764,0.36888359808908444,1,0.1126738871606614,0.03955792152495761,0.3653439363977985,1
727.092503,grid_1071_y626_z556,472.206,628.488,554.65,126.80991984068132,0.627,-0.00953796645268131,-0.019687305720067324,0.3648463943113066,1,0.04480488855813495,-0.06841818459027652,0.37667682452947426,1,0.10601409387142513,-0.07584221749753346,0.3652255218500481,1,0.13613665970411307,-0.02537035456637935,0.3706177919108482,1,0.11158274105093033,0.03928823883227354,0.36264010504366345,1
727.832945,grid_1072_y624_z556,472.303,626.503,554.479,124.83513143742837,0.729,-0.012005006143875084,-0.019665560135788823,0.36411858263329494,1,0.04246017940283393,-0.06798725175182521,0.3756637883972164,1,0.10457990715515195,-0.0761959156942704,0.3672099869126027,1,0.13740180384815998,-0.026275373124578737,0.3770185855904115,1,0.11111929222299713,0.039175944973005895,0.3615577748772304,1
728.486727,grid_1073_y622_z556,472.443,624.481,554.529,122.81370619356785,0.644,-0.014171326049602417,-0.019540925044785475,0.36272945087768854,1,0.039880552200682394,-0.06664685575296397,0.3710183776194632,1,0.1030711122310785,-0.07637651520712044,0.3687234980124867,1,0.13543794635627468,-0.02634680543030669,0.374967142070061,1,0.11103738627384581,0.03910655051434313,0.36100843287065576,1
729.129472,grid_1074_y620_z556,472.491,622.56,554.434,120.89971355218339,0.631,-0.016281799604114557,-0.019293321770700193,0.36251074482709594,1,0.038512559604467984,-0.06728021017347346,0.37572202947933137,1,0.10172834559153272,-0.07644838045385653,0.36986054125106316,1,0.1330385658633167,-0.02654244282287818,0.37089332221348414,1,0.11035417537712748,0.03914584390184801,0.3599122614302186,1
729.883177,grid_1075_y618_z556,472.625,620.446,554.408,118.79044197661702,0.743,-0.018322861453772404,-0.019214327873565085,0.3637475826132551,1,0.03626482578767161,-0.0662477523661418,0.37264630832657153,1,0.09982069249820485,-0.07627032877877535,0.3695424905655173,1,0.13110487901403947,-0.026597187263886234,0.36811017755156206,1,0.11050311090147077,0.03904179329540565,0.36128187894489355,1
730.58174,grid_1076_y616_z556,472.526,618.491,554.085,116.85393103357714,0.686,-0.02070251002764526,-0.01895731332745504,0.3631758234982569,1,0.03407991070751089,-0.06584423803353415,0.3741182236317708,1,0.09727508829402276,-0.07581571957451225,0.3676444698826022,1,0.1301010837451866,-0.0269316237955498,0.36891647951288364,1,0.10999279326460323,0.038750870716733596,0.36053869793879345,1
731.218257,grid_1077_y614_z556,472.667,616.468,553.901,114.84496347685429,0.625,-0.02309085764492705,-0.018779542450089105,0.3647124681611026,1,0.0321647430644927,-0.06511095678292964,0.37338141840920125,1,0.09423556597166632,-0.0744835029445404,0.3640065896494394,1,0.1289568848744951,-0.02719773745848572,0.3689553998072677,1,0.10855393850318462,0.03832229887005138,0.35527162678046376,1
732.026628,grid_1078_y612_z556,472.617,614.472,553.942,112.8494670833673,0.796,-0.025099784479439207,-0.018540369175619048,0.36515065325496954,1,0.030022662507484803,-0.06505389722403714,0.3760452277052148,1,0.09211394067744792,-0.0742242078721312,0.36374808055217367,1,0.12997149646833012,-0.027794788037166306,0.37480664739231884,1,0.10787182786227538,0.0381072137196551,0.35264807064497194,1
732.66626,grid_1079_y610_z556,472.507,612.477,554.237,110.8404652687817,0.628,-0.026910290524832577,-0.018514369162551145,0.35893411892600435,1,0.028429348925976698,-0.06466417420257035,0.37469625716217814,1,0.09039090779763029,-0.07372232713679083,0.36227496696243555,1,0.1290385856959017,-0.028027852846144098,0.3747888165201094,1,0.1103311570247073,0.039125901999401046,0.3614582188404799,1
733.369865,grid_1080_y608_z556,472.494,610.396,554.338,108.75701456917616,0.693,-0.02927069732531843,-0.018677632232384684,0.3604356740805808,1,0.02642560075984045,-0.06416974382801871,0.373615742376018,1,0.0892971173674435,-0.07408273567551943,0.36546838066384185,1,0.12718854754268444,-0.028085412625878707,0.3736722440622732,1,0.11285272401265853,0.04014729164737622,0.37071664715261765,1
734.167358,grid_1081_y606_z556,472.589,608.216,554.799,106.55635656308829,0.787,-0.0317291194604964,-0.01911460616291253,0.3607467319728069,1,0.024181544355265382,-0.064085867624327,0.375268539785731,1,0.08747589117769004,-0.07418166461803452,0.366693584500451,1,0.12448614748336342,-0.02807064443192676,0.36860674003022564,1,0.11205678393124821,0.039874394980292605,0.3685816252248871,1
734.811094,grid_1082_y604_z556,472.375,606.448,555.138,104.77214599787483,0.632,-0.033656446303351725,-0.01924217008440592,0.36189324584092275,1,0.022482583948511242,-0.06309659374222068,0.37065561433170247,1,0.08579472362094126,-0.07389147354027925,0.36478407940868524,1,0.12571020334655839,-0.028629791388513133,0.37437448433039977,1,0.11022598610392817,0.03922800699084618,0.3630574408257611,1
735.451242,grid_1083_y602_z556,472.421,604.478,554.971,102.81337519992229,0.628,-0.03580409402175849,-0.019183284568209825,0.3630238274041749,1,0.020765080719019002,-0.06294408238194751,0.37173357606612295,1,0.08411345195551748,-0.07369643149404306,0.3660639698071364,1,0.12280936728917746,-0.02815169726970395,0.3688775677722985,1,0.10950215121861036,0.03896684768419416,0.36086754159769996,1
736.197679,grid_1084_y600_z556,472.483,602.468,554.698,100.82132743125335,0.734,-0.03816785095107632,-0.019189061491090155,0.3633802282082771,1,0.018632376702951297,-0.062311217441751644,0.3714407894076129,1,0.08157238428991204,-0.07262899811415771,0.3635463146584004,1,0.12254197063642203,-0.028563217364116267,0.37168312739018405,1,0.10845605803504724,0.038777140864599005,0.3579532044721281,1
736.84526,grid_1085_y598_z556,472.503,600.562,554.473,98.93146358969935,0.636,-0.040411244220007955,-0.018884428981295193,0.36565083610435456,1,0.016727724038764866,-0.06184367259994861,0.37311187378346383,1,0.07985955829089846,-0.07224619149564274,0.3635600168530275,1,0.12088429252177797,-0.028667090118619083,0.3701500409844531,1,0.10966990479132106,0.03907004969522933,0.3627225381189412,1
737.485253,grid_1086_y596_z556,472.401,598.663,554.299,97.04571622178904,0.629,-0.041804665456044464,-0.01814929126824414,0.360318886229447,1,0.014804218279265282,-0.06060735002279559,0.3687435766961648,1,0.0779198000684466,-0.07166723044747605,0.3627617406287472,1,0.12065260695387896,-0.028986058969950608,0.3728900398240319,1,0.1104431182398709,0.039384283557556146,0.36534348799108896,1
738.285697,grid_1087_y594_z556,472.501,596.579,554.366,94.9623315530953,0.789,-0.044125920269742894,-0.01811781084813912,0.36107186540892766,1,0.013093840859018404,-0.06092530406032072,0.37490454643475934,1,0.07659597718142411,-0.07166203585991024,0.3645824835329753,1,0.11980502523733086,-0.029095400967845342,0.37351803256213956,1,0.10926603640279478,0.03909691397138589,0.3612837077672369,1
738.99355,grid_1088_y592_z556,472.696,594.549,554.015,92.96116648364521,0.696,-0.046798880515218674,-0.017921603282312404,0.36411119010195514,1,0.011061714660432058,-0.05990918332044591,0.3731176019005072,1,0.07512976413002884,-0.07151453525915277,0.3665626364241678,1,0.11868699851026102,-0.02926127381919556,0.37407095380649397,1,0.10944433614393256,0.039240070108960315,0.3626009296807496,1
739.650421,grid_1089_y590_z556,472.405,592.72,554.361,91.11087254548718,0.647,-0.048738630807144634,-0.017931851627275775,0.3628881736485504,1,0.009278874011482243,-0.0595671128113535,0.3734968010530332,1,0.07282198603310959,-0.07062931061078562,0.3640768404765583,1,0.11633608632104302,-0.02899573828866267,0.3707850695608764,1,0.10961558859803074,0.03929523926266536,0.3635327694738937,1
740.398133,grid_1090_y588_z556,472.706,590.408,554.576,88.7925272193556,0.738,-0.05106960494957583,-0.018250410825592867,0.3628860252684508,1,0.007288124484554265,-0.058845280068140084,0.37173926209681946,1,0.07117008778346012,-0.07050858339925951,0.3654338700097344,1,0.1158649801804468,-0.029249826148994035,0.37313141665840266,1,0.10950846089781704,0.039180223338589185,0.36394610202186983,1
741.036626,grid_1091_y586_z556,472.658,588.471,554.789,86.84549322791601,0.627,-0.0535463143709761,-0.018378089716097733,0.3657321105741108,1,0.005559206695829957,-0.058808630749197274,0.3736277981934422,1,0.06982300844415948,-0.07017562977859462,0.3666097429681074,1,0.11626473478460449,-0.029714258952571404,0.37778383842028257,1,0.10724106180679267,0.038377031071317444,0.3569872248086102,1
741.673191,grid_1092_y584_z556,472.263,586.534,555.219,84.88261930454316,0.626,-0.055698691176884786,-0.018543423613804205,0.3654310393184119,1,0.0037030566559867577,-0.05791028844583742,0.3703199437973602,1,0.0678369297049206,-0.06935307455193354,0.36466919114376944,1,0.11351128525202095,-0.029182103241498558,0.3725770794313658,1,0.10725526575733905,0.03825269720651577,0.3570460144231151,1
742.412138,grid_1093_y582_z556,472.368,584.412,555.13,82.77071633132101,0.729,-0.05721050288761685,-0.018620756336704673,0.3617746385576994,1,0.002103510487905566,-0.05810846656889318,0.37452676520570705,1,0.06571579173939399,-0.06822980118327697,0.3619261819476403,1,0.10977808156514093,-0.028554842190741427,0.36375171090933095,1,0.10786580730067888,0.038473823941356886,0.3595107617658991,1
743.053615,grid_1094_y580_z556,472.331,582.548,555.054,80.91507632697386,0.629,-0.059585526894036525,-0.018453603483177837,0.36312077516573577,1,4.2984971387417485e-05,-0.056855416117792414,0.3711639648053299,1,0.06356678305750088,-0.06724071578848853,0.36029679268503967,1,0.1088269425304641,-0.028505452196838414,0.3641041666271813,1,0.1090338468350767,0.03907085754106147,0.3636692341417633,1
743.695953,grid_1095_y578_z556,472.273,580.599,555.113,78.96602389002507,0.631,-0.061603156754462096,-0.018342832259333725,0.363003089892726,1,-0.0018179637767377515,-0.05580361959541025,0.3684523059730524,1,0.06213518984251791,-0.06712938528116431,0.36186694742441533,1,0.10993988813175821,-0.029155927439482483,0.3722998333404316,1,0.10953657220301967,0.03921888569095676,0.3659238950773521,1
744.335795,grid_1096_y576_z556,472.437,578.611,554.831,77.00313700752719,0.629,-0.06407418422389272,-0.018120255728357505,0.3656422814086432,1,-0.0036958956145048292,-0.05561305885218738,0.37203348443355494,1,0.060573265906832666,-0.06669968629680005,0.36318200929534805,1,0.10864296660665347,-0.02922911936380687,0.3717561339800793,1,0.10940016734911148,0.039110619445812234,0.365662792454959,1
745.081271,grid_1097_y574_z556,472.574,576.539,554.785,74.94126392048645,0.735,-0.06582681620032552,-0.01779510673746503,0.3618269702233395,1,-0.00576817658842272,-0.05550120425216469,0.3772128075610758,1,0.05864651148907668,-0.06576100013426808,0.36280970922545147,1,0.10521802059716814,-0.02859783423054495,0.3644355199132008,1,0.10940016734911148,0.039110619445812234,0.365662792454959,1
745.721863,grid_1098_y572_z556,472.528,574.677,554.859,73.07849857516236,0.629,-0.06875960228651049,-0.01801547207605832,0.367530617192119,1,-0.007385068479840428,-0.05427847665453236,0.37259331508666477,1,0.05702882390011834,-0.06537580334612025,0.36339162077617637,1,0.1041288032747291,-0.028305159650288014,0.36448319620205283,1,0.10739808056240763,0.038674777789835205,0.35958730600795724,1
746.367558,grid_1099_y570_z556,472.496,572.864,554.854,71.2707742766978,0.635,-0.07040598701915372,-0.017862459658803738,0.36425524697774386,1,-0.009453251712657165,-0.05343952656097034,0.37034747484027447,1,0.055336863865994235,-0.06472413539710693,0.3630330984438724,1,0.10331130167011868,-0.028302971341686044,0.3657228249314061,1,0.10557029822904174,0.03793924167510867,0.3538501714885719,1
747.111438,grid_1100_y568_z556,472.794,570.617,554.889,69.03166471989502,0.733,-0.07269094954676376,-0.017864471293528368,0.3656977510900163,1,-0.01103560241868295,-0.05260488497696053,0.3696862182506083,1,0.05413768539177542,-0.06450409842904382,0.36502342770438806,1,0.10301861176013219,-0.028489887157721477,0.36898296984414936,1,0.10618116606868803,0.038286847371484814,0.3565806524136207,1
747.757411,grid_1101_y566_z556,472.501,568.829,554.886,67.24590049958434,0.635,-0.07481632402797392,-0.017596663457168905,0.36611282499852005,1,-0.012878868241902574,-0.05220214024818578,0.37193602347723187,1,0.0519605751091332,-0.0632322794444324,0.3625207642801501,1,0.1016088615329298,-0.02832265422238751,0.3685941759476803,1,0.1066969914545665,0.03859989589100767,0.35921759424310595,1
748.398008,grid_1102_y564_z556,472.377,566.852,554.97,65.26743069096561,0.629,-0.07727185173512072,-0.017557922208667275,0.3671144511292207,1,-0.014923900476369767,-0.05135354622606155,0.37193331034169197,1,0.05024435126239372,-0.06242226562177622,0.36317182485051946,1,0.09960639854867444,-0.027804666387070343,0.36504177910772395,1,0.10681010991614495,0.038667799528153315,0.3598181615120721,1
749.035277,grid_1103_y562_z556,472.461,564.738,555.096,63.151163290948254,0.627,-0.07922868456494989,-0.017443351251037832,0.3663704258331687,1,-0.016711142585294457,-0.05033533255194703,0.36990557617663733,1,0.04831062710876506,-0.0613620094559447,0.3623114866039713,1,0.09951244471693962,-0.028000160690085617,0.3692663100533619,1,0.10708002744055796,0.03861314935681526,0.3609171067002232,1
749.784122,grid_1104_y560_z556,472.52,562.512,555.208,60.92436204015596,0.738,-0.08301581505734482,-0.017683847871274822,0.3715161543594223,1,-0.018685225208868027,-0.049401004934034355,0.36777068269531166,1,0.04672782790217757,-0.06129573459602371,0.36592368443726875,1,0.09915408630525967,-0.028209406034930423,0.372949737639343,1,0.10734419404284905,0.038718962156100115,0.36287235255319367,1
750.428223,grid_1105_y558_z556,472.404,560.575,555.38,58.978559994289526,0.634,-0.08410236356673058,-0.017492764943228163,0.36741092992491586,1,-0.020590525386947077,-0.0490157867965106,0.3691811850137496,1,0.04475955932784179,-0.059940955288414165,0.36258773642497977,1,0.09703773286224296,-0.02764793882697485,0.3695555371586536,1,0.10716377714136782,0.03880889104808891,0.3628965439048686,1
751.069041,grid_1106_y556_z556,472.406,558.558,555.298,56.97604730059819,0.631,-0.08696357042922376,-0.017539334083899894,0.37035470130618736,1,-0.022429064936941023,-0.04809883488625088,0.3682523326636672,1,0.04287141041564169,-0.05864014607334341,0.3605843749405132,1,0.09563661289424093,-0.027306179662577847,0.368864181078448,1,0.10708513271934131,0.038827653588278374,0.362780692750464,1
751.813671,grid_1107_y554_z556,472.45,556.596,555.136,55.037404680816884,0.734,-0.08936556269000197,-0.017427391908714573,0.37123264434714254,1,-0.024366718285748722,-0.0473600818116862,0.369263639967002,1,0.04108789191240425,-0.05739643458607176,0.35963737761642595,1,0.09511770601955866,-0.027331435341652326,0.3723239640082956,1,0.10853223642025331,0.039364955104243794,0.36824195134927923,1
752.455753,grid_1108_y552_z556,472.308,554.783,555.269,53.218446106589816,0.631,-0.09046088942524985,-0.0169697606570539,0.3677441610814527,1,-0.02594693794151957,-0.046059643247676786,0.36644191318359837,1,0.03936587130228684,-0.05687202545084304,0.3611942012547318,1,0.09312391976671187,-0.026762316089110415,0.36940994728506654,1,0.10727156894209877,0.03878671691340553,0.3644077897775136,1
753.094588,grid_1109_y550_z556,472.412,552.681,555.211,51.13321028451085,0.628,-0.09287859403079887,-0.016964435709970208,0.36899637373214167,1,-0.02784682710333793,-0.045927158211362853,0.3714624043652821,1,0.03760420024931402,-0.05595836079394512,0.3611392903103947,1,0.09276168656890973,-0.026603039942075607,0.37309494059919707,1,0.10547336119048412,0.038206134362528586,0.35867243070792687,1
753.730905,grid_1110_y548_z556,472.551,550.737,555.1,49.21290865210061,0.626,-0.09525138617910113,-0.016782610670689636,0.36941991407496594,1,-0.029458507947403557,-0.0442610584850241,0.36719255035134746,1,0.03595200731605147,-0.05514104823186196,0.3620195603316453,1,0.09013474770086365,-0.02577369238020686,0.36717045188610864,1,0.10624380632584325,0.03859233259258904,0.36215277785512334,1
754.474461,grid_1111_y546_z556,472.572,548.736,555.031,47.23174492859651,0.733,-0.09788499965320803,-0.01649472008530019,0.37075742382234056,1,-0.031772838244170355,-0.04341931923125476,0.3693178819740567,1,0.03450268710702831,-0.054486276099795304,0.3641203164358756,1,0.08779182711917118,-0.025382579848584403,0.36432952625099607,1,0.10607087271124116,0.038733879194785284,0.3622982797051229,1
755.125354,grid_1112_y544_z556,472.613,546.918,554.76,45.45861292428535,0.639,-0.09971874841382906,-0.01608474307886697,0.3692532621735486,1,-0.03357238056667427,-0.04250320499402133,0.3689842837282989,1,0.03250838748717113,-0.0529273001648467,0.3622232069706676,1,0.08721695505529385,-0.02526832390742474,0.3674834056698201,1,0.10590377232678864,0.038736339430320545,0.36192194277426426,1
755.75896,grid_1113_y542_z556,472.533,544.992,554.632,43.562802813868615,0.624,-0.10256531778458718,-0.016010320031403534,0.37204924578857834,1,-0.035652165001429766,-0.041899313390520165,0.37178699759334755,1,0.03089682727708898,-0.05209625064596176,0.3649290775480894,1,0.08722655785648528,-0.025102960426063765,0.3726240706851483,1,0.10592297275161541,0.03874617854939416,0.36200970212445455,1
756.499252,grid_1114_y540_z556,472.71,542.727,554.797,41.29975600412187,0.731,-0.10432819706735204,-0.01590830599531045,0.37034898475689176,1,-0.037066091500434675,-0.04066666070681849,0.3674649641492606,1,0.02957955232589843,-0.05153269399924374,0.36891786573181967,1,0.08438134517436591,-0.024185112670759963,0.36608669064549226,1,0.10737948054550558,0.0391889391856069,0.3676999336475152,1
757.136309,grid_1115_y538_z556,472.658,540.726,554.967,39.29336723926829,0.626,-0.10699098077840127,-0.01585790693032524,0.3716526001789949,1,-0.0393976175485363,-0.04009017566618239,0.3699453257381952,1,0.02735588148675302,-0.04965291614298053,0.3648124028752365,1,0.08393119589520168,-0.023918660040246,0.37010644820886995,1,0.10611254298563058,0.03921817927116118,0.36457349518220517,1
757.778425,grid_1116_y536_z556,472.734,538.603,555.258,37.152986353723946,0.631,-0.10972894522547474,-0.016000583196214974,0.37332556232947434,1,-0.0415534261140971,-0.039361620284070385,0.37055877786043506,1,0.024868823702544975,-0.04750943505425902,0.3566113987898042,1,0.08180044800705231,-0.02322934017963801,0.3655506529171872,1,0.10485476156514413,0.03891574736612123,0.3611514297831726,1
758.419099,grid_1117_y534_z556,472.632,536.555,555.681,35.06496436615897,0.63,-0.11246168501909867,-0.01629209381691271,0.3748552244303833,1,-0.04361433529371086,-0.038498781308921294,0.3721492816581444,1,0.02363422352044172,-0.047113677417698195,0.36294878050678575,1,0.08185829336494069,-0.02319408930533329,0.3736177112179251,1,0.10412313862146252,0.03874305853028058,0.3603755472978033,1
759.161293,grid_1118_y532_z556,472.777,534.517,555.789,33.03556327656614,0.732,-0.11460099396545897,-0.01634773177167263,0.3742988224969617,1,-0.04539749546949477,-0.037323219997254076,0.36930993795938316,1,0.02183305219391764,-0.04577913605353586,0.36422679673621,1,0.07901237639771878,-0.022335706345141225,0.3678389960274561,1,0.10382816083377633,0.03864954929909103,0.35935870579655343,1
759.795487,grid_1119_y530_z556,472.615,532.679,555.699,31.224846148540117,0.624,-0.1157835764472104,-0.016048753810087475,0.3714981417569113,1,-0.04710589660752612,-0.03637273392293895,0.3701594718310664,1,0.020150745091246182,-0.04458717439735759,0.3636860891088885,1,0.07711711979815532,-0.021402892344734477,0.3647039082682785,1,0.10531064475487403,0.03911870959577084,0.3644655288787533,1
760.437826,grid_1120_y528_z556,472.685,530.619,555.584,29.209933618548394,0.631,-0.11822492409381209,-0.015846350344705502,0.37218777393455726,1,-0.04892840224704328,-0.035026566093168045,0.3692563866722546,1,0.018215066273603264,-0.04300883775325216,0.36287136303943407,1,0.07635804581120452,-0.021004776792084,0.3680499988867311,1,0.10571904083952477,0.03916902900020255,0.3660530794448523,1
761.189167,grid_1121_y526_z556,472.694,528.546,555.529,27.176957316815365,0.741,-0.12063794844413098,-0.015485484078047226,0.3730230004574871,1,-0.05116654854163607,-0.03406017776786998,0.37020520228351517,1,0.016552288353949698,-0.04200601474160638,0.36760206392082545,1,0.0756921210548936,-0.02054142827249325,0.3724685262544477,1,0.10531138270910796,0.039297153201860044,0.365494210759728,1
761.827728,grid_1122_y524_z556,472.746,526.545,555.446,25.228243597206667,0.628,-0.12354685069529528,-0.015290830772362821,0.37457242444931216,1,-0.053368748743503225,-0.032948947979663815,0.37097184239738995,1,0.01472996412836386,-0.040325536777608986,0.3670256917034134,1,0.07307215694914826,-0.019330617851076287,0.36733424223902816,1,0.10477536898510695,0.03932299101329782,0.3645487570854935,1
762.462745,grid_1123_y522_z556,472.826,524.504,555.16,23.29480959355544,0.624,-0.12609474680244462,-0.014884874382549582,0.3756843969173187,1,-0.05483585454488523,-0.031263412167841495,0.36800205412622466,1,0.012900998460854598,-0.038718033669927085,0.3670628634483418,1,0.07155112583948574,-0.018461698010882818,0.36616259457677847,1,0.10390472956592316,0.039055062485771785,0.3617647600846488,1
763.097148,grid_1124_y520_z556,472.783,522.667,554.9,21.57001627259476,0.624,-0.12810103027664038,-0.01455453363007457,0.37518123302350814,1,-0.05705200485191829,-0.02991928884219347,0.3698599631750007,1,0.01078991646274426,-0.03658499125180896,0.3632773941604829,1,0.06992390799671316,-0.0177430013820363,0.36625827726032695,1,0.10470600359536608,0.03938487147804064,0.36568961625059065,1
763.837883,grid_1125_y518_z556,473.012,520.446,554.789,19.47429795910503,0.729,-0.13138522811552944,-0.013974997523118801,0.3775934633475445,1,-0.059156378338850735,-0.028247583976293122,0.3680658312331363,1,0.008479268259931484,-0.03443898096791708,0.3640338824765711,1,0.06797228022469773,-0.016644124878900286,0.3651616211456102,1,0.10355339252811277,0.03895340862027987,0.3627686124566858,1
764.477647,grid_1126_y516_z556,472.905,518.643,554.613,17.804122472056893,0.629,-0.1320386653452498,-0.013387613697099598,0.3732257113465294,1,-0.061078529317889194,-0.027041871063876077,0.36943581204057885,1,0.006778623802786844,-0.032940639030288654,0.3649630954537,1,0.06624132390672532,-0.01571456128567111,0.3644538707622586,1,0.10233048221393763,0.038816108501584026,0.35986501294959955,1
765.114563,grid_1127_y514_z556,473.083,516.445,554.791,15.69210913166238,0.627,-0.1357907587638462,-0.013511534469227449,0.37702390769419913,1,-0.06371669069671834,-0.025840263336918377,0.3712949723280784,1,0.004872117723891609,-0.030801548008779024,0.3614830433055859,1,0.06487970273339769,-0.014596932054144368,0.36660687771708245,1,0.10364810377958064,0.03953201543836722,0.3653506043721125,1
765.855523,grid_1128_y512_z556,473.078,514.465,554.788,13.863772754917811,0.731,-0.13748487684711158,-0.013218205992695908,0.3764367929647974,1,-0.06626304232959926,-0.024974909032968153,0.3756601153128857,1,0.003139880511802554,-0.02917004300209154,0.3635828499348138,1,0.06368126270549479,-0.013782659709311872,0.3678673666805787,1,0.10291386613538948,0.03976460935226309,0.3640961254268775,1
766.487911,grid_1129_y510_z556,472.783,512.558,555.208,11.93433219748809,0.622,-0.14025440911873266,-0.013485091048121239,0.3776894970290007,1,-0.06770754698074577,-0.02355203141704055,0.3728161203257575,1,0.0012066767119380236,-0.027437334624560855,0.36420825323648803,1,0.06183885477456548,-0.012616215582241363,0.3667424116629264,1,0.10236762441319343,0.03974987953012531,0.36266394041704164,1
767.119493,grid_1130_y508_z556,473.068,510.344,555.195,10.025046284182428,0.621,-0.14259856011239327,-0.013340626182574714,0.3781199451424697,1,-0.06949048495395489,-0.02187411286073056,0.36987780041023033,1,-0.000852217967984551,-0.025359516989695,0.3635308776915585,1,0.05920968292404882,-0.01108907907309873,0.3615085454928152,1,0.10258292413933474,0.039757418420670446,0.36432587844883335,1
767.756066,grid_1131_y506_z556,472.827,508.459,555.494,8.266721357345984,0.626,-0.14441572238478273,-0.013192795852920158,0.3770506746930048,1,-0.07132595538375745,-0.020573393660660484,0.36949479671299856,1,-0.0028577765715799923,-0.02331780999824727,0.3625268597426022,1,0.05768694802805781,-0.00982887939688655,0.36303136409116943,1,0.1035612031598994,0.04049290215055314,0.36972795447358653,1
768.496648,grid_1132_y504_z556,472.811,506.462,555.525,6.739223100625207,0.73,-0.14694572971959513,-0.013125707224640607,0.3769007617300392,1,-0.07329619468589135,-0.019027033823996366,0.3679416045745662,1,-0.00500235759502435,-0.02073421336509044,0.3603672922849858,1,0.056385863986892736,-0.008398822248275492,0.367042885937498,1,0.10269169627326886,0.040313874122595225,0.3677970107272935,1
769.143893,grid_1133_y502_z556,472.69,504.64,555.475,5.657236162650448,0.638,-0.1490689631539231,-0.012799609573989451,0.3776433946974699,1,-0.07606853036470156,-0.017709269575628378,0.37210517169979407,1,-0.006869325301314009,-0.018860577971072365,0.3648912039800542,1,0.05423025766302758,-0.006780434906695677,0.36411178012814577,1,0.10233365927809905,0.04043494847051674,0.36733088877823045,1
769.782934,grid_1134_y500_z556,472.706,502.687,555.575,4.880489524627605,0.629,-0.15234684088759082,-0.012772927877722526,0.3804028246774852,1,-0.07829025704335951,-0.01632027320944553,0.37283547657276317,1,-0.00887623982325852,-0.016512979333648238,0.36434332850824136,1,0.05193723402475248,-0.005241502744269012,0.3611278251423783,1,0.1014118501271762,0.040198865436368726,0.36564874477136783,1
770.570586,grid_1135_y500_z558,472.302,502.454,556.337,4.034275275684625,0.728,-0.15295497387107976,-0.013395071816033,0.3807292288076613,1,-0.07837322954099699,-0.0161805595850768,0.37104741662782176,1,-0.009357352116183224,-0.015762424101398873,0.3623072559647939,1,0.05147678328915758,-0.004888302123203406,0.3614132463486208,1,0.1006929044909642,0.03994750974467997,0.3636397431176546,1
771.214753,grid_1136_y502_z558,472.361,502.51,556.615,3.781634567220905,0.634,-0.1526109662417213,-0.013721453472267765,0.3798345830526976,1,-0.07863551411254037,-0.016441154437889065,0.37225145266452475,1,-0.00929301030450995,-0.016163109184862447,0.366558948722828,1,0.0510453017349646,-0.004815729610227136,0.358406065200489,1,0.1006929044909642,0.03994750974467997,0.3636397431176546,1
771.848208,grid_1137_y504_z558,472.948,502.796,557.931,2.810924580987515,0.624,-0.15126472925379397,-0.014753150886840306,0.3765115433855698,1,-0.07818855494489976,-0.01726221589678615,0.37042319756377984,1,-0.009336175965279999,-0.01683999841519891,0.36759701064067735,1,0.05177989161059839,-0.005064697347376365,0.36153071934661024,1,0.1006929044909642,0.03994750974467997,0.3636397431176546,1
772.58334,grid_1138_y506_z558,473.448,504.198,558.012,3.7014869984913132,0.725,-0.14865736444349215,-0.015098719069152588,0.37200489411745186,1,-0.07667855468978178,-0.018459613625844758,0.3686553385238889,1,-0.008210709795088304,-0.018196597887453585,0.36644844558025397,1,0.053539759812185374,-0.005992689477364483,0.3664691492252066,1,0.10165386509794953,0.04044249449568547,0.3657263475013524,1
773.220258,grid_1139_y508_z558,473.371,506.09,558.111,5.064324239224816,0.625,-0.1484617254418967,-0.015567291076861134,0.3771382561370863,1,-0.0753490445663745,-0.020086838510444315,0.3718113201151631,1,-0.006123700760322737,-0.020278071891723964,0.3636829698689722,1,0.05552894966686824,-0.007620269010975381,0.36837732823067765,1,0.1024100428153891,0.040495888121960276,0.3670316464659142,1
773.854424,grid_1140_y510_z558,473.576,507.919,557.936,6.794090005291367,0.624,-0.14736107166186513,-0.01578929757032374,0.37973850839024675,1,-0.07348121566315012,-0.021516415898158912,0.37211122695889215,1,-0.004300396294451461,-0.022448427980881824,0.36383827877494873,1,0.05664713263388295,-0.008862206031563851,0.36457099953153216,1,0.10354562955553621,0.040662398497029836,0.37038696065402277,1
774.488642,grid_1141_y512_z558,473.676,509.906,558.08,8.609566655761503,0.624,-0.14398333055496434,-0.016017299465446687,0.37604585172877225,1,-0.07004853382097695,-0.02244264476644782,0.3645116812384977,1,-0.002481485653130831,-0.024403885868898946,0.3619007743099077,1,0.05835940314135039,-0.01024516698696697,0.3654536332662938,1,0.1018157769675649,0.0397971931040522,0.36289683199783546,1
775.239826,grid_1142_y514_z558,473.445,512.2,557.541,10.881068697513182,0.742,-0.14235570472555142,-0.01612592950668824,0.3787120651199271,1,-0.06931415898607084,-0.024712706606138127,0.37400372097103096,1,-4.274101302285863e-05,-0.026902577513275745,0.3612513564746545,1,0.06084518583796966,-0.012024143945119983,0.3674946876379643,1,0.10316031560857128,0.039987959076982244,0.3666992028183073,1
775.873171,grid_1143_y516_z558,473.684,513.891,557.771,12.492609094980923,0.622,-0.14004329479149474,-0.01623559771924858,0.37785194403437405,1,-0.06719553316069533,-0.025679309220038915,0.3717079050776934,1,0.0015684730190910295,-0.02917781156155711,0.36736957725784036,1,0.062419522532993724,-0.012948985834679095,0.3685512264428893,1,0.10277859705928687,0.039864010741182766,0.3644558353055861,1
776.507278,grid_1144_y518_z558,473.779,515.926,557.559,14.521815451244455,0.624,-0.13739523689764127,-0.016089432861677667,0.37655261289144343,1,-0.06473348737168608,-0.026987353639036333,0.3696956561279482,1,0.00363417806529888,-0.03059342451572409,0.3625342102248655,1,0.06392548728391481,-0.014011168467284263,0.3668159365485999,1,0.10364218843165089,0.03978424911511347,0.366005705439992,1
777.252736,grid_1145_y520_z558,473.821,517.966,557.483,16.530358253831086,0.735,-0.13514104461021575,-0.016174868514229654,0.3756796813731857,1,-0.06281227923888169,-0.027987624094406794,0.36884521493399136,1,0.005471364252627225,-0.03208876247967512,0.3583233629390353,1,0.06523881176154431,-0.01508767585307946,0.36591335354941845,1,0.10382821257100276,0.039621003271328566,0.3660463663980177,1
777.886602,grid_1146_y522_z558,473.855,519.947,557.442,18.48195839190212,0.623,-0.13295129484650425,-0.01653308932389854,0.37619688864728174,1,-0.060828545006871425,-0.02936038141143668,0.36996359407263346,1,0.007469233155924929,-0.03400045135906491,0.3607788698528351,1,0.06696529894971723,-0.016190916531891492,0.366614717791685,1,0.1018953631075401,0.03875571765243352,0.3582230982377338,1
778.535071,grid_1147_y524_z558,473.913,521.753,557.65,20.235697517011936,0.637,-0.1301282902174723,-0.016984727091146214,0.37435860229369283,1,-0.058504486891672744,-0.030773996322246172,0.36810339674013626,1,0.009340096456968823,-0.03570084886550272,0.35882777871339105,1,0.06906829524483409,-0.017108603976716104,0.3678451283168909,1,0.10306107475241048,0.038856492347600254,0.3611564914416864,1
779.172613,grid_1148_y526_z558,473.982,523.593,557.983,22.021331521958427,0.628,-0.12809627763845702,-0.017289557697321177,0.37403584720331295,1,-0.05671467824861089,-0.032042258736096285,0.3681002555795757,1,0.011124791371567546,-0.03758889941490182,0.3625477868269992,1,0.07068651678193737,-0.01808509651700548,0.369512472666955,1,0.10515855477194487,0.0395316723553457,0.3677256065911859,1
779.917969,grid_1149_y528_z558,473.523,526.048,557.717,24.44228704520102,0.735,-0.12535979138340445,-0.017363806071409905,0.37423154960130667,1,-0.054235250107741495,-0.03358702217502442,0.36913855327911727,1,0.013178673016367149,-0.039504411711431715,0.36367486301196406,1,0.07277058916359547,-0.019148644954635703,0.3711983203850947,1,0.10462207537858348,0.03936862010682525,0.3642322627437651,1
780.566062,grid_1150_y530_z558,473.763,527.798,558.236,26.15045523504326,0.637,-0.12328753460819115,-0.018040752858601745,0.3738349070742603,1,-0.05247944384843346,-0.03468458516332024,0.36740669503080314,1,0.014720287661751815,-0.04067135800083525,0.35959179587090373,1,0.07441787765554939,-0.019733001006658434,0.37185131012559447,1,0.10645275383785144,0.03990484891285477,0.3704961582694811,1
781.203631,grid_1151_y532_z558,473.623,529.949,558.18,28.284157014130706,0.626,-0.12104649200115838,-0.01818143553715094,0.37379098874760447,1,-0.050673663543915504,-0.035964309707165756,0.3684487423738828,1,0.016855153999116752,-0.042537804631100226,0.36177399451597675,1,0.07576952124663734,-0.02051277623607699,0.3701259807068441,1,0.1056551259155533,0.0395092382777484,0.3670905595400974,1
781.942754,grid_1152_y534_z558,473.672,531.942,558.179,30.271102738420385,0.728,-0.11851311360603271,-0.018431703215836388,0.3724992823657693,1,-0.048805125672047214,-0.03714125568792163,0.3691560408604891,1,0.018538031226843464,-0.04399331306069023,0.36287932570376186,1,0.07627029922117678,-0.020977864347902237,0.36512147722536514,1,0.10556933996820472,0.039222192253919846,0.3661236220844174,1
782.579035,grid_1153_y536_z558,473.661,533.947,558.167,32.267971814168945,0.626,-0.11684925772626327,-0.01872916763394481,0.3746510003733962,1,-0.0465735489420672,-0.038097241965746764,0.3684029698770246,1,0.020497570962198973,-0.04532624161483015,0.36155695504232427,1,0.07776801153879541,-0.021824300656851307,0.36582884679871636,1,0.10471603702691105,0.0389793465214354,0.3629698078105245,1
783.217779,grid_1154_y538_z558,473.912,535.712,558.072,34.04739147130072,0.629,-0.11403869327408227,-0.01874001662845067,0.3722457724209055,1,-0.04508486819154865,-0.039217545223067626,0.36942795053410327,1,0.022293239402702007,-0.04663706466806887,0.36209938508109174,1,0.08000663525784088,-0.022623567863774535,0.3696042901276144,1,0.10383742557068516,0.03869593276022165,0.35991408882448866,1
784.079272,grid_1155_y540_z558,473.802,537.917,557.678,36.26375263262207,0.851,-0.11188773123619236,-0.018390377276843315,0.37256988556422155,1,-0.04273008260560631,-0.039937307135338274,0.36781224549725733,1,0.024342206784048002,-0.04824338484607322,0.36424955557827177,1,0.08084091176719052,-0.022723918560464303,0.3667786607465238,1,0.10584115197441864,0.03947602627527454,0.36546614232168306,1
784.731145,grid_1156_y542_z558,473.961,539.812,557.532,38.17030475382667,0.642,-0.10951619804799954,-0.018367616536407172,0.3723131725015059,1,-0.040620513824722766,-0.04063018499808675,0.36653907636388483,1,0.025931430400138372,-0.049211161192433614,0.3632665979240282,1,0.0833317786611232,-0.02372960929659427,0.371683877043428,1,0.10552293005338917,0.039329287896555466,0.3631795892153475,1
785.374142,grid_1157_y544_z558,473.881,542.047,557.363,40.40392987074405,0.632,-0.10727013001484491,-0.018300065487660073,0.37269473387935936,1,-0.038720263058596396,-0.04131699021623148,0.36663347382812905,1,0.027857687220692824,-0.05058922212587469,0.36293301859446736,1,0.08367405988899286,-0.02394885283692148,0.3668715388975586,1,0.1072172897855392,0.039449147692227904,0.36781684092201516,1
786.112043,grid_1158_y546_z558,474.04,543.898,557.053,42.27867189257492,0.727,-0.10407029266281101,-0.017956105954980435,0.36836458526167976,1,-0.03705873246291787,-0.04222063447816869,0.36785233195315,1,0.029634362357164552,-0.05162567341134999,0.3628868508179398,1,0.08551318237914876,-0.024568465440630606,0.3689014773219498,1,0.10659391241360969,0.03899871361676348,0.3646018893516804,1
786.742347,grid_1159_y548_z558,473.832,546.113,557.268,44.45925580798679,0.62,-0.1018677399156485,-0.018233506877073938,0.3685327384560278,1,-0.035039440768031664,-0.043430440992702685,0.36803329643225646,1,0.031172941018304597,-0.052373529624749504,0.35970850787200287,1,0.08676420822790638,-0.024989633488447377,0.36878455925275,1,0.10592297275161541,0.03874617854939416,0.36200970212445455,1
787.399002,grid_1160_y550_z558,473.924,548.028,557.34,46.36760543741723,0.647,-0.09908251828498921,-0.018486495810768055,0.3668212841029449,1,-0.0332769749239577,-0.044708248898793816,0.3692593150775465,1,0.03281234132274282,-0.053223633628180486,0.35796217223507115,1,0.08741799092906995,-0.02542382941503722,0.3658631462733783,1,0.10592297275161541,0.03874617854939416,0.36200970212445455,1
788.032695,grid_1161_y552_z558,473.76,550.023,557.669,48.33074671469503,0.623,-0.09687061849840169,-0.018892773821223917,0.3667563302370859,1,-0.03133949112379107,-0.04562688437085803,0.36849144133203904,1,0.03437116292215399,-0.05416932457980715,0.35803956967292516,1,0.0890127992300805,-0.02560989200719673,0.3662578902761712,1,0.10621539842440735,0.038741873137207464,0.3626682917534573,1
788.767825,grid_1162_y554_z558,473.835,552.04,557.592,50.35034531162621,0.726,-0.09451881082895809,-0.01906204233923988,0.36624420424689985,1,-0.029633598770976693,-0.04702768281194093,0.37091188141122144,1,0.03719682421916579,-0.0564808569803519,0.36473836636455575,1,0.09242470274682975,-0.026446283401284566,0.3745074780583822,1,0.1058030687556718,0.038625782892975476,0.3601239429013964,1
789.398405,grid_1163_y556_z558,473.699,554.01,557.655,52.30764766265065,0.621,-0.09269287107850743,-0.01938125698898231,0.36697683066629655,1,-0.02729441882241937,-0.047188421320032065,0.3662143222099883,1,0.0386289514740948,-0.05707609557963326,0.3627597585189457,1,0.09249149064669214,-0.02640319620196635,0.37031769660651087,1,0.10608415311077715,0.03839411585861595,0.3605865963765833,1
790.238396,grid_1164_y558_z558,473.687,556.163,557.697,54.454194815459395,0.729,-0.09014267810293257,-0.019392527621958623,0.36646324256697727,1,-0.0250633866392219,-0.04786711393434212,0.3635107336952295,1,0.04065343975196746,-0.058227167345553346,0.3638345628148675,1,0.09414625579113182,-0.027028617960360414,0.37169271438265616,1,0.10821199633137146,0.03919097204796011,0.3674951402631425,1
790.875875,grid_1165_y560_z558,473.563,558.179,557.846,56.456096730114105,0.626,-0.08835053593512474,-0.01986770833889488,0.3681429316680435,1,-0.02341151109758701,-0.049150528239710424,0.3668961423450218,1,0.042559071410950645,-0.05922257542454849,0.36405178363896457,1,0.09479446612204341,-0.02703154775805708,0.368615252185487,1,0.10808507094478566,0.03921879447852732,0.36641459111506297,1
791.519723,grid_1166_y562_z558,473.679,560.098,557.689,58.382871940321664,0.632,-0.08635322714904071,-0.01988972213408869,0.36937909831151,1,-0.021592837982361404,-0.049833039065635965,0.3673820291774844,1,0.04453357900086628,-0.0602980804429476,0.36473137013412454,1,0.09707234076121374,-0.027795554394003878,0.371932890035016,1,0.10708513271934131,0.038827653588278374,0.362780692750464,1
792.160255,grid_1167_y564_z558,473.646,562.282,557.439,60.57385941972006,0.629,-0.08344849654943115,-0.019602555462333943,0.3663943761862772,1,-0.01979488749313,-0.050607469501475454,0.36780287898964686,1,0.046517455634762485,-0.06144481266447699,0.3661265364476549,1,0.09950163497718434,-0.028339015088906284,0.37605558542278816,1,0.10831599744346247,0.0390367840304585,0.3665468384825776,1
792.907771,grid_1168_y566_z558,473.925,564.084,557.46,62.381146550861,0.737,-0.08071617114141458,-0.019634714928364883,0.36430298046204,1,-0.01773208270472753,-0.0514976336101852,0.368064992048305,1,0.04744772565652133,-0.06148596247813146,0.3605275854843062,1,0.09984822589393856,-0.028245582284518907,0.3727621286311737,1,0.10800936194618296,0.03903142044526534,0.36443992873624165,1
793.556678,grid_1169_y568_z558,473.841,566.357,557.268,64.65651501588992,0.639,-0.07853403435739555,-0.019546039093899605,0.3631267815060589,1,-0.015864390169352583,-0.05194692335929992,0.3665085701482021,1,0.049028162447274086,-0.06219824371202674,0.36017874700442626,1,0.09811480135897419,-0.02756973737206813,0.362094165332569,1,0.10752581277421606,0.03891546473416309,0.3621123204896549,1
794.255413,grid_1170_y570_z558,473.967,568.151,557.307,66.45000677953313,0.686,-0.07593158036450844,-0.019624500215756055,0.3611714894163384,1,-0.014008925762830382,-0.0527656797734698,0.3671281530612545,1,0.05070923327312386,-0.06282352308681582,0.36039315513934617,1,0.10030975579532815,-0.027977716369787714,0.36620681442300357,1,0.10681010991614495,0.038667799528153315,0.3598181615120721,1
794.995439,grid_1171_y572_z558,473.875,570.166,557.645,68.44522557490778,0.729,-0.07432085007988812,-0.02019498924692061,0.36513421376562627,1,-0.011929869422966925,-0.05366830050310582,0.36828693007617624,1,0.05337615168791269,-0.06424409217563812,0.36274798524215746,1,0.10295282586303008,-0.028727170306776295,0.3701068081794958,1,0.10635086051494894,0.03840562149288388,0.3576237618053376,1
795.638476,grid_1172_y574_z558,473.999,572.081,557.428,70.3702475340254,0.633,-0.07268905351701287,-0.020184293942733578,0.36587319930858686,1,-0.010360172676428855,-0.05407202151588779,0.3669185621798028,1,0.054606984554716465,-0.06449878700978232,0.36137003432045034,1,0.10300781157801539,-0.02844771136807599,0.3666180028334166,1,0.10562315493087733,0.03802054789438038,0.3546972912959772,1
796.300351,grid_1173_y576_z558,474.013,573.977,557.59,72.25801507099403,0.65,-0.0706448065248679,-0.0205629070038031,0.3650166123504178,1,-0.008372524687038663,-0.05539768778564412,0.3710427130103726,1,0.05629280235332068,-0.06556493973072133,0.3622464613619081,1,0.10357890095296518,-0.02825340232728349,0.3644466999142442,1,0.10630885988652128,0.03828669644953915,0.3562691863298867,1
797.043608,grid_1174_y578_z558,473.814,576.046,557.686,74.31549516756255,0.731,-0.06806700878802938,-0.020617056525949556,0.36382384449603755,1,-0.006460981754442289,-0.056232064464922085,0.37024945704540035,1,0.05816380003159817,-0.06618890079226761,0.36262422235592345,1,0.10547523846947057,-0.028771383550454842,0.36702011901978976,1,0.10728011733037776,0.038786672654887014,0.35919887802910105,1
797.684577,grid_1175_y580_z558,473.86,578.028,557.554,76.30143863650284,0.626,-0.06621856965458081,-0.02070338674421452,0.36619071061554515,1,-0.004662768201849054,-0.056933838916834734,0.37109648902842174,1,0.05927535573028998,-0.06602342302024097,0.35851316928026866,1,0.10821486085016699,-0.029266876886434656,0.3722331340817906,1,0.10896001749560713,0.039128577049403854,0.364437393317385,1
798.325523,grid_1176_y582_z558,474.046,579.97,557.548,78.24691307649145,0.629,-0.06426228997289225,-0.020714872504486736,0.36611342938381164,1,-0.0028946036348898143,-0.05736443909661569,0.3694359810701046,1,0.06182357133025955,-0.06772808049657679,0.363916546502136,1,0.10879803569881188,-0.02914863585722465,0.3705408248801925,1,0.10940016734911148,0.039110619445812234,0.365662792454959,1
798.967243,grid_1177_y584_z558,474.107,582.031,557.437,80.31144464520605,0.631,-0.061647766262407554,-0.02071100033643425,0.3631354984418187,1,-0.0009374532611572967,-0.05802307024078583,0.3698519828390506,1,0.06361575044453266,-0.0682837713506431,0.3644713952906061,1,0.10885164995358845,-0.0286555695693253,0.36652263838340515,1,0.10967297705692783,0.03932715193610128,0.36618499769974533,1
799.720986,grid_1178_y586_z558,474.245,583.978,557.274,82.26628126395404,0.742,-0.05879528455130538,-0.020392309516177345,0.3599781532116294,1,0.0009978260759588987,-0.058046232069267754,0.365795094394974,1,0.0668113792926384,-0.07021865986061182,0.37050837370574624,1,0.10993902205245018,-0.028559431480448583,0.36516023616971144,1,0.1083029718654526,0.03871210366082876,0.36121013051033457,1
800.355932,grid_1179_y588_z558,474.177,586.03,557.147,84.31869548326752,0.624,-0.057017834568884616,-0.02050202795811697,0.3616495378892676,1,0.0027562005382093238,-0.05898600102630155,0.36991594147422513,1,0.06776805796739933,-0.07014669782390755,0.3673019957302806,1,0.11299866413820596,-0.029279555471590907,0.37228073932008077,1,0.10822410091146936,0.03848068174651807,0.36017428517777894,1
800.996065,grid_1180_y590_z558,474.159,588.148,556.903,86.44312164654866,0.629,-0.05482053032482168,-0.020377856190895226,0.3620992703428184,1,0.004731706536082656,-0.059727050554444085,0.37163508250015875,1,0.06869873072174353,-0.06997331621781835,0.3628773742819414,1,0.11599285701329495,-0.029759418385849702,0.3779894367304303,1,0.10702636585682188,0.038186065217590534,0.3563597411976965,1
801.767199,grid_1181_y592_z558,474.163,590.104,557.276,88.38356019645289,0.759,-0.052980009984593276,-0.020933922277651968,0.3647374638627474,1,0.006716164463317034,-0.05998359787855164,0.36772221575659136,1,0.07103100302206668,-0.07073864490912332,0.36494999063753875,1,0.11723454714072798,-0.02980616336010427,0.3781188887780742,1,0.10828215135265,0.038792688027318785,0.3600794009705921,1
802.410259,grid_1182_y594_z558,474.201,592.099,557.158,90.38173239100927,0.632,-0.05092139226611786,-0.021212297831720222,0.3646829979156506,1,0.008436231485162841,-0.06110298926333494,0.3705960502514257,1,0.07175134417446605,-0.07005890204476017,0.3589868865686057,1,0.11609120146838312,-0.029183034118786855,0.3708832418687189,1,0.10938267741083474,0.03923402231627523,0.36274451522539897,1
803.05364,grid_1183_y596_z558,474.256,593.972,557.395,92.24671264061392,0.632,-0.047995723495504974,-0.021023308111625137,0.36031038233331714,1,0.010501483947395727,-0.06129232280056325,0.36941175074617744,1,0.07430252257583869,-0.07137209790084871,0.36275189035538347,1,0.11649825436092229,-0.028851462159869112,0.36817622293660224,1,0.10945648137583622,0.03926402736396918,0.36262923306750394,1
803.692595,grid_1184_y598_z558,474.313,595.947,557.205,94.22759838285174,0.628,-0.045824287284701816,-0.02084879017289628,0.35912788672786633,1,0.0122198174093784,-0.0624540443163777,0.3722070428080859,1,0.07593305791443637,-0.07172301372740186,0.3629171629517681,1,0.11907771910956488,-0.029096350593699378,0.3731151757083238,1,0.10916316699897802,0.03910940186838503,0.36114656321752425,1
804.452804,grid_1185_y600_z558,474.059,598.122,557.69,96.38005871029544,0.751,-0.043416121657818565,-0.021538683638975466,0.3588266142377333,1,0.014405667962709237,-0.06303639807462132,0.3705722457332558,1,0.0785665553816691,-0.07267228273542252,0.3645138073683152,1,0.11903230181123632,-0.028588045688048108,0.36857795373687147,1,0.10977173273682381,0.039227979060060994,0.3623324290279563,1
805.086981,grid_1186_y602_z558,474.363,599.9,557.602,98.16685510395044,0.624,-0.04129955619809682,-0.02140564928025479,0.35497497700782105,1,0.016118126550259664,-0.06342818151097906,0.3710290367457944,1,0.08002463784637831,-0.0729523739417921,0.3643080820735376,1,0.11962663495543631,-0.028509643817275283,0.3675659179302936,1,0.11135848597490046,0.03962242108689416,0.3677797316829885,1
805.725528,grid_1187_y604_z558,474.171,602.034,557.375,100.30089413360184,0.627,-0.03936319693370902,-0.021451759860558823,0.35812514179685623,1,0.018339172937310716,-0.06421755231154846,0.37341003667602507,1,0.08144868871526396,-0.07319070104062955,0.362217050507015,1,0.12241421955919836,-0.028709423215245704,0.37256177678969127,1,0.10897207827991903,0.038921421074509105,0.3599819939577793,1
806.481535,grid_1188_y606_z558,474.285,604.075,557.184,102.34882235766085,0.745,-0.03771505731238675,-0.021554548208071206,0.3624338797541761,1,0.020064491040847794,-0.06479158197583394,0.3736394841591165,1,0.08324020787375211,-0.07341623819870377,0.3628118965728782,1,0.12290077427909082,-0.028299120862122728,0.37012268297112294,1,0.10910986627477419,0.03889570762684598,0.3597746651756105,1
807.117773,grid_1189_y608_z558,474.259,605.909,557.376,104.17529370248977,0.625,-0.035472845293887875,-0.021709878634253284,0.3615459260134447,1,0.021974471311115316,-0.06505092952034822,0.372493237447454,1,0.0855492712701121,-0.07401051899638375,0.36529774406272,1,0.1236599407087527,-0.028173695640897233,0.3693680955992201,1,0.10950215121861036,0.03896684768419416,0.36086754159769996,1
807.758714,grid_1190_y610_z558,474.274,608.077,556.98,106.35377448403045,0.629,-0.03332294360423227,-0.0215060806719017,0.362992742589039,1,0.024007643529779788,-0.0655527165237135,0.37354794823813364,1,0.08663048691120148,-0.07383292884482189,0.36246296311823506,1,0.12444978686531569,-0.02810050495236709,0.3687065510094043,1,0.11203557331722269,0.03988090525747623,0.3685321888959139,1
808.412275,grid_1191_y612_z558,474.189,609.974,557.2,108.24093732502512,0.642,-0.030899140435309568,-0.02162785500036258,0.361340249130227,1,0.02609993553920813,-0.06559117853361379,0.37178826211344435,1,0.08975530423756141,-0.07521599324080422,0.3673369272450001,1,0.1257650296674397,-0.027805230332062003,0.3693055141295475,1,0.11312132564519936,0.040272644217454266,0.37181703773800556,1
809.152567,grid_1192_y614_z558,474.268,611.971,557.379,110.2335525781511,0.73,-0.028562287132101898,-0.021891780319052406,0.3605295343480845,1,0.027935133149150065,-0.06636018676920095,0.3717654931602753,1,0.0908800517303128,-0.07494500494150617,0.36340386562220595,1,0.12706992135523726,-0.027663549509477546,0.36942727912067863,1,0.1117489774118188,0.03969083547490066,0.3664682429990129,1
809.788247,grid_1193_y616_z558,474.264,613.984,557.565,112.24061195930827,0.625,-0.026921996529872712,-0.022204216417227845,0.36284070336982,1,0.02957337454189099,-0.06682779911234252,0.37093475134754705,1,0.09304768702609142,-0.07558495447870511,0.36603106912472244,1,0.1280944502969025,-0.027431083318755507,0.36978862548786623,1,0.10909855598079514,0.03861343456992438,0.3568524496852109,1
810.436736,grid_1194_y618_z558,474.242,615.982,557.56,114.23719295395874,0.639,-0.024387326569505076,-0.022189371663416103,0.360092944841544,1,0.03203006787226218,-0.06764482635959554,0.37377709790581776,1,0.09485695970478142,-0.07555925985096475,0.3654117190652576,1,0.1299950051542851,-0.027253804347343737,0.3715247265516043,1,0.10762586347351974,0.03804978888983231,0.351911104900746,1
811.237997,grid_1195_y620_z558,474.101,618.09,557.552,116.34139872375617,0.79,-0.022026894962739192,-0.022165902726523558,0.35996668312041863,1,0.0332843234894073,-0.0668809025075088,0.3668596856290125,1,0.09618663281698217,-0.07528394811962458,0.3630956086180618,1,0.12984193806526406,-0.026758255388207013,0.3686702159829048,1,0.10945821424598771,0.03862025817781768,0.3583518432348133,1
811.936757,grid_1196_y622_z558,474.14,620.132,557.38,118.38730993649612,0.688,-0.019782408519768556,-0.022294104709724354,0.3613061492110852,1,0.03601505408683635,-0.06840371447117488,0.37337319528016216,1,0.09822300143288981,-0.07560152228608889,0.36306745767891774,1,0.13063105384421084,-0.026571259127166846,0.36719060473763054,1,0.11036160868985043,0.03877968420792344,0.3608225954122369,1
812.582096,grid_1197_y624_z558,474.049,622.256,557.315,120.5100934030009,0.635,-0.01790162766849698,-0.022489126552437896,0.36394615710542083,1,0.03823955502140759,-0.06905309358108422,0.37501879233800645,1,0.10102896806619135,-0.07650314041850564,0.3666653602529769,1,0.1311980243819708,-0.026304435521704844,0.36622990422873036,1,0.11046882884532232,0.039012127338758765,0.3602596755874098,1
813.326374,grid_1198_y626_z558,474.09,624.309,557.044,122.56975119090355,0.733,-0.01550186648429289,-0.022122904622849417,0.3641590526704448,1,0.040012308425329116,-0.06853690158964218,0.3708900293938637,1,0.10120649075177938,-0.07518618877493814,0.3602591237269679,1,0.1345694902510947,-0.026265330003188536,0.3724816516356329,1,0.1109175537331311,0.03910951544522616,0.36079149374389335,1
813.966567,grid_1199_y628_z558,474.008,626.378,557.044,124.63617759703648,0.629,-0.013343602483032974,-0.022056194112772348,0.3597994353830015,1,0.04158399969973274,-0.0687466409672153,0.36981701226191044,1,0.10325119344512727,-0.07560494898077012,0.36140879089579825,1,0.1374979418398352,-0.02645923756469711,0.3781102469674681,1,0.11110895496898565,0.03914955811875649,0.36141935951092996,1
814.610042,grid_1200_y630_z558,474.123,628.408,557.032,126.66757170246855,0.632,-0.011175705769292606,-0.02221286388320551,0.36385569244549776,1,0.044330995659814146,-0.07010515234963277,0.3750883857947843,1,0.10648380983573405,-0.07664533288563272,0.365968567311693,1,0.1371962645913103,-0.025948772344116272,0.37421913619251723,1,0.11144575089261854,0.03934201909471079,0.3626960142399626,1
815.350517,grid_1201_y632_z558,474.132,630.303,557.215,128.55730218855717,0.731,-0.008917609421298458,-0.022079728180430136,0.3594378286187277,1,0.04625512773163204,-0.07042944382944391,0.374945002610362,1,0.10890129418031938,-0.0770112286955122,0.36736718239432287,1,0.13598882517532399,-0.025017297069984328,0.3678422973006955,1,0.112316772256384,0.03954808115901368,0.364907944851874,1
815.991874,grid_1202_y634_z558,474.306,632.176,557.285,130.43110293561125,0.631,-0.006710736186457197,-0.022215133163098717,0.3584919500310154,1,0.04843577051675378,-0.07129131222463256,0.3767505334245548,1,0.11068198270685503,-0.07702595292746381,0.36677875859428877,1,0.13657495816585116,-0.024653206902080577,0.3663019686266859,1,0.11282077801742266,0.039624222059946514,0.3659859555596801,1
816.633088,grid_1203_y636_z558,474.175,634.201,557.276,132.45296098615543,0.631,-0.004601964062121135,-0.022605222417555394,0.36238298065672214,1,0.05043988810122555,-0.07126409737626488,0.3753543652044963,1,0.11317952089564647,-0.07762270696130727,0.36913789350905296,1,0.13836419468402084,-0.02456754268411753,0.36832185854034816,1,0.11281045927959202,0.039656980042030845,0.36504273922113584,1
817.264978,grid_1204_y638_z558,474.145,636.162,557.383,134.41026017384243,0.621,-0.0025748954878898394,-0.02282704487793929,0.3639433188498226,1,0.05232315829222149,-0.07176950861168555,0.37597129635597304,1,0.1146180464848691,-0.07730795151151301,0.3677021321760568,1,0.14116256539175193,-0.02440722194606326,0.37352589635978195,1,0.1127640984777089,0.03970992700766926,0.3643767525748617,1
818.02746,grid_1205_y640_z558,474.175,638.178,557.101,136.43229902042992,0.751,6.940852505638362e-05,-0.022656757643246855,0.3627432311978652,1,0.054183011285109065,-0.07164435415005174,0.37429499758008833,1,0.11592036430740171,-0.07663144867479768,0.36520159412373104,1,0.1428778726255709,-0.024290585336235453,0.3754191996256909,1,0.11170983741217402,0.039463112012815424,0.36124714357158644,1
818.667072,grid_1206_y642_z558,474.109,640.214,557.194,138.46420571757895,0.629,0.0020110450264553244,-0.02267139512441114,0.3640362885518317,1,0.05620475523007096,-0.07193990308900933,0.374160818632224,1,0.11738982692536334,-0.07643051221766609,0.36487706153675165,1,0.14104387419824077,-0.023292497581566686,0.36774404766516783,1,0.1112771914996316,0.03939094464036006,0.35967599809488293,1
819.303994,grid_1207_y644_z558,474.151,642.341,557.121,140.59271322867346,0.625,0.004301435366402989,-0.02245929097778752,0.3627344491673946,1,0.05769715303556035,-0.07132748162420843,0.36975929602036256,1,0.11936450478496882,-0.07644323282580878,0.3652486419987322,1,0.14194297239761083,-0.022620718706301324,0.36771541849922057,1,0.1113347122341021,0.03941262916114746,0.3597172489987093,1
820.053282,grid_1208_y646_z558,474.309,644.234,557.2,142.48596854778373,0.738,0.0064333562752030005,-0.022557290491150964,0.3585585492857072,1,0.060429790763514867,-0.07256874531678359,0.37448448187299116,1,0.12155033792628422,-0.07644267111748117,0.3654895225147236,1,0.1440068885727814,-0.02253927292847139,0.37050562682460847,1,0.11057175520054596,0.039093402906174954,0.3565539939332732,1
820.694843,grid_1209_y648_z558,474.282,646.348,557.084,144.60119867414653,0.632,0.008527770561674279,-0.022826613261415767,0.360950154557985,1,0.06211944792519045,-0.07250415766347207,0.37208220567502787,1,0.1242734050729108,-0.07683724251210709,0.36768731465257515,1,0.14641726528954718,-0.022221462017334343,0.37411513245704864,1,0.11181472852942606,0.03933369734927763,0.3602134738729048,1
821.338919,grid_1210_y650_z558,474.341,648.336,557.2,146.58695990094074,0.634,0.010862435956821515,-0.02307745523208173,0.3623160568566469,1,0.06380840180949551,-0.07216363674473707,0.36905024352189003,1,0.12712515448879982,-0.07715378429662241,0.37026519607946173,1,0.14827364486034528,-0.021801667335326864,0.3761355483171337,1,0.11362988689745804,0.03998398445111954,0.3660041360879013,1
821.983427,grid_1211_y652_z558,474.297,650.175,557.551,148.41764767371833,0.632,0.013198519932895869,-0.023479746064765928,0.36601858809967447,1,0.06643707077708821,-0.0733277454163516,0.373138493286932,1,0.1283645878230093,-0.07648953200297201,0.3683480378678314,1,0.14701213012143088,-0.021074128462363187,0.37033343366202326,1,0.11398304942692898,0.04018294725087103,0.3669087940939163,1
822.735743,grid_1212_y654_z558,474.477,652.174,557.022,150.4296960609839,0.74,0.015496003192716244,-0.02283176425865884,0.3624957709745519,1,0.06899999268810289,-0.07363823864890125,0.37413781608791574,1,0.130460755386345,-0.07628863855125886,0.3687219363031665,1,0.14772983443638,-0.020457998337688046,0.37004805150665937,1,0.11407134005929671,0.0402326879508089,0.3671349585954201,1
823.369043,grid_1213_y656_z558,474.328,654.128,557.155,152.3775692449516,0.623,0.01716193669194094,-0.022710061949344263,0.3596339635631006,1,0.07079263374156312,-0.07385023655582654,0.3740248973081629,1,0.1323158114354674,-0.07628462543386261,0.36888596319278766,1,0.14988214005112116,-0.020378380663766897,0.373414874353894,1,0.1137237852368482,0.04006776414617815,0.3655719841395612,1
824.010773,grid_1214_y658_z558,474.428,656.109,557.479,154.353344926503,0.632,0.019654941793237686,-0.023329547113531093,0.3637094330626661,1,0.07230760174165414,-0.07357202376768175,0.3701127682848282,1,0.134350259410272,-0.07606031849683106,0.36845712394879904,1,0.15003698466932544,-0.01985741207958394,0.37127895246660414,1,0.11358476330786879,0.04000179462432585,0.36494679435721766,1
824.77184,grid_1215_y660_z558,474.751,657.851,557.617,156.098219608681,0.751,0.021584382988839548,-0.023593218156205787,0.36258631328289925,1,0.07527086897121732,-0.07465390974401756,0.3740062267840779,1,0.1350562296128098,-0.07502317179467391,0.36468883598359225,1,0.1522853047952261,-0.01956535281448377,0.3742807913719092,1,0.11186226262360403,0.03933414635381129,0.3586500293608818,1
825.406365,grid_1216_y660_z560,474.581,658.282,558.242,156.51653671417606,0.625,0.022777762715822693,-0.024221335153191477,0.3624720951906129,1,0.07570783573754446,-0.07423131163237857,0.3696695475068555,1,0.13589241887303835,-0.07483365311310884,0.36384004858657504,1,0.15104550349991358,-0.018910775548043803,0.37022335554487906,1,0.11159848419906919,0.03920787147825565,0.3574475014273651,1
826.05717,grid_1217_y658_z560,474.535,658.34,558.236,156.5737819719509,0.64,0.023283184788788873,-0.024414685763259444,0.3633759747306025,1,0.075153026382556,-0.07371015473504555,0.3666475574772703,1,0.1361713751810794,-0.07501355717014646,0.3643372936325582,1,0.1508872901804692,-0.01885066695845005,0.36987596257523314,1,0.11130761555424698,0.03911659595075566,0.3565938316578374,1
826.697561,grid_1218_y656_z560,474.267,657.226,558.432,155.4530614076159,0.629,0.02217338791284987,-0.02447069723359447,0.3642367743244544,1,0.07428084631058143,-0.07365077041853599,0.36641913535174897,1,0.1357256670602343,-0.07520613852689928,0.36493071191269844,1,0.152162647882356,-0.019260292877091596,0.37344817937245933,1,0.11125269525992225,0.03911307241508484,0.35656704666784905,1
827.445517,grid_1219_y654_z560,473.758,655.666,558.341,153.88708385371407,0.737,0.02009453224094816,-0.024443497748937608,0.36307690607362747,1,0.0736362074846715,-0.07455658229042089,0.3721037501418728,1,0.1343918566592495,-0.07561911976701394,0.365812092706549,1,0.1485811783045515,-0.019539593873717936,0.36626207733216987,1,0.11290433371340469,0.039727336357889054,0.36235524012462383,1
828.09963,grid_1220_y652_z560,473.312,654.011,557.893,152.23356275801996,0.643,0.01828514916205718,-0.02365674312260929,0.3595510888198069,1,0.07104945486990873,-0.07332910453830062,0.3688898709730578,1,0.1325337757256976,-0.07569417901993586,0.3658990507478677,1,0.14961848893839091,-0.020103344402764685,0.3709244965542162,1,0.1137932962013379,0.0401007489071043,0.36588457903073296,1
828.738326,grid_1221_y650_z560,473.103,652.151,557.581,150.37717724774592,0.624,0.01657698888726824,-0.02342596568177867,0.36467189949298306,1,0.07029106491150727,-0.07413526861138817,0.3755028592535628,1,0.1317621833234281,-0.076408742257695,0.3695950944840004,1,0.14877610889761342,-0.020422336001714357,0.3716517482042725,1,0.11400182909480702,0.04019970318988275,0.3668223637042483,1
829.494089,grid_1222_y648_z560,472.69,650.511,557.646,148.73321814241766,0.746,0.014777353880915159,-0.02355449516737678,0.36840605774812957,1,0.06790872265083932,-0.07342050834800354,0.3738331614121757,1,0.12867040967590423,-0.07560535330644122,0.3655703795084249,1,0.1472828771890625,-0.020713884371334618,0.3695011590573304,1,0.11407134005929671,0.0402326879508089,0.3671349585954201,1
830.133015,grid_1223_y646_z560,472.655,648.49,557.658,146.712149043629,0.627,0.012802838758098936,-0.02351013213618601,0.36597214126524225,1,0.0656444975628061,-0.0728023442433238,0.3718071892907948,1,0.127007189304807,-0.07598822414067183,0.3664402461193447,1,0.14681639967511798,-0.02119626376846309,0.3705011236908963,1,0.11407134005929671,0.0402326879508089,0.3671349585954201,1
830.773039,grid_1224_y644_z560,472.395,646.643,557.94,144.85929361280213,0.631,0.010591935066617934,-0.02335699365171072,0.36337540354349324,1,0.06336070403953267,-0.072216244374253,0.3692170891161835,1,0.12571288601905306,-0.07643643615746468,0.3672440312658355,1,0.14777041451591297,-0.021972594563093674,0.3750826983449236,1,0.11345330563272256,0.03988450305124379,0.3655518070848937,1
831.425301,grid_1225_y642_z560,472.374,644.57,558.118,142.7836881089714,0.643,0.008340951638473119,-0.02357114079556505,0.36514917170872924,1,0.06156298185780582,-0.07245669448385908,0.37135461375196177,1,0.1230634370760664,-0.07606877691619751,0.36532631191408826,1,0.14637106084138668,-0.022434946452940606,0.373906801291636,1,0.11113585312206782,0.039093377021999366,0.3578839372508128,1
832.16869,grid_1226_y640_z560,472.109,642.703,558.505,140.91062319427874,0.731,0.005940959341581198,-0.02417500218425761,0.3652551008353183,1,0.05942137820360305,-0.07225858076569522,0.37011565321326695,1,0.12122235069266644,-0.07632531160239737,0.36525388920486945,1,0.14413848098243687,-0.02254872835334533,0.37109934657073274,1,0.110646371133054,0.03910987124757416,0.3568293353906905,1
832.82528,grid_1227_y638_z560,472.071,640.633,558.471,138.8411487456079,0.646,0.0038128198977260747,-0.02431657621319546,0.36631232038247824,1,0.058705228389606304,-0.07353167902386737,0.37828679706608065,1,0.11907608603785576,-0.07621770914977916,0.3649239933820387,1,0.14294085935470102,-0.02297174832906198,0.37060429787050564,1,0.1107150111729142,0.039218356554279396,0.35774122728103863,1
833.522543,grid_1228_y636_z560,472.116,638.606,558.26,136.81739201578142,0.686,0.0017364092620404056,-0.02378094447137239,0.36514608027230333,1,0.05611924921919774,-0.0722891379389509,0.37404251567574703,1,0.11740817600137113,-0.07645835228929729,0.36519942949683903,1,0.14044013161268684,-0.023235636731659466,0.3669362728243519,1,0.11066773584384873,0.0392336134066276,0.3579804429284495,1
834.266517,grid_1229_y634_z560,472.029,636.694,558.206,134.906236301366,0.732,-0.0005619244333653825,-0.023709882345598638,0.365425470348652,1,0.0545073827956218,-0.07264984142923073,0.37816429058980383,1,0.11609088178311892,-0.07694851073490713,0.36757035310380676,1,0.14157252764907335,-0.024020954374058122,0.37245068025616457,1,0.11221237787607694,0.03961071758637614,0.3626538880378939,1
834.918215,grid_1230_y632_z560,472.193,634.658,558.362,132.8685577591629,0.64,-0.0026472465870266315,-0.023643904546058598,0.36463409274933356,1,0.052359213574954336,-0.07252769280652983,0.3785627957086301,1,0.11428546470809216,-0.07717036841403811,0.367725817670461,1,0.13814138696482212,-0.023980879947895956,0.36644723885715336,1,0.11226968429086703,0.0395959648155116,0.36276369921608104,1
835.562063,grid_1231_y630_z560,472.16,632.78,558.001,130.99645575739825,0.632,-0.004822842117513441,-0.023529077955654,0.3656061266922773,1,0.05041766235412994,-0.07177527101855388,0.3770825377780529,1,0.11182088536862356,-0.07674226734158565,0.36580974137645184,1,0.1378985339751461,-0.02439591217406359,0.36760478026037846,1,0.11257289751120605,0.03957124508376673,0.3647984286221894,1
836.301374,grid_1232_y628_z560,472.301,630.647,558.253,128.86008089784835,0.73,-0.007015379056099165,-0.023597818785128642,0.36539432556976553,1,0.04833548140594833,-0.07127024599834693,0.3756137602598946,1,0.11060835632663538,-0.07732476718886809,0.3681225472731172,1,0.13555344778780748,-0.024389851914660476,0.3639007763421343,1,0.11282077801742266,0.039624222059946514,0.3659859555596801,1
836.943971,grid_1233_y626_z560,472.304,628.817,558.138,127.03222930815632,0.632,-0.00908639247875962,-0.02349400415492287,0.36455276939147296,1,0.046375637844198805,-0.07119543886549709,0.3770423506980728,1,0.108157984379887,-0.07665792355625864,0.3659410722108621,1,0.13623126826347867,-0.025062100235172902,0.368836632160792,1,0.1119807684156916,0.039497320558391794,0.3641892710466699,1
837.581012,grid_1234_y624_z560,472.095,626.925,558.46,125.13469920849292,0.626,-0.01118047190868789,-0.023564266316902567,0.36190695000117806,1,0.044587390889941195,-0.07130857175229881,0.37866100992098983,1,0.10657502000867522,-0.07671790740675763,0.36691659464078297,1,0.13637380296973584,-0.025559158174529157,0.3722050084595482,1,0.11128310412129974,0.0393147338903314,0.3626564588903797,1
838.218448,grid_1235_y622_z560,472.185,624.736,558.33,122.9482095396269,0.628,-0.01365224245078173,-0.023568825090611895,0.3657397644832421,1,0.04210959545653309,-0.07004389012548698,0.3747794866909863,1,0.1047328590485487,-0.0766620197003194,0.3667572576120429,1,0.136930924542495,-0.026315258600912585,0.3766813204473294,1,0.11114473931655555,0.039171061920963174,0.3616248228310671,1
838.95899,grid_1236_y620_z560,472.254,622.552,558.407,120.76353824313037,0.729,-0.01616208617921601,-0.02372760503580612,0.3683149564148226,1,0.03967791621741281,-0.06946727390743698,0.37399534735780887,1,0.10291821686565454,-0.07681442165890069,0.3678320874512665,1,0.13409975145562725,-0.026293716232822097,0.3720621398270692,1,0.11107317062141572,0.03912805431654981,0.36121389619079286,1
839.615768,grid_1237_y618_z560,472.083,620.63,558.581,118.83859820782136,0.646,-0.01810686278761778,-0.02346383518737307,0.3640878204203471,1,0.03816141031459769,-0.06939257809605145,0.3752891694378476,1,0.10034583841383135,-0.07595658259102908,0.36531185007749434,1,0.13249273864124272,-0.026453238250787735,0.36985870159775863,1,0.11070609429128772,0.038949186878944116,0.3613563013777995,1
840.251362,grid_1238_y616_z560,472.039,618.675,558.832,116.88031427918047,0.627,-0.020176613191962536,-0.023674390163137316,0.3626323365272296,1,0.03617280049843067,-0.06902060608959773,0.37429440747218434,1,0.09844183453388913,-0.07577983144801746,0.364209612611803,1,0.13080365947731015,-0.02656395743539134,0.3680765929549797,1,0.11081006294956267,0.0390132921583355,0.362411151369603,1
840.991202,grid_1239_y614_z560,472.163,616.613,558.684,114.82080362895924,0.731,-0.022476902618309192,-0.023844357185493083,0.36639911419969545,1,0.034184648338466336,-0.06862305072029522,0.3740590326371328,1,0.0968304609051112,-0.07578611429923335,0.3654553313917228,1,0.12950331839725324,-0.026958618794502148,0.3678056702656668,1,0.10969347526270597,0.038675801088080095,0.3595862429256686,1
841.630967,grid_1240_y612_z560,472.311,614.553,558.616,112.76261565785003,0.629,-0.02439207296802109,-0.023511417843282537,0.36299661478111356,1,0.0320461702534711,-0.06783687285561106,0.3724042763998852,1,0.0957329567162972,-0.07613876558916036,0.3684588381363417,1,0.12863573587058091,-0.02713223625514108,0.36827691684880437,1,0.10755099865703108,0.03807772301325619,0.35197014061159293,1
842.273155,grid_1241_y610_z560,472.418,612.586,558.553,110.79739632771164,0.633,-0.026700906986997813,-0.023261705143324866,0.3621161556255018,1,0.030028567990584322,-0.0677335205647937,0.3732203622069388,1,0.09350709987581352,-0.0758963560550238,0.36739821281603585,1,0.12975980468940995,-0.027746279724979662,0.3744658764124645,1,0.11012555151658754,0.039042074601865054,0.3601693172809797,1
842.912197,grid_1242_y608_z560,472.567,610.533,558.49,108.74669606935196,0.628,-0.02864782419064313,-0.02298465278974795,0.360589570869747,1,0.028178531171176486,-0.06716986672709535,0.3732373148155257,1,0.09089308908731772,-0.07505297123100108,0.36393075356936133,1,0.12751232096836204,-0.02776268056439346,0.37148592571374844,1,0.11259712001106514,0.03999666163130579,0.3695456593043517,1
843.650462,grid_1243_y606_z560,472.449,608.627,558.252,106.84445691752097,0.728,-0.03146355656510218,-0.023106487504390295,0.36531178897370087,1,0.026000447257652094,-0.06685228213615137,0.3743107166597269,1,0.08992125561246245,-0.0754707324966122,0.36825321297768243,1,0.1260210405032013,-0.027841571287946548,0.3707063636178326,1,0.11312132564519936,0.040272644217454266,0.37181703773800556,1
844.284301,grid_1244_y604_z560,472.479,606.56,558.153,104.7800443786888,0.624,-0.033180230932612964,-0.022733156055535872,0.3623604208219126,1,0.024042909248817062,-0.06583016987350743,0.37253194413527674,1,0.08738412026969501,-0.0743432844808298,0.36464324222428207,1,0.12476310219885363,-0.028063249107010257,0.36964885039069123,1,0.11073637784476593,0.03931301470388676,0.364498444742604,1
844.977929,grid_1245_y602_z560,472.462,604.696,557.846,102.92317578660314,0.684,-0.03535581831868089,-0.022195679507476893,0.3622951720398389,1,0.0218794826136928,-0.06479547995473227,0.3701004557235493,1,0.0847359191387898,-0.07329008715946758,0.36178761479579,1,0.12306847473936056,-0.02804373264414947,0.36789319461474557,1,0.10956578306068702,0.03894731685264326,0.36101585058461955,1
845.716676,grid_1246_y600_z560,472.616,602.469,558.228,100.68951919142337,0.729,-0.03783815784366904,-0.022370191734496742,0.36355222466564663,1,0.01980792605975234,-0.06492480177711915,0.3735019924903133,1,0.08414099772952364,-0.07446073316787999,0.36781933481039575,1,0.12234877486358724,-0.02826306310762825,0.3699479313628703,1,0.1084727089664538,0.03863552864796951,0.35796285643074216,1
846.344917,grid_1247_y598_z560,472.522,600.493,558.265,98.71248677852269,0.618,-0.039619865952412195,-0.022352784847751418,0.3611712590256761,1,0.01817495239483715,-0.06449567933685277,0.3723139951129005,1,0.0822841026805861,-0.07388014316948269,0.3669661362912164,1,0.12078331014233665,-0.028432192560566488,0.3687255338509844,1,0.10897207827991902,0.0389214210745091,0.35998199395777924,1
846.979966,grid_1248_y596_z560,472.403,598.506,558.642,96.7179875152497,0.624,-0.04169650252612807,-0.022377695396291596,0.35984666341791716,1,0.01647209526321534,-0.06478350387920184,0.3754162309527867,1,0.07888393302030175,-0.0719983710819419,0.3596594632510769,1,0.11912528245116663,-0.02840535904176249,0.36652510778093683,1,0.1107894227930701,0.03944694109525833,0.3664497689806538,1
847.72101,grid_1249_y594_z560,472.428,596.412,558.969,94.61940556249554,0.73,-0.04401539512591297,-0.022840030595014944,0.36204193737981505,1,0.014515506667198091,-0.06363056551351351,0.37091652705025446,1,0.07868933499845185,-0.07294455193121085,0.3657139450599466,1,0.1192272907971029,-0.028760717019898796,0.3700720746595231,1,0.10976508958728659,0.03922656367297176,0.3630406667166418,1
848.361016,grid_1250_y592_z560,472.408,594.501,559.153,92.70607573401003,0.629,-0.04623304442738239,-0.02305712377990821,0.3625788104919542,1,0.012617654771451936,-0.0637875857670838,0.37476657259545865,1,0.07638320750083713,-0.07202347032867984,0.3633552182342657,1,0.11924212162873334,-0.029135928135122467,0.37358964804191225,1,0.10913988902220044,0.039038850036821574,0.36106873291286135,1
848.999242,grid_1251_y590_z560,472.317,592.531,558.998,90.73774225756334,0.628,-0.04839568507386807,-0.022961025380653373,0.3627721846042771,1,0.010469369401944555,-0.06237795559519378,0.3698411085170366,1,0.0744874785136133,-0.07156647370463631,0.3629934781917547,1,0.11674588726984658,-0.028922108120316415,0.36982269773449206,1,0.10943288042920263,0.039167097806555425,0.3631043014305536,1
849.636099,grid_1252_y588_z560,472.42,590.471,558.832,88.68124655754454,0.626,-0.05101050891728474,-0.022791774713340027,0.3651000273594135,1,0.008658421505686595,-0.06154331457245584,0.3684563757835681,1,0.07280848430127362,-0.07125856469981616,0.3647429818131984,1,0.11643197275186068,-0.029178038913597094,0.37296840475576354,1,0.1095663798986983,0.03924309062088437,0.363838556499943,1
850.371594,grid_1253_y586_z560,472.69,588.269,558.746,86.48354268298684,0.724,-0.05274034019010907,-0.02236973606425232,0.3606242151715734,1,0.0065782880415783795,-0.06174511829654165,0.37451144214636406,1,0.07117864543855215,-0.07105555204937972,0.36688183589957213,1,0.11639815952641472,-0.029556193560720683,0.3768273666988599,1,0.10687330980371242,0.03826043363840049,0.35597504648312517,1
851.014713,grid_1254_y584_z560,472.359,586.579,558.557,84.79460740518819,0.632,-0.05528299635084567,-0.022245523614676483,0.3644465987279298,1,0.004899611722778677,-0.06115594016507703,0.37541945802582777,1,0.0696386645755133,-0.07067232531065473,0.36625180821254566,1,0.1155964650152441,-0.029714926661463192,0.3772301713404732,1,0.10762884185426722,0.03831436235649649,0.35813477001132066,1
851.662055,grid_1255_y582_z560,472.593,584.503,558.407,82.72435953816755,0.637,-0.05735438580231853,-0.022094051316127204,0.36359348767657573,1,0.0025621540750734605,-0.06033372995446248,0.3736126174268689,1,0.06696062390926297,-0.06948253687950194,0.363086740506502,1,0.11200265077662538,-0.02893506586480916,0.369098311775818,1,0.10788024118116521,0.03839777943912565,0.35898178906023104,1
852.406586,grid_1256_y580_z560,472.801,582.443,558.388,80.6678389818396,0.735,-0.059389408390261945,-0.021862355405617713,0.3632628755713476,1,0.0008278728199446368,-0.05876098153701627,0.3674069839366207,1,0.06559086834147618,-0.06919600485522528,0.36531452003964254,1,0.10964607472947283,-0.028626118840130305,0.36515664563635014,1,0.10779109208129325,0.03846149091136074,0.35929301064825797,1
853.041197,grid_1257_y578_z560,472.513,580.745,558.409,78.96672667016156,0.625,-0.06166048016174055,-0.021807569877692567,0.3641756862917559,1,-0.0008511332295984859,-0.05837782727874191,0.36900323740328667,1,0.06368071730896706,-0.06841621819192001,0.3634854973581427,1,0.1097839047218558,-0.029005027828283726,0.36933962175333784,1,0.10893769425250874,0.038930987469810316,0.3638965291540912,1
853.676346,grid_1258_y576_z560,472.758,578.601,558.577,76.82228722187334,0.625,-0.06347257895682276,-0.021820636460260494,0.3628983305179482,1,-0.002720148452816996,-0.05814927163417096,0.3703867494110328,1,0.06179132009391787,-0.0675537307014634,0.36255410703812785,1,0.10906251700190768,-0.029140537785961467,0.37108455064901935,1,0.10940016734911148,0.039110619445812234,0.365662792454959,1
854.322371,grid_1259_y574_z560,472.658,576.615,559.018,74.82695179545941,0.635,-0.0661951083512149,-0.02218013495064581,0.36663404487114043,1,-0.004531870877888576,-0.057610495989842456,0.3698631930930194,1,0.06005284441560706,-0.06687535278162254,0.3620762345420652,1,0.10778578571562476,-0.02918060987750513,0.37117586663979035,1,0.10940016734911148,0.039110619445812234,0.365662792454959,1
855.06493,grid_1260_y572_z560,472.855,574.371,558.94,72.58752092474299,0.732,-0.06846635756847196,-0.022234479178189902,0.364869400814709,1,-0.006759307436080333,-0.05637279005276945,0.3670298233278245,1,0.05865296021660669,-0.06684051576100959,0.36530155782317353,1,0.10383040004112723,-0.028268631766182238,0.3618467501303148,1,0.1073368780391829,0.0386364927480484,0.3592135949550634,1
855.700752,grid_1261_y570_z560,472.474,572.579,559.295,70.78538675461198,0.626,-0.07056770668920558,-0.022419600084511097,0.3657200000663159,1,-0.008198681127158056,-0.05568697373433187,0.36603760521274725,1,0.05652844405950387,-0.06562261880305781,0.3622186800692927,1,0.10298885115747167,-0.028149645113740608,0.3621760023869145,1,0.10671903727482904,0.038460294748003256,0.3573801939744971,1
856.347123,grid_1262_y568_z560,472.529,570.513,559.467,68.71802602665481,0.635,-0.07285659752086315,-0.02251566589846878,0.36628254260886906,1,-0.010164862662757351,-0.055588177570623495,0.3680163760825991,1,0.05463879932967346,-0.0646670230628148,0.3605240586567572,1,0.10216822372069193,-0.02821567370027569,0.36394790687850126,1,0.10621282508457716,0.03829064569127437,0.35655573030216325,1
857.096869,grid_1263_y566_z560,472.594,568.417,559.325,66.62497175984397,0.74,-0.07483334992930304,-0.022254165004421195,0.36600812821581635,1,-0.012022390014133539,-0.054729968727977085,0.3675228470106438,1,0.0532684410595867,-0.06439935408422474,0.36335225870839905,1,0.10270264073465987,-0.02853873995802996,0.3703428766764326,1,0.10653939128424632,0.03851879422145994,0.3586247072536146,1
857.731746,grid_1264_y564_z560,472.642,566.47,559.253,64.68006723094841,0.625,-0.07765699107771488,-0.022308776831484616,0.3680376084242131,1,-0.014144803458582714,-0.05437797679565748,0.37030666274809054,1,0.05062450512006418,-0.06258102392647455,0.3582351664512757,1,0.1008319015830234,-0.02827031284718312,0.36837026885176644,1,0.10681010991614495,0.038667799528153315,0.3598181615120721,1
858.36592,grid_1265_y562_z560,472.606,564.503,559.247,62.7131176230301,0.624,-0.07915095455101517,-0.022101090452852974,0.36501491171138667,1,-0.01599973951300454,-0.05340561161303662,0.3689544236897823,1,0.04935883275424157,-0.06262358202650184,0.3626369762076021,1,0.09855385772529322,-0.027731850712540074,0.36445326844326453,1,0.10750090293761494,0.0387763778943913,0.36183244755316585,1
859.002838,grid_1266_y560_z560,472.646,562.593,559.219,60.804607078740325,0.626,-0.08143951876123504,-0.02184803178110206,0.3654419202178187,1,-0.017787225319794365,-0.0527122073363331,0.3698239529238796,1,0.04790303365258346,-0.06217082658110451,0.3639923219242727,1,0.09819576261549202,-0.027944694677507414,0.36789524775232374,1,0.10780810610163047,0.0388259060063765,0.3642235680753484,1
859.744961,grid_1267_y558_z560,472.968,560.348,559.308,58.564352382656786,0.729,-0.08526317486170036,-0.022046165672234087,0.37119036029575125,1,-0.020069135087161426,-0.05199507156498949,0.37029670082772637,1,0.04589976590347181,-0.06112939449745659,0.3623605432750042,1,0.09797344619642476,-0.028153833365279646,0.37184406354508176,1,0.10713756233402565,0.03881514522815207,0.3628579268534004,1
860.399026,grid_1268_y556_z560,472.834,558.702,559.152,56.91916666642268,0.642,-0.08678731028754476,-0.021687594984039264,0.36999364165838683,1,-0.021884763983431768,-0.05136320579877705,0.37134487583296566,1,0.04397395851521899,-0.060015485165218374,0.3608175795864009,1,0.09609706219144305,-0.027520830696350577,0.3692364712323244,1,0.10708513271934131,0.038827653588278374,0.362780692750464,1
861.036261,grid_1269_y554_z560,472.872,556.625,558.957,54.84808581892355,0.626,-0.08792824738391106,-0.020966468681391577,0.36590468725532765,1,-0.023665643741872244,-0.05045423550519159,0.3715875302143089,1,0.04246167599020828,-0.0593080942805911,0.36239593762931677,1,0.09533996714667041,-0.02722963896333793,0.3710772164971058,1,0.10853223642025331,0.039364955104243794,0.36824195134927923,1
861.778292,grid_1270_y552_z560,473.064,554.488,558.849,52.71937083274049,0.73,-0.0909537321068379,-0.020974815298132936,0.36935735604507597,1,-0.025359258411334046,-0.0490509530563349,0.3684785246348478,1,0.04057584046021945,-0.05830833593811609,0.36245281160220627,1,0.09266074748297709,-0.02649413528486196,0.36533871355794634,1,0.1085254721277957,0.03932572375947831,0.36852425709168546,1
862.417344,grid_1271_y550_z560,472.781,552.714,558.915,50.93839047319819,0.627,-0.09283013978720359,-0.020877247859690244,0.36787938747944116,1,-0.02765410574906993,-0.048466430085098614,0.3708974675187002,1,0.038527691465568614,-0.05699559805353037,0.3611733431830613,1,0.09239277933404341,-0.026599802019745565,0.3695515448354262,1,0.1063458072383368,0.03843477805054082,0.361370025225923,1
863.054392,grid_1272_y548_z560,472.681,550.651,558.951,48.873630241675286,0.625,-0.09530193278268866,-0.02080347578960217,0.3691593487134951,1,-0.029302004090266294,-0.04749240699532951,0.37032715685878487,1,0.03652848442387187,-0.05568528738907348,0.35937839450409437,1,0.09095019913561887,-0.02614522750974847,0.3684677003905329,1,0.10630243079553858,0.03865600779170178,0.36210825503954025,1
863.692602,grid_1273_y546_z560,472.806,548.52,559.067,46.74328333568365,0.626,-0.09732719526965208,-0.02059256596430255,0.3680538991674225,1,-0.031258786061028256,-0.046646483014442366,0.3700195557125691,1,0.03489200013743731,-0.05492383744116386,0.3608550720389517,1,0.08927745083623832,-0.025664577822828966,0.3674776433891325,1,0.10621539842440735,0.038741873137207464,0.3626682917534573,1
864.439861,grid_1274_y544_z560,472.73,546.316,559.288,44.533446419517155,0.736,-0.10017850467001906,-0.02075076495936373,0.3694739973873516,1,-0.033353736966857075,-0.04561153803303496,0.3684771369170304,1,0.033163408753819894,-0.054116441558368845,0.3623904132434063,1,0.08939969985113842,-0.02564094217608996,0.3743032974155088,1,0.10600652294384169,0.03874494843162653,0.36219787058988395,1
865.085069,grid_1275_y542_z560,472.81,544.317,559.237,42.538556698599955,0.636,-0.10217273079782815,-0.020606320973716126,0.36879085570809417,1,-0.03525211361113316,-0.04484651956654221,0.3693549221711182,1,0.03127207122836599,-0.052713770184259226,0.3618629290388863,1,0.08766118716674869,-0.02511863379288814,0.37304520368263594,1,0.10592297275161541,0.03874617854939416,0.36200970212445455,1
865.724064,grid_1276_y540_z560,472.721,542.43,559.304,40.64889687310097,0.628,-0.10449826089889296,-0.02057199549059237,0.3700103063568542,1,-0.036876968998118334,-0.04374052868342236,0.3677944495955795,1,0.02906257308050944,-0.05087946962760857,0.3574204010098091,1,0.08651604636813343,-0.024927248446856738,0.373876860315699,1,0.10743398958755382,0.039262183112764734,0.36787903631774843,1
866.467919,grid_1277_y538_z560,472.674,540.499,559.358,38.716586355204456,0.733,-0.1064828422580358,-0.02048710410934536,0.3697648113478085,1,-0.038939314953199675,-0.043098013431875914,0.3704841802094961,1,0.027628155453850202,-0.0503101247437723,0.36029373522350133,1,0.08481890061328885,-0.02428733770406675,0.3718305416419254,1,0.10556803133934918,0.03890722879202115,0.36214447880883793,1
867.107234,grid_1278_y536_z560,472.755,538.416,559.293,36.638598499396856,0.626,-0.10956164007991094,-0.02039452837003506,0.3725022966650527,1,-0.040865051800309644,-0.04191375026237318,0.3691400115658971,1,0.02604211653086837,-0.04934216291391351,0.3622323070556758,1,0.08219122300658772,-0.023387636459624335,0.3668120036895311,1,0.1046683429411426,0.03879591188243752,0.3601917641638618,1
867.750996,grid_1279_y534_z560,472.745,536.474,559.279,34.69820733121533,0.631,-0.11242082048991553,-0.020260808143570657,0.3744669378311156,1,-0.04315914450801687,-0.04084552897065087,0.3699984361704173,1,0.02392014187819307,-0.047564062919430924,0.3597760417411524,1,0.08099651382217099,-0.022856311511979234,0.36809455521524265,1,0.10438753279500561,0.038855386057186775,0.36117063674731753,1
868.384602,grid_1280_y532_z560,472.683,534.62,559.086,32.850485673730944,0.624,-0.11390455964887247,-0.019826206531868278,0.37269464059563073,1,-0.04497899264002956,-0.04002357847209606,0.3717430968765387,1,0.02235057778134087,-0.0465457713658871,0.36206818083079345,1,0.07940621070240492,-0.022319554029635095,0.3670244726863877,1,0.10408792263886502,0.038738685095431914,0.35987610373210005,1
869.127924,grid_1281_y530_z560,472.903,532.489,558.933,30.735535606200255,0.733,-0.11747282634342773,-0.019864237740321554,0.3764888262845461,1,-0.046790823647900485,-0.038445910601954306,0.36860223476966414,1,0.020448318191209736,-0.045153472315006916,0.36246069949524606,1,0.07833246447274642,-0.021867774849972356,0.3690806251642547,1,0.10564799731973859,0.03929077251987883,0.36521506320866753,1
869.765464,grid_1282_y528_z560,472.77,530.761,558.782,29.013080687855254,0.627,-0.11931775017075694,-0.01929867152185619,0.3765855732143065,1,-0.048380122386183166,-0.037344155614584415,0.36827946801924594,1,0.018716003584673967,-0.04394569751980145,0.3623309304099447,1,0.07833334556895714,-0.02159084602274164,0.37500986339595566,1,0.10577958383962446,0.03922530860533463,0.3660398338845659,1
870.41724,grid_1283_y526_z560,472.807,528.84,558.769,27.098169458470867,0.641,-0.12195159526057431,-0.018993560683874162,0.3774378133942712,1,-0.05045421542752314,-0.036239984453576506,0.36930869103079283,1,0.016953430434707754,-0.042548250644267274,0.3631337371970879,1,0.07571695026767167,-0.020620467588751183,0.3698326634227347,1,0.10513951110588526,0.03919111066391587,0.3646960363695432,1
871.157878,grid_1284_y524_z560,472.824,526.724,558.86,24.9827968410265,0.732,-0.1231131220296344,-0.018782025553457815,0.37458770730326363,1,-0.05219906879186571,-0.03498561344980416,0.3689671835078827,1,0.015264724673585611,-0.040995218545095406,0.36111850316748045,1,0.0740869947709277,-0.019667368477193123,0.36909500798409656,1,0.10484604087102722,0.03924745521939049,0.36520783645688965,1
871.794594,grid_1285_y522_z560,472.673,524.807,559.14,23.04903603190385,0.626,-0.12604872911194134,-0.019043393284496817,0.37644887527431553,1,-0.054393819497223196,-0.03413869986184351,0.369868281532747,1,0.013225893234130481,-0.0394605223418715,0.36222117057268965,1,0.07235244321302417,-0.019049840591835964,0.36875768743677884,1,0.10443302583459617,0.03910822163022818,0.3635818880583643,1
872.457211,grid_1286_y520_z560,472.459,522.945,559.368,21.17197321932944,0.651,-0.1279917619817336,-0.019137824552157373,0.37629311908536117,1,-0.05626591889549397,-0.033104245912995114,0.3695577503995853,1,0.011918940767572064,-0.03884803358127625,0.3696077110513061,1,0.07195202465901109,-0.01849828047144734,0.37336612197394714,1,0.1048798844245344,0.03941426704832444,0.36620711869429295,1
873.093317,grid_1287_y518_z560,472.522,520.895,559.549,19.11985977982057,0.626,-0.13035420355626964,-0.019230591215980763,0.37670845133371367,1,-0.058268674672837716,-0.032117432396126314,0.3700321941090305,1,0.00986093064534097,-0.036577643937231494,0.3633856856307345,1,0.07064252452185567,-0.017681750399029868,0.3742806801862509,1,0.10386110158217021,0.039101744695979004,0.36378001152604666,1
873.852026,grid_1288_y516_z560,472.407,518.888,559.82,17.102102823922035,0.748,-0.1322265909381116,-0.01913332895286294,0.3759033477732741,1,-0.060359475712644564,-0.030978586352529165,0.37009002719523265,1,0.00783294013621666,-0.034678787110774545,0.36436919581719307,1,0.06810755061515153,-0.01661768220650678,0.3711888413292471,1,0.10196436367967725,0.03868950291576177,0.35838009411214866,1
874.489105,grid_1289_y514_z560,472.642,516.717,559.595,14.954248693933115,0.628,-0.1348955183814696,-0.01893709730757053,0.3770501607190426,1,-0.06262083852261073,-0.029762180036690844,0.37145963957686584,1,0.005770871280372454,-0.03247964079216854,0.3607633829923718,1,0.06576293347614112,-0.015224197488658756,0.3663935412608874,1,0.10364810377958064,0.03953201543836722,0.3653506043721125,1
875.128747,grid_1290_y512_z560,472.555,514.761,559.609,12.998183757740916,0.629,-0.13612164811834135,-0.018471118819532346,0.37396574221906703,1,-0.06484496576496376,-0.028380889949931175,0.37176318191028795,1,0.003690025039848172,-0.030862101343104947,0.3630904534289929,1,0.06450306118863042,-0.014139943302350983,0.36884405590978486,1,0.10291386613538948,0.03976460935226309,0.3640961254268775,1
875.8923,grid_1291_y510_z560,472.594,512.72,559.552,10.971360262064186,0.755,-0.14008964860003068,-0.018165578073742698,0.37888377922784855,1,-0.06664069718168189,-0.02674519248041097,0.37067185791755014,1,0.001758950953492577,-0.029133880046255833,0.3648180400609746,1,0.0625865166439638,-0.01297379331025882,0.36931018839572516,1,0.10236762441319343,0.03974987953012531,0.36266394041704164,1
876.531461,grid_1292_y508_z560,472.64,510.6,559.382,8.884625934725722,0.627,-0.14207559852102464,-0.017858415529922858,0.37754534776466664,1,-0.06917869258238185,-0.025228115898941982,0.37213935846545043,1,-0.0003690868872468707,-0.026959635231639485,0.3657850254008631,1,0.06077445477933933,-0.011757717863537936,0.3688450248463072,1,0.10277427960714765,0.03976488906234394,0.3649463290092669,1
877.174466,grid_1293_y506_z560,472.544,508.797,559.255,7.110299712389114,0.632,-0.14368445079038739,-0.017493492946097543,0.37610758842520553,1,-0.07098990143895428,-0.02360276446127172,0.3706365195678286,1,-0.002288091378598368,-0.0245607123292738,0.3628171685520686,1,0.058222788283942395,-0.0102215171888829,0.3641036692343952,1,0.10224260155018403,0.03984790385832839,0.36429523693736043,1
877.817206,grid_1294_y504_z560,472.636,506.743,559.262,5.117068203571296,0.631,-0.14697007465979478,-0.017382545411326278,0.37892632811686405,1,-0.07315814156841292,-0.021916919386281375,0.37004950290374017,1,-0.004297779045221261,-0.022087231900186622,0.3605410577619645,1,0.056455576863563575,-0.008767112012321847,0.36426328852374384,1,0.10188662195802503,0.03995618826683095,0.3644831155667232,1
878.562193,grid_1295_y502_z560,472.705,504.661,559.073,3.240201382630436,0.73,-0.1496811481615585,-0.016746325451342643,0.3794785141211166,1,-0.0760110272827914,-0.02013429429899324,0.37272243579045916,1,-0.006652068902955777,-0.019844544907749145,0.36299760776800943,1,0.05419944925201571,-0.006824069469699751,0.36198287093833204,1,0.10286688841573796,0.04061532497676969,0.3694449375425422,1
879.201102,grid_1296_y500_z560,472.888,502.61,558.944,1.9210013014051104,0.628,-0.15218539674887682,-0.016310759635363638,0.3798332811421112,1,-0.07802855803548071,-0.018400772064318453,0.3711707356600655,1,-0.008826509497270912,-0.017255374515586425,0.36198943205865647,1,0.0525151132196592,-0.005331152346495104,0.3644091470875937,1,0.10130948166848439,0.04018579231309231,0.3652771638939917,1
879.900798,grid_1297_y500_z562,472.382,502.514,559.456,1.2495399153288527,0.628,-0.1527794209802545,-0.016667863280168317,0.38052430938852877,1,-0.07889196494574295,-0.018393676474006707,0.3731640555861853,1,-0.00932382280139008,-0.016826263951606545,0.3635581378671492,1,0.051525311698355926,-0.004934833438757729,0.36135515303395005,1,0.1006929044909642,0.03994750974467997,0.3636397431176546,1
880.650356,grid_1298_y502_z562,472.47,502.607,560.205,1.0674708426931856,0.739,-0.15189456247813996,-0.017333498144300942,0.3788982125905923,1,-0.07888927058663167,-0.018981190434772442,0.3738143685998285,1,-0.009314603930220915,-0.017558549831281085,0.3691804391538651,1,0.05241593125598706,-0.00519761708878324,0.3662631338964809,1,0.1006929044909642,0.03994750974467997,0.3636397431176546,1
881.285182,grid_1299_y504_z562,473.093,502.927,561.515,2.127589481079478,0.624,-0.15133059421157263,-0.018560767188992227,0.37757672054013225,1,-0.07756132023167256,-0.01959262814021842,0.3694491800737813,1,-0.008982484602476503,-0.017847908680082625,0.3655717038634558,1,0.05300601721074002,-0.005211824442207914,0.36825015681783,1,0.1006929044909642,0.03994750974467997,0.3636397431176546,1
881.93494,grid_1300_y506_z562,473.65,504.239,561.517,3.314003922749634,0.639,-0.15186811666357655,-0.0192445600958918,0.3811445523395557,1,-0.07729962468725544,-0.020944917357504346,0.37276743116163,1,-0.007831256033666833,-0.01931692576485911,0.3658971113679274,1,0.05328410488308651,-0.006126318720934639,0.3632952558573871,1,0.10165386509794953,0.04044249449568547,0.3657263475013524,1
882.677519,grid_1301_y508_z562,473.306,506.463,561.718,5.110942281028049,0.732,-0.1499637668851637,-0.01960145074591176,0.38154968505788367,1,-0.07450234052320782,-0.022387439360526878,0.3690777847091672,1,-0.005721694926969502,-0.02135315244904738,0.3618957298354755,1,0.05532408523121986,-0.007693015690946591,0.36476858717600213,1,0.10150184698556826,0.04015661803105245,0.36377452636910046,1
883.317559,grid_1302_y510_z562,473.351,508.277,561.869,6.849198858260736,0.629,-0.1454504841168558,-0.019760342926046524,0.37573452233998866,1,-0.072102279649252,-0.023958570830396958,0.367926260878337,1,-0.00364084747123494,-0.023493896365672343,0.3583197613283399,1,0.05694873019720618,-0.009085287114559712,0.3639766506898866,1,0.1032454405188521,0.040503299276881434,0.3691998721212883,1
883.956173,grid_1303_y512_z562,473.383,510.088,562.091,8.63087851843604,0.629,-0.14290740933913282,-0.020188890696427562,0.37449575356243514,1,-0.07071582682388709,-0.025795216552793286,0.37032079201655294,1,-0.0017389239661909316,-0.025683222971684024,0.35926851864591924,1,0.058544779756548024,-0.010594724862186499,0.36347082448668067,1,0.10194354234289042,0.03979427964095624,0.3635780219081864,1
884.606204,grid_1304_y514_z562,473.304,512.21,562.025,10.66158942184518,0.638,-0.14084073384659812,-0.02051168873787547,0.3752343684350939,1,-0.06824233515852471,-0.027370467605990136,0.36984058835720873,1,0.000364535728436754,-0.027981273467957708,0.35995759658292065,1,0.06116920223075458,-0.012260254977968421,0.3692720978880037,1,0.1026661335509063,0.039815623143297604,0.3646165931892981,1
885.347484,grid_1305_y516_z562,473.311,514.18,562.201,12.618070375457545,0.73,-0.13909920523771047,-0.020963460776279693,0.3771022824762776,1,-0.06565324754085736,-0.02870131789254905,0.3678613502496602,1,0.0025006350042523903,-0.030345853529899363,0.3637053716643287,1,0.0623897096616405,-0.013469067937443818,0.3652946101556205,1,0.10304746753497998,0.039989634562364554,0.36529709444152647,1
885.987078,grid_1306_y518_z562,473.303,516.196,562.06,14.581989473319519,0.629,-0.13715217825106177,-0.021081154148124892,0.37708939108751777,1,-0.06420047046910662,-0.03010961670420434,0.36970376225141377,1,0.004309700933560692,-0.032185728704645464,0.36567819336542007,1,0.06444121592009645,-0.014526769787604565,0.3683463498811683,1,0.10364218843165089,0.03978424911511347,0.366005705439992,1
886.628785,grid_1307_y520_z562,473.225,518.091,562.211,16.465043850533807,0.63,-0.13395941681402107,-0.02128434772949717,0.3752956486270038,1,-0.06213481423552671,-0.031901955981109655,0.3716410800253909,1,0.006579699982620367,-0.03424790212442762,0.3648481805275293,1,0.06689282327344509,-0.015791184052075267,0.3701781995423596,1,0.10328788619673646,0.03935403977244452,0.3639590803203022,1
887.372783,grid_1308_y522_z562,473.428,520.176,561.845,18.512586988316965,0.733,-0.1319689373167082,-0.02138304831981506,0.3752983122577874,1,-0.06000998223200228,-0.032786362824314054,0.36964618678057326,1,0.008396583671974468,-0.036039836293482376,0.36604913356635216,1,0.06813936026606951,-0.016487867148262968,0.36868614500485253,1,0.1015321950489878,0.03860342702656104,0.35678487679310317,1
888.004325,grid_1309_y524_z562,473.352,522.137,562.05,20.47077768429911,0.621,-0.13045353981991634,-0.021558528754891945,0.377383861497837,1,-0.05782264475794976,-0.03393134484077061,0.36909146226832434,1,0.010296829585422483,-0.03780363455065969,0.3660127460521572,1,0.07006560008965831,-0.017705649847138925,0.3701358604624332,1,0.10359612883368785,0.03904924692595553,0.36280882281985305,1
888.639918,grid_1310_y526_z562,473.707,524.088,561.292,22.390686300334778,0.626,-0.12702523418767975,-0.021034744307639172,0.3729807610525173,1,-0.05634603304015223,-0.034882125862305366,0.3703330734329528,1,0.011967904767478115,-0.03893355401764466,0.36266545765701463,1,0.07121372270062046,-0.018230692441026364,0.3686998554661771,1,0.10409562387166951,0.03909589959453804,0.36321057876173357,1
889.271388,grid_1311_y528_z562,473.631,526.095,561.408,24.38806892724396,0.621,-0.12537114241747876,-0.021277875040909944,0.3745660457398571,1,-0.05380031098918624,-0.035637007500999004,0.36736735475578597,1,0.01405427149391722,-0.040834516890417207,0.3656223540397715,1,0.07188214328129205,-0.01900064245031182,0.3641786265273721,1,0.10400146357653155,0.039142658808168376,0.3619868166917549,1
890.012532,grid_1312_y530_z562,473.916,527.935,561.183,26.23433220038197,0.73,-0.12326683778348946,-0.021305892915520104,0.3742553115852307,1,-0.05238271015695448,-0.03724074818591393,0.3706506792129243,1,0.015938215132050397,-0.04206836803214367,0.3634218841987619,1,0.07526819075965299,-0.02013697970808846,0.37359266986901785,1,0.10675254838469825,0.03999416041467598,0.3715747746026401,1
890.656499,grid_1313_y532_z562,473.784,530.037,561.315,28.323479341352176,0.634,-0.11966595181221396,-0.021228276055518244,0.3701949881538614,1,-0.050118837910094895,-0.03823817892105689,0.36919237326793974,1,0.017547870250994645,-0.04336661048236242,0.36231691011150446,1,0.07651206087860901,-0.020905377786587888,0.3725696397458412,1,0.10569493017245055,0.0393694446147874,0.36674419672029873,1
891.294313,grid_1314_y534_z562,473.704,532.008,561.452,30.28835858873841,0.625,-0.11864120159213616,-0.021728678737825188,0.37434007589019885,1,-0.04783844063144382,-0.03922017115721249,0.366742792793249,1,0.019737052410805443,-0.04557216336452239,0.3661204652793856,1,0.07697985420944504,-0.02115046158604232,0.36759069735810546,1,0.10563666001720488,0.039161649958895414,0.3660122446541617,1
892.033311,grid_1315_y536_z562,473.683,534.031,561.517,32.307244218595905,0.729,-0.11687109927764525,-0.022370650438031693,0.3758701570583232,1,-0.04595663182237547,-0.04039201394159029,0.3666097058692595,1,0.021331738662593174,-0.04648378554224472,0.3630720165486814,1,0.07762820826027807,-0.02187673688975,0.36397561224948977,1,0.10444701048491353,0.03884382726396389,0.3618970268470427,1
892.67199,grid_1316_y538_z562,473.792,535.908,561.837,34.19915456557373,0.627,-0.1141235020856651,-0.022519570615647133,0.3732939509118412,1,-0.04442548596016237,-0.04192955148375149,0.3698105547144549,1,0.02337932878501654,-0.048213518152030996,0.36480580123682343,1,0.08035461691693004,-0.022736727208550446,0.3697998589672351,1,0.10383974175491235,0.03870752862550431,0.3600529345814724,1
893.305102,grid_1317_y540_z562,473.585,537.864,562.125,36.15255399000192,0.623,-0.11192916101301971,-0.023064785772568795,0.3736420745946057,1,-0.042433403995521715,-0.04295575191075494,0.36968533853081864,1,0.02530467789713975,-0.049723153266320715,0.366361628761556,1,0.08151954144563858,-0.02304669113051525,0.36801997039615764,1,0.10564970185095826,0.039378084198328014,0.36480036450233466,1
893.938186,grid_1318_y542_z562,473.843,539.84,561.843,38.12432399400682,0.623,-0.11003198711322311,-0.023171410623569935,0.3740561329056682,1,-0.04066402644934976,-0.044072998782622476,0.3706884139385265,1,0.02715591162131928,-0.050962678854191576,0.3663116542923579,1,0.08283736303571192,-0.023570354971181477,0.3682291376433156,1,0.10592626901191185,0.039342950686063805,0.3642507624404605,1
894.680214,grid_1319_y544_z562,473.523,542.028,561.897,40.294474509540436,0.732,-0.10639676676431009,-0.022956544656340852,0.3710368939766776,1,-0.037764570808787715,-0.04469285965983373,0.36558230132808145,1,0.028714305905632183,-0.05185112631569109,0.3613145642067148,1,0.0854534701236849,-0.024613360598812247,0.3722686730181518,1,0.10773300876681954,0.039502250558670064,0.3692969226323025,1
895.328357,grid_1320_y546_z562,473.942,543.73,561.79,42.009210490081855,0.64,-0.10482295345900164,-0.023180129747650387,0.37235169855201833,1,-0.03637253730875989,-0.045810095089689154,0.3667915428822965,1,0.03048693676159584,-0.05306688644611908,0.3627631376442227,1,0.08668274892680403,-0.02492323932910965,0.37198603024764737,1,0.10659391241360969,0.03899871361676348,0.3646018893516804,1
895.964922,grid_1321_y548_z562,473.866,545.891,561.717,44.16003793023732,0.627,-0.10155670359529942,-0.023027105481974158,0.36817661355502046,1,-0.03415001763161716,-0.0461810479663802,0.3639660891145088,1,0.03218160887981648,-0.053876543665502916,0.3615847573864864,1,0.08868916696657962,-0.025632850140596925,0.37466228254344214,1,0.10592297275161541,0.03874617854939416,0.36200970212445455,1
896.69957,grid_1322_y550_z562,473.96,547.86,561.714,46.13019204382314,0.726,-0.09929410732943161,-0.023089691845335297,0.3672305549917514,1,-0.032311302250682766,-0.04754317599332737,0.3657007802864355,1,0.03398163655460081,-0.05498927148033911,0.3622887452166091,1,0.08919700818010559,-0.025752686490814657,0.37154875045836216,1,0.10592297275161541,0.03874617854939416,0.36200970212445455,1
897.330332,grid_1323_y552_z562,474.065,549.911,561.247,48.17131076688693,0.62,-0.09708380896465701,-0.022809995355427416,0.3674118420334963,1,-0.030446002938524397,-0.04784928443784164,0.36519808210435756,1,0.03627825702473738,-0.05664783579344198,0.36584844982784925,1,0.08978435217923461,-0.025830313160518297,0.367837975498272,1,0.10621539842440735,0.038741873137207464,0.3626682917534573,1
897.964756,grid_1324_y554_z562,474.326,551.751,561.336,50.02339095863054,0.624,-0.09574426507179032,-0.023132631692072136,0.3696006738755531,1,-0.028832682204151805,-0.049110468594068236,0.36860740771877404,1,0.03809374900058908,-0.057568258016829424,0.36568228943533265,1,0.091763646916861,-0.02632706445790132,0.3703223528898798,1,0.10623973323972362,0.03875107631334239,0.36158270670921444,1
898.608451,grid_1325_y556_z562,474.059,553.998,561.451,52.25717944933507,0.632,-0.09289581040327959,-0.0233234454070175,0.3676683573135026,1,-0.027044300446195553,-0.05040589572559375,0.36968989091139565,1,0.03994804946837925,-0.058534776846096516,0.36580387190425095,1,0.09205971284637447,-0.026378717299735066,0.36608837708058173,1,0.10608415311077715,0.03839411585861595,0.3605865963765833,1
899.365446,grid_1326_y558_z562,473.936,556.178,561.36,54.42774136412425,0.746,-0.09017327920880745,-0.02340107952926736,0.3679437788408485,1,-0.024488136295134806,-0.050829989021002955,0.36501211316344007,1,0.0417726671622857,-0.0590834917365207,0.3625668164725111,1,0.09464243747587212,-0.02706125608361491,0.370379937689797,1,0.1085254721277957,0.03932572375947831,0.36852425709168546,1
900.003077,grid_1327_y560_z562,474.079,557.903,561.703,56.16441101801038,0.627,-0.08765667739981077,-0.023651554261434077,0.36485968237970257,1,-0.02304726067263174,-0.05241998300382822,0.3697999756794591,1,0.043405478972700286,-0.06036207604192382,0.3640298465867305,1,0.09530814312481563,-0.027264405219113347,0.3690693721854565,1,0.10770532001973217,0.039057925666549274,0.36512123214995623,1
900.654274,grid_1328_y562_z562,474.031,559.956,561.531,58.20927939770432,0.64,-0.0864377113432507,-0.02403284917780953,0.36894108525698405,1,-0.021087290294370214,-0.05305687149846757,0.36944923228263205,1,0.045021562573159035,-0.060973908649275675,0.36177217999463906,1,0.09668364655309347,-0.027861840220396134,0.36917480234733124,1,0.10708513271934131,0.038827653588278374,0.362780692750464,1
901.396449,grid_1329_y564_z562,473.891,561.96,561.83,60.21322068283682,0.732,-0.08373800233747922,-0.02419311364209909,0.36671789576705716,1,-0.019247371860389113,-0.053835891879946376,0.3688196034354035,1,0.046935766759013606,-0.06237986239010692,0.3644663878578009,1,0.0970924651134551,-0.027886445988604264,0.3664735486241212,1,0.10810522182392228,0.03902469409179636,0.36561183970528444,1
902.035,grid_1330_y566_z562,473.938,563.789,561.836,62.042307524785066,0.628,-0.0815871350098611,-0.02435344628991175,0.36671905673850524,1,-0.017436873369117957,-0.05479255403355719,0.3706490345047794,1,0.04897249533324627,-0.06361085154071644,0.3660358103278856,1,0.09754901192003008,-0.027738490873217614,0.36310874061455284,1,0.1079846528825211,0.03892166292572954,0.3641783073520224,1
902.685503,grid_1331_y568_z562,474.113,565.792,561.734,64.04728338501178,0.639,-0.07874744960453411,-0.02425572146214266,0.3637284490788899,1,-0.015327901709772735,-0.055406743684954816,0.36989580489590407,1,0.05107642416090026,-0.0644936831929613,0.36724945364626327,1,0.10014941137277385,-0.028225478161366457,0.36836959202888303,1,0.10710616406820353,0.03871433311368388,0.3606814269582551,1
903.32609,grid_1332_y570_z562,473.807,567.968,561.662,66.20968081028633,0.631,-0.07643667362786208,-0.024349056169856713,0.3636719029950069,1,-0.013323046898290414,-0.05576060093491743,0.36820645726248485,1,0.05271818825248331,-0.06486127167959861,0.3657170169058665,1,0.10190220429202142,-0.02853443974013726,0.3703034124709564,1,0.10681010991614495,0.038667799528153315,0.3598181615120721,1
904.071479,grid_1333_y572_z562,473.901,570.109,561.475,68.34859756425152,0.735,-0.07428324944457158,-0.02435106154375102,0.3647170008979091,1,-0.01113327465474143,-0.056508964499214574,0.3673759858809579,1,0.054017517008026664,-0.06469780261585234,0.3601339114205184,1,0.1026715363223309,-0.02836044903444591,0.36781653489457555,1,0.10635086051494894,0.03840562149288388,0.3576237618053376,1
904.715728,grid_1334_y574_z562,474.059,572.079,561.386,70.32088720998901,0.634,-0.07245721714881473,-0.02424721726594481,0.36529680780847584,1,-0.00944646401109839,-0.05728559333624439,0.3677498662002622,1,0.05611987822730428,-0.0660725837298064,0.3629113542492387,1,0.1021337061120366,-0.028096430277419815,0.3611839380491785,1,0.10650170120197704,0.03838321933397336,0.3567349258106101,1
905.346093,grid_1335_y576_z562,473.966,574.13,561.436,72.36848561355974,0.622,-0.06981316503295801,-0.02446279158771625,0.3639899168936188,1,-0.007487091197554062,-0.05784823453873254,0.366919977115182,1,0.05780836895981598,-0.06668794504345452,0.36221368620186356,1,0.10334955183059516,-0.028125294289248516,0.3613172582325023,1,0.1065354297051548,0.03834543962264286,0.3562590608158155,1
906.091712,grid_1336_y578_z562,474.067,576.154,561.017,74.38906419629167,0.734,-0.06761301517758161,-0.02418737984991634,0.3626282660473453,1,-0.005740299928112755,-0.058474024278856195,0.367785775237932,1,0.05978467149030865,-0.06779138028567822,0.36512359524087457,1,0.10658041696127223,-0.02892498676428652,0.3688709028190452,1,0.10795693971074657,0.038906923222406256,0.36122649299909537,1
906.735862,grid_1337_y580_z562,474.226,578.03,561.177,76.27076331727643,0.632,-0.06587559301160066,-0.024375432254106027,0.364277330456049,1,-0.003948808383334893,-0.05893306718799696,0.36716094448592135,1,0.06121340530404218,-0.06808646712897805,0.363201389662293,1,0.10848364922458482,-0.029229409558343123,0.37152799733237096,1,0.10896001749560713,0.039128577049403854,0.364437393317385,1
907.379467,grid_1338_y582_z562,474.016,580.126,561.29,78.36063908621472,0.633,-0.06215061225950763,-0.023853029290421757,0.35667527739986243,1,-0.0017153768172979288,-0.059958094106176016,0.36937883189418513,1,0.06273340796989867,-0.06821734753755646,0.360879485761488,1,0.1110368045509588,-0.029417228504036864,0.37495423173144327,1,0.10940016734911148,0.039110619445812234,0.365662792454959,1
908.017152,grid_1339_y584_z562,474.013,582.105,561.401,80.34007150233317,0.626,-0.06048667006808017,-0.024429266926442237,0.3594847945527683,1,0.00014672545970900115,-0.060820043669853704,0.36954695768547763,1,0.064832111330819,-0.06911734251485906,0.36221281938816297,1,0.11066242857310563,-0.028881219220612413,0.36944170321395375,1,0.10852068944054208,0.038787444242189904,0.3622173000606878,1
908.764416,grid_1340_y586_z562,473.98,583.999,561.386,82.2320759497169,0.735,-0.05929082388734421,-0.02532094815678636,0.3652950562738147,1,0.002125717634352105,-0.061855027757235705,0.3710315938850079,1,0.06699128819333255,-0.07002346372137505,0.36276664474719306,1,0.11021977576454767,-0.028519618600004237,0.36402043415734264,1,0.10790274060754605,0.03841456453282957,0.3591425348837228,1
909.411589,grid_1341_y588_z562,473.799,586.236,561.406,84.46381791631256,0.637,-0.056622651596507034,-0.02512582874287726,0.3619967156905398,1,0.003926564145994263,-0.06156006059035753,0.36640372302394114,1,0.06900760878260752,-0.0706589653238751,0.3641156823232824,1,0.11421816768283673,-0.029370823281403453,0.37386660033118596,1,0.10830603307109818,0.03845499252539859,0.360127549942586,1
910.04801,grid_1342_y590_z562,474.145,587.878,561.872,86.12139265594823,0.625,-0.05478848930824187,-0.025450631023152915,0.362339503064089,1,0.005931233140168224,-0.06250543942104507,0.3678252439597555,1,0.0703371877407985,-0.07097448169776636,0.36274174928975034,1,0.11514081613799117,-0.029224293024052644,0.3735074024610778,1,0.10680063545121155,0.03813918849462317,0.355695481220608,1
910.903158,grid_1343_y592_z562,473.866,590.228,561.67,88.45968895491322,0.743,-0.0515081835096321,-0.02529917166757843,0.359382132595888,1,0.008296976790898006,-0.06362712440253439,0.3700919158041057,1,0.07242226479546988,-0.07128027962213115,0.36215584904479003,1,0.11567616028101976,-0.028927430417637685,0.370549626606115,1,0.1094610987988011,0.03917518357185662,0.36370944640645525,1
911.538695,grid_1344_y594_z562,473.969,592.191,561.502,90.42193834462967,0.623,-0.04964912235528416,-0.025275634400327245,0.358820036179776,1,0.009692310037891304,-0.06344314924572614,0.3666010359150211,1,0.07373131414451059,-0.07145424315996837,0.3612661492838828,1,0.11573601028166036,-0.02883661231137401,0.36727478860420515,1,0.10961558859803071,0.03929523926266536,0.3635327694738937,1
912.172806,grid_1345_y596_z562,474.11,594.15,561.222,92.38038946659621,0.623,-0.04771451977046479,-0.025075490111427744,0.35879610058666056,1,0.011518334152894934,-0.06412144012912138,0.3683748185907231,1,0.07524615170370755,-0.07186823652896616,0.3600371141552451,1,0.11829705765353857,-0.0290859697049911,0.371452374752847,1,0.10924879322602707,0.039136986445237554,0.36161248311409644,1
912.922862,grid_1346_y598_z562,474.146,596.137,561.168,94.36704265261253,0.738,-0.04617549903759336,-0.025461577656000167,0.3647295413530794,1,0.01356447574515277,-0.06422083826500061,0.36680844674508123,1,0.07799845362260023,-0.07295675968631551,0.36471845047397095,1,0.11820608063305746,-0.02853941055563638,0.3676506949637055,1,0.10901650981054889,0.03903208912059296,0.36040522829253446,1
913.579863,grid_1347_y600_z562,474.168,598.198,561.165,96.42783192107972,0.646,-0.04318329462039109,-0.02495250563054301,0.35787641707427126,1,0.015584098301251539,-0.06614778154717671,0.3738637551690844,1,0.07932072735606208,-0.07297210390077677,0.3617318129182842,1,0.11937291666390959,-0.028535841677935703,0.3679708401106674,1,0.11060393081323003,0.039444730412060855,0.3653098976202585,1
914.223589,grid_1348_y602_z562,474.041,600.193,561.143,98.41894035702681,0.634,-0.04142137317949172,-0.025355668207066712,0.3614355981222335,1,0.017423796874543866,-0.065949893475543,0.3717673780213315,1,0.0816956587212554,-0.07384360316430368,0.3649353118785401,1,0.12142770839461221,-0.028615027865515875,0.37077814350529564,1,0.1101498263359308,0.039244547976133005,0.36396497135315675,1
914.976374,grid_1349_y604_z562,474.284,602.002,561.355,100.23524109314046,0.741,-0.039151747439704745,-0.02538694504533003,0.35957367871614354,1,0.019310676392069993,-0.06686486835382918,0.3722641366869187,1,0.08209416584711618,-0.0728866811623439,0.3587377121441705,1,0.12203455261919265,-0.028255771761495317,0.369747991545894,1,0.1083791812053021,0.0387680510485391,0.3579215305376746,1
915.60929,grid_1350_y606_z562,474.184,604.05,561.412,102.28070065266465,0.624,-0.03727008151281565,-0.025831243781097506,0.3623269163666678,1,0.021017622284875352,-0.06703189130175818,0.3701797449688181,1,0.08569015705867723,-0.07491292950162717,0.36602289529255205,1,0.12438988772742206,-0.028508509966893268,0.3728664231768844,1,0.10910986627477419,0.03889570762684598,0.3597746651756105,1
916.245819,grid_1351_y608_z562,474.038,606.102,561.474,104.32943292283345,0.626,-0.035024635159142635,-0.025853247911539656,0.36336228904469586,1,0.023271098313185773,-0.06767421003695874,0.37136568707033246,1,0.08810993614930798,-0.07579150988453921,0.3680187458891123,1,0.12498163907225937,-0.028349959508071215,0.3710614232217101,1,0.10980358607277654,0.038976587832790684,0.3616524246071128,1
916.880849,grid_1352_y610_z562,474.295,607.893,561.551,106.12659572887473,0.625,-0.032987384935123334,-0.026082085188434977,0.3606921007148286,1,0.025188214279835634,-0.0682979134576186,0.3719791218536791,1,0.0896038857809827,-0.07577260712041234,0.3671671490211574,1,0.12597114273121726,-0.02814840171274203,0.372001887127548,1,0.11227337632931218,0.03991017623762366,0.3691687629184071,1
917.629392,grid_1353_y612_z562,474.333,609.764,561.752,108.00038613356902,0.737,-0.030061372687621164,-0.02587769058549912,0.3541548651331657,1,0.02712425711351456,-0.06887044072585294,0.3708796861029751,1,0.0903783672985763,-0.07505917839354348,0.3622057914259006,1,0.12949756633700688,-0.028297865681888384,0.377971954730559,1,0.11312132564519936,0.040272644217454266,0.37181703773800556,1
918.324465,grid_1354_y614_z562,474.365,612.028,561.274,110.25897284575079,0.684,-0.02836542201877342,-0.025740228526691156,0.3596263870587333,1,0.029159187694402046,-0.06945341613404057,0.3725402837667014,1,0.09318469467609049,-0.07617982755626689,0.36614202584559524,1,0.13031590971389698,-0.028063670503412342,0.37749884798230515,1,0.11130915360923262,0.03952630608558092,0.3647189143372637,1
918.966622,grid_1355_y616_z562,474.106,614.138,561.322,112.36306911970682,0.632,-0.026177325663218586,-0.02614539887936656,0.3603923378621337,1,0.03135050920486652,-0.06962022777802694,0.3715969024015382,1,0.0950018060564889,-0.07643737719048159,0.36616087207469283,1,0.1296662138483748,-0.02757123494846576,0.37286026304325637,1,0.10799495822131303,0.038278073202090784,0.35324654220371876,1
919.703603,grid_1356_y618_z562,474.221,616.117,561.139,114.34245582897019,0.727,-0.023649871863038234,-0.025868181106079368,0.3598328319668359,1,0.03327370746783166,-0.06984554616028824,0.37040273703708726,1,0.09699598889647265,-0.07660769943287102,0.3660015703501106,1,0.13019495937708386,-0.027213423326408415,0.3708491719588281,1,0.1092864282285065,0.03855431543569881,0.357627848996667,1
920.33496,grid_1357_y620_z562,474.327,618.228,560.911,116.45374745365645,0.623,-0.02164734239590924,-0.025622100842638183,0.3581753805219674,1,0.035214222650875225,-0.07040884375492026,0.3722272043842699,1,0.09807155601720716,-0.07617668011860555,0.3636717193703771,1,0.1309922805932592,-0.02688530421459175,0.3701096455748356,1,0.11028840272033287,0.03900808728307556,0.36112846287932304,1
920.969725,grid_1358_y622_z562,474.354,620.174,561.238,118.40203044711691,0.625,-0.019552421489633553,-0.02611282603010883,0.36128328434155216,1,0.037328396697227886,-0.07107183234597539,0.3726966080826956,1,0.10031481353094565,-0.07661175029128454,0.36445506397647853,1,0.13149704768372397,-0.026597350485709707,0.36809465422832194,1,0.11060340277864726,0.038966984788150597,0.36165046392977906,1
921.711915,grid_1359_y624_z562,474.179,622.237,561.184,120.46044061848686,0.733,-0.01735556505393181,-0.026096180438709694,0.3617835727766886,1,0.03909637258646036,-0.07129808669126517,0.37185147856216527,1,0.10245181363290139,-0.07683249953058048,0.3655517525349371,1,0.13193767838620857,-0.026145019395974654,0.36634948286256847,1,0.11098484069979357,0.03908694416992209,0.361486887915078,1
922.356294,grid_1360_y626_z562,474.218,624.26,561.256,122.48431113412038,0.633,-0.015155722484091572,-0.026163010894543558,0.3594493240641512,1,0.04138887162645548,-0.0722044254736991,0.37454113881344,1,0.10416056848779645,-0.07676629950373874,0.3649492852748767,1,0.13583402777769565,-0.026314602596433118,0.3744787924246164,1,0.11103738627384581,0.03910655051434313,0.36100843287065576,1
922.999332,grid_1361_y628_z562,474.264,626.048,561.57,124.2756732188565,0.634,-0.013060323148177944,-0.026658792785659385,0.3597633661589112,1,0.04355048545164807,-0.07242281913615904,0.37333515510760235,1,0.1056318956541387,-0.07654872668106116,0.36336987214930927,1,0.1369930294725448,-0.025952067136724072,0.3749363175128371,1,0.11125209235926532,0.03923557332758322,0.3622412127914784,1
923.634164,grid_1362_y630_z562,474.144,628.236,561.255,126.4580030563507,0.624,-0.011026750623461184,-0.026570704390421012,0.36107824999051485,1,0.04511836129957721,-0.07213177399299743,0.37071775520976824,1,0.10688170938584296,-0.07618374326410252,0.36180204949901157,1,0.13729181381409106,-0.025398268752376007,0.3729133738218927,1,0.11155310393532829,0.039406530501330826,0.363312404200374,1
924.378854,grid_1363_y632_z562,474.363,629.971,561.265,128.19696828318527,0.734,-0.008725138131720758,-0.026505016655185492,0.3606312019184244,1,0.04719649696752983,-0.07282557451051488,0.3709652887991375,1,0.10852941459655666,-0.07625578345801418,0.3609028602004083,1,0.13541685089373376,-0.024560282613948953,0.36455517749976823,1,0.11248477417673022,0.03957346145932463,0.3652672817544761,1
925.028655,grid_1364_y634_z562,474.239,632.092,560.992,130.31330188818026,0.638,-0.006686526908524178,-0.026232291591347684,0.3593430085188388,1,0.04947844678097717,-0.07361223621338134,0.37405209484502794,1,0.11146493497781465,-0.07693126408785059,0.3646201799216902,1,0.13672893936218145,-0.024458798208065097,0.3654446869144045,1,0.11274733258904204,0.03959107179245206,0.3656649459787393,1
925.66998,grid_1365_y636_z562,474.459,634.073,561.134,132.2990472603639,0.63,-0.004409612179868785,-0.026391722329454963,0.361373399187605,1,0.05158757848174833,-0.07353808230272958,0.37375270817581524,1,0.11311413790395766,-0.07703034444709575,0.3638658436883776,1,0.13798842954396912,-0.02407940739452011,0.36612641678808944,1,0.11293853355554488,0.039729753716354586,0.36524326993141154,1
926.412878,grid_1366_y638_z562,474.451,636.057,561.358,134.28404981232885,0.732,-0.002370548471845378,-0.02634885279218695,0.35528775083027336,1,0.05343336025760705,-0.07412579172431136,0.3730920869747309,1,0.1150338254904574,-0.07699896171680175,0.36366929285970195,1,0.14124031238762394,-0.024137758579780882,0.3716971528205463,1,0.11309392225528389,0.03982233909409298,0.3653835612063547,1
927.046922,grid_1367_y640_z562,474.466,638.088,561.221,136.3138713594475,0.624,-0.00012667825335628533,-0.027095467549911777,0.36256375248339634,1,0.055741346877221654,-0.0745907231350547,0.3737240566482664,1,0.11740903375180574,-0.07725311899528864,0.3648495456354565,1,0.1413901319989153,-0.023504235529496525,0.3695254181602355,1,0.1111621500306906,0.03934757559878525,0.3595934962872301,1
927.702756,grid_1368_y642_z562,474.427,640.138,561.358,138.36367123273368,0.644,0.0022470627287015125,-0.02704526337518525,0.36130353483020705,1,0.057440027601559085,-0.07416410964552136,0.37028747950140223,1,0.12025136797359896,-0.07750647685901792,0.36739413549848676,1,0.1402931066678454,-0.022704033401383814,0.3644363858947462,1,0.11111238677068433,0.039352957242974176,0.35913831364195603,1
928.342516,grid_1369_y644_z562,474.417,642.098,561.343,140.32295376024547,0.629,0.004337945090875253,-0.02668651812715503,0.3590611281876415,1,0.05961615094340369,-0.07495565957100768,0.3722477880328138,1,0.12182137036984494,-0.07742659363332502,0.3667066178615542,1,0.14164962525687783,-0.02242290174556468,0.3655606023860044,1,0.1108972322260969,0.0392429838446157,0.3578682589342922,1
929.098361,grid_1370_y646_z562,474.321,644.205,561.177,142.42663563041856,0.746,0.006654737724154253,-0.026656458593493536,0.35807619296297394,1,0.06100334382819693,-0.07374859881105067,0.36595385196210845,1,0.12426177732425595,-0.07748127951661259,0.368141902690724,1,0.14391349537852882,-0.022073942749315758,0.36830178071735226,1,0.10967032486013643,0.03865841281178954,0.352823894882708,1
929.733716,grid_1371_y648_z562,474.178,646.139,561.306,144.35869354839704,0.625,0.008680752186035746,-0.02687040838215484,0.35975562182361037,1,0.06338296538518438,-0.07467583365432491,0.36945895346139196,1,0.125891115951352,-0.07709711643866486,0.36749474713692426,1,0.14678711642490522,-0.021980332149338554,0.3735122026063789,1,0.11206654979262978,0.039397619312841414,0.36103167226745475,1
930.38092,grid_1372_y650_z562,474.311,648.192,561.472,146.41486217252677,0.637,0.010949873119395305,-0.027322636030921037,0.36145515296836106,1,0.06617582964006422,-0.07588261774460571,0.3731969981372732,1,0.1283181850351111,-0.07717713346079383,0.3680187716744996,1,0.14683346134748346,-0.021406791734304303,0.37140907173922477,1,0.1138064681621935,0.04008346585099528,0.3664564650909088,1
931.126322,grid_1373_y652_z562,474.381,650.067,561.805,148.29378190942467,0.734,0.013070636912067063,-0.027580669053973494,0.35933187811169864,1,0.06809196225929089,-0.07606296926384144,0.3718000305341366,1,0.1295769380199523,-0.07641175426615213,0.3656572536127375,1,0.14742581704787966,-0.020906409197656756,0.37020702914384807,1,0.11407134005929671,0.0402326879508089,0.3671349585954201,1
931.766311,grid_1374_y654_z562,474.469,652.07,561.513,150.2952522869569,0.629,0.01526589424810211,-0.027739984049054162,0.3610772748693538,1,0.07029493372959592,-0.07614473023363377,0.3716021128606566,1,0.13162897811941582,-0.0763212742402628,0.3657625096794361,1,0.1495290835737188,-0.02051466383743063,0.37286948982185564,1,0.1137237852368482,0.040067764146178145,0.36557198413956116,1
932.404646,grid_1375_y656_z562,474.669,654.164,561.065,152.38956502333093,0.628,0.017695240702860847,-0.02744026938633918,0.3635766421885961,1,0.07265266589756861,-0.07650755083541995,0.37312952273980887,1,0.13382103116640842,-0.07621796018563538,0.36697782441084664,1,0.14996668516427766,-0.020193104184979823,0.37155451178086984,1,0.1137237852368482,0.040067764146178145,0.3655719841395612,1
933.053279,grid_1376_y658_z562,474.578,656.118,561.177,154.3421170031046,0.639,0.01956783108841915,-0.026996256743203457,0.3589565135665979,1,0.07477509002444523,-0.07656016280636449,0.3731054283394827,1,0.13506835135601067,-0.0757003619346929,0.365420381261223,1,0.1498902979595747,-0.019484161672980713,0.3692317621330536,1,0.11337623041439968,0.039902840341547396,0.36400900968370226,1
933.794331,grid_1377_y660_z562,474.89,657.969,560.994,156.19776217026933,0.731,0.02223192905572267,-0.027074128552424054,0.36003943198546795,1,0.07630745125772741,-0.07607606126702685,0.36978100567378763,1,0.13664945256977407,-0.0750913559832027,0.36390411996031136,1,0.15048311436829365,-0.018715449371881424,0.36825364673926975,1,0.11207038090006416,0.03938337546191399,0.35910127098644357,1
934.431348,grid_1378_y660_z564,474.607,658.554,561.833,156.78331510718863,0.627,0.02310446498761526,-0.02762539971935969,0.36099612163098665,1,0.07778417099088433,-0.07691813150493154,0.3716298757483733,1,0.13803624850099733,-0.07514166039638256,0.3647952106741621,1,0.15090987561473246,-0.018598148914322384,0.36821362248695627,1,0.11305282742318024,0.03966424911575558,0.3617158502750033,1
935.068308,grid_1379_y658_z564,474.44,658.679,561.745,156.90451437100208,0.627,0.02294357291491767,-0.027733635781570308,0.35605220634690404,1,0.07842872195842919,-0.07756229536256362,0.3738435996245216,1,0.13852726314636024,-0.07514333161754523,0.3652500489400838,1,0.15090987561473246,-0.018598148914322384,0.36821362248695627,1,0.11363456471282465,0.03984680017075555,0.3634231898140586,1
935.826793,grid_1380_y656_z564,474.306,657.156,561.912,155.38122077651465,0.748,0.02226828224031709,-0.02792973139557036,0.3611077285652704,1,0.07675462808347225,-0.07675744676119078,0.3702706098159011,1,0.13790832642816042,-0.0755632980619799,0.36628849174697137,1,0.15204849316806932,-0.019045494437054368,0.3720744518857152,1,0.11188935284389138,0.03929914700575563,0.35830117119689275,1
936.466261,grid_1381_y654_z564,473.749,655.628,561.89,153.84511012378658,0.629,0.020585092832308388,-0.02789362960171237,0.3607658159701149,1,0.07585605044165,-0.07735643394999345,0.3738524317012797,1,0.1364104372631518,-0.0758593948060695,0.3665803148777168,1,0.15121798609991374,-0.019326683194891333,0.37175701140501644,1,0.1126683853629072,0.039639584366059875,0.3615283553450845,1
937.108006,grid_1382_y652_z564,473.258,653.754,562.214,151.96954441597833,0.631,0.018396751792659562,-0.02773885672980129,0.35859041872075464,1,0.0738453531836827,-0.07701440652078857,0.37367263579265264,1,0.13364552493541162,-0.07543046112129684,0.36349823401318293,1,0.15069995843600525,-0.01994692502870785,0.3723685793453532,1,0.1136542742723585,0.040034779385251996,0.3652593892483894,1
937.754837,grid_1383_y650_z564,473.009,652.08,562.351,150.29532741905192,0.636,0.016787319528645112,-0.028195133449440087,0.36203917948701525,1,0.07115501008770157,-0.07585932509581814,0.369065376794678,1,0.13317158696821757,-0.07623018904892409,0.36677001321672975,1,0.15066052646978437,-0.0203138843750736,0.3742067709989162,1,0.1137932962013379,0.0401007489071043,0.36588457903073296,1
938.504351,grid_1384_y648_z564,472.842,650.284,562.279,148.49727760804237,0.739,0.014582146212296854,-0.028121179043817342,0.36232917204516696,1,0.0694834079634512,-0.07617231708689232,0.3715276463211308,1,0.12996829488351533,-0.07575984417661773,0.3634701252803106,1,0.1479620329507037,-0.020487425549808695,0.3701905197356482,1,0.11400182909480702,0.04019970318988275,0.3668223637042483,1
939.159955,grid_1385_y646_z564,472.739,648.439,562.136,146.6499023456886,0.644,0.012653252347224975,-0.028027494996459644,0.36313074208842233,1,0.06865320235568614,-0.07718708769350666,0.37757464256598966,1,0.12909181601093925,-0.0765328755466221,0.36619401536055607,1,0.14561987253653105,-0.020668195057065488,0.3661147919120403,1,0.11407134005929671,0.0402326879508089,0.3671349585954201,1
939.798533,grid_1386_y644_z564,472.532,646.581,561.775,144.7866876270053,0.629,0.010688429311925124,-0.027798981375273025,0.36493035659213346,1,0.06655413322610806,-0.07648007789316538,0.37696664456393364,1,0.1278947643979878,-0.07708041388904721,0.3680553717450079,1,0.14817331753843327,-0.0215687328240605,0.3746670406381815,1,0.11345330563272256,0.03988450305124379,0.3655518070848937,1
940.551883,grid_1387_y642_z564,472.349,644.716,561.612,142.91934812683692,0.744,0.00869861632782941,-0.027220619741667222,0.36349435175692646,1,0.06343617251016923,-0.07502495004610325,0.3722249401381986,1,0.12506646110269504,-0.07663908035865342,0.36592783407794854,1,0.14556006963203752,-0.02183746051829375,0.3708501259120487,1,0.11303597668910514,0.03967139772755583,0.36434881882149106,1
941.186674,grid_1388_y640_z564,472.4,642.705,561.638,140.90891904702136,0.625,0.006567573902945404,-0.027518779678037043,0.3661704459899078,1,0.06204039060364965,-0.07546086495554179,0.3756184237854206,1,0.12318877422744816,-0.0767481426371062,0.3659508067573751,1,0.14426489040903615,-0.02231102013941445,0.3699467255906801,1,0.11093037536188573,0.03912231315695235,0.3576483594216591,1
941.825223,grid_1389_y638_z564,472.447,640.698,561.689,138.90276112446435,0.628,0.004417077336783604,-0.02724032332180192,0.3634413529170942,1,0.059509718588785156,-0.0746757864864048,0.37299283266968536,1,0.12170191713082837,-0.077232514245481,0.36705509719269247,1,0.1427377782395503,-0.02248944519569467,0.36863205667621585,1,0.111211890099615,0.039364492558161636,0.35925306865847284,1
942.463969,grid_1390_y636_z564,472.268,638.71,562.049,136.9182916961792,0.629,0.0021963726083813846,-0.027357625226731012,0.363585065024196,1,0.05767451299976676,-0.07464824831445623,0.3739852893705227,1,0.11935091568918743,-0.0769399713671234,0.3652616728737331,1,0.14099709376967473,-0.022762270348502013,0.36625420745112675,1,0.11066773584384873,0.0392336134066276,0.3579804429284495,1
943.218423,grid_1391_y634_z564,472.113,636.882,562.152,135.09136245149057,0.744,-0.00011215910569076989,-0.027904257135313342,0.36647330730222405,1,0.05555748381416081,-0.07464215553272295,0.374099172392102,1,0.11721686026750902,-0.07698127780130956,0.36491587599138325,1,0.14100772675863202,-0.023679511724610643,0.3693842020044501,1,0.11083254057279601,0.039271600804013485,0.35851812738137634,1
943.859762,grid_1392_y632_z564,472.14,634.776,562.549,132.99181817314926,0.631,-0.0019349550711412187,-0.027885369255439312,0.3626070874509547,1,0.053906863378484646,-0.07468870307081527,0.3745407641723097,1,0.11503770170829972,-0.0766615696248086,0.36340261398445617,1,0.1419379657323248,-0.024189371532548097,0.37428500416411303,1,0.11207432826523252,0.03959163043326077,0.3622923634173099,1
944.51481,grid_1393_y630_z564,472.113,632.721,562.427,130.9350013900027,0.644,-0.004602933240351271,-0.02806074324604348,0.36486339136576307,1,0.05174524485062694,-0.07413698671501363,0.374425713034001,1,0.11402240749241195,-0.07753087536819143,0.3668679715125519,1,0.1378554382062394,-0.02403608685204988,0.36627170177020196,1,0.11235277554574459,0.03950823157293533,0.3637668396050064,1
945.266652,grid_1394_y628_z564,472.091,630.608,562.527,128.82394324037745,0.741,-0.006714735787197992,-0.02801482515567011,0.3644052861161726,1,0.04961999377612728,-0.07360070521393751,0.37361240506270443,1,0.11135910500359321,-0.07698889329339466,0.3642129070111263,1,0.13674857530012255,-0.024367385618614287,0.36573980026706565,1,0.1126738871606614,0.03955792152495761,0.3653439363977985,1
945.909395,grid_1395_y626_z564,472.192,628.658,562.154,126.86849568746376,0.631,-0.008913572980298485,-0.027473582517602135,0.3628419496442995,1,0.0473400517375485,-0.07349513285234582,0.3737568201052059,1,0.11057421416786957,-0.07764255032796501,0.36837903629600144,1,0.136922319136275,-0.024904827235537882,0.3692273832951137,1,0.11248477417673022,0.03957346145932463,0.3652672817544761,1
946.550913,grid_1396_y624_z564,472.185,626.719,562.104,124.92895846039868,0.631,-0.01094934663796697,-0.02709859575000858,0.35867452760989244,1,0.04577252370407135,-0.07371033393822468,0.37724788515024005,1,0.10728892519044593,-0.07646785902207472,0.36309936555192207,1,0.13712931306980689,-0.025617053934671265,0.37230233772887156,1,0.11140440187657266,0.0392364716777132,0.36214235277476103,1
947.193452,grid_1397_y622_z564,472.211,624.763,562.115,122.97343414331412,0.631,-0.013160694992619107,-0.02709049871067414,0.3611901111983381,1,0.04358435601472414,-0.07301953207716264,0.3757469360381566,1,0.10500936222078502,-0.07621006699622225,0.3617212459426327,1,0.13772952592663068,-0.026290742133675594,0.37727285701189234,1,0.11103738627384581,0.03910655051434313,0.36100843287065576,1
947.962098,grid_1398_y620_z564,472.288,622.665,562.096,120.8757030134675,0.756,-0.01565776109588111,-0.02720945626292039,0.3639671263269927,1,0.041663633939723416,-0.07299387353426637,0.37760108645209345,1,0.1040802161612224,-0.07686545440875811,0.3654279034627467,1,0.13682136734173317,-0.026545615025182545,0.3779342146151694,1,0.11103738627384581,0.03910655051434313,0.36100843287065576,1
948.615356,grid_1399_y618_z564,472.21,620.852,562.133,119.06318291142733,0.642,-0.017654940641942358,-0.027240463955359402,0.36450393162734035,1,0.03940169638833345,-0.07171169878174416,0.373118056746486,1,0.1023966923872549,-0.07676428621770061,0.365641952629211,1,0.13276059371376633,-0.02621153573270642,0.36914250798790194,1,0.11040432131571573,0.039108439648220486,0.3600965539226613,1
949.256465,grid_1400_y616_z564,472.533,618.678,562.121,116.89093533717661,0.63,-0.01966458231986862,-0.026904902637013357,0.3595379852773247,1,0.037439692197846014,-0.07157473639646579,0.37389420186353417,1,0.10126370322873642,-0.07726371643519347,0.36891373068149935,1,0.1312303384774664,-0.026519873840465426,0.36775984814729273,1,0.11097265359845225,0.03929292816684295,0.363011063787037,1
950.012402,grid_1401_y614_z564,472.521,616.424,562.504,114.64396949251191,0.746,-0.022230561329478975,-0.027387610463357432,0.36412541605379606,1,0.03550050685370572,-0.07191204152585533,0.3771657783590344,1,0.0997473615361467,-0.07746831226043403,0.3703179660041789,1,0.1296721901650483,-0.02651408916112727,0.3666602130633877,1,0.10993254716984353,0.0387818418814494,0.3603505830034011,1
950.656374,grid_1402_y612_z564,472.511,614.553,562.241,112.76842805058517,0.634,-0.024277952761526295,-0.027128461499099303,0.36209939679273895,1,0.03326755236002489,-0.07093743729065939,0.3746122678522615,1,0.09716974545639354,-0.07672157191192834,0.36748280015479795,1,0.13062518806251125,-0.027269234235562816,0.3725401894102818,1,0.10825462050128735,0.03824722924139788,0.3543191717673389,1
951.306703,grid_1403_y610_z564,472.321,612.551,562.423,110.76903948757528,0.64,-0.0266951400409663,-0.02736106463559564,0.36253339983714533,1,0.031296955056003405,-0.0706734915405964,0.37542119919269534,1,0.09506539245133559,-0.076441737327429,0.3667809858996614,1,0.1284236962755442,-0.027215447524334302,0.3697106500618314,1,0.10892461316441404,0.03853358354859954,0.3560144538428804,1
951.949633,grid_1404_y608_z564,472.315,610.415,562.77,108.64083222251199,0.632,-0.028908395860047266,-0.027722200685230562,0.36410483081292155,1,0.029326432692273335,-0.07048362720985343,0.37560436731845825,1,0.092551410827578,-0.07568241949643699,0.36426642722453184,1,0.12855557728503442,-0.027652506916874188,0.37239770792265736,1,0.111042907537849,0.03937359266305472,0.36401295318884574,1
952.697186,grid_1405_y606_z564,472.539,608.259,562.863,106.48902877292106,0.737,-0.030833689009251958,-0.027058355008254015,0.3571498580786151,1,0.02691640119451889,-0.06943805178779466,0.37117385606189257,1,0.09034318104785881,-0.07524456400503374,0.3635050507383603,1,0.12721994922124086,-0.027985354795229334,0.3727197795756504,1,0.11312132564519936,0.040272644217454266,0.37181703773800556,1
953.337125,grid_1406_y604_z564,472.554,606.329,562.714,104.55619768813322,0.629,-0.03324509835482655,-0.027443816044706644,0.3618519354441686,1,0.025298571480907927,-0.06951274354606156,0.37485675501343385,1,0.08934673887445067,-0.07567024990517512,0.3664449790408113,1,0.1252672243228165,-0.0280734259649975,0.3698819003345483,1,0.11069395661671484,0.039326035258254025,0.3643995720846577,1
954.029775,grid_1407_y602_z564,472.61,604.305,562.748,102.53406822612665,0.682,-0.03515639723656914,-0.027076067471069432,0.3585388442017451,1,0.02310652454884821,-0.06831706873246582,0.3703711350425497,1,0.08768495307609298,-0.07562082034178577,0.36700069119170664,1,0.12495590587138854,-0.02841291387591266,0.3715998064265745,1,0.10988527927529482,0.03909091706033654,0.3620119275407037,1
954.774508,grid_1408_y600_z564,472.756,602.35,562.753,100.58115748488883,0.735,-0.03799282005856799,-0.02738335688379559,0.3643878444964179,1,0.021162019041248214,-0.06827605557409044,0.37314113666012055,1,0.08424479080688181,-0.07394011148851518,0.36183809302196335,1,0.12352816819160703,-0.02833115272649734,0.37083227296456717,1,0.109167813795875,0.03887650767284003,0.36001523783824124,1
955.409983,grid_1409_y598_z564,472.612,600.525,562.534,98.75024112881952,0.627,-0.03966855128776486,-0.02706820599008315,0.36239355393349343,1,0.019277980709517657,-0.06723527264214273,0.3699968587116134,1,0.08256984550087211,-0.07356771940588092,0.3612832011633299,1,0.12333576873940215,-0.028652748785597353,0.37311104789546556,1,0.10846134403183731,0.03878920066503146,0.3580227592498444,1
956.102354,grid_1410_y596_z564,472.806,598.4,562.342,96.62348535423466,0.681,-0.04193778077747307,-0.026775076824927285,0.36360012404946823,1,0.017316143187150572,-0.06670158682801797,0.37111747276827417,1,0.0817199208305109,-0.07391480629322338,0.36485747167556826,1,0.12172367516894937,-0.028921004338985878,0.37223542254832054,1,0.11055834597569066,0.039393618565943776,0.36555471338522094,1
956.843827,grid_1411_y594_z564,472.762,596.381,562.298,94.6036533913992,0.73,-0.04484186961588095,-0.026899324468615832,0.3675268479756422,1,0.015438206302522631,-0.06670290400579078,0.3754426727632035,1,0.07910015297030118,-0.07300941580856571,0.3625035147678231,1,0.1198271541033232,-0.02881890214385292,0.37029789890197745,1,0.1095920895041268,0.03918170961242774,0.3623292000302222,1
957.477211,grid_1412_y592_z564,472.641,594.589,562.015,92.80524203405763,0.622,-0.04615616418063291,-0.026285606165031894,0.3645809198330888,1,0.013667644903274581,-0.0652053735494222,0.37052927642584255,1,0.07810867405064488,-0.0732110112487315,0.3655245933272705,1,0.11956216440360831,-0.029050942843424944,0.37256466574808655,1,0.10901650981054889,0.03903208912059296,0.36040522829253446,1
958.113703,grid_1413_y590_z564,472.65,592.603,562.011,90.81969514372967,0.625,-0.048140289739705217,-0.02584167162483314,0.36193433401423325,1,0.01149934122800222,-0.06455185271662178,0.36904945288320645,1,0.07647995844601593,-0.07300780333248752,0.36647963559055563,1,0.11776870010058382,-0.029064558245489848,0.37074352395100263,1,0.10939545041445617,0.03921429919302962,0.3623538180390863,1
958.869968,grid_1414_y588_z564,472.635,590.481,562.374,88.70585722487553,0.745,-0.05015858195131508,-0.02600924284665701,0.3620330820734984,1,0.009803685147824537,-0.06400009988525956,0.3693881715232058,1,0.07373164615724083,-0.0716855126954122,0.3623849116803142,1,0.11592602425053755,-0.028926322512288154,0.36895287086891143,1,0.10987277208103971,0.03930793488911815,0.36506442725825533,1
959.50825,grid_1415_y586_z564,472.682,588.469,562.436,86.69652562242626,0.627,-0.05309413568402209,-0.026390015485222063,0.36582965526399114,1,0.007579136581825396,-0.06374656451996179,0.3701270069143912,1,0.0719640832437785,-0.07127544664621052,0.36230659402444576,1,0.11555755895707917,-0.029125549121133226,0.3715934623611287,1,0.10724824258837833,0.0383913712947402,0.3571112190800164,1
960.147265,grid_1416_y584_z564,472.58,586.444,562.829,84.68214804195745,0.627,-0.05487043365844742,-0.02643246160151949,0.3630160212598313,1,0.005800986639436541,-0.06400466124285312,0.37382851903614334,1,0.07029820258832938,-0.07090713265627688,0.36271458323191114,1,0.11637037482882981,-0.029676362776251825,0.37769111405502725,1,0.10725209626243219,0.0382329419405579,0.3570240011747849,1
960.791315,grid_1417_y582_z564,472.532,584.396,563.169,82.64591085468172,0.634,-0.05741702130491928,-0.026932756275360813,0.36485294723416306,1,0.0038435538887895667,-0.0628707995940514,0.369533030017336,1,0.06894926169356488,-0.07075622901766684,0.36490705258575573,1,0.11445638921611997,-0.02947464588130557,0.37551830542997977,1,0.10778302653539877,0.03836866131542559,0.35860329211909825,1
961.53615,grid_1418_y580_z564,472.797,582.188,563.175,80.4425496612334,0.733,-0.05977715326706847,-0.02702473517074817,0.36386763406502737,1,0.0017594480577965588,-0.06270321202693792,0.3713752064810779,1,0.06696508371040195,-0.07026012344964176,0.36501501137310627,1,0.11036037426029584,-0.028741685972722884,0.3660226101730431,1,0.10781359150767407,0.03847827600506466,0.35945375647174965,1
962.180279,grid_1419_y578_z564,472.542,580.476,562.952,78.72103648961951,0.634,-0.061173784887116986,-0.026389787504503985,0.36256658049774787,1,8.214784106966812e-05,-0.06175250626655946,0.36983480979893185,1,0.06518427276560326,-0.06953729162288941,0.3637800182336702,1,0.10864493203747298,-0.028490803036517715,0.36364543834990376,1,0.10916503567568905,0.039111431211717854,0.36433170019141314,1
962.832612,grid_1420_y576_z564,472.69,578.394,562.936,76.64144485850984,0.64,-0.06314790748927514,-0.026115190547998313,0.36072233778712737,1,-0.002060266045999266,-0.060989500509606775,0.3693345083214982,1,0.06331503917136687,-0.06886150224967842,0.36367993970199863,1,0.1096001735138171,-0.02915590265570662,0.370688964112685,1,0.10944563563374754,0.03914670819419374,0.36574982666242334,1
963.574026,grid_1421_y574_z564,472.766,576.253,562.962,74.50382988142294,0.731,-0.06543064864510131,-0.02611635758137849,0.36194165389189914,1,-0.0037945805313140493,-0.06032772701155207,0.36995650598826435,1,0.061612286449928354,-0.06843024848886546,0.3642772386613822,1,0.10855949275971773,-0.029192284159591176,0.3713024624345032,1,0.10940016734911148,0.039110619445812234,0.365662792454959,1
964.21011,grid_1422_y572_z564,472.623,574.533,562.636,72.77204101851208,0.625,-0.06822258159192165,-0.02603204394526078,0.3655027639438376,1,-0.0057007032721143325,-0.05928427093644639,0.36907161261398425,1,0.06008101844722158,-0.06807746619660285,0.3669258338354763,1,0.10575706597434158,-0.028779643544297805,0.3664758517957744,1,0.10751012713561278,0.03864218340305976,0.359462602671124,1
964.859038,grid_1423_y570_z564,472.669,572.557,562.715,70.80048048565776,0.639,-0.07009260906033563,-0.02581492546943351,0.36372746173069403,1,-0.007626192663879686,-0.058506496015803745,0.3673651479779736,1,0.05766261733851937,-0.06679128795859055,0.3631243210981706,1,0.10409382275697801,-0.028407777343250652,0.36464449689520295,1,0.10677617101503652,0.038491113791771885,0.3574075908378135,1
965.490422,grid_1424_y568_z564,472.766,570.478,562.663,68.72243229834052,0.622,-0.07264735170995208,-0.0257626404794501,0.3653752774926651,1,-0.009595743496328895,-0.05807099050424892,0.36995599826224723,1,0.05586760117518406,-0.06603554426444033,0.3634929466241181,1,0.10341183813313752,-0.02837597603590717,0.36646133355782845,1,0.1060027310575727,0.03817500367195108,0.35562144341414076,1
966.227784,grid_1425_y566_z564,472.991,568.344,562.65,66.59326309019562,0.727,-0.07552191087319989,-0.02574381079548698,0.36724721799834503,1,-0.011594735400940208,-0.057276771351859004,0.37008880798186716,1,0.053783218531454825,-0.06502400750611004,0.3618662355299408,1,0.10298615912174314,-0.028433028182189662,0.37034285421248814,1,0.10657709743810581,0.03854142876717516,0.35882489634327,1
966.867359,grid_1426_y564_z564,472.916,566.479,562.664,64.72894106193928,0.63,-0.07685439355874565,-0.02538501022340676,0.36488703010365786,1,-0.01337539186751822,-0.056276648162442156,0.3673870389394131,1,0.052197222435082215,-0.0643413727620376,0.36106064532754945,1,0.10115294694822444,-0.028116982321452898,0.36770055350975206,1,0.10681010991614495,0.038667799528153315,0.3598181615120721,1
967.499882,grid_1427_y562_z564,472.764,564.556,562.809,62.81066970666694,0.621,-0.07947627873219035,-0.025621298358941825,0.3667678655838803,1,-0.015308472239657079,-0.056041126086462154,0.3706274335553405,1,0.05075661959183112,-0.06390729501956798,0.3635445911968266,1,0.09957346284995476,-0.02784472770333409,0.3658827380727571,1,0.10750090293761494,0.0387763778943913,0.36183244755316585,1
968.243795,grid_1428_y560_z564,472.913,562.328,563.007,60.5960305300603,0.732,-0.0815746033683927,-0.025501378229321452,0.3668696696392681,1,-0.0171479984629543,-0.05524538904120822,0.3701150577984914,1,0.04916798812219235,-0.06350183245117384,0.3660837243846225,1,0.09882580659593092,-0.027754888457390374,0.3677143323486535,1,0.10771339877254438,0.038851490431159416,0.36391114399860597,1
969.398141,grid_1429_y558_z564,472.82,560.36,563.036,58.630065205489956,1.143,-0.0880451394496901,-0.026662993268827616,0.38280288620201897,1,-0.01995106990556847,-0.05509012321489913,0.3726654790496956,1,0.0467758510232948,-0.06240440763535815,0.3665122138005041,1,0.09798992517021776,-0.027847233907619666,0.3718442637416866,1,0.10713756233402565,0.03881514522815206,0.3628579268534004,1
970.033579,grid_1430_y556_z564,472.756,558.361,563.339,56.64806801648228,0.625,-0.08797005471436882,-0.026307481392493122,0.37535308454882016,1,-0.020958772223006482,-0.053815748825381295,0.36877572276100673,1,0.045353792258079145,-0.06171802721165417,0.3647636221635343,1,0.09754713800391737,-0.027710789706347792,0.3731865507643962,1,0.10708513271934131,0.038827653588278374,0.362780692750464,1
970.66887,grid_1431_y554_z564,472.468,556.522,563.356,54.80865499170736,0.625,-0.08817203474216681,-0.025580650905789204,0.36727859148482594,1,-0.022991340152989002,-0.05337781875249582,0.3714629409072602,1,0.04342366647234041,-0.0604626081302061,0.3622781134578447,1,0.0964744603686229,-0.027624025921681932,0.3734145037649874,1,0.10853223642025331,0.039364955104243794,0.36824195134927923,1
971.422752,grid_1432_y552_z564,472.715,554.41,563.393,52.70630391139185,0.742,-0.09044747878270673,-0.025668312207409255,0.3671270308160496,1,-0.02483415522678504,-0.052149831803893466,0.36864698120957823,1,0.041913455865815644,-0.059914567381311734,0.3657025718596302,1,0.09392924969710902,-0.02700304188112862,0.3692328004296485,1,0.10883894792421996,0.0394604754709965,0.36955337392022847,1
972.059097,grid_1433_y550_z564,472.625,552.58,563.216,50.86780888735043,0.625,-0.09259567133812309,-0.025546312637665314,0.36797141968556846,1,-0.026526543675723397,-0.05129272506772582,0.36803269967492314,1,0.04029831385618725,-0.05924232713216808,0.3666062452601109,1,0.09155426623617924,-0.026384779279043674,0.3644476638802773,1,0.10695809314567453,0.03865196520188734,0.3633786729489706,1
972.691742,grid_1434_y548_z564,472.518,550.687,563.345,48.98450308005587,0.621,-0.0949640387285825,-0.02540343754598693,0.3688973389952367,1,-0.02841384702466384,-0.050545167274936964,0.36920744081856266,1,0.03828398214751118,-0.05801480856899529,0.3649772235397793,1,0.09243440006167263,-0.02655271718225017,0.3724348080958702,1,0.106442845125534,0.038674840800634616,0.36197980314195843,1
973.321892,grid_1435_y546_z564,472.529,548.781,563.523,47.0946992027765,0.619,-0.09729246793876879,-0.02561626683136057,0.37021381323275265,1,-0.030239065225205593,-0.04971205853519445,0.36967319553147926,1,0.03612442847070137,-0.05637016154466791,0.36138556844180236,1,0.09175285869991412,-0.02637155295650167,0.3752192619956246,1,0.10643433326607699,0.038752583299844566,0.3628649098532134,1
974.064628,grid_1436_y544_z564,472.787,546.668,563.373,44.98176132611976,0.732,-0.09959977518581703,-0.025022749466405415,0.3693334675730337,1,-0.03273570661530132,-0.048963073964453166,0.3722153522140352,1,0.03359124372262292,-0.0542727208347266,0.35559953846910164,1,0.08854255603638753,-0.025697213924200164,0.3688080325667176,1,0.10596474784772855,0.03874556349051035,0.3621037863571693,1
974.714812,grid_1437_y542_z564,472.595,544.875,563.284,43.1832840112931,0.639,-0.10110614052783166,-0.024756200398868715,0.3677110083232745,1,-0.03417912335602148,-0.048056476619574184,0.3701245915228041,1,0.03235645163815183,-0.05362658798585418,0.358736169146133,1,0.08754685263344664,-0.02538134108076769,0.37014064257027046,1,0.10592297275161541,0.03874617854939416,0.36200970212445455,1
975.344865,grid_1438_y540_z564,472.755,542.706,563.152,41.014302639445226,0.621,-0.10508006191888056,-0.025102510680484292,0.3744193348921573,1,-0.03591707175130031,-0.046608078757897256,0.36731639720975057,1,0.030914686876775233,-0.0531804677424169,0.36359311044280596,1,0.08604901793870703,-0.024934631397064776,0.36904227120684735,1,0.1063702658596116,0.0389145352609737,0.36373782694260515,1
976.094078,grid_1439_y538_z564,472.804,540.731,562.951,39.03199510657893,0.74,-0.10820112233142584,-0.02460037083515928,0.37694773549701593,1,-0.03839112924779063,-0.04565073509538107,0.3714225471320779,1,0.028902604473574855,-0.051802671777800804,0.36287689510885696,1,0.0848423004500625,-0.024329718950858597,0.36988529603692283,1,0.10584527577161792,0.03895902223287494,0.36319288446112313,1
976.734506,grid_1440_y536_z564,472.835,538.747,562.817,37.04508740710431,0.629,-0.10963813669314564,-0.024252653158635694,0.3747580366168647,1,-0.03998992517596046,-0.044420041079936835,0.36880207624235306,1,0.027270996001559057,-0.05092087426234728,0.3648003395484272,1,0.08444214471206571,-0.024229067837306113,0.37388829658228717,1,0.10460931944462697,0.03865278893135778,0.3595535204185055,1
977.380149,grid_1441_y534_z564,472.713,536.76,562.788,35.058298946183925,0.635,-0.11124387842593127,-0.023683357821741698,0.37183892882278713,1,-0.0424256994227932,-0.043740635217710835,0.3715455233985812,1,0.02486298346226381,-0.04905096381903642,0.36214802422179504,1,0.08282496213712412,-0.023564942039332227,0.37356211102057624,1,0.10563321971916588,0.039288438353147936,0.36419648063000765,1
978.118537,grid_1442_y532_z564,472.716,534.564,562.989,32.88514955112717,0.728,-0.11307522457297256,-0.023485354674646377,0.37110669599594814,1,-0.04379989215367195,-0.04196550458504476,0.3663922229053047,1,0.023250946471753516,-0.04783814335022661,0.3621296753540855,1,0.08118951917949727,-0.023013422366504888,0.3728714164091982,1,0.10465975413015252,0.038958255852509116,0.3614227345150174,1
978.762213,grid_1443_y530_z564,472.825,532.52,562.908,30.84597537767286,0.631,-0.11672532112707854,-0.023696877264691295,0.37585974648501763,1,-0.04594907263746585,-0.0410707412207048,0.3676104988633172,1,0.021403398143023195,-0.04632173807995911,0.36175665418014796,1,0.08022019653076769,-0.02246930461659962,0.37554380250438857,1,0.1055383307906403,0.0393222561310012,0.3646866911965927,1
979.410177,grid_1444_y528_z564,472.718,530.447,563.319,28.819013758281205,0.637,-0.11907374686217005,-0.023932734662496378,0.3755724577587273,1,-0.047997832730885925,-0.04011305010700578,0.3676655430718766,1,0.019663392931204834,-0.04529099029691478,0.36488536782199305,1,0.07671339531956549,-0.02131693699983929,0.3670666923658823,1,0.10576776163734455,0.03920667918902189,0.36614960295067067,1
980.0515,grid_1445_y526_z564,472.616,528.568,563.42,26.96046160584051,0.63,-0.12126614758791188,-0.023833231073178758,0.3756122403184821,1,-0.05006136537497843,-0.03912393640387174,0.3685870837724331,1,0.017664385773306212,-0.04355770529921088,0.36331358480549153,1,0.0748525459161821,-0.020583932292444186,0.3649772587898958,1,0.10513951110588526,0.03919111066391587,0.3646960363695432,1
980.793347,grid_1446_y524_z564,473.002,526.278,563.348,24.695875404609613,0.731,-0.12277354543465913,-0.023466879003522133,0.3721196819262018,1,-0.0524462782714367,-0.03789298821733457,0.3691812507948521,1,0.015320127074867185,-0.04136240419318352,0.35869798816917714,1,0.07440130067369793,-0.019946032798949773,0.3707191167610212,1,0.10448222821942821,0.03919865194508163,0.3637347613949432,1
981.446934,grid_1447_y522_z564,472.682,524.512,563.345,22.93161636256805,0.643,-0.12605634308466107,-0.023369734255080918,0.37611862554225234,1,-0.05441869008380411,-0.03698982472879274,0.3700786482002227,1,0.013682809106990785,-0.040319494400643335,0.36220131302433967,1,0.07263325730795597,-0.01920074710389274,0.3693766524512405,1,0.10415164006567752,0.039068012565233165,0.3626600743587415,1
982.088522,grid_1448_y520_z564,472.742,522.494,563.395,20.94524970011105,0.631,-0.12949849485592124,-0.023525720319579235,0.3798293618400443,1,-0.05631836383074201,-0.035664533854539424,0.36913127526185285,1,0.01178944710075937,-0.03907051766828029,0.36574796509746266,1,0.07092830473158311,-0.018500474671865948,0.36831029006217203,1,0.10505376525370272,0.039443662618608225,0.36672462113799525,1
982.84047,grid_1449_y518_z564,472.937,520.245,563.405,18.73971507254048,0.741,-0.13111677814270112,-0.023126197097222786,0.3778680502143923,1,-0.05815325312077578,-0.03430967562939548,0.3684316489949534,1,0.009835470478075748,-0.03733791526470891,0.36411152710189665,1,0.0701880410741582,-0.017544556542488363,0.37338039858592126,1,0.1032858654874741,0.03885703133110223,0.36194244676760245,1
983.474058,grid_1450_y516_z564,472.961,518.423,563.331,16.938050802852167,0.623,-0.13322543223338526,-0.02284588899921388,0.37704760794334,1,-0.0604927668265796,-0.033009964188623384,0.3697011081328324,1,0.007863929191079895,-0.035492353445139985,0.36391438616202276,1,0.06827203513270752,-0.016606103502975016,0.37196122848532187,1,0.10251059100535972,0.03890509633454538,0.36056077497550476,1
984.110136,grid_1451_y514_z564,472.907,516.44,563.258,14.978438403251603,0.626,-0.13416974608242407,-0.022453642540658323,0.3739098957297949,1,-0.06271400552503302,-0.03186041678996678,0.3716365505920455,1,0.005905446785883387,-0.03327866084524049,0.35906324085203256,1,0.06638929793760841,-0.015367026999387098,0.36953084061478003,1,0.10364810377958064,0.03953201543836722,0.3653506043721125,1
984.74554,grid_1452_y512_z564,473.059,514.393,563.121,12.969044259312296,0.625,-0.13635364031196587,-0.022024617281455282,0.37370868029382515,1,-0.0648022615112703,-0.03033211424787973,0.3705764155889451,1,0.003751399436292687,-0.031315686409357654,0.36109978017182975,1,0.06462870379881058,-0.014160775533205595,0.36965037178697435,1,0.10291386613538948,0.03976460935226309,0.3640961254268775,1
985.484399,grid_1453_y510_z564,472.943,512.602,562.949,11.183825105928635,0.728,-0.13963144469284447,-0.021894050887242018,0.37665802447736263,1,-0.06728966399741923,-0.028803819056480162,0.3720985494771248,1,0.0017165433205638806,-0.029258936249781414,0.36105012528445046,1,0.06252276873431847,-0.01287079773338728,0.3699691941737136,1,0.10236762441319343,0.03974987953012531,0.36266394041704164,1
986.11838,grid_1454_y508_z564,473.145,510.508,562.944,9.204803800190406,0.623,-0.1422946816613157,-0.02160438699721997,0.378188542222349,1,-0.06952523275042,-0.027654695641147926,0.37436924464285826,1,-3.813711411105833e-05,-0.027531544038887985,0.36301921391828873,1,0.060650495197964206,-0.011816100995054587,0.36798342283911745,1,0.10258292413933474,0.039757418420670446,0.36432587844883335,1
986.756259,grid_1455_y506_z564,472.986,508.656,562.941,7.449234390190744,0.629,-0.14544182613077963,-0.021547023598895584,0.3807653405163115,1,-0.07055903539125355,-0.02591356256552802,0.3690871813164177,1,-0.0020841413248229588,-0.025843157354381842,0.36956484117946026,1,0.058581819969899716,-0.010482022788896256,0.366020179797813,1,0.1035612031598994,0.04049290215055314,0.36972795447358653,1
987.51065,grid_1456_y504_z564,473.071,506.584,563.275,5.787094607832161,0.743,-0.1463490661619047,-0.021300061758889564,0.3768038037751556,1,-0.07332787699052089,-0.024543950529407294,0.3715563529148496,1,-0.004092894866870029,-0.023614022545486012,0.36649801914755686,1,0.05654249253792378,-0.008815999854359102,0.36447601984238415,1,0.10273544628684206,0.040344100325346265,0.3678874115682531,1
988.143138,grid_1457_y502_z564,473.044,504.552,563.394,4.341699436856508,0.623,-0.148294958419366,-0.020995440352662875,0.37583281432769894,1,-0.07547774124872436,-0.023019958582513537,0.37133948023321006,1,-0.006334230985496738,-0.02069436566233641,0.35990068049305857,1,0.054373794620991886,-0.007057638766333861,0.36252363218292283,1,0.1021392602685817,0.04039547722419207,0.3666220630332584,1
988.780535,grid_1458_y500_z564,472.859,502.703,563.584,3.5900621164541806,0.626,-0.15305808723913045,-0.021279200800540344,0.3826517245670632,1,-0.07743823659925977,-0.021340369611968404,0.3700161831201477,1,-0.008407256355036067,-0.018471261195514115,0.3625241414463939,1,0.05274447253895651,-0.005515062540357822,0.3646607987096037,1,0.10130948166848439,0.04018579231309231,0.3652771638939917,1
989.417328,grid_1459_y500_z566,472.461,502.496,564.371,4.203178321223087,0.626,-0.15253028314840186,-0.021862226570184953,0.38007584446998,1,-0.07835372950401145,-0.02130467377500498,0.37207520770068153,1,-0.009180389778391774,-0.018050929760256317,0.3654994257102072,1,0.05193445261399719,-0.005069438843092064,0.3646197697514032,1,0.1006929044909642,0.03994750974467997,0.3636397431176546,1
990.168358,grid_1460_y502_z566,472.559,502.501,564.78,4.61841552916145,0.741,-0.15269211865614876,-0.022372538470378157,0.38123190858064404,1,-0.0785058121748002,-0.021752513185492532,0.3732533162883268,1,-0.009145195814434673,-0.018293444708664185,0.36573660445604966,1,0.05224359561634949,-0.00514779487546487,0.366969435655143,1,0.1006929044909642,0.03994750974467997,0.3636397431176546,1
990.804362,grid_1461_y504_z566,473.108,502.789,566.241,6.185107759772633,0.627,-0.15305956865432047,-0.023819057958341827,0.38223735495207045,1,-0.0783448694670431,-0.022899731329548395,0.37328223869208027,1,-0.008840632409934705,-0.018613620209601296,0.3636716657775031,1,0.0523152775377513,-0.005205891608559584,0.3655875880121531,1,0.1006929044909642,0.03994750974467997,0.3636397431176546,1
991.437676,grid_1462_y506_z566,473.775,504.017,565.826,6.295890246819747,0.623,-0.1497221345247694,-0.023611404540228077,0.37538215261837243,1,-0.07719621749611043,-0.023664289488048402,0.37183005713255995,1,-0.008014431607999053,-0.020053726144925878,0.3665295717787238,1,0.05293174277639036,-0.0060868493768765145,0.3635449072976542,1,0.10140003840464133,0.04022008092910789,0.36555014016932075,1
992.173098,grid_1463_y508_z566,473.583,506.256,565.711,7.250298752465307,0.723,-0.14695402943173197,-0.023446296150056643,0.3735358069529124,1,-0.07469562363336471,-0.02474164940220381,0.36922323544444713,1,-0.00589802228928919,-0.02228161199636402,0.36413617107261687,1,0.055239849523076076,-0.007691904122059848,0.3671869897660801,1,0.10254042309879759,0.040609969983304614,0.36862721730044584,1
992.804459,grid_1464_y510_z566,473.68,507.957,565.729,8.435793145875527,0.623,-0.14554425332164828,-0.023749816558654213,0.37607497405737345,1,-0.07234210305310343,-0.026410385278006283,0.369319000114431,1,-0.003737846615226393,-0.02435589734741163,0.3600646480181601,1,0.05712771016821381,-0.009233012727806163,0.36679363090417416,1,0.103752149380373,0.04078564181786541,0.3715771010052636,1
993.445227,grid_1465_y512_z566,473.703,510.169,565.222,9.904522704300277,0.63,-0.14424079657690983,-0.023889111246944407,0.3778946606791213,1,-0.06991032948799628,-0.027791337762042796,0.3674503778930486,1,-0.001468281880243692,-0.026679935633885637,0.36152129770693703,1,0.05903490584692593,-0.010708204295047794,0.3659619074770505,1,0.10187965965522768,0.03979573637250422,0.3632374269530109,1
994.096333,grid_1466_y514_z566,473.859,512.045,565.284,11.586536410852007,0.639,-0.1407375289372421,-0.02385108236337046,0.3746520229850117,1,-0.06820078273924349,-0.029390622121942593,0.37025356891485023,1,0.0005316558422041671,-0.02897146936914133,0.36172735696984215,1,0.06126279864474317,-0.012267556767013438,0.36952537229632076,1,0.10263594679665175,0.03975186678453796,0.3649066507733825,1
994.838106,grid_1467_y516_z566,473.729,514.017,565.512,13.428833679810062,0.732,-0.1376138125497812,-0.024182624252280054,0.37199533069307655,1,-0.06560156114321324,-0.030913851608131388,0.3678514905554658,1,0.0028074922791936885,-0.031096488854087872,0.36396293940969954,1,0.06224772588887477,-0.013492912320511983,0.3646655320722467,1,0.10258613323620802,0.0397871638557455,0.36366472718242804,1
995.471698,grid_1468_y518_z566,473.755,515.926,565.742,15.269833692611108,0.624,-0.1367755673078958,-0.024775052836151085,0.37541679855321564,1,-0.06380398544030799,-0.032220511289451914,0.36781554577268294,1,0.004496427813771793,-0.032638121179985526,0.3616250317781788,1,0.06495199838398451,-0.014607075697043856,0.37126307001665193,1,0.10377281100677209,0.03986362028169212,0.366693502295122,1
996.108755,grid_1469_y520_z566,473.819,517.696,565.855,16.964585229235688,0.625,-0.13473068938476232,-0.025289447068720022,0.3757795503665048,1,-0.06262696172874152,-0.03403030233489617,0.37351460389363045,1,0.006311928026901644,-0.0345307623257574,0.3604106160710412,1,0.06630024279092583,-0.015522645460558782,0.3675216567080335,1,0.10418843015384696,0.039798978937251255,0.3674378904498279,1
996.84886,grid_1470_y522_z566,473.685,519.848,565.779,18.95930768778225,0.73,-0.1322985557486523,-0.025460926288481883,0.3745359713887592,1,-0.059984948205439315,-0.03507662457184555,0.3690805062777132,1,0.00836231563173669,-0.036770929626398406,0.3643569944814577,1,0.06774509390751358,-0.01639388411388489,0.36726616668093304,1,0.10164625374398087,0.038732944556143935,0.35737034033741377,1
997.487144,grid_1471_y524_z566,473.677,521.81,566.0,20.893945558462594,0.627,-0.1306233085300048,-0.026002076178938904,0.3766169146937852,1,-0.05754322446387491,-0.03643537855657791,0.3673265532244318,1,0.010534607169141112,-0.0389892143371977,0.36853958425139377,1,0.0699485172381741,-0.017662776118383433,0.3697082740870229,1,0.10227986178328197,0.03861527963290517,0.35869809955601994,1
998.12547,grid_1472_y526_z566,473.782,523.747,566.02,22.76955289416107,0.628,-0.12791068593977273,-0.026142566964607112,0.37554970697614093,1,-0.05580772934929505,-0.03781832861447508,0.3692203547484065,1,0.01230742647717512,-0.0399616638734933,0.36238542993641093,1,0.07112421046673774,-0.01839708103583672,0.36782536797778026,1,0.10401713692797862,0.039082724255943606,0.3633203500143152,1
998.924345,grid_1473_y528_z566,473.649,525.928,566.074,24.880312317171594,0.788,-0.12568139145421026,-0.02618499900252886,0.3754452254172671,1,-0.05377687856669098,-0.0391198815523953,0.36903774732121736,1,0.014159820837762498,-0.04142239585090106,0.3614644256788821,1,0.07261682345809903,-0.01924748903929814,0.3683336513689437,1,0.10452773349412008,0.0393233063403043,0.3639944208315894,1
999.560028,grid_1474_y530_z566,473.738,527.833,565.864,26.693173115986042,0.625,-0.1232055957819332,-0.026291416435700137,0.3752711167533246,1,-0.05175317391568768,-0.04036651300052786,0.3694998942466224,1,0.016060286420654574,-0.04273065772135674,0.3573554246184035,1,0.07398117408646962,-0.02010890807437902,0.36586125356219334,1,0.10621032361458878,0.03981005674991621,0.36954738002250104,1
1000.204591,grid_1475_y532_z566,473.79,529.915,565.669,28.69344311859417,0.632,-0.1207567260137182,-0.026174595090398795,0.3744734548224953,1,-0.04972308009764018,-0.04129554230535697,0.36950780850735465,1,0.01825074737115567,-0.04471626469654879,0.36180599250366857,1,0.07595147865915919,-0.02100822004746128,0.36822383767369493,1,0.10593736039571319,0.03946423677772597,0.3676929749672788,1
1000.856563,grid_1476_y534_z566,473.622,531.966,565.919,30.73982662605633,0.642,-0.11865835804622596,-0.02663543059730501,0.37532016663656026,1,-0.04749268808499464,-0.04259366884511383,0.36880029349013427,1,0.01992166440595702,-0.04573583323069571,0.35799038795644356,1,0.0781181000601321,-0.021738222351275358,0.3704465918713024,1,0.10579607660164436,0.039256362465234576,0.3667276458757497,1
1001.59896,grid_1477_y536_z566,473.76,534.17,565.455,32.83692526714399,0.732,-0.1157530815473363,-0.026422926613018927,0.37336930389868,1,-0.04535149386279758,-0.04367512273760214,0.3692965837493851,1,0.022291181093311508,-0.04787573387144967,0.36321569073373505,1,0.07827949212128867,-0.022025649360596374,0.36408296801221524,1,0.1042699587000155,0.03881494018790932,0.3614661397254627,1
1002.243135,grid_1478_y538_z566,473.734,535.996,565.672,34.66969215323379,0.634,-0.11328562541310414,-0.026448010314102804,0.37172557273247164,1,-0.043542350760889484,-0.04442992038325781,0.36773231109492344,1,0.023900153862441282,-0.04905496214767759,0.3631931691261302,1,0.08030973462325067,-0.022616246079884578,0.36737354995559096,1,0.10383510938645794,0.038684336894939,0.35977524306750486,1
1002.889997,grid_1479_y540_z566,473.934,538.065,565.195,36.65605589803691,0.636,-0.11089175386095299,-0.026341141058431994,0.3719967164774417,1,-0.04136792055283212,-0.045263967150677986,0.36707600913134736,1,0.026011274308889415,-0.05089596441363311,0.3654697484873618,1,0.08307464250748771,-0.02373115125126866,0.3728899886808271,1,0.10536787343482534,0.03923377939089957,0.363377114312057,1
1003.632667,grid_1480_y542_z566,473.65,540.338,565.316,38.90669461673658,0.731,-0.10854583476318766,-0.026357648034942328,0.37172032671576183,1,-0.03961474224760096,-0.04658283185121885,0.36919461451823865,1,0.027691422251740688,-0.0513211485307881,0.35980132704196055,1,0.08437983361425547,-0.024115275050414383,0.37193982757554606,1,0.10489811664148736,0.03885439170122932,0.36040478456298886,1
1004.273483,grid_1481_y544_z566,473.841,542.085,565.644,40.688870493047666,0.63,-0.10714339905044334,-0.02698865636599932,0.37347908722705464,1,-0.037875991428582854,-0.04787944951608114,0.37150338220152657,1,0.029083315816764387,-0.05199040933218365,0.356273584009848,1,0.08560516027662315,-0.0246992675801762,0.3714005735805059,1,0.10702075956648224,0.03927073118550052,0.3668696500608881,1
1004.920528,grid_1482_y546_z566,473.524,544.191,565.822,42.78330631215877,0.634,-0.1038603366499385,-0.02739640396833609,0.37060600754432127,1,-0.03566738036026311,-0.04894154769015397,0.37070438139621426,1,0.0316363475400465,-0.05416914987854957,0.3626481771437549,1,0.08676689055963871,-0.02504108574174309,0.3698213973592308,1,0.10659391241360969,0.03899871361676348,0.3646018893516804,1
1005.559815,grid_1483_y548_z566,473.747,545.978,565.956,44.58059870616363,0.629,-0.10229061518186215,-0.02783857535414271,0.372420747607136,1,-0.033808863820617506,-0.04993491216049855,0.36980801217724074,1,0.03300754199273368,-0.054586574465711045,0.3585435298450171,1,0.0879986721907271,-0.02536537414183531,0.37004605436452664,1,0.10592297275161541,0.03874617854939416,0.36200970212445455,1
1006.301731,grid_1484_y550_z566,473.602,548.07,565.84,46.63448901832213,0.731,-0.09931438374377771,-0.027655139879862366,0.37024733564577283,1,-0.03128991937384336,-0.05020891951714383,0.3648661077771861,1,0.035087983000046376,-0.05575713811827261,0.3598123372658142,1,0.0883620062314264,-0.025501106593808276,0.36497489442846576,1,0.10584279680584874,0.03872711537013074,0.3617400991913592,1
1006.953259,grid_1485_y552_z566,473.737,549.897,565.985,48.46972879024605,0.641,-0.0963232091163247,-0.027693755160866262,0.3662197046687493,1,-0.02945184530024913,-0.05119109164159258,0.3645715237489946,1,0.036846794118512785,-0.0568871180193581,0.3601843518222963,1,0.09101705231208183,-0.026363099623562026,0.370466899275821,1,0.10625717352052047,0.03874125807832365,0.3627623759861719,1
1007.592331,grid_1486_y554_z566,473.786,551.918,565.785,50.45537855372807,0.627,-0.09420943513532976,-0.027792030302830378,0.3657551803150551,1,-0.027308219830569812,-0.05156010394774252,0.362016784325471,1,0.039239168501626134,-0.059132182681382095,0.368217083038891,1,0.09142896841973905,-0.026341814635305126,0.36714455076775643,1,0.10620257725636977,0.038709303065438926,0.3613866046640495,1
1008.336518,grid_1487_y556_z566,473.934,553.745,565.942,52.29311934662154,0.733,-0.09184190525370786,-0.02780107279423128,0.36445421124874067,1,-0.025621841066391725,-0.05266258878909393,0.36354482930537857,1,0.04101749230794084,-0.06011963058467414,0.36761605971974565,1,0.09100300908648082,-0.02609220882466328,0.36117099834662597,1,0.10608415311077715,0.03839411585861595,0.3605865963765833,1
1008.974116,grid_1488_y558_z566,473.96,555.831,565.433,54.31602848147133,0.626,-0.0907507748400778,-0.027827833196680578,0.3679527830698732,1,-0.024120045441120355,-0.05389535149470599,0.3679581812014717,1,0.04233327863498672,-0.060400639113544076,0.3635180714814042,1,0.09465041050276049,-0.027227157875029627,0.3700466108978063,1,0.10821199633137146,0.03919097204796011,0.3674951402631425,1
1009.61398,grid_1489_y560_z566,474.019,557.842,565.595,56.334077537490586,0.63,-0.0879980698821238,-0.027878285789531276,0.3667779140776483,1,-0.021955644492441077,-0.054362017712308176,0.3667148684318416,1,0.0440274579367377,-0.06110327831589566,0.3620807759911816,1,0.09755093375028792,-0.02793012326248904,0.37615713099975584,1,0.10770532001973217,0.039057925666549274,0.36512123214995623,1
1010.252459,grid_1490_y562_z566,474.164,559.978,565.436,58.45078386129648,0.627,-0.08563337587864427,-0.027835841341325385,0.36608576386745134,1,-0.02006927038523637,-0.05500745029172331,0.3653245883047469,1,0.04642701874047478,-0.06266603953938507,0.3654437596143004,1,0.09818475507105208,-0.02787035794610688,0.37338596833497706,1,0.10708513271934131,0.038827653588278374,0.362780692750464,1
1010.995058,grid_1491_y564_z566,474.11,561.996,565.401,60.454459794129335,0.731,-0.08277416025611398,-0.027762728778017616,0.3640836412079874,1,-0.01814488115555111,-0.05629729704883858,0.3679660754728253,1,0.047908745711991066,-0.06291509302849571,0.36124131766643186,1,0.09969606236577493,-0.0279863741563063,0.3734147376957168,1,0.1089686737869477,0.03924001367476211,0.3683292011027587,1
1011.629292,grid_1492_y566_z566,474.075,564.223,565.039,62.64231407762645,0.624,-0.08159668224970197,-0.027888184019634516,0.3675379614329334,1,-0.016510381536315618,-0.057246178205804986,0.36975385213846235,1,0.04875103431293928,-0.06248559676114483,0.3558441983579201,1,0.09863904464223136,-0.027591736162967957,0.36459212745906366,1,0.10846673633357191,0.039093772816868724,0.3653518697511536,1
1012.279626,grid_1493_y568_z566,474.156,565.929,565.304,64.36547437097002,0.639,-0.07872319347376347,-0.028002629457013005,0.3650517588371763,1,-0.01459844484075579,-0.05830488516505039,0.370431994306314,1,0.051355272507588604,-0.06419750094470275,0.3600754514722369,1,0.10047118052065858,-0.028089612111198998,0.3673791317816752,1,0.10710616406820353,0.03871433311368388,0.3606814269582551,1
1013.017331,grid_1494_y570_z566,474.095,568.036,565.272,66.46028077731839,0.728,-0.0763457806794163,-0.028072907509299076,0.3634519185608532,1,-0.012581807292437752,-0.05880200883860981,0.36996036319771874,1,0.05321313446266237,-0.06534187256556645,0.3626296557927386,1,0.10243900516452797,-0.028426440986802685,0.3702664503157674,1,0.10681010991614495,0.038667799528153315,0.3598181615120721,1
1013.655405,grid_1495_y572_z566,474.045,569.977,565.442,68.4057328445504,0.628,-0.07383749771183219,-0.02809847444693816,0.3622780064027219,1,-0.010563696830082049,-0.059392257993870566,0.36943836491925175,1,0.055069764680394415,-0.06603967858949644,0.36228181614125926,1,0.10280316919943464,-0.02833047926223505,0.36686669764704827,1,0.10654616683912858,0.03850935770814682,0.3584168378844844,1
1014.293925,grid_1496_y574_z566,474.096,571.874,565.556,70.30657902358789,0.628,-0.07215558999740035,-0.02853028937881468,0.36411085734924176,1,-0.008641830978567213,-0.06026580774989334,0.36967271639452914,1,0.056497702434425756,-0.0661262221941688,0.35921315425151656,1,0.10329785500604642,-0.02827967843538553,0.36432433391082214,1,0.10668123998863399,0.038490608461315585,0.3575097447797141,1
1014.945211,grid_1497_y576_z566,474.109,573.772,565.713,72.21041592457428,0.64,-0.0701935550041902,-0.029031108778809923,0.3646092475510093,1,-0.006801109839364416,-0.060583199974019133,0.36618555422671434,1,0.05829950599421448,-0.06695428302200962,0.3594857502410224,1,0.10518919050738973,-0.02874511295701085,0.36636715923971974,1,0.10659663222837956,0.03838372466442966,0.3566327718687094,1
1015.683773,grid_1498_y578_z566,474.121,575.906,565.565,74.32717153235414,0.728,-0.0679517473991343,-0.02915537155715096,0.36500378103932685,1,-0.004633327561823315,-0.0611264821730821,0.36541780483145847,1,0.06061606191015465,-0.06827712919056984,0.362390449484438,1,0.10771575758743701,-0.029158349457924428,0.3704853495059025,1,0.10854602708929553,0.038977212225263465,0.36303985557932644,1
1016.323727,grid_1499_y580_z566,474.113,577.74,565.96,76.18391817831376,0.63,-0.06549660457782876,-0.029188969257582152,0.36255915332872735,1,-0.002906639982122908,-0.06196943654954536,0.3666465368459316,1,0.061808210951340016,-0.06821807932004932,0.35922984647389156,1,0.10777984326059235,-0.028992848726617455,0.3669036034490179,1,0.10940016734911148,0.039110619445812234,0.365662792454959,1
1016.97601,grid_1500_y582_z566,474.208,579.959,565.446,78.363253907683,0.642,-0.06296398639127114,-0.02897184142442209,0.36202611872040275,1,-0.0008299405254984772,-0.06273309162752053,0.36688961199830705,1,0.0638288251965762,-0.06890846340590315,0.35899599101881885,1,0.10845592012704693,-0.028632648109453252,0.36467045523729724,1,0.1094911039183836,0.039182796942575246,0.36583686086988776,1
1017.718355,grid_1501_y584_z566,474.122,582.053,565.416,80.44735477938355,0.734,-0.06098089902055576,-0.02895262148876087,0.3624339297366478,1,0.0009349618088356239,-0.063301507748164,0.36740297889876106,1,0.06532231013095317,-0.06910482459039613,0.3581918085765062,1,0.11174498445713661,-0.02925487286918107,0.37231690947463003,1,0.10832106345703844,0.03869147816847442,0.36154151141960084,1
1018.355269,grid_1502_y586_z566,474.225,584.032,565.241,82.41388150063077,0.625,-0.05841541388403565,-0.028706369309525283,0.35961529376387963,1,0.0028565024614881683,-0.06418282461467803,0.36861758060599475,1,0.06742935116338503,-0.07005130651822263,0.3605419327463328,1,0.1150968457174896,-0.029846461880861107,0.3793074529355372,1,0.10799995525331249,0.03844368265652963,0.35952103182485556,1
1019.004535,grid_1503_y588_z566,474.319,585.95,565.154,84.32537139556524,0.639,-0.0565920938753952,-0.028975984686414186,0.3625914929511055,1,0.004897006442097245,-0.06473070636260153,0.36898691562373986,1,0.0699901902028583,-0.07123662114603893,0.3633143076413079,1,0.1158769423898823,-0.029684069691210326,0.3778382447151758,1,0.10823131785171254,0.038442659495402445,0.3599097988249449,1
1019.641444,grid_1504_y590_z566,474.347,587.895,565.454,86.28461796867389,0.626,-0.054490887133052425,-0.029077147010645316,0.36235527175935905,1,0.006677497032381308,-0.06497121051753704,0.3670183397115566,1,0.07130922698557991,-0.07151080088313533,0.36135862675430286,1,0.1163119287455738,-0.029602381741044254,0.37509802515529483,1,0.10657490504560123,0.038092311771655805,0.35503122124351955,1
1020.384145,grid_1505_y592_z566,474.106,590.118,565.137,88.47811106143719,0.732,-0.05181890416867331,-0.02906610840192757,0.36141728686879987,1,0.008880752765032553,-0.06584549330939878,0.36893316475017707,1,0.07314008179945056,-0.07187077216734103,0.3604864065693732,1,0.11531510208551839,-0.029029603724735294,0.3678543626309042,1,0.10908616601413519,0.039044245915516904,0.362573273809564,1
1021.019999,grid_1506_y594_z566,473.99,592.122,565.346,90.48701041586023,0.626,-0.04960728417842068,-0.029097499409948817,0.3595410024499944,1,0.010703879026461631,-0.06644290989725402,0.3688591627068165,1,0.07479677182514018,-0.07201738338319541,0.36020055667874395,1,0.11677021584728067,-0.028974710097279182,0.36924788652508644,1,0.10961558859803074,0.03929523926266536,0.3635327694738937,1
1021.675019,grid_1507_y596_z566,474.18,593.983,565.609,92.36415753959972,0.645,-0.047836593831213935,-0.029772378629441786,0.36400327166635477,1,0.012851902339488037,-0.06709951388634462,0.36851824710879133,1,0.07823490026821595,-0.07399036532882305,0.3669200477060646,1,0.11892898339257196,-0.0290470127163824,0.3715730302258049,1,0.10916316699897802,0.03910940186838503,0.36114656321752425,1
1022.417137,grid_1508_y598_z566,473.956,596.148,565.667,94.52275925405483,0.732,-0.04519781534819482,-0.029636025079912042,0.35874351508022756,1,0.014613145278953419,-0.06728373057803365,0.3666157564783134,1,0.07885702644748342,-0.07333487638401001,0.3609555431277638,1,0.11936595605946343,-0.02870676093967341,0.36960635580621864,1,0.10901650981054889,0.03903208912059296,0.36040522829253446,1
1023.05583,grid_1509_y600_z566,474.043,598.019,565.648,96.39124147971124,0.627,-0.04331073729409396,-0.02988050021302463,0.35991334297000854,1,0.016663734661819835,-0.06842386299735981,0.36934959102123416,1,0.08034201819892717,-0.07343774719060278,0.36050398507060544,1,0.12011600192530807,-0.028627816446147664,0.368871387834872,1,0.11083558104877766,0.039505039810669204,0.366114489791316,1
1023.700665,grid_1510_y602_z566,474.085,599.994,565.477,98.35450336410636,0.635,-0.04167427440343696,-0.030321046567815174,0.3643791759058911,1,0.018614904660764382,-0.06893981058382112,0.370166981804276,1,0.08152183531904848,-0.07335059228613312,0.35817387980428367,1,0.12237154243018644,-0.028660724827143685,0.3720692412626117,1,0.1094192865645702,0.03907481357109358,0.36131527941023056,1
1024.332276,grid_1511_y604_z566,474.195,601.968,565.569,100.33266899669319,0.622,-0.039389280780475835,-0.030336675764514386,0.3630048131550555,1,0.020767908278102043,-0.06997886185271036,0.3725204503978715,1,0.08405044172757588,-0.07440952738292793,0.3608937357376022,1,0.12316109813388261,-0.02833836263396348,0.3709169813394167,1,0.10819453473915644,0.03872971415970022,0.3572246201907351,1
1025.068221,grid_1512_y606_z566,474.091,604.202,565.133,102.53904282759814,0.726,-0.03658492801031983,-0.029760432622597033,0.36062965142244235,1,0.022570173901270647,-0.06963975872009295,0.36912769102719867,1,0.08565019311137177,-0.07423800587550398,0.3596274759165489,1,0.12428362996393694,-0.028179281296706143,0.37040677241709485,1,0.10924062792271957,0.03891942097929537,0.36013895731630696,1
1025.70118,grid_1513_y608_z566,474.169,606.154,565.139,104.49044760168273,0.623,-0.03477734904034985,-0.029769373391706995,0.36133401025285034,1,0.024250505494018793,-0.06973727477746092,0.36742472802162496,1,0.08866190331171349,-0.07570448339600389,0.36451643406463125,1,0.1249304611350438,-0.028040216406889057,0.3692966455439911,1,0.11051384585546116,0.03920477110951335,0.3637239042922905,1
1026.339662,grid_1514_y610_z566,474.203,608.213,564.932,106.53827061671312,0.627,-0.032366767630962794,-0.029543098750132474,0.36116713737704986,1,0.02665695760755362,-0.07080191264095398,0.3716787588556735,1,0.08986724699087316,-0.07537527522881658,0.36177350493766697,1,0.12591393074663024,-0.02771013259220354,0.36926614418218767,1,0.11261408315794555,0.04004726616813331,0.3702142762034645,1
1027.081062,grid_1515_y612_z566,474.214,610.211,565.221,108.54690111652201,0.732,-0.030192876178009042,-0.029661399525423005,0.3609151901976569,1,0.028875434003205153,-0.07211253843738466,0.37525865544818976,1,0.09294914472273798,-0.0765638482929496,0.3660249943146378,1,0.12838851015487063,-0.027812973099645765,0.3729863386597958,1,0.11216918105684556,0.03991905180901032,0.36845710280541977,1
1027.71705,grid_1516_y614_z566,474.135,612.228,565.292,110.56282536639517,0.624,-0.02797179211550973,-0.030043726050953724,0.36010834185567664,1,0.0305456076860115,-0.07197047794076891,0.3709564796503082,1,0.09487729420540697,-0.07694373407451839,0.3661563231586368,1,0.12891412915449502,-0.027445682604529946,0.3713389342181504,1,0.1101541695493213,0.039027346718130164,0.36063596171460743,1
1028.364332,grid_1517_y616_z566,473.939,614.27,565.408,112.60358344653159,0.637,-0.025284121238133717,-0.02967300726527527,0.35590818711037375,1,0.032729350395446145,-0.07244080427708859,0.3711841720607024,1,0.09690649344020812,-0.07707148783014692,0.36652605014687295,1,0.12894222519358764,-0.027122870768929063,0.36811869154664023,1,0.10764532986058792,0.03805247325550949,0.35184444547317695,1
1028.997414,grid_1518_y618_z566,473.975,616.315,565.334,114.64353160122039,0.623,-0.02347689959681231,-0.03021059672403776,0.3616607931934243,1,0.03441209389397503,-0.07230068535115101,0.36838510300403493,1,0.09867167825876469,-0.07723054336828271,0.36634123659135404,1,0.12969985766441888,-0.026742617266016754,0.3676219740377966,1,0.10835963822562351,0.03834572923494663,0.3547960354577373,1
1029.741554,grid_1519_y620_z566,473.761,618.384,565.433,116.71066360877231,0.733,-0.021076757953282406,-0.030264614397512317,0.3616213317435509,1,0.037100655035616235,-0.07352215293661801,0.37197523782042063,1,0.1014092398861691,-0.07779968783914369,0.36821696507190527,1,0.13229745254657588,-0.02666640787422999,0.37081521248282945,1,0.11100875405642827,0.039132057624198385,0.36326880408653894,1
1030.384003,grid_1520_y622_z566,473.86,620.316,565.52,118.64604601081325,0.631,-0.019125418979707993,-0.03047684587455466,0.3607844519950092,1,0.03906199155750523,-0.07422142948304479,0.3737666193462463,1,0.10185972150330783,-0.07713827338770933,0.36366961474133125,1,0.13164304762833656,-0.02613864645403537,0.3666535033331121,1,0.11024630479196715,0.03903289017884827,0.3603368990126269,1
1031.025888,grid_1521_y624_z566,473.793,622.396,565.091,120.70474643525827,0.631,-0.01685239467184537,-0.030474848954070155,0.36241576799735375,1,0.040374266239781534,-0.07340339706437385,0.36896853408101826,1,0.10380310258905574,-0.07740953114599494,0.36415128888483184,1,0.13222405045233784,-0.025967057511074983,0.36532067255700046,1,0.1106778886517017,0.039115445306992236,0.3603576154903686,1
1031.769293,grid_1522_y626_z566,473.939,624.342,565.241,122.65742306114214,0.733,-0.014696813156737482,-0.030390469213720843,0.3609359649591214,1,0.043131609907076984,-0.07500900480530745,0.3747179379673472,1,0.10566121729839759,-0.07747996990847783,0.3639908749015761,1,0.1359478426483452,-0.02607995930338818,0.37306786195977565,1,0.11103738627384581,0.03910655051434313,0.36100843287065576,1
1032.413269,grid_1523_y628_z566,473.948,626.383,565.161,124.69346997337117,0.631,-0.012525987281305167,-0.030453802599230688,0.3603420170238144,1,0.04494536921220127,-0.07479252867077883,0.37201035839996244,1,0.10829424055068074,-0.07796222875180392,0.366322267773021,1,0.13655455339809203,-0.02558474897082195,0.3719851475125587,1,0.11112962947700859,0.039202331827255285,0.36169619024353084,1
1033.154267,grid_1524_y630_z566,473.947,628.406,565.228,126.71722221150522,0.627,-0.010389182084432541,-0.030713775377565623,0.3617153079840595,1,0.04688635168389872,-0.07539370340647489,0.37274473035153377,1,0.10944601620520364,-0.07741189980012367,0.3641327593594449,1,0.13678956498861722,-0.025143074532723363,0.3699134646975415,1,0.11194975665365717,0.03941815999564362,0.3637740249477687,1
1033.899932,grid_1525_y632_z566,473.955,630.425,565.211,128.73389872523862,0.735,-0.00782529839160519,-0.03064396480321775,0.36218600937399437,1,0.04934346921936121,-0.0755947186395841,0.372620807561287,1,0.11123048796168837,-0.0770991619265994,0.3632983082757306,1,0.13740944196310348,-0.02468909132206382,0.36805270012154645,1,0.1126738871606614,0.03955792152495761,0.3653439363977985,1
1034.540345,grid_1526_y634_z566,473.954,632.485,565.297,130.7953724181403,0.63,-0.00590036950832825,-0.030747974241933828,0.3618757040523857,1,0.051369486017400746,-0.07634892373866255,0.37428476457086546,1,0.11241489546826297,-0.07690289399291712,0.3613662086063381,1,0.13668481431043128,-0.024113862741221483,0.3636950725967594,1,0.11245355087551953,0.039458470722474256,0.3643809076549762,1
1035.195817,grid_1527_y636_z566,473.955,634.33,565.429,132.64385341205983,0.643,-0.0035385019487064137,-0.03092881606841743,0.36099384501766046,1,0.05346222074719389,-0.07628131392872542,0.3723333541096472,1,0.11505444477616238,-0.07745097075227472,0.3639591726034598,1,0.14124082259186718,-0.024317945213146463,0.3738250920813675,1,0.11239777404442812,0.039566015668465175,0.36331752783071825,1
1035.946277,grid_1528_y638_z566,474.104,636.318,565.151,134.62227345056985,0.739,-0.0014622636509764315,-0.030593455508393614,0.35980540064011074,1,0.05491841558787373,-0.07577990726365173,0.36885107458583927,1,0.11656907220017679,-0.07719674554764396,0.36305507687311317,1,0.14158166469124558,-0.023863040981322574,0.37186215877132794,1,0.11210121514436806,0.039580881627289496,0.36236442035951727,1
1036.590098,grid_1529_y640_z566,473.933,638.371,565.231,136.67370792145798,0.633,0.0005820972531066501,-0.030835704745447307,0.36010038470287864,1,0.05681492539401474,-0.07624936033022092,0.36939613784064396,1,0.11864939942467576,-0.07718283391419313,0.36370435195458883,1,0.14152342955515432,-0.023405804400413444,0.36876715411400574,1,0.11127331276239952,0.0393774115578719,0.3598829639656067,1
1037.243686,grid_1530_y642_z566,473.843,640.467,565.699,138.78419870071664,0.642,0.0029043791231997,-0.031688874770105145,0.3662013792372343,1,0.06024697498287625,-0.0780331593545397,0.3757853632095343,1,0.1204500761778093,-0.07692465235372223,0.3626049349177036,1,0.14282035834393367,-0.022709749969417468,0.3693597801651591,1,0.11111238677068433,0.039352957242974176,0.35913831364195603,1
1037.886872,grid_1531_y644_z566,473.951,642.447,565.367,140.75174210289552,0.631,0.004880054385768949,-0.03157324747584482,0.3642618528919622,1,0.061935631346264494,-0.0781827879938178,0.37452959073178305,1,0.1245498130837285,-0.07823541363758177,0.368866156097219,1,0.14478814622897654,-0.022533673770297493,0.3716234875077623,1,0.11084607657040299,0.03919314354398415,0.35762322280467,1
1038.638587,grid_1532_y646_z566,474.292,644.243,565.467,142.55559623529348,0.74,0.0073161912141815515,-0.03189188882748523,0.36588194509118577,1,0.06428847657674881,-0.07853359864132117,0.3746396247165559,1,0.1265515349123302,-0.07797067188430126,0.3683391083419564,1,0.14747091934652917,-0.022262279760950403,0.37638865622272266,1,0.11119161967782405,0.03916261904319827,0.35825331102359487,1
1039.294697,grid_1533_y648_z566,474.186,646.368,565.225,144.6686064251675,0.645,0.009405381920338018,-0.03130419688006106,0.36182588660513343,1,0.06555866600450252,-0.07797397142811442,0.3717907170346026,1,0.1275897611502233,-0.07721598819228588,0.3657441542888071,1,0.14894615123080546,-0.02199856005004182,0.37758385576404985,1,0.1125626511580858,0.0395588051083368,0.36277456808152325,1
1039.93261,grid_1534_y650_z566,474.305,648.231,565.262,146.53353857052662,0.626,0.011381632600948367,-0.031432519822169235,0.36204389579206503,1,0.06702599932268516,-0.07746008553283605,0.36809070343473105,1,0.13005522199256314,-0.07744568774307091,0.3678622819299373,1,0.1479170362131291,-0.0212381266113034,0.3719565094518956,1,0.1138064681621935,0.04008346585099528,0.3664564650909088,1
1040.674539,grid_1535_y652_z566,474.525,650.182,564.915,148.4758257225735,0.732,0.01376499517557446,-0.031192828882382555,0.3640098757952662,1,0.0692213592335555,-0.07752185079396355,0.36787337673189513,1,0.13010538422662415,-0.07624471504009939,0.36289106280304295,1,0.1477441308161063,-0.020559440589188672,0.3702127141204325,1,0.11407134005929671,0.0402326879508089,0.3671349585954201,1
1041.317551,grid_1536_y654_z566,474.539,652.062,564.889,150.35406088297054,0.633,0.015871979477145238,-0.031153268652968906,0.3641022298086242,1,0.07060086573894889,-0.0771022080502405,0.36532767837910096,1,0.13274410274181822,-0.07652026292024354,0.3650119790264089,1,0.15005477264186115,-0.02039480658491368,0.3736888414981388,1,0.1136542742723585,0.040034779385251996,0.3652593892483894,1
1041.958849,grid_1537_y656_z566,474.433,654.09,565.177,152.38787115777953,0.631,0.01794200797136198,-0.03136627791436125,0.36403626607812206,1,0.07349426034786002,-0.07831444491507529,0.3686861112716854,1,0.1342954690306683,-0.07590452525110998,0.36371964155548675,1,0.14936134513047233,-0.019797541283515352,0.3691854677887124,1,0.11337623041439968,0.039902840341547396,0.36400900968370226,1
1042.599868,grid_1538_y658_z566,474.64,656.121,565.113,154.41922338232376,0.63,0.019878713157737517,-0.03158247107018007,0.3622665125054215,1,0.07598286901658925,-0.07890883586443283,0.37089886933174226,1,0.13654239314829422,-0.07583433914907403,0.36431074623475845,1,0.15217169176985101,-0.019622475920372077,0.37397923940566014,1,0.11314028206390218,0.039815088349718225,0.363182124904163,1
1043.355567,grid_1539_y660_z566,474.618,658.058,565.377,156.362932822968,0.745,0.022399744746633678,-0.031825391753637536,0.36221805740983787,1,0.0780326130900774,-0.07839604474717671,0.3675624818894972,1,0.13892341019700566,-0.07566968226462416,0.3651733494168337,1,0.1518450228570129,-0.018788664300506516,0.37052000556178477,1,0.11323385547935301,0.03974847757191394,0.36251595006455417,1
1043.992298,grid_1540_y660_z568,474.346,658.614,566.247,156.94449981123907,0.626,0.0234997287759022,-0.03257538642429816,0.36213864313869815,1,0.07854696383072705,-0.07843072687745489,0.36484395526747865,1,0.14183194588864986,-0.0764944649834464,0.3698366657890458,1,0.15226614216000645,-0.01836281174756767,0.3700498459136755,1,0.11363456471282467,0.03984680017075555,0.3634231898140586,1
1044.633132,grid_1541_y658_z568,474.318,658.633,566.245,156.9629507049355,0.63,0.02379079324120778,-0.032631178160219106,0.3621221588094913,1,0.0792081629765301,-0.07882524616009924,0.3661157999707424,1,0.14427807173704382,-0.07746390047811695,0.37518166180069856,1,0.15362547898073514,-0.01819255916487664,0.37346576782045543,1,0.11392543335764686,0.03993807569825554,0.36427685958358624,1
1045.390066,grid_1542_y656_z568,474.307,657.257,566.005,155.57894391272873,0.746,0.02271200507247843,-0.03234972367826376,0.36209349789310463,1,0.07855534247297341,-0.07939055119579803,0.36945374721777646,1,0.1398661193548566,-0.07580202056559131,0.36629011764226,1,0.15149461145469495,-0.018483493105568377,0.36921896519776265,1,0.11188935284389138,0.03929914700575563,0.35830117119689275,1
1046.033456,grid_1543_y654_z568,474.021,655.607,565.972,153.9246245082313,0.63,0.020861203115533068,-0.0321136202928257,0.3608900322668629,1,0.07692748031564364,-0.07918704871445077,0.37013081866140396,1,0.13705701629829087,-0.07544450051814776,0.36305387999063654,1,0.15256715596308706,-0.019344449202532442,0.37372660500522226,1,0.1126683853629072,0.039639584366059875,0.3615283553450845,1
1046.680169,grid_1544_y652_z568,473.514,653.908,565.961,152.21992165613545,0.637,0.018947654198456346,-0.03191216025813818,0.3609932201079035,1,0.0748319552612851,-0.0787826908176697,0.3696187119938975,1,0.1355934816793582,-0.07585571504156668,0.36403811193702956,1,0.149709593124502,-0.019612763531912346,0.3689046089268345,1,0.11351525234337909,0.03996880986339969,0.36463419946604586,1
1047.32042,grid_1545_y650_z568,473.449,651.95,565.55,150.24772307426167,0.629,0.017021374641959124,-0.031802028889516096,0.3626330932024381,1,0.07304895955940664,-0.07865269903010622,0.37084660553198256,1,0.13316525109938557,-0.07568631688008068,0.3626513265237551,1,0.15057830806941802,-0.02014882499341645,0.37299605325036705,1,0.11344574137888938,0.03993582510247355,0.36432160457487406,1
1048.066852,grid_1546_y648_z568,473.056,650.079,565.801,148.3832038136392,0.736,0.014717525350840815,-0.03187257824612123,0.36299378530368626,1,0.07119964045856382,-0.07903494396660335,0.37387512062589573,1,0.1322128543251037,-0.07671089548287512,0.3658214792894617,1,0.14884591049116372,-0.020379252917236686,0.3717634399827443,1,0.11393231813031732,0.040166718428956596,0.3665097688130765,1
1048.723168,grid_1547_y646_z568,472.788,648.291,565.836,146.59574095791467,0.646,0.01298512145559276,-0.03193188218279884,0.36438631672906674,1,0.06875863306151017,-0.078074802627384,0.3704858270348649,1,0.13050401409402146,-0.0768573706236159,0.36600848937103414,1,0.14757342083557182,-0.02072953257943278,0.3701354336598495,1,0.11407134005929671,0.0402326879508089,0.3671349585954201,1
1049.37174,grid_1548_y644_z568,472.526,646.371,566.227,144.69111462007612,0.638,0.010880373345367626,-0.03200211895204536,0.3625217856702255,1,0.0670065885281019,-0.07813089166141822,0.3715247483096257,1,0.12709374386202232,-0.07591451621726522,0.3612667728613265,1,0.14598329502585092,-0.02099394924257514,0.36830369238273136,1,0.11354159626509028,0.03993424375118167,0.36577797158639747,1
1050.123828,grid_1549_y642_z568,472.28,644.487,566.484,142.8185911252453,0.741,0.00886406695757444,-0.03251207821438629,0.36606924767865634,1,0.06539750296191096,-0.07831729966289616,0.3729631943869123,1,0.126677127164641,-0.07694017843471579,0.3651228336179004,1,0.1471804169444464,-0.021810809762938387,0.373910518274813,1,0.11303597668910512,0.03967139772755583,0.36434881882149106,1
1050.764156,grid_1550_y640_z568,472.257,642.582,566.646,140.92256472616444,0.63,0.006885558906746994,-0.03273106676240073,0.36659243862986296,1,0.06320260782733841,-0.07796692934411473,0.3721464409652432,1,0.12645127988342392,-0.07814646419022088,0.36912099536196347,1,0.145132459044302,-0.022045964470355287,0.37068882636682765,1,0.11162946468788659,0.039373281890289165,0.36018410240771287,1
1051.411541,grid_1551_y638_z568,472.097,640.817,566.554,139.15475516848142,0.636,0.004594574581258149,-0.032449271216861135,0.36461801530286814,1,0.06166753106138543,-0.07833324733287624,0.374631408561687,1,0.12394663457030722,-0.07795775494785151,0.3676450005312786,1,0.14355658727669965,-0.022340134267940945,0.36891446277507833,1,0.1113347122341021,0.03941262916114746,0.3597172489987093,1
1052.052966,grid_1552_y636_z568,472.158,638.699,566.396,137.03196547886188,0.63,0.0027146762624086296,-0.03210288753434152,0.36358237606032145,1,0.05985022704303074,-0.07802235679167133,0.37502074261732615,1,0.12156269819399841,-0.0776061676250695,0.36617093813818935,1,0.14072679485806533,-0.02242747577520223,0.3641365638380075,1,0.11066773584384873,0.0392336134066276,0.3579804429284495,1
1052.794572,grid_1553_y634_z568,471.941,637.005,565.948,135.31973812419238,0.731,0.00021240067227520126,-0.03181990258780542,0.3647026058984194,1,0.05733422073335466,-0.07744010094189643,0.37517896903204173,1,0.11803333691523261,-0.07685038721988617,0.3623761660755621,1,0.14058469250979558,-0.023108816833761408,0.36671893734829536,1,0.11066773584384873,0.0392336134066276,0.35798044292844955,1
1053.440651,grid_1554_y632_z568,472.114,634.79,565.871,133.1037925417604,0.635,-0.0018017790272260186,-0.03151921967227297,0.3640288872323174,1,0.054639061478303344,-0.07587067261094406,0.36958075842792315,1,0.11694259422025369,-0.07739243741015489,0.3647997839944938,1,0.1424636000942085,-0.024044336707244297,0.37389710902232387,1,0.11193641041542075,0.039542894229903605,0.3618267359065904,1
1054.074957,grid_1555_y630_z568,472.173,632.841,565.814,131.1542943787965,0.625,-0.0039977974426701965,-0.03145173613516494,0.36389806479053544,1,0.05328973679527169,-0.07658724232860878,0.374731427119526,1,0.11492263883661695,-0.0773457162921122,0.3644743734626629,1,0.13993631919851188,-0.02411953980523645,0.37012346920035244,1,0.11097793340164183,0.03909984264351315,0.3589609628847771,1
1054.814574,grid_1556_y628_z568,472.23,630.792,565.868,129.10967062927554,0.73,-0.006114280189808042,-0.03118737129667611,0.36309565844330605,1,0.05129532980799382,-0.07625348977178079,0.3749754733382948,1,0.11305706617564486,-0.07731514559782374,0.3645402317970272,1,0.13782051239193643,-0.024317592959778315,0.36694597964707854,1,0.1126277561560669,0.0395445829608778,0.36496268738152515,1
1055.446283,grid_1557_y626_z568,472.037,628.938,566.191,127.27147825023485,0.623,-0.008189082836090444,-0.031202033988399935,0.36015271186246417,1,0.04917709826353832,-0.07588630147654361,0.37386911380544435,1,0.1104884147949198,-0.07677778868522056,0.3620666977740205,1,0.13583447797919357,-0.024425452083183752,0.36424639644661766,1,0.1126738871606614,0.03955792152495761,0.3653439363977985,1
1056.078634,grid_1558_y624_z568,472.16,626.808,566.293,125.1489969476384,0.622,-0.010350696305940415,-0.03154120425682972,0.36215784890884856,1,0.0468163285002612,-0.07521262594932812,0.37131981913707135,1,0.10929897631607913,-0.0772523895089086,0.36394304209649125,1,0.13720882286130767,-0.025147922550198633,0.3707814924062421,1,0.11157240379691886,0.03926185197802414,0.36250168967736307,1
1056.719974,grid_1559_y622_z568,471.895,624.948,566.669,123.30953372712104,0.631,-0.012480883777771524,-0.031628634880953126,0.3622606827940703,1,0.04482132299697465,-0.074752364741561,0.3702825643481019,1,0.10692703734912282,-0.07674412751391887,0.36176430361940437,1,0.13701654121859216,-0.02558471427641996,0.37324791922640055,1,0.11110895496898565,0.03914955811875649,0.36141935951092996,1
1057.480448,grid_1560_y620_z568,472.158,622.566,566.662,120.93098053848738,0.75,-0.015304657075131683,-0.031960288896576754,0.36469290741942206,1,0.04268364157588374,-0.07498232924553425,0.3729919840751069,1,0.10506592904903307,-0.07717265103573658,0.3635682759672116,1,0.13753242118403194,-0.026391073423310773,0.3778923046184602,1,0.11110895496898565,0.03914955811875649,0.36141935951092996,1
1058.22979,grid_1561_y618_z568,471.913,620.816,566.461,119.17232896943825,0.738,-0.017506830192404593,-0.03142658693295833,0.3619286515754216,1,0.04000771527832797,-0.07353644415854829,0.3684746654396235,1,0.10330578209333605,-0.0771753022317975,0.3641316694566887,1,0.13356173798398713,-0.026211005503791497,0.3700826088064501,1,0.11043822357027229,0.0391213751687583,0.3599237372368439,1
1058.972854,grid_1562_y616_z568,471.857,618.824,566.475,117.18373888897723,0.732,-0.019147315775584088,-0.03130239222932472,0.36257624917910014,1,0.03903667727423617,-0.07439082388438795,0.37436877860595275,1,0.10163539000759805,-0.07683735950440178,0.364230237782953,1,0.13217455967786101,-0.02644463210144405,0.36851089891618827,1,0.11034659666914363,0.03895808167159322,0.3607054839975124,1
1059.61167,grid_1563_y614_z568,472.04,616.749,566.369,115.10631947030542,0.628,-0.021340783229989734,-0.03121148537098018,0.3618830462183177,1,0.03682137049954336,-0.07353765939902357,0.3721061842958835,1,0.09928639170734321,-0.0765165893272796,0.36277117657100827,1,0.13081907621913522,-0.02658825768329155,0.36824893462721575,1,0.11037589208409242,0.0388840429281914,0.3615382993924512,1
1060.249538,grid_1564_y612_z568,472.027,614.801,566.346,113.15983171602906,0.626,-0.02352203575049746,-0.031311913316588655,0.36341636254229875,1,0.03460212884202984,-0.07273934359452647,0.3699717123370796,1,0.09771713027641839,-0.07655033034722575,0.3630974843468894,1,0.12926531736018743,-0.026658889628923,0.3669003506915007,1,0.10856630177576518,0.0383764782774806,0.35566831269520394,1
1060.902664,grid_1565_y610_z568,472.151,612.928,566.074,111.2754395947282,0.643,-0.02566923522524639,-0.030734175423156228,0.36037162438237214,1,0.03263308559836581,-0.07278625180265015,0.3728689468970183,1,0.09619260487201312,-0.07651989224764025,0.36496711561567674,1,0.1288322172098969,-0.02702887178968355,0.36855160956970573,1,0.10752952305422828,0.03805635471460158,0.35169351112964825,1
1061.646826,grid_1566_y608_z568,472.126,610.919,566.413,109.28763036135426,0.733,-0.028092934810471565,-0.03103443945182337,0.36259281954242856,1,0.03055509409389374,-0.0719891290473534,0.3703579444048006,1,0.09534323290569162,-0.07723620844350106,0.3689575527438361,1,0.12798811241027977,-0.027242886121199923,0.36965538427748756,1,0.11081386123797739,0.039311477683812726,0.36306515045366294,1
1062.304072,grid_1567_y606_z568,472.161,608.991,566.256,107.35400224490934,0.646,-0.030085951199792314,-0.031019563147967822,0.3626324074424083,1,0.028889570031431482,-0.07212712383824649,0.3733333724297023,1,0.0926968380386095,-0.07626749464684004,0.3652105377455664,1,0.1287888093518521,-0.027847619726490032,0.3746063216953004,1,0.11310188581896537,0.0402351785435477,0.37164429182458447,1
1062.93956,grid_1568_y604_z568,472.373,606.895,566.169,105.25742577604679,0.626,-0.03201919898502422,-0.030544994925829523,0.3608447197489427,1,0.026923045226000152,-0.07151936040857329,0.37279997306030754,1,0.09074543355970857,-0.07604130395221625,0.36422286772552853,1,0.12757081185895633,-0.02822809039929956,0.3748813075108731,1,0.11203557331722266,0.03988090525747624,0.3685321888959138,1
1063.688061,grid_1569_y602_z568,472.233,604.826,566.271,103.19690921728233,0.738,-0.03412985714758937,-0.030400560418841767,0.3598074401743883,1,0.02498403967620337,-0.0714165214753274,0.3747340200575301,1,0.08854377913854485,-0.07542551800172077,0.36376939417673404,1,0.12440742436084866,-0.02794307723812243,0.3684903975779096,1,0.11063032477463819,0.039345566089804926,0.364251263097738,1
1064.322295,grid_1570_y600_z568,472.431,602.622,566.272,100.99788534914974,0.623,-0.03671296995448892,-0.030665269019052217,0.36318661896774596,1,0.022839498390986864,-0.07013327970574099,0.37139158713141895,1,0.08715239156835582,-0.07556446135893279,0.3660505954846166,1,0.12355322950301643,-0.028138008022068516,0.3688505372323409,1,0.10974678431636778,0.0390131747756732,0.3615908876380252,1
1064.964203,grid_1571_y598_z568,472.217,600.759,566.333,99.14077587451092,0.632,-0.038821140724552165,-0.030396463350519924,0.3606358283864548,1,0.0206611067704688,-0.06998652979300383,0.37239375292012766,1,0.08470100824399769,-0.07499671132523328,0.36356792519197967,1,0.12228968784436726,-0.028102520149952633,0.36909811079828503,1,0.10849727556660745,0.038701435561560804,0.35811606725504175,1
1065.593466,grid_1572_y596_z568,472.387,598.496,566.66,96.90401668145651,0.62,-0.04107262015824678,-0.030662396501678773,0.3611608634420588,1,0.018782294356981217,-0.06994817836726355,0.3732714620294849,1,0.08226481150650297,-0.07392874802134922,0.3613039620379249,1,0.12144896224820367,-0.028468841756741536,0.37023906136941137,1,0.11018080458878692,0.03921313474253688,0.3642926244758369,1
1066.38944,grid_1573_y594_z568,472.443,596.249,566.943,94.681915955477,0.786,-0.04423528333333805,-0.03133191176562793,0.36369017105872553,1,0.01646366737164143,-0.06928463053328193,0.3722629776110103,1,0.0803901113882185,-0.07379957630464687,0.36236624912587223,1,0.11914662319257019,-0.028450071167267398,0.36718187403199287,1,0.1093425629118809,0.03911688476163481,0.36145072055551963,1
1067.192404,grid_1574_y592_z568,472.412,594.355,566.993,92.79613452078706,0.793,-0.04646052413824293,-0.03152045095640027,0.36673063754482327,1,0.01461895181839257,-0.06831070378946977,0.368659831948021,1,0.07896212396698675,-0.07364769615388518,0.36278479413383224,1,0.11862461447277475,-0.028564288976247954,0.3680106025761022,1,0.10901650981054889,0.03903208912059296,0.36040522829253446,1
1067.925503,grid_1575_y590_z568,472.418,592.449,567.049,90.89946859030583,0.722,-0.048230132508470136,-0.03114838807021475,0.36289903301717724,1,0.012597332716773092,-0.06844259812909173,0.37225164694283464,1,0.07756168514352983,-0.07387055263298556,0.3657072746375554,1,0.11877664928679806,-0.02907619824346581,0.3725921345055203,1,0.1096529877400492,0.03925070521076193,0.3638079150105482,1
1068.56294,grid_1576_y588_z568,472.378,590.487,567.041,88.94219191137579,0.626,-0.05000166493370144,-0.03085572004226706,0.3623536295059614,1,0.010859862161893951,-0.06765944208036298,0.36969108418929864,1,0.0757241005573425,-0.07300563351460362,0.36460828357449027,1,0.11628433711860989,-0.028903362495791767,0.3684813845503383,1,0.10987277208103971,0.03930793488911815,0.36506442725825533,1
1069.19705,grid_1577_y586_z568,472.644,588.393,566.869,86.84349397623295,0.624,-0.05198957875313108,-0.03054738445583935,0.35968161359870693,1,0.008761290120580061,-0.06668193408651503,0.3688619250734105,1,0.07334751425361934,-0.07230872703237365,0.36210417481490376,1,0.11392054037419552,-0.028679014083116815,0.3642958854762484,1,0.10739026418584825,0.03846109200468978,0.357459137428413,1
1069.940622,grid_1578_y584_z568,472.549,586.446,566.609,84.88163360821946,0.734,-0.05426537921846427,-0.030453675198964282,0.36173134390508077,1,0.006828637581770787,-0.06554274494392415,0.36738715584806636,1,0.07212938446013681,-0.07222985963677298,0.36498351639849985,1,0.11568094277488483,-0.029380626324100028,0.3737844973487494,1,0.10663321783493077,0.03818487646858761,0.35506279796322426,1
1070.635082,grid_1579_y582_z568,472.417,584.63,566.389,83.05327704552063,0.686,-0.05582066375237436,-0.029844674005497653,0.3596494255192003,1,0.004974719987282087,-0.0650883609149584,0.36802653580283684,1,0.0700439553525318,-0.07130026182191543,0.36282932803423407,1,0.11582011584439751,-0.029765090080545842,0.3779671698641832,1,0.10725526575733905,0.03825269720651577,0.3570460144231151,1
1071.275686,grid_1580_y580_z568,472.542,582.621,566.377,81.05010034540365,0.63,-0.058600070023422754,-0.029915864085688148,0.36248872126951676,1,0.003012586474062747,-0.06447692348710443,0.3678033629682952,1,0.06873799873182852,-0.07149778291877658,0.36660102688904916,1,0.11357031541844151,-0.029588798142335986,0.3746692994633042,1,0.10786580730067888,0.038473823941356886,0.3595107617658991,1
1072.085982,grid_1581_y578_z568,472.489,580.683,566.33,79.1137053486942,0.8,-0.060809454032159795,-0.02989635302981312,0.3636818704577286,1,0.0011869089085137416,-0.0637429245202132,0.36838160133869613,1,0.06613971192906873,-0.07005447343271828,0.3620483949133903,1,0.11073833658969442,-0.028915450995711835,0.3686636280867067,1,0.10905634626145752,0.03908764263476539,0.36382997996525496,1
1072.719979,grid_1582_y576_z568,472.636,578.646,566.23,77.07663717365982,0.623,-0.06327628248210743,-0.029925049482288107,0.3647366045208136,1,-0.0008130688517847404,-0.06341081483452093,0.37066231826464363,1,0.06432367743739445,-0.06951397705223306,0.36214157351279275,1,0.1082959477966285,-0.028663250851619006,0.3645689928906696,1,0.10953657220301967,0.03921888569095676,0.3659238950773521,1
1073.359572,grid_1583_y574_z568,472.409,576.83,566.495,75.28543460723336,0.629,-0.06531656177135883,-0.029590000702948788,0.36393061829181345,1,-0.0028360247622751947,-0.06310389020575106,0.371883859015817,1,0.06253789522514959,-0.06896554559722255,0.36294077971760447,1,0.10743107492331497,-0.02876741256867462,0.3666257167842375,1,0.10940016734911148,0.039110619445812234,0.365662792454959,1
1074.091618,grid_1584_y572_z568,472.59,574.737,566.57,73.20805706341345,0.723,-0.06752016739740718,-0.02974789339920913,0.3652976052958342,1,-0.00451085980367449,-0.06268069966269961,0.37167014826794786,1,0.06117644506678106,-0.06854281131444809,0.36354438116629845,1,0.10760720909092918,-0.029165460022447055,0.37103868403449686,1,0.10866436335272775,0.0390463163108189,0.3634409634955366,1
1074.725832,grid_1585_y570_z568,472.472,572.83,566.836,71.33110041209241,0.622,-0.069209232875059,-0.02980530067207423,0.36292926268490006,1,-0.006307513823209157,-0.06190961266005255,0.37066637251360735,1,0.05941734762529327,-0.06802352342903335,0.36431697812824154,1,0.10556811570649711,-0.028915912640461717,0.367977491154348,1,0.10722076268296048,0.03866162113680567,0.358991984102319,1
1075.368816,grid_1586_y568_z568,472.444,570.728,567.151,69.26860853951085,0.63,-0.07147204885123175,-0.03009472926469845,0.36314537385025014,1,-0.008304761329979867,-0.06156545434752847,0.3708482652036441,1,0.05776454080343209,-0.06734098787948747,0.363730770152295,1,0.1028891403493001,-0.02831371627113207,0.3621787817672299,1,0.1056437455267885,0.03798200467509129,0.35412658069098946,1
1076.030476,grid_1587_y566_z568,472.289,568.847,567.311,67.41235018155056,0.651,-0.07413394831062894,-0.030393564241989874,0.36474581988078764,1,-0.010125594565291076,-0.06046031793882043,0.3690656746173652,1,0.05617376325576205,-0.06701065805227616,0.36604737134906884,1,0.10198428980440541,-0.028200135389066926,0.3637148010768287,1,0.10634408496006667,0.038415058006197,0.3578316311744678,1
1076.772711,grid_1588_y564_z568,472.409,566.607,567.54,65.21119460644773,0.731,-0.07642924389431863,-0.030457200342460588,0.3649009595236836,1,-0.012168907264203357,-0.06011409733384916,0.3699026242924007,1,0.0530158698054197,-0.06509106826949414,0.3591209917828925,1,0.10237443045056302,-0.02874790871245591,0.3693363525400824,1,0.10677240376228547,0.0386451649824381,0.3596179724224167,1
1077.419182,grid_1589_y562_z568,472.37,564.727,567.328,63.318992056096405,0.635,-0.07846628150277626,-0.030232819600876416,0.3649840064436914,1,-0.014216445057152114,-0.059648543553262344,0.37252487835023834,1,0.05161570735330991,-0.06461960224231644,0.36109577726212716,1,0.10090168557280195,-0.028436165183910123,0.3696020270592676,1,0.10740221822026208,0.03876086669921445,0.3615446924044382,1
1078.050991,grid_1590_y560_z568,472.439,562.656,567.275,61.256021679505075,0.622,-0.08065191361362375,-0.02996476963583346,0.3651156945433761,1,-0.016121408690744916,-0.057868726375047544,0.36724718422649166,1,0.049744953712910114,-0.06385663845467376,0.36158828816598926,1,0.09816961827578713,-0.027780447669473612,0.3639091238652175,1,0.10806674403760512,0.03893868021741127,0.36528554204387337,1
1078.792204,grid_1591_y558_z568,472.547,560.532,567.085,59.125691234860064,0.732,-0.08293367278118903,-0.029749548842568214,0.3657435105406072,1,-0.017933134377929035,-0.056943512566988694,0.36766182723198393,1,0.04711442580653173,-0.06196672091463662,0.3557041499129262,1,0.09780564625854582,-0.02792165099204929,0.3668049999011965,1,0.10749115384327859,0.03880171963337427,0.36384209603604617,1
1079.425739,grid_1592_y556_z568,472.426,558.71,567.104,57.31708211345033,0.623,-0.08590149387535335,-0.029851652904371657,0.36841348757958364,1,-0.019840235559165073,-0.055987935066715865,0.36660831375913133,1,0.04549723840910638,-0.061459636512937364,0.357488388950305,1,0.09841985536033379,-0.028225204232163403,0.3734496461165636,1,0.10716377714136782,0.03880889104808891,0.3628965439048686,1
1080.063281,grid_1593_y554_z568,472.504,556.636,566.957,55.24154042928201,0.627,-0.08806366368260285,-0.02964666261065065,0.3684471682903755,1,-0.021719009410504957,-0.055094684227430045,0.3667970049793244,1,0.0440184114635397,-0.0610034708366959,0.3603035461451492,1,0.09569326684775256,-0.02730699138864832,0.3684294583108393,1,0.10939734554486931,0.0397855123670159,0.3708078471756592,1
1080.716756,grid_1594_y552_z568,472.704,554.556,567.017,53.18825762327628,0.642,-0.08992681598109126,-0.029158606092644083,0.3661843521560299,1,-0.02373222068649572,-0.05417418576476424,0.3652920761238857,1,0.04242876351728713,-0.0604704557849232,0.3633572561587519,1,0.09399558090342638,-0.027007488350285703,0.36762612243681336,1,0.10932544554556738,0.03967933863506912,0.37109566991404747,1
1081.461133,grid_1595_y550_z568,472.694,552.535,567.067,51.190906868310115,0.734,-0.09304833224393311,-0.029451060396280627,0.3698218638945826,1,-0.0255835411974641,-0.053511457141234994,0.36443315807008536,1,0.0405757233571095,-0.05948121166512118,0.3625150788651337,1,0.09223403928064472,-0.026558411362099667,0.3651455538264803,1,0.10614970669752015,0.0383686032105829,0.3607808087067464,1
1082.098227,grid_1596_y548_z568,472.619,550.694,566.777,49.32669905842068,0.627,-0.09431253217324402,-0.028785641282139597,0.36742516570515377,1,-0.027313155715398118,-0.052265554100520265,0.3631266530630787,1,0.03914405237398157,-0.05883904865344264,0.36476447926239797,1,0.09283939159083592,-0.02656680293994106,0.3723430095082317,1,0.10559808393934422,0.03843061667301815,0.3592421651260233,1
1082.744053,grid_1597_y546_z568,472.759,548.677,566.758,47.32842589818517,0.637,-0.09721738222112357,-0.02865834468140995,0.36957667347456685,1,-0.02971356973504443,-0.05161486263468753,0.367226861975605,1,0.037060108794782,-0.05765704699864451,0.3638432759357594,1,0.09188261230611654,-0.026485959936230163,0.3748162704964516,1,0.10643433326607699,0.038752583299844566,0.3628649098532134,1
1083.489821,grid_1598_y544_z568,472.756,546.618,566.769,45.29164400858073,0.735,-0.0999777544494139,-0.028791885105304678,0.37282161226743754,1,-0.031651070477004,-0.05119190734797656,0.36915148860859026,1,0.035571039155089454,-0.05674344007918788,0.36451092341974833,1,0.0889178718546447,-0.025707069111287194,0.36837154861265875,1,0.10604829803995482,0.03874433337274272,0.36229195482259857,1
1084.125374,grid_1599_y542_z568,472.679,544.735,566.83,43.43683268839941,0.625,-0.10180824396418853,-0.028661892472902933,0.37121923552241637,1,-0.033728448483461945,-0.05028488195011972,0.37015191609529124,1,0.033715879934911576,-0.05589008157099125,0.3658836163912529,1,0.0882390555971799,-0.025507405119090117,0.37186949917341655,1,0.10592297275161541,0.03874617854939416,0.36200970212445455,1
1084.759268,grid_1600_y540_z568,472.809,542.604,567.028,41.36680394954396,0.624,-0.1045794308224206,-0.028809413487481218,0.3727107450745488,1,-0.03572424953994966,-0.049410568168502825,0.36999509264080255,1,0.03172944418152719,-0.054484116629332294,0.3652691922881645,1,0.08633916289579262,-0.025008060069976933,0.3690346346712777,1,0.10611936478458942,0.03879373494160502,0.36278421319841325,1
1085.416415,grid_1601_y538_z568,472.665,540.651,567.061,39.44401005222464,0.647,-0.10630336505032086,-0.0284337104960296,0.3705369518595454,1,-0.03757187134164201,-0.04809466830237046,0.36813389630272725,1,0.029707086462626136,-0.053293882336283814,0.36528941826226996,1,0.08478461645156798,-0.02449423538607695,0.36902687036773807,1,0.10615574193138728,0.03904394647823304,0.36424813048071075,1
1086.155157,grid_1602_y536_z568,472.811,538.34,567.471,37.250882405655894,0.729,-0.10920426225684307,-0.02888700429213768,0.37156890118289815,1,-0.03985409619681076,-0.047540946727611284,0.36979124191703916,1,0.027313838771007237,-0.0515014196211518,0.3620173366931631,1,0.08409847279963416,-0.024124350365231046,0.37238807234722465,1,0.10465137498817997,0.03868233252536824,0.35986154421201544,1
1086.785599,grid_1603_y534_z568,472.589,536.566,567.442,35.50094433955249,0.62,-0.11164452597907366,-0.02882076343726217,0.3743877025325922,1,-0.04119242106032161,-0.046223982272039894,0.3669297898623994,1,0.025813474382042567,-0.05033290072535498,0.36180240725852214,1,0.08171291429861478,-0.023305046369809474,0.36692833880561404,1,0.10579066859442521,0.0393557929366973,0.3645008159444526,1
1087.423036,grid_1604_y532_z568,472.69,534.504,567.616,33.524728932535794,0.628,-0.1135065171844678,-0.028716744553590006,0.3725998137139083,1,-0.04335538990502835,-0.04531473010505107,0.3669865469735981,1,0.02385284479152347,-0.049029985044019064,0.36267178086871354,1,0.08099433955620534,-0.023071188217725063,0.37110761955354643,1,0.10439535995660942,0.03884592832560292,0.36062764506550316,1
1088.176277,grid_1605_y530_z568,472.906,532.487,567.558,31.554085931935965,0.741,-0.11607863622239337,-0.028653188608855136,0.3734840696986957,1,-0.045767806750268133,-0.044593974547400925,0.3697120818101709,1,0.02197849503309205,-0.04778321202754597,0.3630352126452238,1,0.07843507276336173,-0.022204713495432377,0.36618492690631854,1,0.10550434156826949,0.03929965759953424,0.36469670388844444,1
1088.81292,grid_1606_y528_z568,472.545,530.747,567.764,29.904208499808167,0.627,-0.11845411540183867,-0.02877960876647548,0.37492233550753745,1,-0.047412784665708294,-0.04344744299978999,0.3686406222057223,1,0.020253369386638687,-0.046515070047622585,0.3632410322715039,1,0.07613316783851862,-0.021308410601282603,0.3610995027226666,1,0.10577958383962446,0.03922530860533463,0.3660398338845659,1
1089.448872,grid_1607_y526_z568,472.763,528.605,567.544,27.784884127885107,0.624,-0.12111880423225271,-0.02840789833481582,0.37597948325969854,1,-0.04943622228088386,-0.04231543539668866,0.36890743071015797,1,0.018354950731283882,-0.04477129426012216,0.3617099155506799,1,0.07625239183089774,-0.02102566474113902,0.3697410372932266,1,0.10513951110588526,0.03919111066391587,0.3646960363695432,1
1090.090351,grid_1608_y524_z568,472.719,526.532,567.557,25.793095277612636,0.63,-0.12444866181506176,-0.028383807371064967,0.3794466861653952,1,-0.05121678155727557,-0.04091145206736355,0.36675458680217227,1,0.01626540083425937,-0.04287910193344329,0.360077793510725,1,0.07466904209493581,-0.020256480842700045,0.3695389396520564,1,0.10454624632418044,0.03915814371756929,0.36412922012373067,1
1090.850362,grid_1609_y522_z568,472.919,524.508,567.395,23.819531145679637,0.751,-0.12612987480967947,-0.02789337035832773,0.37686979714638114,1,-0.053825146685583136,-0.03953178449769234,0.3693575482802605,1,0.014222479640456254,-0.04164049859592828,0.3640046739493597,1,0.07383573412423197,-0.019457953660470824,0.3746997887204298,1,0.10442969894401215,0.03912573541342568,0.36344957773705994,1
1091.492983,grid_1610_y520_z568,472.783,522.677,567.165,22.001549877224587,0.632,-0.12712127164706227,-0.027320711043271283,0.3743076859380482,1,-0.05574050245268982,-0.038439634273459145,0.3701479306137,1,0.012566698723785635,-0.040300820628664885,0.3646303210899272,1,0.07182405117512661,-0.01866044972964819,0.3713211188221402,1,0.10425118413178666,0.039154530751075306,0.3642461240707452,1
1092.141819,grid_1611_y518_z568,472.954,520.57,566.978,19.959590927671886,0.636,-0.1299708486367248,-0.026816600120026568,0.3749253587854586,1,-0.05765470898882101,-0.036679510696344696,0.36731061395143083,1,0.010296295611288784,-0.038086298236060113,0.36268928866814704,1,0.06948845508217447,-0.0175486554728627,0.3683472999806995,1,0.10301833844683542,0.038760654041924594,0.3611162810785191,1
1092.880188,grid_1612_y516_z568,473.063,518.47,566.797,17.940373909146984,0.728,-0.13308069871412936,-0.026783942513740937,0.3780594345043839,1,-0.06043690184569232,-0.03577464468440746,0.3730537699257131,1,0.008417906865197161,-0.036211470835591446,0.36210990839135376,1,0.06742962214787192,-0.016360893068728694,0.3659632482535102,1,0.10275674989321089,0.03895355447088518,0.3613668354830044,1
1093.515293,grid_1613_y514_z568,473.203,516.436,566.657,16.02416687381912,0.624,-0.13494389470176524,-0.026310620990919666,0.37640635658451693,1,-0.06212562735896675,-0.034093579470675185,0.36948074506232176,1,0.006268752707801249,-0.034479987627732585,0.3646461568333562,1,0.06643966923032107,-0.015418180447697332,0.3693396534702706,1,0.10364810377958064,0.03953201543836722,0.3653506043721125,1
1094.168104,grid_1614_y512_z568,473.032,514.492,566.902,14.366162535625163,0.642,-0.13592376924063015,-0.02579610704717576,0.37324588721427354,1,-0.06445684218890743,-0.03264762622886793,0.37001311208095,1,0.0041881531174203105,-0.0324786761884973,0.36292010714264894,1,0.06522369036728737,-0.014506676900738502,0.37299800701498476,1,0.10291386613538948,0.03976460935226309,0.3640961254268775,1
1094.805178,grid_1615_y510_z568,473.128,512.384,567.08,12.648203745987061,0.627,-0.13881502096149512,-0.025786850123019466,0.37432023314742996,1,-0.06706685435616716,-0.03161831926966675,0.37278229652690387,1,0.0021107428779716165,-0.030525290043066748,0.3637555218075905,1,0.06257962380710339,-0.013023992864559695,0.3693089831976394,1,0.1022267234965248,0.03960649924426758,0.36226446201044443,1
1095.543779,grid_1616_y508_z568,473.118,510.286,567.207,11.03179536612242,0.729,-0.14078030287414037,-0.02574717629154848,0.3727771831015026,1,-0.06882609414921385,-0.029721731663798417,0.36875530834054626,1,-0.000189861826744478,-0.027929627060323054,0.36040985169861495,1,0.06050825270201793,-0.011631028442380769,0.36849689759520243,1,0.10136314852592662,0.039399908178364036,0.3610067996662215,1
1096.181095,grid_1617_y506_z568,472.974,508.305,567.392,9.708145600473909,0.626,-0.1442680183599918,-0.025813818259575384,0.37702120679703177,1,-0.07050481249016453,-0.028233465303001044,0.36752575298170753,1,-0.0021203316686690113,-0.026355390130441893,0.364593602968316,1,0.05840475395561726,-0.01014996995893757,0.3653840969352398,1,0.1034781106456828,0.04042705383134643,0.3698293315155825,1
1096.83304,grid_1618_y504_z568,472.943,506.362,567.459,8.581603812807918,0.642,-0.14704052131403017,-0.0258335677136166,0.37804641019922613,1,-0.07326079120124857,-0.026832334568726423,0.3698540241496973,1,-0.004482074845362408,-0.02412721936713534,0.36677994163293437,1,0.05658908376541201,-0.008554728870726353,0.368724243996127,1,0.10211861115360832,0.04026885425698224,0.3659711417471614,1
1097.572532,grid_1619_y502_z568,473.031,504.225,567.488,7.704600314098117,0.729,-0.1483753060687764,-0.025297954516263415,0.3760425557139877,1,-0.07583595919430758,-0.025579023832649993,0.3726216353418119,1,-0.006631407964973182,-0.021581226776713036,0.36476980256859487,1,0.05408927102233361,-0.007003035421724417,0.36474585929969916,1,0.10170753991417147,0.04034695495516731,0.36578090605021985,1
1098.208766,grid_1620_y500_z568,472.889,502.422,567.42,7.250421849796,0.625,-0.1520925334679936,-0.025137916888591655,0.3792807841335311,1,-0.07763107396350306,-0.023625244285257106,0.3701954429475277,1,-0.008908975563430137,-0.019127425322600932,0.36669065913979254,1,0.052097635497527814,-0.005172055847724091,0.36356423976677477,1,0.1009040360986718,0.040042542230313685,0.3640628728627366,1
1098.858104,grid_1621_y500_z570,472.572,502.102,568.158,7.92123917073585,0.639,-0.15302858703389005,-0.02550577734772704,0.38015933165427473,1,-0.07901701518003847,-0.02338759619204598,0.3727838782178803,1,-0.009703038000651337,-0.018305423863151364,0.363010722861838,1,0.05151765807086017,-0.004447379847742605,0.3651087402700675,1,0.1006929044909642,0.03994750974467997,0.3636397431176546,1
1099.494925,grid_1622_y502_z570,472.636,502.185,568.701,8.4708978272672,0.625,-0.15240286447746332,-0.02623442617896915,0.3792264091155849,1,-0.07832706897161183,-0.023703801016923987,0.37063854270101837,1,-0.009781391971559545,-0.01873271140708594,0.367146157526166,1,0.05149209847620549,-0.004509855509903853,0.364542298464736,1,0.1006929044909642,0.03994750974467997,0.3636397431176546,1
1100.232051,grid_1623_y504_z570,473.202,502.516,570.038,9.885076125149462,0.726,-0.15239495544972598,-0.02750591504577456,0.37947132468522327,1,-0.07855803594296817,-0.025022771730316785,0.37298571324942964,1,-0.009042511468609274,-0.018864745526531817,0.3555724634860334,1,0.05124452641764186,-0.0049122940241201115,0.3613305564987878,1,0.1006929044909642,0.03994750974467997,0.3636397431176546,1
1100.866754,grid_1624_y506_z570,473.618,503.825,569.988,10.083792689261356,0.622,-0.1517861840265837,-0.027952528451149837,0.380371220917901,1,-0.07761459681199415,-0.026133448266387117,0.37268580895449965,1,-0.008099817331893213,-0.020559752239934913,0.3617782541269562,1,0.0527638642973121,-0.005879053021471939,0.3648888903624091,1,0.1006929044909642,0.03994750974467997,0.3636397431176546,1
1101.504493,grid_1625_y508_z570,473.493,505.891,570.147,10.815144428069416,0.628,-0.1496446533814502,-0.028361726917484363,0.3798129693020291,1,-0.07535377413372472,-0.027738155318154385,0.3727652313549525,1,-0.006047916777071798,-0.022792390954446472,0.3625982539942146,1,0.054560322437986176,-0.007489340624788021,0.36558655469540463,1,0.10237044430879216,0.040534006358620395,0.3683274136429855,1
1102.243518,grid_1626_y510_z570,473.562,507.994,569.841,11.52732167504666,0.729,-0.14696059176994197,-0.028356641002556377,0.3788646670460933,1,-0.07372346290469728,-0.02957243890926394,0.3764206034684393,1,-0.0038425216497111033,-0.025627141038664626,0.36673582935174803,1,0.05663351128500192,-0.00909985005645062,0.3667085610567006,1,0.10226834122662828,0.040276032721236685,0.3668237124180562,1
1102.882955,grid_1627_y512_z570,473.829,509.655,569.917,12.597123520867779,0.628,-0.14433012274498427,-0.02857091801812055,0.3772063700980749,1,-0.07045395899550078,-0.03047067701849023,0.36912143758876437,1,-0.001761310003981588,-0.02739995771351947,0.3621733453296339,1,0.058797224176358964,-0.010634076575803664,0.36734087730961185,1,0.10242418846099721,0.04010299659662958,0.3657454051245986,1
1103.521256,grid_1628_y514_z570,473.817,511.966,569.395,13.801481949413985,0.627,-0.1428880833615633,-0.02859811530454819,0.380246793312795,1,-0.06827359185195828,-0.03206148468587463,0.3703686768508301,1,0.0006434191656203313,-0.029759049296597125,0.3631128295865479,1,0.06156137283350135,-0.01224389475732145,0.37200623249754355,1,0.1027715073584978,0.03981209477298342,0.36546600357161757,1
1104.161298,grid_1629_y516_z570,473.834,513.831,569.602,15.354102350837715,0.63,-0.13920341468227515,-0.028764554030967716,0.37671051778208997,1,-0.06575592176247644,-0.033439047780727295,0.36783947788289745,1,0.0027715475157092185,-0.032139537691060024,0.36512133996111895,1,0.06239533989689818,-0.013406674079319345,0.3663403024577866,1,0.10269538764771531,0.03980580601855559,0.3641651205651213,1
1104.907401,grid_1630_y518_z570,473.683,516.174,569.228,17.034249880754917,0.735,-0.13588154175963024,-0.028716992899933326,0.3744342091948338,1,-0.06283158644709792,-0.03472627313560544,0.3656404791227588,1,0.004973427092315557,-0.034036859069358376,0.3627130472480376,1,0.06431573177916859,-0.01467604444477058,0.36505488410761466,1,0.10350588845866844,0.03981085889054468,0.36595000031744856,1
1105.554611,grid_1631_y520_z570,473.776,517.964,569.432,18.678057340098373,0.638,-0.1341143303957772,-0.02902547256403935,0.37466859910876116,1,-0.06130630244438941,-0.03621159175989434,0.36812766818355624,1,0.006770153684388032,-0.03577737656948724,0.362546094772188,1,0.06718740689987898,-0.016011845797505933,0.37164961626599197,1,0.10418843015384696,0.039798978937251255,0.3674378904498279,1
1106.189725,grid_1632_y522_z570,473.75,520.122,569.353,20.53607715704239,0.624,-0.13192794452961434,-0.029340073186546876,0.37597195478934936,1,-0.05902982113436682,-0.03769490202096608,0.3682533464561565,1,0.009180729530363295,-0.03776118184837706,0.36371230971803614,1,0.06896434042843805,-0.017056572869267907,0.37159315354173883,1,0.10164625374398087,0.038732944556143935,0.35737034033741377,1
1106.932507,grid_1633_y524_z570,473.823,522.033,569.543,22.342129374793295,0.731,-0.13074561529013734,-0.029726982671424852,0.3776332144900835,1,-0.057168768870590005,-0.038786531913621455,0.3670884503794239,1,0.010887092403180188,-0.03925747717904088,0.3602925691268119,1,0.07018378242579656,-0.017947373874113565,0.3705666673164246,1,0.10285509787797811,0.038859992997781936,0.3605356643144641,1
1107.570346,grid_1634_y526_z570,473.847,523.782,569.671,23.989097607038147,0.627,-0.12752433610153516,-0.029678171985125616,0.37436394587970295,1,-0.05540686003109935,-0.040114692857635706,0.368227496249277,1,0.012866276619984119,-0.04127246249150298,0.36408205558344503,1,0.07149760232895214,-0.018714262303485673,0.36910519389126917,1,0.10447370406556514,0.03926230349570444,0.36508245264506345,1
1108.222011,grid_1635_y528_z570,473.777,525.576,570.209,25.839069178281186,0.641,-0.12563433121633288,-0.03066100212923738,0.3754802220418843,1,-0.05348530888430917,-0.04199471985728228,0.3701727107890426,1,0.014709892658039542,-0.04293592301093672,0.3643773035889418,1,0.07385225469635436,-0.01970089656805832,0.3727904216462895,1,0.10445803071411805,0.03932223804792921,0.36374891932250325,1
1108.86698,grid_1636_y530_z570,473.773,527.816,569.923,27.8129780498242,0.635,-0.12301084124854895,-0.030822811557375977,0.3743653664997022,1,-0.051110326275679574,-0.04299181348318026,0.36750018550776387,1,0.016655065513412986,-0.04382236603611701,0.3595639983276466,1,0.07392020576276784,-0.020166321935989058,0.36563883201000796,1,0.10645275383785144,0.03990484891285477,0.3704961582694811,1
1109.617686,grid_1637_y532_z570,473.604,529.695,570.323,29.69965269157206,0.739,-0.1206317556633173,-0.031008673284957322,0.37456006451758966,1,-0.048953678962707636,-0.04422316046719388,0.3675878607978423,1,0.018824843448706424,-0.0459448802079093,0.36349081044573406,1,0.07538102286703818,-0.020975148058859524,0.3647724502862963,1,0.10541269569229066,0.039414446114809834,0.3661417812931173,1
1110.259715,grid_1638_y534_z570,473.86,531.648,570.244,31.531726530591428,0.631,-0.11832166553868535,-0.031209768040139595,0.37356862179716693,1,-0.04742134665334258,-0.04556747581273578,0.3702832467148438,1,0.02043515194439745,-0.04693213292689339,0.3603240391202983,1,0.07738685436283739,-0.02156583090377297,0.36744127425156764,1,0.10556933996820475,0.03922219225391984,0.3661236220844174,1
1110.896651,grid_1639_y536_z570,473.793,533.704,570.089,33.434355384843286,0.625,-0.11515950805934194,-0.030952400629616,0.3698000131771522,1,-0.04518845466449475,-0.04660080910927512,0.3691626410581492,1,0.022189528853475436,-0.04774793599057516,0.35685565871827685,1,0.07963953891391076,-0.022533869497911328,0.3718543945494619,1,0.10445164285336797,0.0388670189945292,0.36217471836101034,1
1111.640443,grid_1640_y538_z570,473.875,535.665,570.189,35.34293384822485,0.734,-0.11292259343327404,-0.031103919625577115,0.3693532374951272,1,-0.04284466025619281,-0.04708443412994015,0.36492210876895653,1,0.02442145519400182,-0.04977872993284397,0.36092704651708407,1,0.08149022746260157,-0.023061783679387503,0.37259051018920997,1,0.10383974175491235,0.03870752862550431,0.3600529345814724,1
1112.283678,grid_1641_y540_z570,473.744,537.895,569.728,37.35854701403682,0.633,-0.11027030295901823,-0.031051672429302686,0.3690605814835447,1,-0.04108817372582847,-0.04825663978528259,0.36710769837229995,1,0.026726587800766595,-0.051841831398125746,0.36577495476805666,1,0.0832906158528685,-0.023839460215302637,0.3732429777297497,1,0.10529025613350348,0.03921212861933367,0.36347651535717046,1
1112.920286,grid_1642_y542_z570,473.957,539.778,569.673,39.17876174664027,0.625,-0.10864981990913922,-0.031147823134232516,0.3710644338657409,1,-0.038983089445437,-0.04914271813609108,0.36680558655755713,1,0.028448198938220776,-0.05285693881513468,0.36517022270068245,1,0.08415002487829641,-0.02415302546957356,0.3703608561735594,1,0.10579875425232485,0.039242851326416736,0.36380605923188336,1
1113.566715,grid_1643_y544_z570,473.843,542.035,569.288,41.27852431955386,0.635,-0.10632362895969008,-0.031071616638965478,0.37119143408843136,1,-0.037085454422764494,-0.05018232610420699,0.3681838031216892,1,0.030585916863149258,-0.054318298726850164,0.3658791362843338,1,0.08582247353665048,-0.02486380278388222,0.37122350477909716,1,0.1072172897855392,0.039449147692227904,0.36781684092201516,1
1114.323281,grid_1644_y546_z570,473.893,543.997,569.333,43.20479872653034,0.746,-0.10357742450872764,-0.030962744963303736,0.3695068826556929,1,-0.03457799146182794,-0.05102960653484921,0.36572759755522205,1,0.03235619609960609,-0.055291424019978254,0.3631216331388222,1,0.08711574083487776,-0.025289623040451716,0.3708946752018051,1,0.1063702658596116,0.0389145352609737,0.36373782694260515,1
1114.961641,grid_1645_y548_z570,473.814,546.181,569.261,45.32214096884662,0.628,-0.10088418478852583,-0.031017643426306352,0.36802022934216694,1,-0.033076099148409414,-0.05240141652148158,0.36982338657703384,1,0.033970477233069965,-0.05608321492621675,0.36199173185474964,1,0.0878331699445883,-0.025468379443221584,0.3684076603421847,1,0.10592297275161541,0.03874617854939416,0.36200970212445455,1
1115.601551,grid_1646_y550_z570,473.932,548.081,569.25,47.18726246562735,0.631,-0.09914106694372664,-0.031343210819150535,0.36994939264485077,1,-0.03105183339676233,-0.05326061917697095,0.3696874450963706,1,0.03581020573091035,-0.056796527433231436,0.3600433827743661,1,0.09001093654277018,-0.02609138060856676,0.3709828657777942,1,0.10613184823218107,0.03874310325497509,0.3624801232880279,1
1116.354587,grid_1647_y552_z570,473.831,550.147,569.333,49.22592557789042,0.742,-0.09617744701837803,-0.0312695804125747,0.36657155546202996,1,-0.02902591433239395,-0.054050859431067064,0.36896474796528034,1,0.038145075319727745,-0.0585388262739317,0.3643307462884896,1,0.09119946912123987,-0.026365362148008126,0.37016721583360257,1,0.10634072371274675,0.03874002796055602,0.36295054445160124,1
1116.996845,grid_1648_y554_z570,473.844,551.987,569.465,51.05820151552539,0.631,-0.0936349605742157,-0.031349544389071074,0.3649458136432497,1,-0.026846461755345618,-0.05459081902734699,0.3662280971307542,1,0.039762303044190345,-0.059323332555445175,0.36254226309134724,1,0.09119312614720351,-0.026491962347634134,0.3655775778515845,1,0.10615858019983752,0.038552354250369326,0.3612378468619345,1
1117.652341,grid_1649_y556_z570,473.611,554.185,569.437,53.206676996407104,0.646,-0.09101787232650135,-0.031466186917003175,0.36414721428087177,1,-0.025097979254265584,-0.056086910153895095,0.3698395062059482,1,0.04103518198827716,-0.059688864469368254,0.35875481006630605,1,0.09323207963983753,-0.026923202380420452,0.36769166853962043,1,0.1063458072383368,0.03843477805054082,0.361370025225923,1
1118.289124,grid_1650_y558_z570,473.677,556.005,569.735,55.05198943725833,0.626,-0.08884499697612183,-0.031888910216009744,0.36364371810470847,1,-0.023006704283170334,-0.05639972081908534,0.3662311526671608,1,0.04288788101057051,-0.06074279339702517,0.3593286587284628,1,0.09463298942520806,-0.02702809260522051,0.3678490160178375,1,0.10883894792421996,0.0394604754709965,0.36955337392022847,1
1119.032139,grid_1651_y560_z570,473.648,558.239,569.64,57.236228064050536,0.732,-0.08652676094193232,-0.03206716621955595,0.3644442824231578,1,-0.020635474630199147,-0.05733753155047362,0.36557239354373894,1,0.04550760101992228,-0.06263839278791487,0.3630723798726657,1,0.0976124997934615,-0.02797600157784443,0.3732328106138832,1,0.10749859091960187,0.038981168307125634,0.3643410523501255,1
1119.679133,grid_1652_y562_z570,473.711,560.116,569.72,59.10253728056014,0.637,-0.08501099399042752,-0.032353724823765216,0.36605383559495286,1,-0.019008739835956405,-0.05805727992918828,0.36586521684739715,1,0.047257598304985736,-0.06354592148134057,0.3634695158497749,1,0.09811849417810567,-0.028092729594240327,0.37101018538289166,1,0.10713756233402565,0.03881514522815206,0.3628579268534004,1
1120.31712,grid_1653_y564_z570,473.581,562.125,569.868,61.10459365710571,0.628,-0.08259285816948633,-0.03243693370886844,0.36560435923621115,1,-0.01712245112637457,-0.05963578921827047,0.36957920984723525,1,0.04915363445182726,-0.06443201516679095,0.36357243817215634,1,0.09738302297590647,-0.027639901765395724,0.3630532746110001,1,0.10820244059592765,0.03901060732041901,0.3662978283888104,1
1121.055603,grid_1654_y566_z570,473.777,564.235,569.569,63.14969194699214,0.728,-0.08045773223714142,-0.03238289490566322,0.3653566129502885,1,-0.015259046278172378,-0.06039552671617637,0.3702887211132327,1,0.05092495756519637,-0.06516464492945731,0.3629366353912604,1,0.09898287673396189,-0.027887029142640785,0.3651058903262814,1,0.10829047084423593,0.03895731739381268,0.36493455390218965,1
1121.698788,grid_1655_y568_z570,473.562,566.222,570.099,65.18619685945792,0.631,-0.07774827979615011,-0.03250657466690713,0.3629273873007836,1,-0.01302650164293156,-0.060601269860416154,0.36639375437387917,1,0.05313347629803411,-0.06612184960689058,0.3642849238156819,1,0.10103921513546218,-0.02843145797335388,0.3677048311274126,1,0.10710616406820353,0.03871433311368388,0.3606814269582551,1
1122.343667,grid_1656_y570_z570,473.971,568.213,569.294,67.05366061595741,0.634,-0.07575515728470048,-0.03234101668458298,0.36388466655223606,1,-0.011188189642452754,-0.060657723028650946,0.36341667661899374,1,0.05478546969442318,-0.0665425011843153,0.3623778940158638,1,0.10192190578808347,-0.028367922301858462,0.36588408856822036,1,0.10681010991614495,0.038667799528153315,0.3598181615120721,1
1122.983444,grid_1657_y572_z570,473.774,570.303,569.368,69.12786872889981,0.63,-0.07275260153024803,-0.03203260423451028,0.3603816808106172,1,-0.009247032560803042,-0.06178810433132267,0.36582378994635506,1,0.0564058764325915,-0.06699646638202031,0.361887049023956,1,0.10193628767161753,-0.028142320655363852,0.36149536513852687,1,0.10654616683912858,0.03850935770814682,0.3584168378844844,1
1123.717697,grid_1658_y574_z570,473.651,572.439,569.126,71.21120890702528,0.724,-0.07075802697861608,-0.03212321168503559,0.3623327200745483,1,-0.007162017056331328,-0.06317617940468694,0.3699462178482217,1,0.05834506119567371,-0.06772894602286166,0.36156392850429997,1,0.10519942212055074,-0.028954258875025063,0.3685228977381324,1,0.10662511798143841,0.038433555587530754,0.3572431826709651,1
1124.350821,grid_1659_y576_z570,473.982,574.183,569.342,72.97721317644297,0.623,-0.06921353176415605,-0.032458642077195066,0.3631801789294554,1,-0.005517530143373042,-0.06359911778674383,0.3681420212472746,1,0.0596391754890833,-0.06819852620682612,0.3604075746549242,1,0.10675000855244694,-0.029135728138561107,0.37061949843008396,1,0.10668436723019939,0.03843368622909169,0.3568470242584726,1
1124.986847,grid_1660_y578_z570,473.806,576.184,569.474,74.97332929782429,0.624,-0.06731282212197476,-0.03293780441583142,0.3647595037955786,1,-0.0036441974236458624,-0.06443636677221436,0.36834291921727563,1,0.06190272762456996,-0.06927109938893025,0.36323360931308735,1,0.10753766239608568,-0.028949462010141848,0.36920909351189024,1,0.10851320492047334,0.03886383723005736,0.3626735029894137,1
1125.745763,grid_1661_y580_z570,473.799,578.159,569.345,76.91760951173666,0.749,-0.06508152821832319,-0.032848832258801246,0.36388331044580635,1,-0.0018531564108591639,-0.06548286396424367,0.37198397387838833,1,0.0634977981556638,-0.06962215649077984,0.3618246330509158,1,0.10734246472217124,-0.028582130377842685,0.36437016176548054,1,0.10940016734911148,0.039110619445812234,0.365662792454959,1
1126.381607,grid_1662_y582_z570,473.876,580.117,569.451,78.87591025148298,0.624,-0.06280913697891762,-0.03302462906508257,0.3628427494113173,1,0.00023321816790319608,-0.06615524450943125,0.3717699822160073,1,0.06516134583414908,-0.07015290757893437,0.36133326256824094,1,0.10823768179224942,-0.028489032689378378,0.36303719765841147,1,0.10944563563374754,0.03914670819419374,0.36574982666242334,1
1127.018615,grid_1663_y584_z570,473.985,581.856,569.86,80.65322950136593,0.627,-0.06061555611484196,-0.03327023149112491,0.361689572622703,1,0.0019805367350418076,-0.0661368379967773,0.3670696577545982,1,0.06706454496699041,-0.07089919380895593,0.3612574542485897,1,0.1124803471250442,-0.02938888128480433,0.37344935316140926,1,0.10832106345703844,0.03869147816847442,0.36154151141960084,1
1127.665156,grid_1664_y586_z570,474.154,583.889,569.528,82.63834424164128,0.635,-0.05811347160788503,-0.0333232220364711,0.35944942611834646,1,0.003965653684334684,-0.0669964451680003,0.36825597448119324,1,0.06913982823647027,-0.07165819387930913,0.36295739395317417,1,0.1144134889506215,-0.029625408822130262,0.3758141737345206,1,0.1080746704726981,0.038456015686525784,0.35973878294249667,1
1128.411529,grid_1665_y588_z570,473.904,585.881,570.022,84.66604832516987,0.735,-0.05593405343096978,-0.03359409250137009,0.3605955455317142,1,0.005967764259607237,-0.06753287604928489,0.3661142368440428,1,0.07108901344617896,-0.07216032596844371,0.36216031369509516,1,0.11471383994547146,-0.02942639038093342,0.37216355730680284,1,0.10800558744610222,0.038395782772435084,0.3592455388478565,1
1129.050024,grid_1666_y590_z570,474.125,588.077,569.24,86.7686561726065,0.63,-0.05400772049356517,-0.03338420594577622,0.3613506164370982,1,0.007792513142131671,-0.06806907168012295,0.3678351825796547,1,0.07323825258400876,-0.07283457197400192,0.3641890284496559,1,0.11434741174676463,-0.029048273320724294,0.36789023785813413,1,0.10694265704868147,0.03820890920457276,0.35604339956900455,1
1129.705629,grid_1667_y592_z570,474.106,590.034,569.241,88.714321780646,0.645,-0.051713797803211836,-0.0334571027677492,0.36125991929187495,1,0.009959104146758801,-0.06910242806196974,0.3705843197114075,1,0.07536259238945067,-0.0737189715834977,0.36596372025460705,1,0.11505077091877916,-0.028785897598476946,0.36581121369868264,1,0.108747973727042,0.03891512192009903,0.3616559094675815,1
1130.454065,grid_1668_y594_z570,474.129,592.122,569.324,90.80000533590291,0.737,-0.04989265269374543,-0.03361624852581573,0.36353516938897057,1,0.011850283779055056,-0.06913412782168778,0.36898834035344685,1,0.07717408158584169,-0.07413129688836427,0.3654855555498534,1,0.11816792239301518,-0.0290898014205971,0.3718830498553217,1,0.10945615840598018,0.03923764963811889,0.36318213173521663,1
1131.096528,grid_1669_y596_z570,473.993,594.221,569.24,92.87662258071191,0.63,-0.04724571756788494,-0.03352852025746137,0.36070361230088355,1,0.013951610656602617,-0.07003180658508165,0.37017088601046433,1,0.07842782115949015,-0.07374426269308389,0.3623140052305927,1,0.11881326862404043,-0.028752085127917843,0.369844868860118,1,0.10922485660480379,0.03911278232649934,0.3614783155276878,1
1131.727092,grid_1670_y598_z570,474.261,596.142,568.993,94.77194966866523,0.62,-0.04505925190524193,-0.03315165904326143,0.3597525343727278,1,0.015842431769724535,-0.07061019829423651,0.3712179539082023,1,0.08104354027093155,-0.07497613048692704,0.3654486384766648,1,0.11897899665208264,-0.028441414447823877,0.3670530808035881,1,0.10901650981054889,0.03903208912059296,0.36040522829253446,1
1132.365403,grid_1671_y600_z570,474.236,598.14,569.245,96.78335892600548,0.628,-0.04298302812973031,-0.0334967016542698,0.36140928026721136,1,0.0179797139266787,-0.07166920528110318,0.3736091878812907,1,0.08201491841349409,-0.07456474444291053,0.36170096424298687,1,0.12183853512332699,-0.028720037139276906,0.372646752230236,1,0.11122235501078685,0.03960568781763697,0.36755666134514814,1
1133.109124,grid_1672_y602_z570,474.087,600.138,569.524,98.79441023155111,0.733,-0.04042104726178051,-0.03360074922208134,0.3590084979762714,1,0.020080212589345448,-0.07154283633046256,0.37039596775353945,1,0.08350851297470518,-0.07454972989957606,0.3600740320512305,1,0.12216981186696899,-0.028257331812321797,0.37024353699822365,1,0.10901103595609896,0.038959780433962456,0.3599517263370654,1
1133.742901,grid_1673_y604_z570,474.4,601.963,569.302,100.59860477660712,0.624,-0.038481891531292806,-0.03351348175594216,0.3574523405945115,1,0.021669083405989727,-0.07206005820796615,0.3699618663700859,1,0.08478951831343044,-0.07456011871499736,0.3586917947586438,1,0.12255973956220796,-0.02805524579644254,0.36810258194105666,1,0.10846134403183731,0.03878920066503146,0.3580227592498444,1
1134.377962,grid_1674_y606_z570,474.283,603.979,569.502,102.62081041387275,0.624,-0.03647103688000255,-0.033842621434101536,0.3597635748243821,1,0.023472386170309355,-0.07255860418611533,0.36955082003591033,1,0.08677028619252376,-0.0749434289925503,0.35906726220275303,1,0.12379813566249911,-0.028104499311457788,0.3681969730504719,1,0.10910986627477419,0.03889570762684598,0.3597746651756105,1
1135.121444,grid_1675_y608_z570,474.262,605.995,569.413,104.61991427065884,0.733,-0.03443792457919561,-0.0339445646765354,0.3617967965695291,1,0.02549551245892239,-0.07251825796600407,0.36723790421252733,1,0.08931641873109178,-0.07585363267548555,0.3618084344549985,1,0.12453128874781565,-0.027912169508777052,0.3671221168361183,1,0.11031846407142273,0.03916247957499865,0.36318620292774373,1
1135.755167,grid_1676_y610_z570,474.219,607.96,569.586,106.59096982859295,0.624,-0.03188028595150532,-0.033883446490098036,0.3563936896208221,1,0.027565972117163412,-0.07332088542036343,0.3685126527365337,1,0.09108510309140017,-0.07599366740260086,0.36084628405843244,1,0.12718427761772488,-0.027909945082627768,0.3712150503145118,1,0.11225216571528662,0.0399166865148073,0.36911932658943386,1
1136.389827,grid_1677_y612_z570,474.041,610.163,569.562,108.77925179922873,0.624,-0.02988910319470408,-0.03409055994838326,0.35803880460315163,1,0.029479553099682355,-0.07345054323846581,0.366615723756123,1,0.09359058757406129,-0.0767325184702509,0.36352779350527004,1,0.12801975021844486,-0.027455099857054216,0.3712278033608468,1,0.11191029933742173,0.03981243207588555,0.3674430851767424,1
1137.028177,grid_1678_y614_z570,474.326,612.079,569.159,110.6611360234477,0.627,-0.027860339639824337,-0.03419719430062548,0.360371722767694,1,0.031721594660764754,-0.07448473598605852,0.3706378552407477,1,0.0960346447997478,-0.07747740560143787,0.3659773753931909,1,0.12880191414948397,-0.0273188429557844,0.370346773005358,1,0.10942915519799327,0.038762097094097066,0.358227299072461,1
1137.773529,grid_1679_y616_z570,474.143,614.227,569.252,112.80514294126841,0.734,-0.02535215654021782,-0.03422034292935241,0.36207500042930124,1,0.03388319779226912,-0.0742118808537278,0.3677499567982128,1,0.09749256989192344,-0.0771196390689507,0.3629491235331775,1,0.12988200953559267,-0.0270121088720311,0.3701810908356196,1,0.10739936547183229,0.037995048425686705,0.35110747972895096,1
1138.412509,grid_1680_y618_z570,474.14,616.248,569.286,114.82201577223775,0.628,-0.023518311828253945,-0.03431253660885924,0.3609167603823042,1,0.03612610359231493,-0.07592847387178414,0.3734525394810882,1,0.09862544812800446,-0.07693274175418856,0.3611986724322983,1,0.13043373530737645,-0.026760233576284542,0.3689275717725189,1,0.10856026024029594,0.038395049291857185,0.3554944781954388,1
1139.063553,grid_1681_y620_z570,474.241,618.239,569.238,116.80497485124515,0.641,-0.020958846218054366,-0.03403959648291158,0.3586759837498247,1,0.03786646354856176,-0.07536348676418789,0.3687389182100752,1,0.1018442181735093,-0.07790495206661996,0.36586759333592,1,0.13197220699031015,-0.026766341626884432,0.3694900563770641,1,0.11079077058655991,0.039043543751854315,0.3626450928935839,1
1139.800371,grid_1682_y622_z570,474.299,620.165,569.07,118.7136406399871,0.727,-0.01914898123618632,-0.0344601629303601,0.3612341468566826,1,0.03985690353155391,-0.07591415434837515,0.37072850197935947,1,0.10382216128755291,-0.07807068027493883,0.366332165260911,1,0.1318925560738078,-0.02615119661102136,0.36637284336807285,1,0.11045814403540244,0.0392099491812394,0.360967111422022,1
1140.43925,grid_1683_y624_z570,474.23,622.156,569.244,120.7101905640116,0.629,-0.01675612587137896,-0.034548311505133565,0.36043208542485694,1,0.042314165029571145,-0.07699327368624062,0.37330704958969946,1,0.1049906506274143,-0.07769378243717691,0.36371575835539627,1,0.1349088341896289,-0.02622731324139197,0.3716580653356884,1,0.1106778886517017,0.039115445306992236,0.3603576154903686,1
1141.079147,grid_1684_y626_z570,474.269,624.07,569.41,122.63163086659175,0.63,-0.014702762093671485,-0.03485287407356231,0.3607780992267392,1,0.04426769230364933,-0.07756286615731137,0.37356459394153363,1,0.10709070844559723,-0.07799776672868727,0.36474300269727455,1,0.13681924213541966,-0.025959518232622013,0.3748923826862211,1,0.11103738627384581,0.03910655051434313,0.36100843287065576,1
1141.72447,grid_1685_y628_z570,474.254,626.0,569.45,124.55860305093346,0.635,-0.01256800885462397,-0.034467815569025555,0.3572147950723307,1,0.04627334291178999,-0.0780219445471648,0.3733139865080481,1,0.10906119814396147,-0.07826327252160635,0.36506417253009293,1,0.13891526583715286,-0.02587968346727674,0.3773789092987479,1,0.11107317062141572,0.03912805431654981,0.36121389619079286,1
1142.471901,grid_1686_y630_z570,474.266,627.992,569.316,126.53549485421075,0.737,-0.010381565988925515,-0.03504153846480582,0.3637159764668819,1,0.047646168698934364,-0.0769776907593169,0.3673269250561921,1,0.11125612632009149,-0.07836504138906279,0.3655126095040261,1,0.13580469474784276,-0.024707896141691332,0.365812608648259,1,0.11196009390766866,0.039444546849893,0.3639124403140691,1
1143.121672,grid_1687_y632_z570,474.227,629.936,569.698,128.50090888783635,0.64,-0.008275527700861523,-0.035218741978608005,0.3605559397290781,1,0.05018197024026955,-0.07852076082138984,0.37198176322917337,1,0.11280236348051036,-0.07814429042182085,0.3644337666287648,1,0.13714362638176555,-0.024525952767812977,0.366693955513698,1,0.11274733258904204,0.03959107179245206,0.3656649459787393,1
1143.756555,grid_1688_y634_z570,474.382,632.031,569.595,130.58561250765717,0.625,-0.006090255999942061,-0.03532733427507804,0.36169129614909784,1,0.05208021351703433,-0.0785807979442743,0.3705902862455478,1,0.1147016304648433,-0.07807512393045764,0.36406543154052795,1,0.13731136686435258,-0.02399645187710491,0.3644612558758675,1,0.11245355087551953,0.039458470722474256,0.3643809076549762,1
1144.495973,grid_1689_y636_z570,474.284,634.151,569.538,132.69400364372157,0.73,-0.0037446859851991685,-0.03520619351521655,0.3609700823311135,1,0.05391879127264384,-0.07827497557916815,0.36818508884974716,1,0.11703163810864572,-0.0782069612419879,0.36496716782627664,1,0.14107686750419615,-0.024119347488311578,0.37152937514356715,1,0.11256223378737255,0.03963952889835888,0.3640230512769599,1
1145.141488,grid_1690_y638_z570,474.38,636.18,569.218,134.69799731993047,0.635,-0.0016795184682745902,-0.03529073276822072,0.3628912577181719,1,0.05639371111447132,-0.07887111223774718,0.37043513526081856,1,0.11933946698293485,-0.07859743081005316,0.36641482528377517,1,0.14161268927025777,-0.023693316328527232,0.3706648249683226,1,0.11226601987331535,0.03961886902467539,0.3629021048124441,1
1145.785803,grid_1691_y640_z570,474.369,638.121,569.504,136.6532141370996,0.633,0.000719346705333737,-0.035422179070085616,0.36398123930273035,1,0.058013752704356894,-0.07863381441944865,0.3668737616968417,1,0.12009389079810655,-0.07755626628243613,0.36271565247424487,1,0.1411741945041526,-0.022987828892919303,0.3668110479348189,1,0.11127331276239952,0.0393774115578719,0.3598829639656067,1
1146.423989,grid_1692_y642_z570,474.36,640.224,569.08,138.7234173814934,0.627,0.002733176454173865,-0.035298126117853615,0.3620086977903708,1,0.06035752026206555,-0.07930864833504928,0.36902715815790754,1,0.12133074916671363,-0.07712571555118489,0.36128584487543725,1,0.1426452382738307,-0.02263928714719817,0.3683457044776006,1,0.11111238677068433,0.039352957242974176,0.35913831364195603,1
1147.166299,grid_1693_y644_z570,474.645,642.089,568.764,140.57051064145716,0.732,0.0053723929185433795,-0.0346548870130782,0.3617925698043928,1,0.06245623157455167,-0.07934765082851386,0.36934896834278386,1,0.12452640243688531,-0.07764611440546151,0.3645851360754023,1,0.1433927895339152,-0.02207825534321125,0.36724017282220356,1,0.11117155359595395,0.039342724482424894,0.35893748780568907,1
1147.816642,grid_1694_y646_z570,474.57,644.009,568.948,142.4962408311181,0.641,0.007079221419541501,-0.03491719765173571,0.36148625557010605,1,0.06477994168697739,-0.08001893617012795,0.37128451538905083,1,0.12626655742948606,-0.07755431780158091,0.3644611983403015,1,0.14538435584194637,-0.02194539665422187,0.37027090777500515,1,0.11054335618646294,0.03902124015383962,0.35619056896282025,1
1148.452728,grid_1695_y648_z570,474.55,646.064,568.946,144.54659459842003,0.626,0.009193302164035976,-0.03551563081010328,0.36402368366194465,1,0.06744180913104822,-0.0811345648774041,0.3744910435944191,1,0.12860082468329376,-0.07767220421193935,0.3656745144713878,1,0.1468082005233291,-0.021594269542150372,0.3721677348270756,1,0.11241019411157158,0.03949492188446248,0.36225007332263187,1
1149.189826,grid_1696_y650_z570,474.686,647.987,569.323,146.49125678346815,0.727,0.011605690621782076,-0.03546456704517276,0.36190834091124063,1,0.06866854494876314,-0.08031676553553557,0.36914695763321304,1,0.13078796542526877,-0.0775749791987103,0.36598777923890163,1,0.14723841054390488,-0.0209713182677457,0.3700341081326432,1,0.1138064681621935,0.04008346585099528,0.3664564650909088,1
1149.828666,grid_1697_y652_z570,474.547,649.988,569.641,148.50513861816373,0.629,0.013630792258739704,-0.03570041710782679,0.3610827242071994,1,0.07118386136520313,-0.08096534216971382,0.37034943347086735,1,0.13270640137052994,-0.07724455346154027,0.36561383389624014,1,0.148842777882466,-0.02048766124092024,0.37146227741502286,1,0.11407134005929671,0.0402326879508089,0.3671349585954201,1
1150.480455,grid_1698_y654_z570,474.618,652.02,569.428,150.52103869559232,0.642,0.015908914975844526,-0.03603143376709057,0.3622868756155734,1,0.07405353016118905,-0.08198819754062915,0.37395706838191806,1,0.13481984365852978,-0.07686791461071459,0.36581118328032886,1,0.15053272034132004,-0.020234316941909258,0.37324437846737124,1,0.11358476330786879,0.04000179462432585,0.36494679435721766,1
1151.116459,grid_1699_y656_z570,474.694,653.841,569.678,152.35504364148898,0.627,0.017929576190570985,-0.0361072692981354,0.3613717977563752,1,0.07521543383578824,-0.0813710687542893,0.36927882114835475,1,0.13670415356973836,-0.07665316695750263,0.366114543655714,1,0.1508947144295009,-0.019753969041117782,0.37226388599812577,1,0.11344574137888938,0.039935825102473545,0.36432160457487406,1
1151.863581,grid_1700_y658_z570,474.94,655.842,569.134,154.32461957186223,0.735,0.02050443891663479,-0.03558731696711026,0.36085622487814994,1,0.07811073364459359,-0.08178383785649776,0.37153105340700626,1,0.1381256304187632,-0.07586725017183166,0.36410472505300967,1,0.1526952309024468,-0.019321806549114712,0.3740885988008851,1,0.11314028206390218,0.039815088349718225,0.363182124904163,1
1152.508187,grid_1701_y660_z570,475.002,657.845,568.904,156.31236254052337,0.635,0.022481896760328135,-0.035523028060894433,0.3615125257031074,1,0.07932737318593115,-0.0812513109163056,0.36890563528622,1,0.14082049173423838,-0.07612984564837401,0.3662725930605617,1,0.15256799690019646,-0.018606670450345808,0.37182355712965787,1,0.11207038090006416,0.03938337546191399,0.35910127098644357,1
1153.201631,grid_1702_y660_z572,474.404,658.594,570.015,157.11380783686718,0.624,0.02363123373072725,-0.03574356557935892,0.35760128370473565,1,0.08170630673933589,-0.08243197989301165,0.37167063395768235,1,0.1433471319770759,-0.07650666547949936,0.3693632290340655,1,0.1505356583932715,-0.017995428598110493,0.36611676767788426,1,0.11305282742318024,0.03966424911575558,0.3617158502750033,1
1153.944446,grid_1703_y658_z572,474.404,658.594,570.015,157.11380783686718,0.732,0.023873021714954774,-0.03598215652235356,0.3581685033271501,1,0.08326605320653058,-0.08386912079558631,0.37706836855872833,1,0.14268639659806315,-0.07583598986792964,0.367207590634366,1,0.14872316537134173,-0.01777930402540695,0.3616962424376605,1,0.11392543335764686,0.03993807569825554,0.36427685958358624,1
1154.679854,grid_1704_y656_z572,474.205,657.33,569.796,155.8356769196323,0.621,0.023134370024379056,-0.03640591068488004,0.3625546552664056,1,0.0800093847616196,-0.0814481865071768,0.36857114233493216,1,0.14215335545468782,-0.07623977784096202,0.36800614458897946,1,0.15078792334640173,-0.018294308070872078,0.36698835255864937,1,0.11201033865777703,0.0393464881472649,0.35875683572533956,1
1155.43178,grid_1705_y654_z572,473.5,655.745,570.005,154.2573765043345,0.742,0.021674756023211984,-0.036666861505303634,0.36437630507863583,1,0.07847750997391599,-0.08131167002044243,0.36916842239885433,1,0.13983473707351798,-0.07601088482544692,0.3660347990126681,1,0.15163247608931987,-0.018852243322841637,0.37085264670434775,1,0.1126683853629072,0.039639584366059875,0.3615283553450845,1
1156.066859,grid_1706_y652_z572,473.256,653.933,569.906,152.44028337352304,0.625,0.01972243013664556,-0.03630125038611966,0.3641351725033499,1,0.07750566368943214,-0.08219802836810579,0.37417870412217563,1,0.13803455553059807,-0.07624605903167514,0.36610073915963015,1,0.1506368985792918,-0.019320345449409755,0.3702375045045694,1,0.11337623041439968,0.039902840341547396,0.36400900968370226,1
1156.703839,grid_1707_y650_z572,473.07,652.11,569.721,150.6076255738733,0.626,0.017666221371921174,-0.03617515015345727,0.3661427268328289,1,0.07474360940871083,-0.0811150956113423,0.37107944348916144,1,0.13688074273931872,-0.07710680950706697,0.36838539026908773,1,0.15064103604422519,-0.01982398551726092,0.37228486715478226,1,0.11344574137888938,0.039935825102473545,0.36432160457487406,1
1157.338279,grid_1708_y648_z572,472.949,650.302,569.772,148.80552680932257,0.625,0.01549313785893445,-0.035580756500261455,0.3624972809174386,1,0.07204869961531694,-0.08019819613111827,0.3681040388070914,1,0.13393901512995116,-0.07669695739263442,0.3652114913221524,1,0.14974380743189267,-0.020149514521242865,0.3721523162291858,1,0.11386280716582761,0.04013373366803045,0.36619717392190476,1
1158.082529,grid_1709_y646_z572,472.809,648.435,569.838,146.94565536279046,0.733,0.013152136943083894,-0.03523950173240654,0.3587028637636853,1,0.06989555033998673,-0.0801449553173125,0.36822882863664586,1,0.13064533301112702,-0.07639901373586512,0.36188943620600766,1,0.14838197495776698,-0.02074305700191935,0.3710547419646947,1,0.11407134005929671,0.0402326879508089,0.3671349585954201,1
1158.720243,grid_1710_y644_z572,472.756,646.481,569.717,144.98760260794717,0.626,0.01147731453569337,-0.0355256870869337,0.36239119347436183,1,0.0689218969571082,-0.08086303428482902,0.37247043579665384,1,0.12895681152572952,-0.0765502727282326,0.3620915676036423,1,0.14792976726652357,-0.021161551931157385,0.37250606525024405,1,0.11362988689745804,0.03998398445111954,0.3660041360879013,1
1159.357412,grid_1711_y642_z572,472.738,644.507,569.488,143.00284375843717,0.626,0.009112977251385632,-0.035549558255099825,0.363364663616022,1,0.06671226808119039,-0.08034012333038934,0.372264913232793,1,0.1282532665370773,-0.07757665048820717,0.3660149421213673,1,0.1484646556106956,-0.021823991327699514,0.37617252432802817,1,0.11302490310478337,0.03972109968780426,0.36428127968733626,1
1160.120525,grid_1712_y640_z572,472.623,642.415,569.778,140.9337938537099,0.753,0.00700669058252433,-0.035273793064628425,0.3621180965391614,1,0.06373549290370148,-0.07897308300753743,0.3671759108756001,1,0.1256973249957245,-0.07740617143812024,0.3640067492932698,1,0.14452430421787238,-0.021845238728198452,0.36873074592718635,1,0.11147606628886848,0.03938509221605452,0.35987079129443267,1
1160.759561,grid_1713_y638_z572,472.522,640.52,569.868,139.0487859781595,0.628,0.004746243092979849,-0.03576708486070981,0.36668315262513274,1,0.06229488836148121,-0.0797063570033187,0.37120415687532743,1,0.12439585504057693,-0.0778381595072998,0.3659733512993165,1,0.14388318180887674,-0.02233700911470383,0.3695020237058425,1,0.11122354950239322,0.03938279320206082,0.3594277813203327,1
1161.407835,grid_1714_y636_z572,472.107,638.684,570.287,137.2455001520997,0.639,0.0026637956039179396,-0.0361959479622649,0.36643656392874485,1,0.06044527593456641,-0.07985600362744143,0.3722021696637488,1,0.1220871574242848,-0.07758478567290192,0.36421105433054624,1,0.14274069225551594,-0.022513805116747228,0.36906925265239493,1,0.11077889857555763,0.03926344936571424,0.3582699106068261,1
1162.044734,grid_1715_y634_z572,472.039,636.644,570.581,135.23293322264368,0.627,0.000694465189657522,-0.03633075833773555,0.3656921304987704,1,0.05893567257296291,-0.07999563627809074,0.3742633393893492,1,0.11995502212574898,-0.07741382488610624,0.36290839286422205,1,0.1420265979997593,-0.023043374234758433,0.3689898216991516,1,0.11044541038043094,0.03917394148845431,0.3574015075716962,1
1162.785829,grid_1716_y632_z572,472.079,634.695,570.77,133.3045007267197,0.731,-0.0016854948808060007,-0.03638497273817255,0.36346155515140643,1,0.05664832664206101,-0.07985171775207614,0.37339902636414135,1,0.11928710051672846,-0.07840307156426149,0.3667893271058934,1,0.14017991143843922,-0.023539568340882028,0.36766057205073216,1,0.11176734754747567,0.039521578960860795,0.3613289910573453,1
1163.43123,grid_1717_y630_z572,472.048,632.801,570.682,131.40939821413087,0.636,-0.0037577382792261804,-0.03615491243395891,0.363121907994528,1,0.054178612670440066,-0.07858436064680704,0.3696245483813568,1,0.11703848506167573,-0.07827330253592393,0.36570150684912134,1,0.14043912659845992,-0.02397043027491399,0.3706018704035093,1,0.11180238568573911,0.039362654213746476,0.36151226460069014,1
1164.067638,grid_1718_y628_z572,471.948,630.876,570.48,129.4742882660492,0.626,-0.005911271931472605,-0.036042288569788784,0.3645159663850629,1,0.05224505014284162,-0.07858480429776513,0.3709449962840986,1,0.11512517884896283,-0.07814099505662835,0.3651898702453404,1,0.13786470902610692,-0.023996301949916782,0.36599008679060085,1,0.11280196143661428,0.03963069519928135,0.3655444671080742,1
1164.802367,grid_1719_y626_z572,471.92,628.942,570.117,127.51784502962717,0.725,-0.007879426331723737,-0.03543300497168567,0.3622835365990726,1,0.05036258972487664,-0.07816618299982529,0.37173703912384715,1,0.11304149139469544,-0.07798764839213576,0.36510001222197663,1,0.13683227777778512,-0.024276236593669,0.36557696571627196,1,0.11282077801742266,0.039624222059946514,0.3659859555596801,1
1165.433859,grid_1720_y624_z572,472.0,626.897,569.971,125.46779839464794,0.621,-0.0099525030135936,-0.03526710105075108,0.3635192544268858,1,0.049105983266017374,-0.07888629829511684,0.37778699855500114,1,0.11127109518653906,-0.07814412853919792,0.36594868292641547,1,0.13693681102194016,-0.024953236255111224,0.36955284668430916,1,0.11143541363860707,0.03931563224046139,0.3625575988736623,1
1166.068043,grid_1721_y622_z572,472.074,624.921,570.009,123.50094159155232,0.624,-0.012268265525736316,-0.035127464630999375,0.3635310218043295,1,0.04672641971822577,-0.07812776283036692,0.37565652050892806,1,0.10914748789048814,-0.07815439816244403,0.3655566577066277,1,0.1366252154379639,-0.025540444533703643,0.3712623875587148,1,0.1112163080116954,0.03921406952537654,0.3620357494713413,1
1166.704136,grid_1722_y620_z572,472.123,622.874,569.822,121.44571348960824,0.626,-0.014488590659141867,-0.035010719222854064,0.36338478680745084,1,0.04419116960950938,-0.07704075231511542,0.37265483927157306,1,0.10722759744769654,-0.078124880382537,0.36563874420172743,1,0.13751252510596496,-0.026217910139182114,0.3765999671012103,1,0.11110895496898565,0.03914955811875649,0.36141935951092996,1
1167.45444,grid_1723_y618_z572,471.983,621.009,569.941,119.59579396032291,0.738,-0.016752244904490992,-0.03487012603696336,0.36166713338182516,1,0.04211624321984233,-0.0771652142142898,0.3740938943746511,1,0.10532096334307779,-0.07791789770562749,0.3655844618852188,1,0.13446836469447426,-0.02615685945627875,0.37113197607173243,1,0.1109175537331311,0.03910951544522616,0.36079149374389335,1
1168.103205,grid_1724_y616_z572,472.03,618.947,570.279,117.56899908564334,0.637,-0.01896813268096087,-0.035592046530229536,0.3670026044955299,1,0.040180717521630785,-0.07658249765149064,0.3735638479134208,1,0.1037534067068997,-0.07796255381673338,0.3662926608150926,1,0.13207998292405934,-0.026212230159600364,0.367482338005111,1,0.11070609429128772,0.03894918687894411,0.3613563013777995,1
1168.742555,grid_1725_y614_z572,472.07,616.894,570.351,115.52991874402062,0.628,-0.02098825746072048,-0.03527472341501234,0.36261177924220483,1,0.038088105490838256,-0.07586363363321402,0.37121227988128147,1,0.10142680162742576,-0.0775505813049306,0.36428011790515835,1,0.13234935218916571,-0.026847080848890165,0.3711309640482344,1,0.11042876020433993,0.03892789846142174,0.3617861203247036,1
1169.476309,grid_1726_y612_z572,471.895,614.823,570.766,113.5041982747775,0.724,-0.02312629038199895,-0.035360470250925556,0.3616846120232823,1,0.03611722125080215,-0.07572725236300451,0.37111893834335385,1,0.09998074362418422,-0.0777977741461249,0.3657296130954447,1,0.13064519687158854,-0.02676195743989441,0.3694092294486943,1,0.10920621595003392,0.0384928442323398,0.3577484575768245,1
1170.10873,grid_1727_y610_z572,472.079,612.633,570.491,111.29854163015801,0.623,-0.0252446904487227,-0.035121517239523205,0.3590340106586661,1,0.03421060394656321,-0.07602018658410865,0.3745318646256845,1,0.09701712900492623,-0.07682315217416388,0.36227036997782414,1,0.13055440078846042,-0.0273788242169773,0.3725367716822259,1,0.10743524020136146,0.038021017199417986,0.35142803956784713,1
1170.798153,grid_1728_y608_z572,471.961,610.739,570.539,109.41689019982249,0.681,-0.02754966180415776,-0.03482352789881615,0.35803903862749675,1,0.03213478326730912,-0.07543365170185419,0.3740139605320133,1,0.09579094894101381,-0.07725533244755622,0.36511059883281316,1,0.1290355778061339,-0.027418690247949316,0.37162605337256965,1,0.111302464937474,0.03946851863920241,0.36483406684088615,1
1171.536496,grid_1729_y606_z572,472.08,608.722,570.416,107.3975413778174,0.729,-0.029836805008176544,-0.03512400231166548,0.36368432381091864,1,0.03011580493623167,-0.07488017724533816,0.3738642808495648,1,0.09384292437077622,-0.07678414833795462,0.36475588978580903,1,0.12908457590135006,-0.02779759248379301,0.37437103067964683,1,0.11284300409954154,0.04012855881042293,0.3706302741959071,1
1172.168982,grid_1730_y604_z572,472.193,606.731,570.246,105.39978549314037,0.623,-0.03230924355140691,-0.03521316601664095,0.36459441110686586,1,0.028050632341868238,-0.07441552465157161,0.37429214036695024,1,0.09164608643147085,-0.07630462773186873,0.3636162485515786,1,0.12776386305151627,-0.028099547145171135,0.374203266551806,1,0.11203557331722269,0.03988090525747623,0.3685321888959139,1
1172.867535,grid_1731_y602_z572,472.219,604.731,570.271,103.41145089882457,0.69,-0.034803790600008475,-0.03501476827666379,0.3645256349322758,1,0.025510949273640594,-0.07299269777652315,0.36941932706864933,1,0.08961718892437502,-0.07624322389295335,0.363816676052679,1,0.1236299825793135,-0.027641220796129618,0.36533926016836515,1,0.11028961794600482,0.03920847615929528,0.3632057498126806,1
1173.607092,grid_1732_y600_z572,472.327,602.693,570.375,101.39402310294233,0.728,-0.03654986941077524,-0.03486609031628676,0.36274035533480903,1,0.02398642366719841,-0.07283032394200466,0.3708338886602751,1,0.08832008019825871,-0.0762732322963366,0.36515911423245384,1,0.12398531184004466,-0.028100261837098676,0.36913982100973647,1,0.10955101414702506,0.038976625262610295,0.3610381522223442,1
1174.246165,grid_1733_y598_z572,472.242,600.816,570.457,99.53445765663271,0.628,-0.03864952105026327,-0.03487241879458926,0.36377814967780087,1,0.022063334809503603,-0.07269348184366842,0.3723342808354747,1,0.08630698640567563,-0.0757771920985881,0.36455805910190103,1,0.12282193157792567,-0.02810045143899697,0.3687607150731582,1,0.10879544218784587,0.03873682884633634,0.3588794767268495,1
1174.886932,grid_1734_y596_z572,472.499,598.686,570.405,97.4120464419058,0.63,-0.04080900945892869,-0.03460561643944064,0.3615009208049474,1,0.019813796476055932,-0.0721563382707417,0.3721122234898656,1,0.084640909901388,-0.07569201406956826,0.3658373540982756,1,0.12295930813774825,-0.028545075760946132,0.3726249428999661,1,0.1096181778559325,0.03909264755911782,0.3629138635888129,1
1175.527604,grid_1735_y594_z572,472.533,596.731,570.178,95.4443659835404,0.629,-0.04320844383851765,-0.03448688023993245,0.3628410728816325,1,0.017931894679947543,-0.07170524289549915,0.372384667969391,1,0.0824409462469304,-0.07511817813720545,0.36483154370838017,1,0.12113410741704442,-0.028693972022437127,0.3709499599542414,1,0.11021951409754531,0.03930758730926391,0.3646768452648634,1
1176.275949,grid_1736_y592_z572,472.622,594.56,570.251,93.29394814777642,0.738,-0.045518846502796875,-0.034431904576872396,0.36166920733975855,1,0.015815731735890102,-0.07122530464478435,0.3722944183591802,1,0.07986510634247856,-0.07417770423731024,0.3622236915589516,1,0.11932918566732051,-0.02864277638397376,0.36908359749601105,1,0.10901650981054889,0.03903208912059296,0.36040522829253446,1
1176.923609,grid_1737_y590_z572,472.457,592.592,570.259,91.3370248913331,0.636,-0.048204310805342244,-0.034781564564226194,0.366312873827325,1,0.01375609744970431,-0.0707269689674184,0.37277728768611185,1,0.07849205009186462,-0.07410482864904336,0.36401248600298153,1,0.11882192299728016,-0.028888801993567574,0.37101925521134554,1,0.10971533599032073,0.03920773795605099,0.3641960046024574,1
1177.567778,grid_1738_y588_z572,472.481,590.527,570.604,89.32411695617266,0.634,-0.05051855820452339,-0.034795623935695956,0.3661394406506203,1,0.011673275874431116,-0.06969991572317238,0.37033367688100044,1,0.07567599842869337,-0.07297319751283338,0.3592919230792703,1,0.11691851823121198,-0.028918371412699866,0.36861877198798715,1,0.10987277208103971,0.03930793488911815,0.36506442725825533,1
1178.304109,grid_1739_y586_z572,472.524,588.351,570.932,87.20293239908852,0.727,-0.052252753439656865,-0.03477972560917768,0.36376950195268426,1,0.009830398441524212,-0.06936127766996675,0.36972110980767264,1,0.07425803406145405,-0.07272183179171048,0.3610272064780077,1,0.1160845520428245,-0.028987610859960912,0.3703352934466725,1,0.10790721856798409,0.038661750370979076,0.35894322837370085,1
1178.940293,grid_1740_y584_z572,472.485,586.426,571.107,85.31442818187327,0.625,-0.054279349010529124,-0.034872670103873675,0.3632245584504677,1,0.007885186831956494,-0.06914290723114373,0.37045075400181615,1,0.07329527719495672,-0.07308955665928157,0.3654080787944052,1,0.1152455040731549,-0.02902678110195221,0.37170752281416564,1,0.10673472902610007,0.03817959881083889,0.35552098122382814,1
1179.584617,grid_1741_y582_z572,472.551,584.45,571.185,83.36560033970852,0.633,-0.056618782070972526,-0.03501408287099585,0.36312523272224795,1,0.005897946447539221,-0.06880952030116319,0.371483232300711,1,0.07080435353833744,-0.07213017468754346,0.3622976297987222,1,0.11593307562262829,-0.029645693111817074,0.3772899043458511,1,0.10740628094356375,0.038287240899487,0.3574925232825624,1
1180.223775,grid_1742_y580_z572,472.652,582.46,571.159,81.39074807986476,0.628,-0.05890093054397827,-0.03506738748549887,0.3642419789986813,1,0.004074937613035387,-0.06721725448854485,0.3658227081173262,1,0.06934649398471526,-0.07186481305758788,0.36368584546562827,1,0.11463338433068829,-0.029698332167442804,0.377040966065849,1,0.10779109208129325,0.03846149091136074,0.35929301064825797,1
1181.022375,grid_1743_y578_z572,472.701,580.35,571.208,79.30759510286519,0.788,-0.061088523878685866,-0.034920182235648564,0.3638668319435738,1,0.001891787070483955,-0.06712664838227106,0.3684371832906506,1,0.06686768238124156,-0.07066200880231269,0.3608533211192532,1,0.11012152595399723,-0.02879269979518732,0.3659855731285043,1,0.1094555982284648,0.039279574782196354,0.36518155724742896,1
1181.66217,grid_1744_y576_z572,472.649,578.463,570.944,77.40174472193762,0.628,-0.06342535371233474,-0.034799041499581664,0.3649291900075228,1,-8.521584029376932e-05,-0.066193085520013,0.3682290864629856,1,0.06510688259462596,-0.07023375162051958,0.3602783309457574,1,0.10990865408460201,-0.02900822443919309,0.3681685276818925,1,0.10953657220301967,0.03921888569095676,0.3659238950773521,1
1182.301715,grid_1745_y574_z572,472.622,576.556,570.854,75.5005413622976,0.627,-0.06521260423529032,-0.03435126861008782,0.36387895335714415,1,-0.0017145362766503587,-0.06543967729178832,0.3667723655893812,1,0.06296132321984943,-0.06923216120002484,0.3584902514782065,1,0.1102377878576298,-0.02937167293860391,0.3737908803083825,1,0.10940016734911148,0.039110619445812234,0.365662792454959,1
1183.047006,grid_1746_y572_z572,472.733,574.496,570.887,73.46766039557814,0.735,-0.06732470396292853,-0.03408842959131449,0.3622731631581487,1,-0.004128904501329131,-0.06545191506250707,0.3706860845115482,1,0.061411984876923245,-0.06902999836571265,0.36106924317941436,1,0.10699817139324293,-0.028746634698953465,0.3681937461314393,1,0.10899099260587293,0.03914835682996852,0.36463297182400206,1
1183.686808,grid_1747_y570_z572,472.817,572.453,570.741,71.42650125128627,0.628,-0.06928514904244601,-0.0339217213533746,0.3614807829599068,1,-0.005982762615987348,-0.06475725371199607,0.37130914771025464,1,0.05973046169834788,-0.06840191411818322,0.36114794702100944,1,0.10633970213108387,-0.02908434957363591,0.3703045453625207,1,0.10739808056240763,0.038674777789835205,0.35958730600795724,1
1184.323296,grid_1748_y568_z572,472.841,570.527,570.746,69.52316159381714,0.626,-0.07201766658989533,-0.033879148976486737,0.3641355862730087,1,-0.007739739761022761,-0.06338601178327759,0.3684082855331635,1,0.05780845562308584,-0.0676050881375259,0.36063154361799776,1,0.1039485079842152,-0.0285099789180999,0.36533867311257734,1,0.10552993054661215,0.03793169866330789,0.35384278244566664,1
1184.956117,grid_1749_y566_z572,472.794,568.58,570.533,67.56584347878749,0.622,-0.07403337437691082,-0.03364843122631235,0.36448786550407697,1,-0.009649244357018614,-0.06305879563004296,0.3706618285696683,1,0.05703559751074709,-0.067841270966149,0.3664050373494878,1,0.10224224853845265,-0.028223660895936854,0.3638110525342471,1,0.1059692858704949,0.03821482229250417,0.35629112373374544,1
1185.690416,grid_1750_y564_z572,473.019,566.343,570.773,65.39786024787048,0.725,-0.0770471477088928,-0.03392817175997907,0.3672675673267458,1,-0.011893228928754013,-0.06236307242319781,0.37088980687937784,1,0.05468465714391514,-0.06673934922042991,0.3646611814348218,1,0.1016549805604948,-0.028446971830054946,0.36663044704131964,1,0.10681010991614495,0.038667799528153315,0.3598181615120721,1
1186.320226,grid_1751_y562_z572,473.047,564.449,570.947,63.55898911247722,0.62,-0.07860722898699668,-0.033655874146113526,0.3640236972067007,1,-0.013564491903407156,-0.06074142235140266,0.36507581260510075,1,0.05231723596793271,-0.06525530925359632,0.36059886736651386,1,0.10128295564629526,-0.02847439857997667,0.3697198766811488,1,0.10760591995915117,0.038834678790134844,0.36230772058858485,1
1186.954442,grid_1752_y560_z572,473.058,562.417,571.039,61.57340070192653,0.624,-0.08108056281428841,-0.03382034587784906,0.3653137163708785,1,-0.015610789867195935,-0.06072633679353524,0.36860446901775,1,0.04985670595186022,-0.06378248702439568,0.3574294344938068,1,0.09935025306615952,-0.027979811022294104,0.3668476510414179,1,0.10762158480117257,0.038843770516425555,0.3638485944436707,1
1187.594921,grid_1753_y558_z572,472.858,560.517,571.201,59.72939529243544,0.628,-0.08273589700067333,-0.033682866289576306,0.3640930003519518,1,-0.017383375086840673,-0.06012847801451521,0.3693762563330381,1,0.04857753960041291,-0.0636970955531431,0.3602748043211851,1,0.09725386337010797,-0.027589633652268453,0.36361425130295133,1,0.10741698135243123,0.03879577119819495,0.36357840139427794,1
1188.354605,grid_1754_y556_z572,472.9,558.281,571.452,57.581878494887576,0.749,-0.08582802975127689,-0.03420590504342437,0.36664728029854793,1,-0.01958021091119011,-0.059317525014542447,0.36941723828011036,1,0.04637914894155448,-0.06248762848813063,0.3585732941175105,1,0.09734221937241441,-0.02803282939297678,0.36928975198371977,1,0.10713756233402565,0.03881514522815207,0.3628579268534004,1
1188.996563,grid_1755_y554_z572,472.524,556.616,571.508,55.95465108460602,0.63,-0.0871728650757016,-0.033972061149977834,0.36507694957739323,1,-0.0214310040753563,-0.05899507991799008,0.37129962225231017,1,0.04500973971278283,-0.06195406904340641,0.3600209706845652,1,0.09604509956927784,-0.027614402794315374,0.3680573861459169,1,0.10957036736979253,0.03986962381957031,0.3713210263409351,1
1189.653102,grid_1756_y552_z572,472.646,554.396,571.531,53.78848940990997,0.647,-0.08993362228251997,-0.03396023330796107,0.3664374888212424,1,-0.023658496508461007,-0.058329253205571065,0.37210388361029173,1,0.043246116028694645,-0.06132919748867136,0.36160528588118146,1,0.09437440729739263,-0.027103815850456396,0.3675737318536266,1,0.10949846737049058,0.03976345008762354,0.37160884907932346,1
1190.392733,grid_1757_y550_z572,472.845,552.321,571.428,51.74293951835366,0.729,-0.09276220403644038,-0.03412688554036865,0.36948606225668346,1,-0.025279376040964797,-0.05690116208422643,0.36912042941044676,1,0.04119963626410128,-0.059928720828810365,0.35968906926479594,1,0.0929106662318036,-0.02673518705934163,0.36688047040394267,1,0.10695809314567453,0.03865196520188734,0.3633786729489706,1
1191.027483,grid_1758_y548_z572,472.549,550.64,571.156,50.03780879495024,0.625,-0.09515130842122135,-0.03357201933545143,0.37078112848142303,1,-0.02729876781814438,-0.056044678613889544,0.3706188896016463,1,0.039345526410304164,-0.05915599427509387,0.36077897001687786,1,0.09218548548893032,-0.026647463338150157,0.369690840675714,1,0.10558073896583306,0.03847865205047479,0.35949961317361573,1
1191.671476,grid_1759_y546_z572,472.606,548.599,571.22,48.06336670479927,0.633,-0.09762683843882244,-0.03360485840277218,0.3721186040695838,1,-0.028925321221975525,-0.0545545999432943,0.36624958748630865,1,0.037354712364009314,-0.057743139349158756,0.3580167196661019,1,0.09179857808764849,-0.02660219155559703,0.37346661261947506,1,0.10622196215064623,0.03867736440041099,0.36231870349758644,1
1192.303493,grid_1760_y544_z572,472.56,546.681,571.11,46.17132853839064,0.623,-0.09839561520184806,-0.033046934027571286,0.36686077270561557,1,-0.030873014398673505,-0.05385029926057885,0.36780292694823497,1,0.035832563180351384,-0.05706463389878972,0.36070039484372124,1,0.08948902577719779,-0.025873058132565196,0.3692184660197859,1,0.10604829803995482,0.03874433337274272,0.36229195482259857,1
1193.039681,grid_1761_y542_z572,472.74,544.518,571.168,44.089771852437664,0.726,-0.10178052332432123,-0.03317274011672515,0.37086961562349047,1,-0.032898735447778785,-0.05297732900727007,0.36820791137008435,1,0.03396286975477207,-0.05602358995484491,0.36179810304996973,1,0.08893760153565541,-0.025793378642671283,0.37275824990334233,1,0.10592297275161541,0.03874617854939416,0.36200970212445455,1
1193.677513,grid_1762_y540_z572,472.68,542.764,570.981,42.34377268265078,0.627,-0.10419807469422218,-0.0332399197994022,0.37260346836233127,1,-0.03480233608193219,-0.05190648924538791,0.3679012083785922,1,0.032607313335740254,-0.05590057549541265,0.3682266176933335,1,0.08755949237075929,-0.025336532331916635,0.3725354789373268,1,0.10634301133858748,0.03887791329739478,0.3636482756074885,1
1194.311525,grid_1763_y538_z572,472.778,540.618,570.944,40.26409772986357,0.623,-0.1055315579844767,-0.03255186814512761,0.36919487492922004,1,-0.03683321363879838,-0.05078420444603406,0.36736527207756975,1,0.030799743903383137,-0.05457684173051345,0.3668263146083909,1,0.08580524464497,-0.024803673293097683,0.3710400704238198,1,0.10659134278805855,0.03932902589327677,0.3659055401831755,1
1194.94449,grid_1764_y536_z572,472.717,538.788,570.827,38.4693008514582,0.622,-0.10886785468719973,-0.03236408165797041,0.3733637582704665,1,-0.03863817753630367,-0.04985512309805821,0.3674479128488194,1,0.02907959816676244,-0.053326449830461996,0.36681477021375786,1,0.08459967567722824,-0.024221438953431734,0.3724174591300571,1,0.10507930248045164,0.03886923747398349,0.36135061474549757,1
1195.682861,grid_1765_y534_z572,472.871,536.64,570.776,36.3986255921841,0.729,-0.11119480219765827,-0.032142942032482635,0.3723432730612183,1,-0.041336695293555194,-0.048845304341875534,0.3701128467856905,1,0.026409902606241493,-0.05154611331456542,0.3668482870931472,1,0.08301054418942948,-0.02373832239332329,0.3732814481361017,1,0.10608424599064126,0.03949143507512594,0.36557410992725775,1
1196.316044,grid_1766_y532_z572,472.736,534.79,570.776,34.62817451151588,0.623,-0.11354731070560901,-0.032169908625271006,0.37404770910385166,1,-0.04290288562025387,-0.048010791270129735,0.36946444604292666,1,0.024637062143014605,-0.049911941292740465,0.36221800858400444,1,0.08197897159893933,-0.023258480455267093,0.37355339904838836,1,0.10468359188648038,0.03896730956942419,0.3615398062139456,1
1196.963037,grid_1767_y530_z572,472.794,532.606,570.928,32.60560930269516,0.636,-0.11564312064160769,-0.031862877671748155,0.37421032901138285,1,-0.044484864523906355,-0.046574525918540624,0.3665348977630365,1,0.02246372650820541,-0.04784396543915911,0.3577981866818988,1,0.07893676173571232,-0.022422274238224564,0.36653520012508567,1,0.1055383307906403,0.0393222561310012,0.3646866911965927,1
1197.70554,grid_1768_y528_z572,472.836,530.544,571.026,30.700714551944866,0.73,-0.11862363088925809,-0.03196304294233128,0.37524895007376113,1,-0.04678628920868615,-0.04541406297553601,0.3666151685413027,1,0.02061333888100716,-0.04669514714473387,0.3606616658515112,1,0.0766114595940844,-0.021360539604089186,0.3628676204938836,1,0.1057671684484027,0.0392218528132649,0.3660721434438795,1
1198.34551,grid_1769_y526_z572,472.71,528.633,571.2,28.98030108539254,0.629,-0.12045772363120863,-0.03194678638731462,0.3745414565278465,1,-0.049352158583191544,-0.045034203121633684,0.3720599732085844,1,0.01879505807294659,-0.04515954304807288,0.35930409294778354,1,0.0762049348711877,-0.020981275574018476,0.3675696821667374,1,0.10513951110588526,0.03919111066391587,0.3646960363695432,1
1198.982467,grid_1770_y524_z572,472.516,526.635,571.396,27.214561451546476,0.625,-0.12265275898663286,-0.03196489191907849,0.37453293461774306,1,-0.05116560176465383,-0.04363601718404216,0.3696816977697678,1,0.016861281765999114,-0.044212960077379196,0.36255973750763687,1,0.07503109747250217,-0.02035373794959274,0.36998816294331116,1,0.10454624632418041,0.03915814371756928,0.3641292201237306,1
1199.733216,grid_1771_y522_z572,472.763,524.405,571.642,25.31434664375126,0.741,-0.12454924977687054,-0.03190761110276047,0.3736240157651226,1,-0.0532828760977548,-0.04245411441343435,0.3694555793995501,1,0.014825253139273322,-0.042776694661290644,0.3636083002844222,1,0.0741121995981434,-0.01972637913627258,0.37458627397585553,1,0.1040819372856755,0.03906694427285808,0.36241457284965534,1
1200.367461,grid_1772_y520_z572,472.453,522.7,571.708,23.825166631106736,0.624,-0.12742951528769814,-0.032141026994661176,0.3756848769686355,1,-0.05548578021064897,-0.041437122654373715,0.370518899039269,1,0.012837553517157785,-0.041047864677016974,0.36268232000832346,1,0.07135877031939714,-0.018630961825492023,0.36878478460692576,1,0.1032747221807023,0.03883600331325861,0.3612501245597929,1
1201.006442,grid_1773_y518_z572,472.682,520.612,571.812,22.079144593937503,0.629,-0.12897299400509507,-0.031772225603821445,0.3736329177659398,1,-0.057328795864704206,-0.040155947187414914,0.3700399516648332,1,0.010887577594373631,-0.03926140677771386,0.36210285260822717,1,0.06926821164243735,-0.017664140583175236,0.3657563140491281,1,0.1032858654874741,0.03885703133110223,0.36194244676760245,1
1201.641393,grid_1774_y516_z572,472.733,518.589,571.82,20.390292739438625,0.624,-0.13241523666403973,-0.03180218418661004,0.37723989200574803,1,-0.059525905799932485,-0.038815757575163826,0.3710439330247237,1,0.008805051661677842,-0.03754595332767677,0.36183781100559675,1,0.06790723972685068,-0.01661487368867992,0.36755217194672535,1,0.1031169674760551,0.039131530136807875,0.36275835953481467,1
1202.383685,grid_1775_y514_z572,472.689,516.607,571.697,18.71499209190321,0.732,-0.1346149617488947,-0.0314586624260571,0.37616591743421623,1,-0.0616221239305774,-0.037276529196196354,0.36957403791165405,1,0.006703298489669195,-0.03568392416214481,0.36308365561873623,1,0.06632969291726111,-0.015586235818713878,0.3690011928102753,1,0.10418843015384696,0.039798978937251255,0.3674378904498279,1
1203.031978,grid_1776_y512_z572,472.607,514.685,571.678,17.218161400103057,0.637,-0.13832527083507734,-0.031552274159725315,0.3806235409105101,1,-0.06404023177774987,-0.03599831432279338,0.37119440207098664,1,0.004669535177647711,-0.0337712204847234,0.363817735114148,1,0.06504563902148855,-0.014703173211122036,0.3715204685596835,1,0.10320878161101836,0.039850670613627806,0.3651470632050463,1
1203.668147,grid_1777_y510_z572,472.676,512.728,571.683,15.814954979385776,0.626,-0.14058158263837728,-0.03131763449178431,0.3802622210380007,1,-0.06637557559546342,-0.03468315036588861,0.3718878013626864,1,0.0025459986377039364,-0.03164470565504373,0.3630919670505189,1,0.06260589945090042,-0.013198040606830155,0.3684226542376387,1,0.1029069180139522,0.03983785979703104,0.36491610108019323,1
1204.411662,grid_1778_y508_z572,472.766,510.602,571.474,14.270014365795177,0.732,-0.14109084783192902,-0.030600930580593842,0.37661535604782814,1,-0.06849154901172946,-0.03319095358913125,0.3719941143191912,1,0.0003850924693406818,-0.029575242616247034,0.36245180434954116,1,0.06004637835845074,-0.011892852682727306,0.36358924662509573,1,0.10147566847376688,0.03938274363243481,0.36094100903268433,1
1205.042562,grid_1779_y506_z572,472.609,508.75,571.287,13.039830366994838,0.62,-0.14277760701416234,-0.029979620384875956,0.374902242052069,1,-0.07017465809144602,-0.03130717950754056,0.36966774548456993,1,-0.0017067211538861979,-0.027856913887817997,0.36717778318781297,1,0.0585980510165142,-0.010590794637587757,0.36566956729054617,1,0.1034781106456828,0.04042705383134643,0.3698293315155825,1
1205.671787,grid_1780_y504_z572,472.704,506.812,571.08,11.938415388986972,0.62,-0.14533809189281238,-0.029396188350606763,0.37573458690525313,1,-0.07244941526709672,-0.02959862788542657,0.3697080779809477,1,-0.003892676341917261,-0.02540704576771971,0.3655148773719251,1,0.05707518305684124,-0.009148310038466504,0.36768479369077844,1,0.10300875523805239,0.04057182288485188,0.368815984009004,1
1206.311234,grid_1781_y502_z572,472.72,504.841,571.046,11.223463770155849,0.629,-0.14791530117003762,-0.029145649173451072,0.3770073479657364,1,-0.07456631260285741,-0.027756451591089963,0.36945151503740215,1,-0.006038379580854352,-0.022839344633564775,0.36360092623357293,1,0.054476303266408996,-0.007484978132346265,0.36471027037884696,1,0.10266307653236814,0.040691188011879466,0.3684407820791845,1
1207.062773,grid_1782_y500_z572,472.864,502.775,570.734,10.55276698311871,0.742,-0.15193896080038558,-0.02868435822560548,0.3804266657618415,1,-0.0776517862588607,-0.02599048705006985,0.37266518459250675,1,-0.008459312811020378,-0.019963541574267524,0.36082444322842155,1,0.052432104016975255,-0.005587067041316947,0.36517503851643135,1,0.1010698331230804,0.04010200708252939,0.3646074966760873,1
1207.698478,grid_1783_y500_z574,472.425,502.491,571.387,11.144438119528433,0.624,-0.1502378621749462,-0.028624880364038697,0.3749440116531312,1,-0.07745137877864476,-0.02550563783076478,0.36841110345943967,1,-0.009000792013970743,-0.01928974960740293,0.35957270045352063,1,0.052181265384078,-0.005032476270237154,0.3672949670320498,1,0.1006929044909642,0.03994750974467997,0.3636397431176546,1
1208.334486,grid_1784_y502_z574,472.526,502.635,572.206,11.97574694956436,0.625,-0.14979954437495402,-0.029421851520277625,0.3738107862065365,1,-0.07784185395188432,-0.026084404580534248,0.3698615288578669,1,-0.009019234220905097,-0.01931484608031973,0.35527704741666105,1,0.05204076731287956,-0.00511507657540234,0.36581461151368694,1,0.1006929044909642,0.03994750974467997,0.3636397431176546,1
1209.078547,grid_1785_y504_z574,473.051,502.972,573.566,13.395548253057818,0.734,-0.15127125783778891,-0.03093225148506027,0.3781000663905124,1,-0.07819404091639229,-0.02725378740692484,0.3737869719783049,1,-0.008884193241253377,-0.020261426543490633,0.3641589524733092,1,0.05254212520441134,-0.005396208669026157,0.3690782884418181,1,0.1006929044909642,0.03994750974467997,0.3636397431176546,1
1209.722155,grid_1786_y506_z574,473.666,504.236,573.567,13.637092982010492,0.634,-0.1499706079305797,-0.031363840204209355,0.37685064658108336,1,-0.07604678910380235,-0.028063686224634704,0.368468407189933,1,-0.007669410247045071,-0.02155299193135448,0.3625352050573938,1,0.05264419727354268,-0.006149552820239911,0.36228186877760893,1,0.1006929044909642,0.03994750974467997,0.3636397431176546,1
1210.355098,grid_1787_y508_z574,473.454,506.241,573.806,14.331468417437229,0.623,-0.14707098423696036,-0.03169038763205393,0.37502934916093145,1,-0.07403901052711238,-0.029781278298808896,0.36841009393693336,1,-0.005660963813367367,-0.024169762184270183,0.36491393777305253,1,0.05528404413844855,-0.007806578083873764,0.3681667929589879,1,0.10237044430879216,0.040534006358620395,0.3683274136429855,1
1210.98891,grid_1788_y510_z574,473.474,508.017,573.896,15.06039000159022,0.623,-0.14599719951652196,-0.032509119482122296,0.3777509505127159,1,-0.07202087001878174,-0.0315751526688965,0.369252023792646,1,-0.0034644705111955406,-0.026107706375202145,0.3600938977093102,1,0.05692363390608226,-0.009195352153242206,0.36664403368487075,1,0.10226834122662828,0.040276032721236685,0.3668237124180562,1
1211.728039,grid_1789_y512_z574,473.43,510.007,573.967,16.04036614295321,0.729,-0.1438133041335161,-0.03291967879750481,0.3778071998319691,1,-0.06965511327081889,-0.03320696605939383,0.36792362180152643,1,-0.0012912786781730434,-0.02849097544894736,0.3613705045025101,1,0.05919486840572665,-0.010963651316046694,0.3674966053988317,1,0.10209552733897057,0.03996656510099687,0.36446810619319336,1
1212.370166,grid_1790_y514_z574,473.491,511.889,574.213,17.28324405312843,0.631,-0.1417119099383606,-0.033303275230858326,0.3779397533691391,1,-0.06814265006360043,-0.035094270793263105,0.3709731708471441,1,0.0006819269046284586,-0.030645173834543238,0.3628581295018555,1,0.06094828940105488,-0.012189408973443696,0.369603221973785,1,0.10263594679665175,0.03975186678453796,0.3649066507733825,1
1213.021994,grid_1791_y516_z574,473.45,514.017,574.116,18.5291202975209,0.641,-0.13665206300032265,-0.033000465184932146,0.371231048397917,1,-0.06551528771956058,-0.03668643609807683,0.3705103898862952,1,0.0030393686718743675,-0.032939793516346655,0.3619709092719966,1,0.0627847472773123,-0.01363217498714874,0.36686154472841903,1,0.10269538764771531,0.03980580601855559,0.3641651205651213,1
1213.760865,grid_1792_y518_z574,473.422,516.061,574.097,19.92020195680759,0.728,-0.136980181609407,-0.03389638455889755,0.37714386196767563,1,-0.06383766955668267,-0.038146276042615,0.3719064963593001,1,0.004948569679734859,-0.034627675576111225,0.3605033758563045,1,0.06471256562923552,-0.014756477574804616,0.3679919518595808,1,0.10307855297679483,0.039846994553504586,0.36497729016218294,1
1214.402315,grid_1793_y520_z574,473.338,518.066,574.152,21.43028917210411,0.63,-0.1342600838209086,-0.034065241475965354,0.37644489554918426,1,-0.06108920332065787,-0.03933393977397839,0.36900806289675037,1,0.0072371862571560626,-0.03680236528101013,0.360657463241841,1,0.06660092321211149,-0.016060332000135152,0.36898768460454284,1,0.10423387060933487,0.0398901479742141,0.36800115080359835,1
1215.054561,grid_1794_y522_z574,473.465,520.071,573.947,22.874829420129046,0.641,-0.1318312199018786,-0.03425178061609662,0.37595504693471504,1,-0.0590585618696086,-0.04093014981940683,0.36979535778650097,1,0.009432755225812337,-0.03851394310616369,0.3601888657140252,1,0.06859752718005421,-0.01709124188080921,0.36945004945270943,1,0.10146614495255876,0.03864395672318258,0.3566745783115086,1
1215.685761,grid_1795_y524_z574,473.602,522.004,573.787,24.366997701809762,0.621,-0.12994666289957219,-0.034318629112906805,0.3762981940071836,1,-0.0568993283445966,-0.04189283789449548,0.3685481558210314,1,0.011300583435887806,-0.040021831409434175,0.35956341438336337,1,0.07023082098446638,-0.018031476961932507,0.37075088744666895,1,0.10258757083733942,0.0387636157086043,0.35970949862538076,1
1216.426098,grid_1796_y526_z574,473.382,524.063,574.019,26.205650115957823,0.729,-0.12810009001065892,-0.034697974796932415,0.3784926700556005,1,-0.05432400952275288,-0.04316798722634875,0.3674163666326082,1,0.013801380041412587,-0.042659050712125494,0.3658684085165461,1,0.07114717671748885,-0.01878955120121395,0.3654381010881785,1,0.10474216964777713,0.03940405190210635,0.36614873734071507,1
1217.062911,grid_1797_y528_z574,473.543,526.168,573.374,27.714955547501816,0.626,-0.12479770494479907,-0.034127845808597984,0.37465629723561333,1,-0.052571005272351125,-0.044116628523072104,0.36872900658864094,1,0.015601720872760383,-0.044285457827652794,0.3665395668179761,1,0.0740803256693259,-0.019878443827292015,0.3726234829474602,1,0.10429944992532683,0.039233516720423876,0.3631133695162152,1
1217.700868,grid_1798_y530_z574,473.848,527.852,573.689,29.368913309824705,0.628,-0.12245755790312843,-0.03437236489575252,0.37420647913070937,1,-0.05069195165067051,-0.04535251393151079,0.3694670760734836,1,0.017421567170530162,-0.04566668416721072,0.3648962124197054,1,0.07491388633886072,-0.020494433019472715,0.3685292580550682,1,0.10645275383785144,0.03990484891285477,0.3704961582694811,1
1218.458844,grid_1799_y532_z574,473.777,530.18,573.147,31.22024836544385,0.748,-0.11965292038123443,-0.03393850676692667,0.37220454866050845,1,-0.04802775735698687,-0.0456725571562617,0.3644539457966012,1,0.01924504385041073,-0.04659025007313009,0.36132524636744634,1,0.07563250562586152,-0.02101341986556075,0.363967792330054,1,0.10600791901575317,0.03945298640272036,0.3678435788240742,1
1219.095906,grid_1800_y534_z574,473.847,532.048,573.401,33.031670196948866,0.627,-0.11878406411167883,-0.034689692447139174,0.3769606035148091,1,-0.046432738587533294,-0.0475582248371473,0.36798285509315226,1,0.021318145779609814,-0.048223022584505414,0.3623671724309355,1,0.07691647021227348,-0.02162866803424528,0.3640038913542337,1,0.10581791442386454,0.039207461901409627,0.36678172622672667,1
1219.751088,grid_1801_y536_z574,473.779,534.047,573.507,34.9072669941375,0.644,-0.11633247166636287,-0.0349120049896693,0.37602994947450574,1,-0.04451708341620369,-0.04911042744153257,0.36958022676497476,1,0.023270817381072798,-0.04957750811877522,0.3617807794756692,1,0.08026397629263526,-0.022970982698457754,0.3720110920049442,1,0.10449573128273335,0.03888147745278324,0.3619935503528611,1
1220.381694,grid_1802_y538_z574,473.797,535.986,573.71,36.78040414405478,0.62,-0.11338401133911233,-0.03504413952648057,0.37338216942592717,1,-0.04249414984583919,-0.050069037885852194,0.36944852907558656,1,0.02502470621509979,-0.05061877577308401,0.35874978076114605,1,0.08059326665705609,-0.023038957102245083,0.3665580986616468,1,0.10383742557068516,0.03869593276022165,0.35991408882448866,1
1221.125769,grid_1803_y540_z574,473.727,538.061,573.701,38.709672034260436,0.734,-0.10980038558631389,-0.0352040465905184,0.36983097790821196,1,-0.040226985210020286,-0.05140291964853342,0.3693062094620301,1,0.027514208160152313,-0.05287603657555436,0.3640397181900148,1,0.08337644647572715,-0.02380420028467012,0.37127620567461,1,0.1053209643758934,0.03917392224110222,0.363361701324992,1
1221.820919,grid_1804_y542_z574,473.79,539.99,573.835,40.56973824169936,0.684,-0.1076446481872152,-0.0353050109039297,0.3682767465803548,1,-0.03854092465711974,-0.05232270982831877,0.3684758351645167,1,0.02856466254278332,-0.0531928520651155,0.3600918922711534,1,0.08358989151622834,-0.024165924821445812,0.36802928508844723,1,0.1049996736354053,0.039004142400025775,0.3612924241061366,1
1222.45838,grid_1805_y544_z574,473.889,541.736,573.864,42.231435080991524,0.627,-0.10539203514120869,-0.035475786478432136,0.36789115702066366,1,-0.03644402175796464,-0.05313821733984998,0.3677298978973923,1,0.03062684256770336,-0.0545075372449315,0.36060606786804605,1,0.08523938132948047,-0.024754148846902947,0.36832367665164134,1,0.1071900352645151,0.039412525728648985,0.36772728958689854,1
1223.278289,grid_1806_y546_z574,473.826,543.882,573.851,44.259142931150365,0.808,-0.10318296984037038,-0.035745772689409074,0.36992509336511403,1,-0.03382102981079723,-0.053961836423758104,0.36588309684195863,1,0.03293479631151847,-0.05574804045062283,0.35908986834395673,1,0.08814984579613079,-0.025601395140947468,0.37375842944530435,1,0.1061466193056135,0.03883035690518393,0.3628737645335298,1
1223.968707,grid_1807_y548_z574,473.711,546.008,573.795,46.26371537176845,0.68,-0.1016245026565894,-0.035913186806513946,0.3708831387995145,1,-0.03226626619312033,-0.0549795757690867,0.367249205360216,1,0.03520520958126401,-0.05794508774274265,0.3669590755539779,1,0.08852566324426925,-0.025629597214768724,0.3699976970665765,1,0.10592297275161541,0.03874617854939416,0.36200970212445455,1
1224.717022,grid_1808_y550_z574,473.82,547.924,573.812,48.107033186427124,0.739,-0.09895898079990775,-0.0358991277376244,0.36844885937445204,1,-0.030497890438274215,-0.05609230904531789,0.36879854407918466,1,0.03684599780570448,-0.05875551285203721,0.3647395626688971,1,0.09124403206987333,-0.026386199223910008,0.3744446376254687,1,0.10609007313606796,0.03874371831385891,0.36238603905531325,1
1225.351064,grid_1809_y552_z574,473.819,549.793,573.991,49.9504523402942,0.624,-0.0965089221221885,-0.036072854193089296,0.36769304445962786,1,-0.028471433967123372,-0.05698978848170762,0.3681265459651109,1,0.03839712167858539,-0.05929427282950198,0.3619912263708227,1,0.09201932262436155,-0.02658507943649509,0.37249831898626146,1,0.10618202725530576,0.03872908762758832,0.36235587152116794,1
1225.987344,grid_1810_y554_z574,474.031,551.839,573.561,51.81615683355925,0.626,-0.09366710248842447,-0.03576529473945508,0.36491978670503106,1,-0.02626759627295818,-0.057143727294650316,0.3647404675536613,1,0.03981834499105709,-0.05931815004194657,0.3575514488009692,1,0.09263509307493914,-0.026826532440696826,0.3707098608690445,1,0.10614391451432678,0.038500037978679465,0.3611882609278962,1
1226.618456,grid_1811_y556_z574,474.06,553.891,573.624,53.81707322959879,0.622,-0.09243262692279021,-0.03613013091729036,0.36852408476584586,1,-0.02451960759974851,-0.058514398458589835,0.3677682947099621,1,0.04177869796814826,-0.060537717485615095,0.3585414550128617,1,0.09407006254340582,-0.027196731411213766,0.37042217516182013,1,0.1063458072383368,0.03843477805054082,0.361370025225923,1
1227.361993,grid_1812_y558_z574,474.071,555.889,573.472,55.717384594038535,0.733,-0.08938334358453014,-0.035937640024815115,0.365973738494253,1,-0.022282777521100253,-0.0592483878115901,0.3666850808847816,1,0.04347132119544804,-0.06111133502152949,0.35575026962965,1,0.09455173754778738,-0.026948154208454624,0.36667616403713976,1,0.10883894792421996,0.0394604754709965,0.36955337392022847,1
1228.003158,grid_1813_y560_z574,474.183,557.926,573.357,57.675177537654854,0.631,-0.08705496295842688,-0.0359034678224402,0.3646558876444527,1,-0.020640597384914288,-0.06022292267171133,0.3682560268776431,1,0.04585139396732924,-0.06280135790112559,0.36032637538314805,1,0.09645710285619259,-0.027748273867120705,0.3685261598584966,1,0.10770532001973217,0.039057925666549274,0.36512123214995623,1
1228.636407,grid_1814_y562_z574,474.179,559.798,573.375,59.5021257099274,0.623,-0.0851380594738955,-0.03590293850560685,0.3653797440725309,1,-0.018622844507312213,-0.0606091383475262,0.36754445496784427,1,0.04801140161576105,-0.06398471868834725,0.3622318665211358,1,0.09722821294391186,-0.02795474258695394,0.36701552376295776,1,0.10711134752668347,0.03882139940821522,0.3628193098019322,1
1229.378397,grid_1815_y564_z574,474.062,562.077,573.245,61.693570605047675,0.731,-0.08321513738961536,-0.03625625631326605,0.3660164914114846,1,-0.016606024800960663,-0.060978535127220936,0.3640197763736758,1,0.049746981551601496,-0.06480732895171472,0.36160497389174956,1,0.0974996744739574,-0.027571252327903768,0.3633942421474961,1,0.10873494187255286,0.039137947911507376,0.367945169031312,1
1230.015108,grid_1816_y566_z574,474.26,563.753,573.486,63.38921778189101,0.626,-0.08082271140192272,-0.03635145882745476,0.3659206425255582,1,-0.014769627101164088,-0.062273967414201846,0.3671306707845229,1,0.05161898064856944,-0.06577537473295711,0.36286601269802005,1,0.09960347866778885,-0.028068846067280516,0.3667902181207404,1,0.10812895631319593,0.038918938068530716,0.3644604662181225,1
1230.652394,grid_1817_y568_z574,474.106,565.823,573.751,65.46198599187164,0.628,-0.07866933088005759,-0.03686051042517951,0.3655525628806992,1,-0.012761363374796109,-0.06318599245063432,0.3674490714672535,1,0.05352027646041405,-0.06664586949883333,0.36371275701573924,1,0.1007993446828304,-0.028302401190400894,0.36617936894495545,1,0.10710616406820353,0.03871433311368388,0.3606814269582551,1
1231.291102,grid_1818_y570_z574,474.006,567.89,573.422,67.41652573368047,0.628,-0.0764944352760196,-0.036752013506099336,0.36628067614756943,1,-0.010760578630329405,-0.06388472477587406,0.36647451359708044,1,0.05569438431638697,-0.06763339551495348,0.36461459628562226,1,0.10183078692810735,-0.028257803323123044,0.3651253509007097,1,0.10681010991614495,0.038667799528153315,0.3598181615120721,1
1232.036976,grid_1819_y572_z574,474.027,569.949,573.631,69.47661235984377,0.736,-0.07358374502018783,-0.036741977882525756,0.36336108704630987,1,-0.008599367503492788,-0.06410321973923568,0.3623348252490707,1,0.05736919225021194,-0.06805605886687427,0.3623809787209441,1,0.10251528776988642,-0.028246739859323883,0.3623133605328469,1,0.10650846068526912,0.03848672316243161,0.35821664879482895,1
1232.674821,grid_1820_y574_z574,474.029,571.832,573.929,71.38089845329772,0.627,-0.07134634000872792,-0.03705201932076768,0.36243956613749156,1,-0.006760814274170633,-0.06546835623538605,0.3662427304824011,1,0.05935023772347624,-0.06897256723619412,0.3641832996232691,1,0.10565409142492113,-0.0289729050494478,0.369800862525882,1,0.10617327091154034,0.03819847322909463,0.3553995310063774,1
1233.311214,grid_1821_y576_z574,474.043,573.828,573.827,73.3216100205117,0.624,-0.07008509055019158,-0.0375446206141895,0.36675796810288064,1,-0.0048561067631282175,-0.06615167499790656,0.3669568760340164,1,0.06122489916300118,-0.06978082429835282,0.3642898814675918,1,0.10637630568963137,-0.028826289577382834,0.36866203504781725,1,0.10650482844354243,0.038326297101749465,0.3560722052893686,1
1234.052703,grid_1822_y578_z574,474.218,575.761,573.875,75.23541800242755,0.732,-0.06757388020640676,-0.03741188451695199,0.36340296128971694,1,-0.0031074644976294887,-0.06659696561796787,0.3658728097673579,1,0.06288519054829203,-0.07040410344837003,0.36322148169358626,1,0.10677089015605681,-0.028732091557887307,0.36541998677538023,1,0.10836648830263855,0.03886982309792124,0.3622650366102224,1
1234.748187,grid_1823_y580_z574,474.222,577.905,573.377,77.25815450811648,0.685,-0.06506668418277842,-0.0372494645094381,0.362405638930861,1,-0.0010543922165505914,-0.06751329425762354,0.3669125223975615,1,0.06443137813628333,-0.07042083210918591,0.36100401539671134,1,0.10865043274851482,-0.028963522359767752,0.3670099741536871,1,0.10940016734911148,0.039110619445812234,0.365662792454959,1
1235.398442,grid_1824_y582_z574,474.339,579.842,573.425,79.17850864975925,0.639,-0.06317195754450171,-0.037384077146875166,0.3646509411537746,1,0.0009263687768604837,-0.0679679814655186,0.3662607652388925,1,0.06655328615993972,-0.07138218282770435,0.3621650867129412,1,0.10999430690461172,-0.0287986671510548,0.36680751886638124,1,0.10962750877229177,0.03929106318771977,0.3660979634922809,1
1236.137968,grid_1825_y584_z574,473.995,582.167,573.188,81.42295112558871,0.73,-0.06084621526163325,-0.03720201918026658,0.36421438515761234,1,0.00306206560867149,-0.0685727618577924,0.36755529770220063,1,0.06831170613797638,-0.07164385368467192,0.3614313805843664,1,0.11310014163434182,-0.029401508460025393,0.3737238237895054,1,0.1083665317416745,0.03872756691685593,0.36162854562706526,1
1236.883952,grid_1826_y586_z574,474.112,584.138,573.358,83.39858189441837,0.735,-0.05844331603567687,-0.037403156154688796,0.3633387267897863,1,0.005050558263066287,-0.06967618836273469,0.37000275221780965,1,0.06940722260458912,-0.07148098092549335,0.3575995292422165,1,0.11572203624480344,-0.029734575237269596,0.3783734274801715,1,0.10792524003392687,0.03843134962653349,0.35930328070721446,1
1237.693583,grid_1827_y588_z574,474.139,586.209,573.128,85.40963337937937,0.8,-0.05542008071615222,-0.03688150516447658,0.3592726391954904,1,0.007286149229567452,-0.07021148237364981,0.3681574825016454,1,0.07189068216444221,-0.07234117428805674,0.36025598378240103,1,0.11461689288068884,-0.029010737545728006,0.37018527324753786,1,0.10777985704049191,0.03834890604946771,0.358581278870768,1
1238.323617,grid_1828_y590_z574,474.142,588.141,573.257,87.33855898742546,0.62,-0.05282046803871983,-0.03656895300178313,0.3561015189869382,1,0.00914375380418496,-0.07117804188373403,0.3716350329295242,1,0.07373118409892875,-0.07309551529020414,0.360766149443853,1,0.11489216939373306,-0.028877822822091143,0.36777459976743937,1,0.10671692664307116,0.03816203248160539,0.3553791395919161,1
1238.962797,grid_1829_y592_z574,474.275,589.994,573.474,89.2062138923069,0.628,-0.0512574870222968,-0.03732289419870434,0.3599421781449913,1,0.011096329446844088,-0.07207519709944817,0.3724001173627527,1,0.07549327038237996,-0.0733371343217289,0.3604647196120071,1,0.11736244321873172,-0.029100615600846823,0.371694082572578,1,0.108747973727042,0.03891512192009903,0.3616559094675815,1
1239.603591,grid_1830_y594_z574,474.175,592.125,573.351,91.29312614320973,0.628,-0.04892997199820835,-0.03723144748955677,0.3582509412715616,1,0.012839938453852617,-0.07180114613805084,0.36810974671525637,1,0.07766095166416302,-0.07416217050993693,0.36171920532877344,1,0.11869681380160228,-0.02907560845073127,0.3724547768541975,1,0.10976255058832159,0.03930249390635267,0.3644080024935289,1
1240.353823,grid_1831_y596_z574,474.074,594.124,573.626,93.30767309283846,0.738,-0.04679857088648389,-0.037795133707023004,0.3599532182571406,1,0.01490213057068764,-0.07224344206167306,0.3667015206482269,1,0.08042877153436356,-0.07527104543995511,0.3645733865502343,1,0.11855058526184661,-0.02851548135478395,0.3677438484879732,1,0.10915102176707434,0.03908544461337617,0.3611182598307699,1
1240.995871,grid_1832_y598_z574,474.143,595.99,573.522,95.14147413720269,0.63,-0.04485003205225637,-0.037930947905972026,0.359653211761598,1,0.016846824452960336,-0.07342393186838296,0.3696102334280281,1,0.08276731999884801,-0.07607336001964118,0.3668894806066891,1,0.1202937414392014,-0.0287272140335683,0.3700334364372578,1,0.10901650981054889,0.03903208912059296,0.36040522829253446,1
1241.632669,grid_1833_y600_z574,474.091,598.025,573.563,97.16080300717981,0.624,-0.04301815820800478,-0.03813617917091343,0.36175117007674196,1,0.018798459481835932,-0.0738222359925423,0.3701458154732731,1,0.08392728777428818,-0.07579055845274311,0.3643641562897593,1,0.12207908622622199,-0.02869202450638042,0.37180588483682947,1,0.11122235501078685,0.03960568781763697,0.36755666134514814,1
1242.262473,grid_1834_y602_z574,474.183,599.853,573.56,98.97324322260029,0.619,-0.04097051388363131,-0.03816680068688358,0.3615520954396403,1,0.020688119109102204,-0.07391065680862882,0.36797989353186766,1,0.08506759233368665,-0.07566383047702088,0.36171127731565866,1,0.12229998685543268,-0.02815072588418649,0.36896256725136495,1,0.10960393303071587,0.039113150459932466,0.3620121897571701,1
1242.999703,grid_1835_y604_z574,474.121,601.934,573.596,101.03848459374278,0.726,-0.03836398146821955,-0.03835047253153293,0.36133316825702727,1,0.022878707166051303,-0.07432141228411471,0.3672485390911264,1,0.0877595081669779,-0.07642583548333898,0.363982297348982,1,0.12348022465338078,-0.02810720713006399,0.36899584459004203,1,0.10912572426514444,0.03893188702814335,0.3599833295087595,1
1243.632084,grid_1836_y606_z574,474.113,604.14,573.272,103.18360325652522,0.622,-0.03650894471556848,-0.03816539297587383,0.3621329986795856,1,0.024718989662636713,-0.07474230184900246,0.3678961382521991,1,0.08909217786169435,-0.07648328453673289,0.36314962524789945,1,0.12246573134507273,-0.027539882422671087,0.3630387818547856,1,0.1099102941528168,0.03907416714283971,0.3621690823529384,1
1244.272534,grid_1837_y608_z574,474.103,606.163,573.301,105.19366629697821,0.631,-0.034101222268255696,-0.03814623133417985,0.3594046187934688,1,0.027037694255982604,-0.07621341175632475,0.37204369932659975,1,0.09135949753582587,-0.07711626750977799,0.3644930267671078,1,0.12335261140415939,-0.027468496664372427,0.36258033533128087,1,0.11078328533062547,0.03940087817868687,0.3646900918043385,1
1245.063584,grid_1838_y610_z574,474.03,608.226,573.395,107.25049980769322,0.779,-0.03166151760353142,-0.03835890872766598,0.3605371867931473,1,0.029380999712157425,-0.07625760301694247,0.37053046568623527,1,0.09345469242260798,-0.07741311960413005,0.36417796222487553,1,0.12683520020778666,-0.027667833954872066,0.3684327611882921,1,0.11275940820254049,0.040142064564128256,0.370722088123975,1
1245.695962,grid_1839_y612_z574,474.098,610.295,573.23,109.2855746153169,0.622,-0.02990218312475166,-0.038453702323782646,0.36224648160209094,1,0.03140739530127223,-0.07729188189508554,0.37370914660545995,1,0.09539896221161638,-0.07760947180540248,0.3646358158872502,1,0.12826625530026745,-0.027419438274525577,0.3700981206855762,1,0.11258412238011772,0.040021939077298174,0.3696162565672296,1
1246.333504,grid_1840_y614_z574,474.166,612.168,573.331,111.1584401878688,0.627,-0.027612746092301806,-0.03856487007283854,0.36257369115976346,1,0.03335221273030771,-0.07762052230643357,0.373198715192537,1,0.09743919048536423,-0.0777402091756652,0.3651035513727728,1,0.1301923206470954,-0.027517918062268047,0.3729781878381728,1,0.10860662720328387,0.03849858491027881,0.3553785181967589,1
1247.077111,grid_1841_y616_z574,474.307,614.024,573.338,113.00527740331424,0.732,-0.025547004955945474,-0.03877465603281067,0.3635224476643625,1,0.03504272104580166,-0.07743622580909465,0.37006218159909,1,0.09865042119253561,-0.07766290930128325,0.36330889862383814,1,0.1304248492909314,-0.02701564515407882,0.3708642380084719,1,0.10715340108307662,0.037937623595863924,0.35037051398472496,1
1247.719521,grid_1842_y618_z574,474.081,616.183,573.333,115.14423233927091,0.631,-0.023103215020358607,-0.03848153167702824,0.36047367670227015,1,0.037170349271649764,-0.07847158316324224,0.37211493175565535,1,0.09948773722149704,-0.0769488509877713,0.35933555260595895,1,0.13197681058766178,-0.026893329349922522,0.37167887031221436,1,0.10922027889615707,0.03855527067419605,0.3578271231327808,1
1248.370695,grid_1843_y620_z574,474.213,618.055,573.494,117.02473621418676,0.64,-0.020816673364984474,-0.038674614388131606,0.3607378176879642,1,0.03889171426371417,-0.07774454370172068,0.36694500827783527,1,0.10236191404492787,-0.07767510876996742,0.3624443923890741,1,0.132388105743967,-0.02659366136571842,0.3699424499620688,1,0.11026098179481877,0.038823380045132826,0.3607277931160481,1
1249.022443,grid_1844_y622_z574,474.038,620.122,573.448,119.06975114612442,0.642,-0.018734069267939687,-0.03878494239568227,0.3612206392133053,1,0.041139463580989924,-0.07895422706324738,0.3699016142268749,1,0.10323892845679254,-0.07724442759817171,0.35907551829282836,1,0.13235001466846383,-0.026064332463112766,0.36607625031249785,1,0.11014601291479068,0.03910769868610332,0.3599683140277413,1
1249.773611,grid_1845_y624_z574,474.143,622.107,573.796,121.08277896546643,0.74,-0.016345676290403028,-0.039043783277086686,0.36038392674850533,1,0.043521855148919805,-0.07977815291837133,0.3713061495288524,1,0.10587506951596008,-0.07776135370935144,0.3609118271593693,1,0.13479963160919245,-0.026134303024471846,0.370128253959381,1,0.1107977211924164,0.0391124803761092,0.360574554617131,1
1250.422779,grid_1846_y626_z574,474.085,624.212,573.552,123.1468205882718,0.637,-0.014362721990769253,-0.03897048650858206,0.3592999901196923,1,0.04552939906668185,-0.08014768856088457,0.3708117199342678,1,0.10809696743163837,-0.07804975984880554,0.3623611772126754,1,0.13658219356234694,-0.025901583438388748,0.37256530114615555,1,0.11107317062141572,0.03912805431654981,0.36121389619079286,1
1251.06395,grid_1847_y628_z574,474.112,626.259,573.565,125.18362045411537,0.631,-0.011987945260410634,-0.03903431502989567,0.3591210614150386,1,0.04791185938034088,-0.08063530675383776,0.37266687301332957,1,0.11030387255537014,-0.07841682075414483,0.3637127746576959,1,0.13633710617723913,-0.02522409169385468,0.3696140198533168,1,0.11105806078186875,0.03915932422284192,0.3612852636032566,1
1251.809359,grid_1848_y630_z574,474.182,628.253,573.227,127.1326459175613,0.736,-0.00994509337101001,-0.03875425276988267,0.35977178939756244,1,0.04971704803596292,-0.08053947288192446,0.37228337578328824,1,0.11263234697692334,-0.07876922578359923,0.36561594947009274,1,0.13877226980691293,-0.025167301893709394,0.3728365554543279,1,0.1122857604943496,0.0394689205962655,0.3644926987529728,1
1252.444272,grid_1849_y632_z574,474.086,630.287,573.467,129.1783974587083,0.624,-0.007741097540016328,-0.03872221910106037,0.3573289798829297,1,0.05196615448305738,-0.08138222520584118,0.3730448291132996,1,0.11431987690204895,-0.07851126658333868,0.36401686266903877,1,0.1370086741860016,-0.024232869811624584,0.3648950111038668,1,0.11274733258904204,0.03959107179245206,0.3656649459787393,1
1253.092651,grid_1850_y634_z574,474.23,632.382,572.913,131.21043275974662,0.638,-0.005382585626728989,-0.03869372489426852,0.35981452511654133,1,0.05368047779784997,-0.0807804169231648,0.3700633867413231,1,0.11627668773989704,-0.07842011459359106,0.36440581068586614,1,0.14000389267470498,-0.02409591733103771,0.3704219974991222,1,0.11233397444254442,0.03941198189089999,0.3636786490577621,1
1253.729755,grid_1851_y636_z574,474.137,634.323,572.879,133.1373070668023,0.625,-0.003429510277216938,-0.0388497763025629,0.3609290944432753,1,0.05598200991465395,-0.08154024122034438,0.37247058945482464,1,0.11843100207799392,-0.07861217625013468,0.36532161113439865,1,0.14074470670509392,-0.02383211561587991,0.3702616996643656,1,0.11246203324088906,0.039587478386593905,0.36352588186367624,1
1254.48445,grid_1852_y638_z574,474.266,636.223,573.03,135.04509837458002,0.743,-0.0009445083388732306,-0.0388691411881457,0.35995882680960195,1,0.0585738501274217,-0.08195377225227941,0.37344360295462203,1,0.1211632993600547,-0.07890735904306398,0.3669141456611745,1,0.14168925181310277,-0.02343935930236405,0.36957331062991916,1,0.11127331276239952,0.0393774115578719,0.3598829639656067,1
1255.124425,grid_1853_y640_z574,474.203,638.244,573.233,137.07476326443177,0.628,0.00100710306776133,-0.039079059852132905,0.36032186118743254,1,0.06016066396679526,-0.08188281319894389,0.3712086062824245,1,0.1223463874799841,-0.0786020645741414,0.3652618893363873,1,0.1399664352690318,-0.022498152139641105,0.3622446831611096,1,0.11033424764872204,0.039144105529367666,0.3571120398933195,1
1255.758391,grid_1854_y642_z574,474.314,640.143,573.475,138.98983644137445,0.625,0.003174276346784007,-0.03942829735423337,0.3615711934426534,1,0.062018921879761366,-0.08184672193901424,0.3695597136654545,1,0.12341476430804077,-0.07791225862791373,0.3626204207692353,1,0.1435659541754497,-0.02245446684987589,0.36930170250337924,1,0.11100122403897543,0.03932312128388753,0.3588488459635794,1
1256.497845,grid_1855_y644_z574,474.543,642.015,573.543,140.8638921264069,0.728,0.005157323497102134,-0.03977073549800464,0.3611246253200163,1,0.06466267001446684,-0.08336845690346682,0.37372029093514014,1,0.12541824265038398,-0.07774048653494944,0.3625411609711467,1,0.14398373515693347,-0.02199906896729416,0.3679871364843874,1,0.11108229778664258,0.03931303282727365,0.3587648302777572,1
1257.133917,grid_1856_y646_z574,474.487,643.933,573.551,142.7727884472388,0.625,0.007229976121994296,-0.039597492300473165,0.35810195122652966,1,0.0666146967565305,-0.08348811026608804,0.3724413215952783,1,0.12770352666743925,-0.07782612557035758,0.3637537677107844,1,0.1467450920170432,-0.02191532248739183,0.3723196118841675,1,0.11076486045427858,0.03906991080949487,0.3569466213082381,1
1257.785355,grid_1857_y648_z574,474.668,645.924,573.305,144.73610293565318,0.641,0.00964745959120637,-0.039811362798990356,0.360345728607813,1,0.06830464680319075,-0.08299270103383158,0.3698714094340759,1,0.12975080174068426,-0.07766195851328098,0.36388047035879056,1,0.14852420513248635,-0.021549507820625303,0.3747873191188813,1,0.11266201537477527,0.03955884384802625,0.3630682717171818,1
1258.424629,grid_1858_y650_z574,474.678,647.948,573.074,146.73148628021184,0.629,0.011638038454771616,-0.03910159669574306,0.3573241319971039,1,0.07032986208849498,-0.08303654504111113,0.3697819925634811,1,0.13117482749400824,-0.07732382806893033,0.36299211333692494,1,0.15013822590125564,-0.021318560312373534,0.3767570835902273,1,0.1138064681621935,0.04008346585099528,0.3664564650909088,1
1259.165296,grid_1859_y652_z574,474.781,649.822,573.119,148.60400842507582,0.731,0.014199765363550254,-0.03916661367543207,0.3600256671596917,1,0.07284087492978106,-0.08302034841300074,0.3699693996346335,1,0.13438311392503227,-0.07749621689852879,0.36576786164647557,1,0.1506637501493291,-0.02060857996748914,0.3752748739847186,1,0.11407134005929671,0.0402326879508089,0.3671349585954201,1
1259.811468,grid_1860_y654_z574,474.707,651.984,573.28,150.76993899647243,0.635,0.016290441110739552,-0.039875092627268495,0.36220330230812864,1,0.07481989170692828,-0.08363657698525721,0.36991050337937004,1,0.13586666408013706,-0.07704112209514927,0.36444780146733025,1,0.14911680490015794,-0.019804840280230447,0.36938066128457925,1,0.11358476330786879,0.04000179462432585,0.36494679435721766,1
1260.450207,grid_1861_y656_z574,474.734,654.015,573.436,152.80696744258753,0.629,0.018689952286814866,-0.04003156051414523,0.3626998009741964,1,0.0776577993189371,-0.08444310174016902,0.372103497103596,1,0.14087710004596077,-0.07822308587184928,0.3721458340150427,1,0.15240565412956011,-0.019767550518770695,0.3754736896408117,1,0.11337623041439968,0.039902840341547396,0.36400900968370226,1
1261.192739,grid_1862_y658_z574,474.987,655.742,573.559,154.54288296780283,0.732,0.020894278165027723,-0.04013157926410836,0.3637248515653457,1,0.07848873557794764,-0.0834493244517649,0.36705293085748647,1,0.14179090725839455,-0.07721244300567762,0.3693141652605972,1,0.15204012135733377,-0.019040026109671433,0.37207399245919265,1,0.11337623041439968,0.039902840341547396,0.36400900968370226,1
1261.887149,grid_1863_y660_z574,474.874,657.859,573.489,156.64351269682388,0.683,0.022751349748442975,-0.03995460813461302,0.3593319029217703,1,0.0799616785062816,-0.08252985566764684,0.36220105583939705,1,0.1431634952874837,-0.07660156953856881,0.3675211815943239,1,0.1520397974434063,-0.018183660809278156,0.3699309433108889,1,0.11294298683453081,0.03965720204441395,0.3616622802950265,1
1262.526087,grid_1864_y660_z576,474.226,658.61,574.332,157.45324087487057,0.626,0.02418833697038101,-0.04087249108448513,0.36286902111273733,1,0.08096502927914598,-0.08258402305037467,0.3613780132704799,1,0.14441121708386748,-0.0764780822525303,0.3675991862254132,1,0.15298837632295353,-0.01791749229615517,0.37094349849603586,1,0.11334369606800246,0.03975552464325556,0.36256952004453097,1
1263.280469,grid_1865_y658_z576,474.269,658.552,574.343,157.3971381823698,0.743,0.02470009058395796,-0.04140411326731715,0.3665227914395672,1,0.08027463842544859,-0.08149943192296127,0.35703418807548004,1,0.14424833743722315,-0.07634533364402317,0.36679039766287885,1,0.15392607458542823,-0.01785885946916827,0.37299860771240045,1,0.11392543335764686,0.03993807569825554,0.36427685958358624,1
1263.917594,grid_1866_y656_z576,473.973,657.618,573.945,156.4273046625813,0.629,0.023800512342999097,-0.04069407796703224,0.36469614059672584,1,0.08143744960259944,-0.08323824694356718,0.3659450629129527,1,0.1443747959840731,-0.07686086275492177,0.36948461210936284,1,0.15239155744636704,-0.01795218942891514,0.37012393468429894,1,0.11334369606800246,0.03975552464325556,0.3625695200445309,1
1264.557683,grid_1867_y654_z576,473.676,655.831,573.885,154.63815880305873,0.629,0.021992096823506366,-0.04013221327429103,0.3625109445065672,1,0.08053321463329396,-0.0840816731466264,0.37026388624486967,1,0.14195022165851762,-0.07661249781917286,0.3674636907054244,1,0.15104308219046486,-0.018406648651962353,0.36817160349828865,1,0.11277822595155665,0.039646631437401506,0.3615819253250613,1
1265.211184,grid_1868_y652_z576,473.26,654.255,573.892,153.06446159380044,0.638,0.020164223160709493,-0.04024760079595821,0.3645228751552615,1,0.07823676409612978,-0.0837184270496196,0.36948150970016835,1,0.14100483094396982,-0.0773402907455188,0.3698783732995719,1,0.15363986317742162,-0.019532025681673826,0.3762904457796781,1,0.11337623041439968,0.039902840341547396,0.36400900968370226,1
1265.954345,grid_1869_y650_z576,472.912,652.277,574.208,151.1202542182881,0.733,0.017854096931938283,-0.04000481061753374,0.36106154875730734,1,0.07676888145504698,-0.08408861253875408,0.37170751706761623,1,0.1383956953529891,-0.07711094428275225,0.3677181655895924,1,0.15004214831605495,-0.01959971599273838,0.3698082594475728,1,0.11351525234337909,0.03996880986339969,0.36463419946604586,1
1266.60738,grid_1870_y648_z576,472.812,650.3,573.976,149.12962128966865,0.641,0.016021403867966917,-0.04023024298181987,0.3642906551792995,1,0.07473283309696169,-0.08363000318377742,0.3721933660487945,1,0.1366909404272096,-0.07757184479022425,0.3688077050543762,1,0.1502682869487507,-0.020137512950949666,0.3727903329939269,1,0.11386280716582761,0.04013373366803045,0.36619717392190476,1
1267.250971,grid_1871_y646_z576,472.533,648.394,574.21,147.25206305176172,0.633,0.013716422998190059,-0.040018417304311146,0.36105537991284387,1,0.07243028978647348,-0.08334403410977823,0.3714818149255564,1,0.13472500440994092,-0.07770589830890223,0.36824368757008397,1,0.1500334675069271,-0.020623081522611345,0.37494194381625234,1,0.11407134005929671,0.0402326879508089,0.3671349585954201,1
1268.01179,grid_1872_y644_z576,472.277,646.476,574.277,145.34811885951603,0.75,0.011809615961843828,-0.040090334828183825,0.36319535132576714,1,0.07078410734042724,-0.08381623733046115,0.3737369104649163,1,0.13310422368577476,-0.07807441912208411,0.36881513834672186,1,0.14823356573098037,-0.020931723100057097,0.37203253366854194,1,0.11362988689745804,0.03998398445111954,0.3660041360879013,1
1268.650379,grid_1873_y642_z576,472.085,644.732,574.182,143.60255562140946,0.627,0.00987097373555644,-0.040118197460669865,0.3634175503102658,1,0.06911715286863632,-0.08370740537206914,0.3747724500930241,1,0.13216228337014682,-0.078817063921456,0.3712368485644294,1,0.1471159789553353,-0.02130314051317185,0.3715699185903182,1,0.11336501500035481,0.03983476235130592,0.36532564258338995,1
1269.299403,grid_1874_y640_z576,471.852,642.912,574.246,141.79717766584784,0.639,0.00750542233875139,-0.03994216566543897,0.36203817384966225,1,0.06702260878250496,-0.0833890982085584,0.3750640017616006,1,0.12790659250196518,-0.07745860999076302,0.3649596384698114,1,0.14773132688514093,-0.022012827727363016,0.3758549913637425,1,0.11222468773565693,0.03952504892494845,0.3620726702550193,1
1269.940556,grid_1875_y638_z576,471.918,641.023,574.111,139.90412843801292,0.63,0.005547826632799184,-0.039881243092286384,0.36133407992064137,1,0.06466113888399622,-0.08268613015289773,0.3730825955695572,1,0.12712546019674847,-0.07845620537600832,0.36844763165282934,1,0.1442389168190758,-0.02189091233139461,0.368967392773133,1,0.11074458907953062,0.03913695840444409,0.35739385309730387,1
1270.686771,grid_1876_y636_z576,472.208,638.829,574.05,137.71554699088986,0.736,0.003022278054665041,-0.03967693609063776,0.3608713277400829,1,0.061804749181128424,-0.08177283253280607,0.3699133068228565,1,0.12421941751921092,-0.07812868920177482,0.3656949611753504,1,0.14263817784866747,-0.02230486004944542,0.36746976861625047,1,0.11023381344687774,0.039085645100245404,0.35656923034657273,1
1271.333498,grid_1877_y634_z576,472.234,636.814,574.014,135.7072394163259,0.636,0.0009921448333047012,-0.039735100225014995,0.3642987057878041,1,0.06009281773338522,-0.0815844456709825,0.37136666799069795,1,0.12360144791968257,-0.07905588632271146,0.36926664838523354,1,0.1429376619741905,-0.023128914792774524,0.37051081313063355,1,0.11055657311213984,0.03920377744754096,0.3576909752500728,1
1271.973751,grid_1878_y632_z576,471.919,635.093,573.662,133.95886333498055,0.628,-0.0009662030296067698,-0.03956779664780246,0.3641308181096801,1,0.05793520815505384,-0.08162806431428352,0.37245536021082737,1,0.12181148311265588,-0.07925098306711019,0.3696652043516949,1,0.1417016284118307,-0.02346506473773901,0.370016492199957,1,0.1111660287679227,0.03936110868127342,0.3593865304165063,1
1272.716981,grid_1879_y630_z576,472.141,632.782,573.838,131.6780597100368,0.732,-0.0031955197028913722,-0.03930346914987485,0.36129563414479765,1,0.0559890508967351,-0.08161902150820649,0.3729897144110538,1,0.11823468291284644,-0.07823927130654207,0.36495844241865444,1,0.1421403160714358,-0.024013784281025574,0.3737067804001241,1,0.11249874821627528,0.03965541493102622,0.3635097377019658,1
1273.355992,grid_1880_y628_z576,471.846,630.934,574.057,129.86256427854795,0.628,-0.0053717160791868805,-0.039093496249983525,0.35998534925080783,1,0.05438768557345377,-0.081841193583134,0.3761092083279282,1,0.11636053007922087,-0.07833909523409084,0.365324635721478,1,0.1382241865480366,-0.023891650852961775,0.36561078053153856,1,0.1124721376590393,0.039518283112857634,0.36453765847658115,1
1273.995421,grid_1881_y626_z576,471.833,628.871,574.217,127.82872403728359,0.628,-0.007571093509443355,-0.03934034414668428,0.3608291910880826,1,0.05206845522768907,-0.08116222712161275,0.37422754132618397,1,0.11386166207152446,-0.07799066959596947,0.3634297051399994,1,0.13803137637112944,-0.024531840751037908,0.3680709084594547,1,0.11265277609707644,0.03959884175963557,0.3656266186570781,1
1274.636238,grid_1882_y624_z576,471.764,626.812,574.702,125.83682956114242,0.63,-0.009781836606452795,-0.03992283529844076,0.36392684028894806,1,0.049891760777824104,-0.08050733549339888,0.3721245145293978,1,0.11261702594334304,-0.0784727219225658,0.3655113196696739,1,0.13610469268447378,-0.024520387266772692,0.36518785371272394,1,0.11158274105093033,0.03928823883227354,0.3626401050436635,1
1275.391856,grid_1883_y622_z576,471.646,624.829,575.02,123.90458191285742,0.744,-0.012069622468459043,-0.04020992224210043,0.3623180029349692,1,0.047754247373968176,-0.08046896141034615,0.3719096876776174,1,0.11099070171016376,-0.0788915477889602,0.36686818875679394,1,0.13804215456719066,-0.02554973088254072,0.3740047663830065,1,0.11128787670683524,0.039257077129789895,0.3624466761116155,1
1276.134609,grid_1884_y620_z576,471.79,622.859,574.786,121.92067254981828,0.629,-0.014152691951738447,-0.040350441088782565,0.365080503708256,1,0.04608597586769901,-0.08086340381803994,0.37436002963966125,1,0.10882548977413913,-0.07860661287936506,0.36545661288820475,1,0.13715771154418285,-0.025746038908446723,0.3744984567193293,1,0.11114473931655555,0.039171061920963174,0.3616248228310671,1
1276.88644,grid_1885_y618_z576,471.842,620.887,574.556,119.9353344890487,0.741,-0.016251289710425852,-0.03989237158837943,0.36393254615267234,1,0.043721874044837114,-0.0798057500576253,0.3724151416704017,1,0.10586093580993879,-0.07759649876255116,0.36095600437279757,1,0.13647084609617663,-0.026148672589529652,0.37504422703514706,1,0.11103738627384581,0.03910655051434313,0.36100843287065576,1
1277.52777,grid_1886_y616_z576,471.842,618.903,574.355,117.94151951708953,0.63,-0.018366531117520728,-0.039180183282369815,0.36001981516204407,1,0.04147712606371108,-0.07921147469968318,0.3721472168986139,1,0.10503502651840331,-0.07839071858699806,0.36588763153299264,1,0.13263825257556414,-0.026077037719033126,0.3674620899743592,1,0.11054958005896058,0.03886547525513168,0.36077990643041835,1
1278.16302,grid_1887_y614_z576,471.853,616.981,574.172,116.01143208322189,0.624,-0.020816284227068188,-0.03932842431335067,0.3639061403566176,1,0.03934966623043869,-0.07848972408341351,0.3711877883361375,1,0.1028844063019139,-0.07803759286093948,0.3644010777076653,1,0.1323045792308386,-0.026428195773161606,0.3690933127231973,1,0.11030311765481982,0.038829214370702775,0.3609311064515187,1
1278.80683,grid_1888_y612_z576,471.862,615.099,574.018,114.12456147122765,0.633,-0.0227682206246113,-0.03906669559381502,0.3650633906472704,1,0.03782812286133205,-0.07857917298741568,0.3744713313004442,1,0.10081801478847219,-0.077841191937669,0.3640346642924845,1,0.13098825009186785,-0.026611899572818294,0.36866808955033725,1,0.10979342523565423,0.03869508615923663,0.3600495361515411,1
1279.565782,grid_1889_y610_z576,471.852,613.104,574.026,112.14529241122881,0.749,-0.024916351437922653,-0.038864348609921294,0.36273471626807396,1,0.035357576538616486,-0.0774027434476655,0.37105027614214126,1,0.09938857625813777,-0.07804910519790269,0.3661255902536139,1,0.12886489409326538,-0.02653292991175522,0.36657699070606853,1,0.10796304370840193,0.038161835632794835,0.3532225308951953,1
1280.206021,grid_1890_y608_z576,471.916,611.205,573.835,110.2372737779741,0.629,-0.026790219598934628,-0.03847190608522142,0.3606664061915845,1,0.03366320175136439,-0.07759272807722149,0.3737957902825458,1,0.0975029862165496,-0.07797976721706848,0.36573937117951677,1,0.12885450459490108,-0.027052183947896092,0.36891940526030487,1,0.10972871256379109,0.038861421569479526,0.35876319132549966,1
1280.855515,grid_1891_y606_z576,471.949,609.148,574.143,108.23523280337142,0.641,-0.029618417494781224,-0.03891096020913641,0.36454726388571995,1,0.03142398645684602,-0.07717648996169575,0.3736990083441043,1,0.09485162596025094,-0.07725045361613762,0.3630589556642586,1,0.12775652080728483,-0.027164517507455955,0.36896290238849405,1,0.11235115562230949,0.039939236801483,0.36880869356012563,1
1281.59349,grid_1892_y604_z576,471.888,607.106,574.452,106.25104919011389,0.728,-0.03130129767440997,-0.038839067431529574,0.36247525766168015,1,0.029627066891703562,-0.07664616650842929,0.3719835421232988,1,0.09451441959840039,-0.07810437069310107,0.3681178554466927,1,0.12774655525300763,-0.027616747966556422,0.3716114490954013,1,0.11312132564519936,0.040272644217454266,0.37181703773800556,1
1282.221763,grid_1893_y602_z576,471.883,605.187,574.292,104.32789326924994,0.619,-0.03365729963917164,-0.03893783221467659,0.36354715607855553,1,0.027504593620268462,-0.07592051800175238,0.37033192082602556,1,0.09227378804829094,-0.0775848699930535,0.36724247825702877,1,0.12523741478700862,-0.027748205208920552,0.3675181446810577,1,0.11073637784476593,0.03931301470388676,0.364498444742604,1
1282.853769,grid_1894_y600_z576,471.939,602.982,574.421,102.16114208445401,0.621,-0.03596172397850708,-0.03876568529429397,0.3634105316851058,1,0.025234329790013953,-0.07535005463685182,0.3698854956448504,1,0.08949175321463905,-0.07650832122279982,0.36362544591216656,1,0.12520408686627174,-0.028247474139310575,0.3705018283321676,1,0.10956578306068702,0.03894731685264326,0.36101585058461955,1
1283.494067,grid_1895_y598_z576,471.82,600.91,574.674,100.14540687420465,0.628,-0.038152980028084746,-0.039061686258004116,0.36345152190548713,1,0.023288778736256625,-0.07495017413206025,0.3703506189066006,1,0.08844210115927469,-0.07681267903999384,0.36676127613448023,1,0.12345485537072583,-0.028120166500878528,0.3688306353034687,1,0.10938108956507483,0.03894692798487478,0.36077331346586805,1
1284.239334,grid_1896_y596_z576,471.894,598.836,574.706,98.09815024759645,0.734,-0.04049567697840781,-0.03926007046439341,0.3628730516474678,1,0.021464325389530896,-0.07552006355572716,0.3735156804384506,1,0.0865337555393203,-0.07679414680610866,0.36740028359275195,1,0.12197560608705615,-0.02808986993231084,0.36827959242686725,1,0.11042712751900838,0.039265718954184056,0.36498545896338547,1
1284.886134,grid_1897_y594_z576,471.957,596.858,574.596,96.12574827277025,0.635,-0.042757832852338945,-0.039193787007749,0.36359660707502695,1,0.0191856322108609,-0.07447055283119355,0.37185063309052546,1,0.08386990247731438,-0.07581324505742407,0.36458369534874685,1,0.12147967680857041,-0.028516159365063964,0.37048572022636944,1,0.11096809387428301,0.03950206186164271,0.3673122836889706,1
1285.525062,grid_1898_y592_z576,472.049,594.824,574.648,94.12306257767008,0.627,-0.044469157618522534,-0.038566126334448406,0.3594899250681519,1,0.01705412538119047,-0.07398713555443698,0.3713079639890732,1,0.0810795419588125,-0.07444952960421618,0.36024564503697304,1,0.12012902830230146,-0.028571655865595385,0.36971779436041496,1,0.10976508958728659,0.03922656367297176,0.3630406667166418,1
1286.269314,grid_1899_y590_z576,472.253,592.733,574.595,92.04970781594038,0.733,-0.04705997121222181,-0.03882432704399109,0.36271306675945947,1,0.015168752163690163,-0.073243044098653,0.3704290994647342,1,0.07887500943754225,-0.07375910414612745,0.3583097739847583,1,0.11929054196857145,-0.028785535360655846,0.3704267150387043,1,0.1093360905845517,0.03909558598771908,0.3621135167612602,1
1287.02584,grid_1900_y588_z576,472.277,590.765,574.6,90.10711429182494,0.745,-0.049146426640333384,-0.03857434486513174,0.3621027506070444,1,0.01305321698656885,-0.07234159851733295,0.37024440793178715,1,0.07744774667097463,-0.07396607403255995,0.36166561177218914,1,0.11892498063485243,-0.029124948628523835,0.37312526999600104,1,0.10972646873519462,0.03925433253260559,0.36424553152036576,1
1287.665735,grid_1901_y586_z576,472.521,588.62,574.642,87.9986433815886,0.629,-0.05177080129547403,-0.038735619603568944,0.36515241519154645,1,0.01114506218915588,-0.07231130027122176,0.37198434833518557,1,0.0760751733137252,-0.07382255679395387,0.36258332459689074,1,0.11581153183730553,-0.028857781958131806,0.36729108582000825,1,0.10940694970664774,0.039185500996337906,0.3634879187612659,1
1288.476011,grid_1902_y584_z576,472.581,586.522,574.62,85.92639404164481,0.799,-0.053945533898753686,-0.038458922402970594,0.36210303101482555,1,0.008907350258156848,-0.07169996974203441,0.37211423225189433,1,0.07439617899486431,-0.07377905461916703,0.36494395102611127,1,0.1151026502748872,-0.029165757438661222,0.3691645116357548,1,0.10687330980371242,0.03826043363840049,0.35597504648312517,1
1289.113966,grid_1903_y582_z576,472.559,584.672,574.388,84.06353188511656,0.628,-0.056423386715768666,-0.03836239732729661,0.36395004274121606,1,0.006950070073682943,-0.07057154538700736,0.3688098046182606,1,0.07212267131806356,-0.07298440861700906,0.3628964375971888,1,0.11516130309167757,-0.029306370418423867,0.3733659251587193,1,0.10718055053795343,0.038240364176519624,0.356828263305474,1
1289.748891,grid_1904_y580_z576,472.712,582.559,574.298,81.96752851587023,0.625,-0.05818237765660801,-0.0380248333315096,0.3621523991822019,1,0.004913724812443312,-0.07011815435957144,0.3696911780473736,1,0.07057292321503625,-0.07287026927071072,0.3647406085779393,1,0.11540182978262721,-0.029650045275426008,0.3778268211351627,1,0.10779109208129325,0.03846149091136074,0.35929301064825797,1
1290.551411,grid_1905_y578_z576,472.777,580.457,574.421,79.91989420038044,0.789,-0.060711441034202715,-0.037859984940139195,0.36212648654404395,1,0.002751335081361851,-0.06900041196375822,0.3679058245591217,1,0.06878780399909763,-0.07246814172868352,0.36634019366254494,1,0.11480133419160136,-0.02987408111157045,0.37968899926474176,1,0.1094555982284648,0.039279574782196354,0.36518155724742896,1
1291.187569,grid_1906_y576_z576,472.764,578.478,574.521,77.99108262487447,0.625,-0.06313470596112589,-0.038222554625694724,0.3645159994441076,1,0.000853125792821878,-0.06834761775211079,0.36694748260225646,1,0.06648605570072255,-0.07151524516268168,0.36316508894371324,1,0.11129060392128062,-0.02910794058646518,0.3717237498054969,1,0.10953657220301967,0.03921888569095676,0.3659238950773521,1
1291.819564,grid_1907_y574_z576,472.7,576.498,574.61,76.06128848501062,0.622,-0.06513225997464127,-0.03822034666802494,0.36408646580553666,1,-0.0009100513933566487,-0.06789391226710384,0.3667122767425805,1,0.0641845311982722,-0.07031361945062253,0.3600085526408714,1,0.1087010009051745,-0.028867794497821807,0.36716093049632503,1,0.10940016734911148,0.039110619445812234,0.365662792454959,1
1292.563201,grid_1908_y572_z576,472.676,574.391,574.818,74.0334911982408,0.733,-0.06796176490341675,-0.038576838236148304,0.36695647976478085,1,-0.0029984339428317493,-0.06735188977819609,0.3674456428696307,1,0.06241483644980282,-0.06997381388313022,0.36222612967751044,1,0.10846926484933586,-0.02909407071173787,0.37120368987317554,1,0.10910673411344192,0.03912259118153998,0.36484585969657635,1
1293.210108,grid_1909_y570_z576,472.467,572.546,575.139,72.28842034517015,0.635,-0.06938097236657728,-0.038381367878314684,0.3630798316433381,1,-0.004813077925303353,-0.06614171363791724,0.3635873059322229,1,0.061052377024945495,-0.06981281071922013,0.36287043497516935,1,0.1071704236548221,-0.029158930349467503,0.3709297654020455,1,0.10725136394457284,0.03868076365769907,0.35917883962876596,1
1293.847191,grid_1910_y568_z576,472.629,570.411,575.486,70.27650974543339,0.626,-0.07216636408099053,-0.038904682845905855,0.3659579747500775,1,-0.006675110901828267,-0.06616341008260489,0.3662072154739684,1,0.058652265293076745,-0.06846009887602042,0.35974514450895634,1,0.10419232375183382,-0.028615185066120354,0.3651168791373705,1,0.10603333231918506,0.038194146192844475,0.3558082989405877,1
1294.639685,grid_1911_y566_z576,472.6,568.369,575.506,68.28855098038035,0.784,-0.0742291328151321,-0.03902418044724317,0.36599017824720526,1,-0.008426129378973706,-0.06512026315550754,0.3641278957597268,1,0.05700818203107287,-0.0678856108214122,0.36114918163693155,1,0.10251526928346169,-0.02820470277526933,0.36327225556446907,1,0.10605147373309613,0.03825065487062147,0.3564836325439261,1
1295.283186,grid_1912_y564_z576,472.528,566.56,575.173,66.45016692981287,0.632,-0.07664027499293488,-0.03847484183924678,0.3667083884534925,1,-0.010633362825645008,-0.06474164025201878,0.36739409689445335,1,0.05566165466529267,-0.06771317580635208,0.3642961203102402,1,0.10139160606764178,-0.02817856227676111,0.36375067543863726,1,0.10681010991614495,0.038667799528153315,0.3598181615120721,1
1295.920704,grid_1913_y562_z576,472.619,564.486,575.26,64.4520190296627,0.627,-0.07859354461187525,-0.03822893598772328,0.36608264629663523,1,-0.012533416662814535,-0.06398717613780794,0.3665788672123845,1,0.054290495306656264,-0.06749582775115548,0.3671309930343313,1,0.10121300499554331,-0.028306083538625588,0.36822129642690193,1,0.10691445734155458,0.038641112348505285,0.3601933911507345,1
1296.562981,grid_1914_y560_z576,472.519,562.638,575.189,62.638038730471166,0.631,-0.08064036471002459,-0.03819919846986804,0.3665107806157713,1,-0.014580594725923041,-0.0635799768933931,0.3685628154149067,1,0.052105649002501656,-0.06606313256140361,0.36309886124314517,1,0.09993071459652705,-0.028085791029640473,0.3668529184163407,1,0.1073578381077738,0.03892916088201903,0.3627334435507299,1
1297.3152,grid_1915_y558_z576,472.845,560.376,575.145,60.43766792324138,0.741,-0.08260854016539014,-0.037932793593103274,0.3643476908377717,1,-0.01685637203330006,-0.06264944013378013,0.36922658325601454,1,0.04969585954210593,-0.06481626819849355,0.3619178449761905,1,0.09888718898449829,-0.027836231993307547,0.3686681319491869,1,0.10719819766971132,0.038719318997615756,0.3627093723938349,1
1297.946768,grid_1916_y556_z576,472.706,558.597,574.978,58.67079425915418,0.623,-0.08562439664203216,-0.038042352880865424,0.36875303198409376,1,-0.01862493150045172,-0.06189096831319787,0.3693152093672946,1,0.04793566642561266,-0.06397994025159706,0.36192086158180325,1,0.09816668738674156,-0.027775745722760224,0.3707088629669147,1,0.10716377714136782,0.03880889104808891,0.3628965439048686,1
1298.584105,grid_1917_y554_z576,472.633,556.692,574.939,56.81754943677175,0.626,-0.08751856977721603,-0.037786663118462654,0.3674270509534464,1,-0.020266432251777995,-0.06031471393820159,0.36502532787820596,1,0.046088224064525396,-0.06320441670242756,0.3621825910592129,1,0.09660432743673958,-0.02769774802523836,0.3695499224888653,1,0.10919061644473904,0.03970875500759226,0.3700276673758284,1
1299.332792,grid_1918_y552_z576,473.051,554.392,574.921,54.60226357945254,0.737,-0.08981046447162344,-0.03770457441490667,0.36746226564057355,1,-0.0222767540298564,-0.059853538413263394,0.36721384180835703,1,0.044195096107364266,-0.062172468989547446,0.3613062897997186,1,0.09555937684942337,-0.027492285735666373,0.3700172879471621,1,0.10967148919541378,0.039847561540177955,0.37212202824459945,1
1299.974432,grid_1919_y550_z576,472.797,552.84,574.776,53.06385795435538,0.631,-0.09208168115751722,-0.03724928782627225,0.3685060008903303,1,-0.024267053626624135,-0.058790684066614564,0.36607970994312256,1,0.042331102245260446,-0.061337377444044314,0.3627454770114219,1,0.0940744589131289,-0.027137395470056346,0.3706719322591736,1,0.10695809314567453,0.03865196520188734,0.3633786729489706,1
1300.617527,grid_1920_y548_z576,472.929,550.675,574.919,51.028698797833336,0.632,-0.09400535188817814,-0.0370848019165483,0.36719551923445104,1,-0.026350178022688714,-0.058317439432046925,0.367927130659715,1,0.04011996683972254,-0.05977964172480079,0.3592417801465594,1,0.09130439145795907,-0.026405603263401058,0.36396687896535296,1,0.10560655090574442,0.03850305661685062,0.3592282157003311,1
1301.250533,grid_1921_y546_z576,472.931,548.659,575.086,49.151454037495185,0.623,-0.09643349565791642,-0.03735439702940567,0.3683041911916837,1,-0.02829857114832678,-0.057402376203561145,0.3675516548579408,1,0.03843902909829451,-0.059032117397463654,0.3608326795029849,1,0.0903929788318927,-0.026181658805718516,0.3658360314641612,1,0.10606487954926407,0.0386870783448821,0.3616483246333845,1
1301.987795,grid_1922_y544_z576,472.957,546.548,575.101,47.148756675017445,0.726,-0.09948909321692749,-0.03759366674413889,0.3698284032552048,1,-0.03053757489960467,-0.056425223676834335,0.36765299443623556,1,0.03616442953347187,-0.05768443819264233,0.359548510869078,1,0.08890294860243794,-0.025725689387021355,0.36518829342436565,1,0.10600652294384169,0.03874494843162653,0.36219787058988395,1
1302.637524,grid_1923_y542_z576,472.862,544.569,575.006,45.24159850182128,0.639,-0.1010144823380376,-0.036861581327100816,0.36839377252186695,1,-0.03239923426825193,-0.055487820374181485,0.3674997842857225,1,0.034715476396675056,-0.05717233574991596,0.36243306518572793,1,0.08886511074261093,-0.025737734936786227,0.3711643080473129,1,0.10592297275161541,0.03874617854939416,0.36200970212445455,1
1303.278269,grid_1924_y540_z576,472.964,542.52,575.081,43.33816688555252,0.629,-0.10405001224345914,-0.036941133029484666,0.3708531725668347,1,-0.03446244443082349,-0.05469058472413084,0.36819591332027973,1,0.03270024207280915,-0.05586995737624763,0.3614367850262281,1,0.08724197864674606,-0.025236883636850883,0.37093603006092246,1,0.10622938239908775,0.03879427714061943,0.3632528778974395,1
1304.022149,grid_1925_y538_z576,472.792,540.391,575.292,41.415807260030554,0.734,-0.10666420398386978,-0.03707104596044305,0.3730186641083463,1,-0.03645005597406427,-0.053670941035545316,0.3682877301303605,1,0.03102822564107831,-0.05505822256745731,0.36316922031454324,1,0.08532260578034322,-0.024814946542994834,0.36909167182625424,1,0.10682782184892911,0.03940950853781143,0.3668193378095853,1
1304.655471,grid_1926_y536_z576,472.86,538.346,575.199,39.484056795116686,0.623,-0.10872197459198851,-0.03690468810991885,0.37177466788718644,1,-0.03857330833760801,-0.05243014169490536,0.3682347097570914,1,0.02891648964270897,-0.053480850936814275,0.3627829393542883,1,0.08452132174701268,-0.024267144783179064,0.37251255937063943,1,0.10521483901723261,0.03888566670399487,0.3618078545505918,1
1305.295512,grid_1927_y534_z576,472.716,536.437,575.449,37.81990573758746,0.63,-0.11120183240257495,-0.036859364398134135,0.3721250223681845,1,-0.040876245117026075,-0.051676421893768434,0.37011478971913786,1,0.026750188756105447,-0.05188728036025897,0.3602864978961503,1,0.08250773964935301,-0.02363488944800574,0.36967250809293273,1,0.10542906850482492,0.03925682750985905,0.36385638214969546,1
1305.937228,grid_1928_y532_z576,472.875,534.332,575.264,35.829037958058564,0.63,-0.11399215726818065,-0.03676867423305662,0.3735618875075337,1,-0.042904668038532844,-0.05055857284594166,0.36927292644085796,1,0.02499245108643343,-0.051082614906702725,0.3635598264874871,1,0.08169834938134121,-0.02342067558604866,0.3725374007988749,1,0.10439535995660942,0.03884592832560292,0.36062764506550316,1
1306.673801,grid_1929_y530_z576,472.893,532.25,575.392,34.00734745610134,0.727,-0.11663118957408052,-0.036843581188068034,0.3755210420459069,1,-0.04462770142809996,-0.04906599097926728,0.3662038929593364,1,0.022951294356883277,-0.04946263006682759,0.36327786537625084,1,0.07862026330962942,-0.022380408665223547,0.3658639123853723,1,0.10568430272633662,0.03932496691662846,0.36534389627379954,1
1307.309493,grid_1930_y528_z576,472.925,530.356,575.411,32.33272033095884,0.625,-0.11805311104754124,-0.03652142607035713,0.37324263684149256,1,-0.0466434327978472,-0.048229142508628954,0.36791727494402016,1,0.020961435669678372,-0.047849653404771694,0.36075696379010286,1,0.07635180263582347,-0.021436338952542527,0.36125570195662277,1,0.10577958383962446,0.03922530860533463,0.3660398338845659,1
1307.953764,grid_1931_y526_z576,472.778,528.571,575.438,30.775970545215987,0.632,-0.12057847550926606,-0.03649505397348589,0.37449828484515535,1,-0.04865986495892085,-0.04703372815076569,0.36722719530916204,1,0.018996295730318778,-0.04630729781818849,0.3599561796337289,1,0.0762049348711877,-0.020981275574018476,0.3675696821667374,1,0.10513951110588526,0.03919111066391587,0.3646960363695432,1
1308.705902,grid_1932_y524_z576,472.959,526.375,575.253,28.79663669597549,0.742,-0.1227906543351831,-0.036238034251510495,0.37438449299625753,1,-0.05083867953997456,-0.045886012549032885,0.36837832026212525,1,0.01713779637586958,-0.04500782674373869,0.36282630650630965,1,0.07558016825200041,-0.020491687330656292,0.3724991595839132,1,0.10478867654744306,0.03925293588050786,0.36507799837071075,1
1309.353738,grid_1933_y522_z576,472.93,524.486,575.245,27.197019119749143,0.636,-0.12472632876898822,-0.03584581237826726,0.37375154882928574,1,-0.0532416921541255,-0.04493403533686482,0.3708183269730862,1,0.014945936788223698,-0.04273580600025477,0.35719402667192585,1,0.07410306602772526,-0.019754424594318164,0.37434602187868804,1,0.10405078890709525,0.03902217150412696,0.3625203837454296,1
1309.995948,grid_1934_y520_z576,472.961,522.578,575.016,25.495812695421154,0.632,-0.12749860121471945,-0.035467140950865714,0.37517835603146155,1,-0.05519007293748118,-0.043381446572162294,0.3697182831232614,1,0.01287457918990471,-0.04126361766383022,0.35899120232664744,1,0.07121917992870967,-0.018705603316665695,0.36838522691546494,1,0.10361195200134302,0.03893344889481132,0.36232179175796236,1
1310.629501,grid_1935_y518_z576,472.989,520.584,575.037,23.91343639044793,0.623,-0.13058147746079993,-0.03549795586132404,0.3775113374029531,1,-0.057056939302223206,-0.04205878038993806,0.36846585471449467,1,0.01099270088295518,-0.04011749252904779,0.3636967153214846,1,0.06928038275802448,-0.017693269275868277,0.3658729094887838,1,0.10277217955898425,0.03871219590558479,0.3603102205710194,1
1311.37343,grid_1936_y516_z576,473.095,518.536,574.886,22.247705701936944,0.733,-0.13256482898550487,-0.034862643240390845,0.3765617775575909,1,-0.059411936540414344,-0.040395411535227264,0.3691921727865911,1,0.00881358501763936,-0.037946880862041885,0.3627230923461158,1,0.06747008376565045,-0.016473426109276414,0.3654035829893801,1,0.10359419422960044,0.03941333829226323,0.36478204452375584,1
1312.016025,grid_1937_y514_z576,473.046,516.667,574.809,20.82160104314748,0.632,-0.13365185755796824,-0.03447562261425775,0.3745155064567043,1,-0.0617710149327657,-0.03960652296755476,0.3725288874929391,1,0.007025179726053016,-0.03629586519120649,0.3613003671186261,1,0.0658156751055608,-0.015628723222549507,0.3651711988368682,1,0.10400832136242485,0.03970999110428991,0.3667421284239228,1
1312.655831,grid_1938_y512_z576,472.954,514.753,574.893,19.55832789376439,0.629,-0.13700863889908815,-0.03433309355503237,0.37607095739590884,1,-0.0638562302696398,-0.03786169080107921,0.36989670571780287,1,0.004695968792285279,-0.0342325992022197,0.3630309349280137,1,0.06449026454902441,-0.014550641845319364,0.3687175736138103,1,0.10291386613538948,0.03976460935226309,0.3640961254268775,1
1313.288492,grid_1939_y510_z576,473.094,512.501,574.975,18.22171786632644,0.621,-0.1387985815466564,-0.03414446911567855,0.37578304731935913,1,-0.06557435660293906,-0.036096545949462364,0.3679180643139119,1,0.0025818800631503187,-0.032124873626001714,0.36119929916486304,1,0.06273370156048114,-0.013240364831023477,0.3691013955506935,1,0.10293976577284522,0.039807725024096616,0.3653663434501041,1
1314.022009,grid_1940_y508_z576,473.077,510.438,575.297,17.368701390720048,0.723,-0.14046291999317076,-0.03388828531813887,0.37330288202350637,1,-0.06830145779277423,-0.03471849136243356,0.36846851379133067,1,-5.659160341386633e-06,-0.029687546839774585,0.3619062576259595,1,0.06011566457861258,-0.011636874096663693,0.3677289243666173,1,0.10098750333342255,0.039382998037161346,0.35938420383220027,1
1314.664865,grid_1941_y506_z576,473.048,508.482,575.461,16.631238588872467,0.632,-0.1426820438021778,-0.03389987726019268,0.37338826414013476,1,-0.07043466373058496,-0.03320480326937452,0.36838094193639254,1,-0.002127048369759467,-0.02772892374534408,0.3625985430342579,1,0.05826159517246203,-0.010231904904242467,0.3670046767543228,1,0.10180265442894983,0.039921814929361636,0.3640541580628488,1
1315.297248,grid_1942_y504_z576,473.038,506.547,575.641,16.123569766028826,0.623,-0.145780058682302,-0.033896146350933486,0.3753637578853669,1,-0.07300513048897099,-0.03189118470249287,0.3702747801358871,1,-0.004302372085542736,-0.025514096155226755,0.36317986018237536,1,0.05624935836524677,-0.008683450524483048,0.36669385108409613,1,0.10298481328180051,0.04065201290157335,0.36962320263705317,1
1316.032888,grid_1943_y502_z576,473.048,504.352,575.882,15.857232860748368,0.726,-0.14856893455271444,-0.033901512604595105,0.37657526584904993,1,-0.07508632550469307,-0.029921173963500365,0.3686476959160801,1,-0.006822000844683503,-0.022987498064122425,0.36461318584528996,1,0.053596520094358266,-0.006809528782317387,0.3631820276705274,1,0.1011722015817722,0.04011508020580581,0.3649790775534634,1
1316.663553,grid_1944_y500_z576,473.08,502.301,575.697,15.477463810327567,0.62,-0.15090164205716033,-0.033550398400846705,0.37692545521887827,1,-0.07765610757150102,-0.028353234144179312,0.3702845424924082,1,-0.00901267207106291,-0.020507772172157622,0.36423354242819106,1,0.05169441967794478,-0.005006262564631406,0.36468463643542715,1,0.10297582396101261,0.04113736630470648,0.37297293120133007,1
1317.296522,grid_1945_y500_z578,472.696,501.924,576.37,16.11401855528284,0.621,-0.1514276207801903,-0.03360401034813517,0.3761965058808442,1,-0.0792531797948934,-0.028008940820105726,0.3733483036239253,1,-0.009986361211577626,-0.019557927616652367,0.36406847683690724,1,0.05120308321448863,-0.004212355127326477,0.36769056670001754,1,0.10331096164313616,0.04145158738994724,0.37482118536716535,1
1318.034326,grid_1946_y502_z578,472.783,502.059,576.988,16.73756834190682,0.728,-0.15239983357549486,-0.03450562726586527,0.3787828233671867,1,-0.07892155312750351,-0.028482783680214944,0.3721439549831785,1,-0.010207586657249407,-0.019888024413169413,0.36766625102679396,1,0.05126653691754558,-0.004241173963303972,0.3679266411929192,1,0.10290214137979774,0.041341000700789936,0.3734075744847835,1
1318.670583,grid_1947_y504_z578,473.277,502.416,578.437,18.226636990953647,0.626,-0.1503666803516644,-0.03553774821958934,0.3741028440403684,1,-0.07862931683529248,-0.02931942501968373,0.3714332746523962,1,-0.009764780440126861,-0.0200260771304962,0.36262534010530245,1,0.05133361712037292,-0.0043707230326163055,0.36890739469394435,1,0.10389959888821323,0.04158790897528508,0.37692805786193895,1
1319.320051,grid_1948_y506_z578,473.772,503.728,578.437,18.365007296486432,0.639,-0.15051341697413187,-0.036540810559326994,0.37702077155411373,1,-0.07708114352260184,-0.030578272921602596,0.3700530609586882,1,-0.008481543014889691,-0.021859508988388253,0.36415199034821805,1,0.05200785330301152,-0.005355910207198456,0.36405689468646746,1,0.1018776672776603,0.04048660924737184,0.3684328927556968,1
1319.95793,grid_1949_y508_z578,473.746,505.896,577.833,18.128640020696494,0.628,-0.14962687545740552,-0.036602006904543724,0.3803927820626021,1,-0.07481402811838536,-0.03206302826492801,0.36953902205990286,1,-0.006198588399790558,-0.024558267722585007,0.36620441769231515,1,0.053827505589682544,-0.007093696481598699,0.3631741934969656,1,0.10237044430879216,0.040534006358620395,0.3683274136429855,1
1320.698324,grid_1950_y510_z578,473.516,508.013,577.981,18.83655780656326,0.73,-0.14638449223555214,-0.036806072182760455,0.3790810741625973,1,-0.07182299803185903,-0.03377928572620298,0.36775448422527107,1,-0.0034768384708338367,-0.026952090930950877,0.3610840867835802,1,0.05657825977481638,-0.009139347171021907,0.3657435899267753,1,0.10184950764741943,0.04021413769299509,0.3650922982245002,1
1321.332173,grid_1951_y512_z578,473.836,509.814,577.638,19.22551299705684,0.623,-0.14390110782182647,-0.036632092839884736,0.3769409078764901,1,-0.07036584476905375,-0.03533325268910973,0.3704535044769995,1,-0.0015088543569971372,-0.028684170840487532,0.36000112887925984,1,0.05818383390521459,-0.010535725213459798,0.3648999500084893,1,0.10296367724325825,0.040431162840401456,0.3682250783807538,1
1321.964181,grid_1952_y514_z578,473.768,511.924,577.754,20.2888701016099,0.621,-0.14181642956442875,-0.03689212985449121,0.37773897099323284,1,-0.06803498299610874,-0.037087866202507834,0.37055177188648303,1,0.0007737887855801632,-0.031160775773139793,0.36131308633397663,1,0.060771102406925646,-0.012183868132155148,0.36913929170780835,1,0.10318947985358924,0.04010458372686605,0.3674988711154873,1
1322.701342,grid_1953_y516_z578,473.647,514.198,577.425,21.236260876152325,0.727,-0.13721298728579479,-0.03643307727873593,0.3717421370401571,1,-0.06611466701751763,-0.03892740303613264,0.37315364332140666,1,0.003078634995826224,-0.03326328642313002,0.35993665182196066,1,0.062010571005691975,-0.013295355717828219,0.3638450313970932,1,0.10242064707051043,0.03974432789399283,0.36324471274159087,1
1323.338513,grid_1954_y518_z578,473.912,515.798,577.548,22.32702716440324,0.626,-0.13573322468361113,-0.03686018233833018,0.3735712666076793,1,-0.06323983002238653,-0.03986774232293913,0.36877012879877996,1,0.0052280983623740436,-0.035439030393109236,0.36184194877099274,1,0.0643738244856126,-0.01465440426151198,0.3663945318245116,1,0.10246452286762549,0.039766587341222084,0.36301679891896077,1
1323.983709,grid_1955_y520_z578,473.957,517.811,577.271,23.44343807976978,0.635,-0.1333355586543194,-0.03698653546075679,0.3727612481277237,1,-0.06111099369877705,-0.04136237601191063,0.368988469051989,1,0.007337424703799546,-0.03761159087910986,0.3645406972225703,1,0.06712411174994935,-0.016037431000558777,0.37259954547199586,1,0.10382426900571626,0.039789159055826064,0.36648310044327065,1
1324.618036,grid_1956_y522_z578,473.804,519.908,577.701,25.204654907377755,0.623,-0.13233611369169443,-0.03782067435780105,0.37612220841486904,1,-0.059112128442552946,-0.043109868647965455,0.370036311296263,1,0.009245435929214611,-0.038993872203867366,0.3600057002260099,1,0.06884629849416322,-0.01700075242995795,0.3712077531542587,1,0.10237849081250165,0.03898615572778845,0.36034017801231555,1
1325.358627,grid_1957_y524_z578,473.703,521.934,577.771,26.735363621989464,0.73,-0.12872136496512768,-0.03800931285667097,0.37308270058850673,1,-0.0568112953330238,-0.04455313086208032,0.37044864418893064,1,0.011652837083786094,-0.04130398263428632,0.3634408460609455,1,0.07027205163716861,-0.018018329955580344,0.3703384807278702,1,0.1028921392053935,0.03879034335506724,0.3609890789009706,1
1325.996545,grid_1958_y526_z578,474.045,523.585,578.049,28.199535333051173,0.628,-0.1265887817848393,-0.03836637013978601,0.37176843020777695,1,-0.05501515565768304,-0.04572982172456292,0.3698470046839602,1,0.013469151135531451,-0.042915337994597305,0.36432700134099366,1,0.07179163606638399,-0.01883986805438485,0.37065830991422644,1,0.10489102773130618,0.039435295066168066,0.3668994409021025,1
1326.643807,grid_1959_y528_z578,473.828,525.579,578.067,29.76159488333914,0.638,-0.1256312058139006,-0.038915771385134565,0.37600368897190956,1,-0.052851892929835165,-0.04701730402291106,0.37012801525784456,1,0.015555699876194814,-0.0445097260438628,0.36225506170155386,1,0.07434908856750735,-0.019913122952393163,0.37490710514913816,1,0.10454740582352588,0.039289333363079826,0.3640627388764702,1
1327.390215,grid_1960_y530_z578,473.777,527.781,577.865,31.43175605975585,0.736,-0.12349158909636451,-0.03916320372522468,0.37573516935512974,1,-0.05018037919092313,-0.04759846118585606,0.36533997863674467,1,0.017341428076502304,-0.045609971855305596,0.3602594663273466,1,0.07489531409615241,-0.020580462318996802,0.3704101494015943,1,0.10556986014318197,0.039584900352383934,0.3675590889350532,1
1328.02377,grid_1961_y532_z578,473.878,529.582,578.07,33.05199089313687,0.623,-0.11923756269458681,-0.03874999917627438,0.36946258963605444,1,-0.04844628595722148,-0.04928087985704727,0.36805113433464937,1,0.01911972781529932,-0.04681981725062647,0.35812472371210397,1,0.07571828335339466,-0.021028535582012304,0.3662482062864811,1,0.1056551259155533,0.0395092382777484,0.3670905595400974,1
1328.661158,grid_1962_y534_z578,473.918,531.653,577.93,34.74174749490878,0.627,-0.11738296476926154,-0.03907987466410058,0.3710913797750532,1,-0.04663983175796515,-0.05076763608717364,0.37063839745531146,1,0.02131086722573241,-0.04851822007532009,0.35963424483486744,1,0.0771874501777154,-0.021723059774620523,0.365251003713292,1,0.10542174558604515,0.039146109163893425,0.3652984517967246,1
1329.313201,grid_1963_y536_z578,473.737,533.72,577.932,36.52373766470244,0.642,-0.11586773480686847,-0.03953723795228586,0.3739483584771587,1,-0.0443732840780156,-0.05178838977673146,0.36903357958527916,1,0.023489287558380756,-0.05061772913832775,0.36279551832990337,1,0.08008469023441758,-0.022973726518246647,0.37149225098744426,1,0.10467913843137118,0.0389603257489288,0.3627635152386014,1
1330.047229,grid_1964_y538_z578,473.624,535.987,577.845,38.47512107843197,0.724,-0.11311325196416702,-0.03941361071681761,0.37294001571840985,1,-0.042140902636708964,-0.0530347077513628,0.3693879895394766,1,0.025617224626107344,-0.05179707922690955,0.36116508732548464,1,0.08062006681639775,-0.023007219212272428,0.36597045878197665,1,0.10383974175491235,0.03870752862550431,0.3600529345814724,1
1330.686288,grid_1965_y540_z578,473.85,537.939,577.636,40.13959485346106,0.628,-0.11053588355779846,-0.03939907816141276,0.3712655026289551,1,-0.039779182940650595,-0.05347622954226962,0.3665960088913457,1,0.027323225594289645,-0.052524283419739026,0.3585239673995876,1,0.08298056480643848,-0.023689071268439037,0.3702328301213765,1,0.10564970185095826,0.03937808419832802,0.36480036450233466,1
1331.332775,grid_1966_y542_z578,473.724,539.862,577.748,41.91958728327368,0.635,-0.10791662629658332,-0.0394181822428338,0.3698303900397256,1,-0.03767603120563893,-0.05442338230222208,0.36682794096114535,1,0.029735494408846715,-0.05446168087835336,0.36173648281271,1,0.08372731695338799,-0.024191016338410178,0.36739842191812266,1,0.1052677225501353,0.039181296139785424,0.36229145979171057,1
1332.080827,grid_1967_y544_z578,473.871,542.183,577.227,43.84030995556487,0.737,-0.10458420177686419,-0.03885036036600862,0.3669349499070193,1,-0.03605364290959183,-0.05577796783025581,0.3699629681342064,1,0.031568525944719296,-0.0555500002949572,0.3613490020087146,1,0.08585553926159475,-0.02491686579433093,0.36946615100315494,1,0.10726838373793642,0.03941782842653775,0.3679270092708494,1
1332.7223,grid_1968_y546_z578,473.959,543.932,577.634,45.61373618768806,0.631,-0.10250545425859343,-0.0391826249000622,0.3669710770619381,1,-0.033868745433726866,-0.05707468246033235,0.37041426324970295,1,0.03359451128624619,-0.05690205193974577,0.36241183499487717,1,0.08870085277057228,-0.025688425826468304,0.37476930628483884,1,0.10659391241360969,0.03899871361676348,0.3646018893516804,1
1333.37827,grid_1969_y548_z578,474.172,545.988,577.126,47.34635472768739,0.645,-0.10110247685105764,-0.039628452123651445,0.36954124309471065,1,-0.03147823777062648,-0.056961042631557005,0.3656545568485221,1,0.035982688797497706,-0.05872406209898608,0.3658175228792971,1,0.08900793357690504,-0.025819344590457777,0.3701790433970645,1,0.10592297275161541,0.03874617854939416,0.36200970212445455,1
1334.012316,grid_1970_y550_z578,474.001,547.921,577.36,49.22778197319077,0.623,-0.09907637230939652,-0.03981969553327491,0.37014915534390813,1,-0.02961649141991754,-0.05790679658462274,0.36480071608156245,1,0.03773752397034839,-0.05966726860200024,0.3647634721435319,1,0.09122686420592822,-0.026389404481271132,0.3741648591442635,1,0.10602909761512805,0.03873449425366911,0.36220419547240823,1
1334.751581,grid_1971_y552_z578,473.702,550.119,577.593,51.35858337220764,0.728,-0.0962384179180997,-0.039991805333641016,0.3689857402699351,1,-0.027742588966012106,-0.059920413820653586,0.3700326691644221,1,0.03939626878524406,-0.06007677841056301,0.3604863520065432,1,0.09021036987425046,-0.02625089900436468,0.3636928765692139,1,0.10611700914309377,0.038745199638143574,0.36194239011466195,1
1335.385602,grid_1972_y554_z578,474.023,551.758,577.757,52.969937662791374,0.625,-0.09356567874457526,-0.039914127001556554,0.3655217284228958,1,-0.025842046927357087,-0.060237013298722074,0.3678324426726581,1,0.04115137811153989,-0.06108822851402111,0.3621813612067287,1,0.09262594315550146,-0.02696068714558697,0.36937871424316404,1,0.10618107049768062,0.03854181122658292,0.3613843629730612,1
1336.038134,grid_1973_y556_z578,473.834,553.987,577.651,55.036068918482876,0.641,-0.09111386829253763,-0.04013079442041972,0.36590356089789244,1,-0.023361036842055906,-0.060711486899916345,0.364493203703553,1,0.04312543759560184,-0.062154337647125205,0.361169709532728,1,0.09409338893503058,-0.027141189148889577,0.3687426271343731,1,0.1076368664073876,0.03901555814451706,0.36568259458525987,1
1336.7791,grid_1974_y558_z578,473.627,555.971,578.103,57.05314211329645,0.731,-0.0888528434310035,-0.04029473171551109,0.3648678879612256,1,-0.021583270185598344,-0.06182623190890074,0.36509824163933613,1,0.04527285931848241,-0.06323547515145075,0.3622273271807387,1,0.09617523642040035,-0.02786595392894104,0.37204835966351546,1,0.1085254721277957,0.03932572375947831,0.36852425709168546,1
1337.416321,grid_1975_y560_z578,473.741,557.954,577.912,58.88535506388662,0.626,-0.08682645567688968,-0.04052946475665124,0.3659066062635486,1,-0.019637825169280584,-0.06306365785402339,0.367111707417541,1,0.04707334945062288,-0.06409820506675132,0.36216488518343376,1,0.09733655956760028,-0.027979118662438972,0.3707986236557258,1,0.10770532001973217,0.039057925666549274,0.36512123214995623,1
1338.16998,grid_1976_y562_z578,473.552,560.192,577.792,60.98274826539063,0.744,-0.08460192230323518,-0.04061631028858046,0.36554544227110475,1,-0.017676389080049412,-0.06372402297461197,0.3669714049785017,1,0.04875359378723084,-0.06493808501049028,0.3616715034055409,1,0.09831714679808859,-0.02781395966953531,0.369365004721537,1,0.10713756233402565,0.03881514522815207,0.3628579268534004,1
1338.915192,grid_1977_y564_z578,473.61,562.053,578.149,62.86905342058208,0.734,-0.08182034468656808,-0.040772122346140624,0.3633306819132053,1,-0.015487042189893135,-0.06482113810979993,0.36685806171928736,1,0.05073965811932294,-0.06573199611330031,0.3613965747829283,1,0.10003790691254348,-0.028354150261211825,0.37088382655116237,1,0.1086252052536997,0.03910630622703026,0.3674303986987183,1
1339.568776,grid_1978_y566_z578,473.817,564.035,577.597,64.62706919704775,0.643,-0.07982114078367701,-0.04090499426817844,0.36473637376052337,1,-0.013672142627278427,-0.06605928600742839,0.37132383312264317,1,0.05280828223662835,-0.06692973957388915,0.36313924163755595,1,0.10092488578738161,-0.028475899993139674,0.36982799522664833,1,0.10812895631319593,0.038918938068530716,0.3644604662181225,1
1340.203887,grid_1979_y568_z578,473.877,566.048,577.752,66.61000475153865,0.624,-0.07734773675824394,-0.04068032937817602,0.3631062490778203,1,-0.011734383006239718,-0.06646306491241709,0.3691745680839596,1,0.054165741395165536,-0.06696534704891144,0.3602015133789519,1,0.1009994671480142,-0.02820818214077243,0.36510967023257385,1,0.10710616406820353,0.03871433311368388,0.3606814269582551,1
1340.943863,grid_1980_y570_z578,473.797,568.203,577.418,68.60422801839549,0.73,-0.07650047837023145,-0.041074572072881455,0.3677296462828067,1,-0.00974626091003646,-0.06584717711475355,0.3630260566947999,1,0.05633431765841438,-0.06782022311451182,0.36101195713228557,1,0.10093426370553818,-0.02804162636496879,0.3601540590003943,1,0.10681010991614495,0.038667799528153315,0.3598181615120721,1
1341.583501,grid_1981_y572_z578,473.846,570.161,577.427,70.50462261440732,0.628,-0.07411472939999417,-0.04106631910471885,0.36714374290193463,1,-0.007722167446569658,-0.06665004724944144,0.3634078275492645,1,0.058108472452649454,-0.06841943539280441,0.3607122546507923,1,0.1038502816722551,-0.028807694762516527,0.366956759630671,1,0.10605147373309613,0.03825065487062147,0.35648363254392607,1
1342.508757,grid_1982_y574_z578,474.116,572.118,577.117,72.33907088842108,0.914,-0.071622590920056,-0.04097691718475331,0.3659835813224134,1,-0.005846838687127738,-0.06800575886420512,0.36728848613755666,1,0.0596485809680552,-0.06875453170265333,0.3590428126848154,1,0.10627224954959218,-0.02911218714462807,0.3703264418603801,1,0.1064358587952291,0.03834865559819348,0.35667521779293115,1
1343.259834,grid_1983_y576_z578,474.028,574.079,577.384,74.30487113911173,0.741,-0.06814153365319332,-0.04056373499201518,0.3608296834156045,1,-0.003587102766508339,-0.06910296771970847,0.3680568239637704,1,0.062320648190644104,-0.0702813208420027,0.36204189634193373,1,0.10764772439077644,-0.02899924774883103,0.37017580579445986,1,0.10677210223201924,0.038483647793753725,0.3570612766482359,1
1343.89982,grid_1984_y578_z578,473.994,576.166,577.176,76.28907013458752,0.63,-0.06654056956289732,-0.04079401843068421,0.3627550993523987,1,-0.0017510595870732736,-0.06924683141932077,0.3666634181838088,1,0.06372570588219076,-0.07036360163253765,0.36058146856452145,1,0.1069894736660622,-0.028597713828805688,0.3638881065729239,1,0.10851320492047334,0.03886383723005736,0.3626735029894137,1
1344.641157,grid_1985_y580_z578,473.88,578.21,577.439,78.33679246050356,0.732,-0.06440644093030519,-0.0411316295913374,0.36365995339853985,1,0.0003477152118035344,-0.06988641142505972,0.36595061598914874,1,0.06653384575071344,-0.07174212758742389,0.3635158582633812,1,0.11040028907937956,-0.0292283420660784,0.37128477516106795,1,0.10940016734911148,0.039110619445812234,0.365662792454959,1
1345.27376,grid_1986_y582_z578,473.895,580.193,577.513,80.28835281035477,0.623,-0.062133427228046156,-0.04127935537619119,0.3621014563429608,1,0.002071164171272682,-0.07084789316992032,0.36803166665586173,1,0.06771503442460983,-0.07185528804642723,0.36223315697483793,1,0.11347591370015664,-0.029728144715773053,0.37756918681438717,1,0.10967297705692783,0.03932715193610128,0.36618499769974533,1
1345.907851,grid_1987_y584_z578,473.864,582.219,577.636,82.29264537612102,0.623,-0.059278595545824674,-0.041018672461158596,0.3584574991071193,1,0.004320849067079651,-0.07165613125547604,0.36863785112016056,1,0.06992923343398412,-0.07289391145112667,0.36355178991737724,1,0.11524963893067311,-0.029811658436829598,0.37928972634491503,1,0.10845746831094663,0.03879974441361895,0.361802614041994,1
1346.707276,grid_1988_y586_z578,474.041,584.033,577.599,84.06310247070357,0.789,-0.057607369645600925,-0.04123095552703586,0.36018796288601873,1,0.005979599699264872,-0.07157307637073324,0.3641068190527735,1,0.07113137099935028,-0.07281476881265077,0.3608575226173662,1,0.11491291427185577,-0.029304017556420214,0.3748173247034205,1,0.10777580959515562,0.0384066835665412,0.3588677784719322,1
1347.399704,grid_1989_y588_z578,473.974,586.071,577.566,86.04930323366953,0.682,-0.05571029550232491,-0.04153493114155908,0.3619690143345138,1,0.008021013509259791,-0.07261865971345476,0.3666713272776992,1,0.07304668935368158,-0.07328961974023715,0.3606019108432107,1,0.11427892655570134,-0.028981601387616296,0.3681522386350358,1,0.10785457225987753,0.03836123907946386,0.3587990299884091,1
1348.037613,grid_1990_y590_z578,473.918,588.045,577.796,88.02740970288743,0.626,-0.053527267130869485,-0.04189382074740775,0.36232311577074244,1,0.010013737802758025,-0.07342039831370557,0.3679168983505037,1,0.07533095652208172,-0.07426948691825766,0.3627884413068084,1,0.11481752591691156,-0.028942276739499166,0.3665133984912404,1,0.10671692664307116,0.03816203248160539,0.3553791395919161,1
1348.774795,grid_1991_y592_z578,473.799,590.232,577.535,90.11800858873879,0.726,-0.050381719139594126,-0.04133454257922199,0.35773008290420477,1,0.012310607379444515,-0.07416800164168462,0.36827509810634534,1,0.07816233171417178,-0.07560414585578099,0.36651438266166475,1,0.1186033084414577,-0.029217899419047587,0.3738992409707157,1,0.1091229065117079,0.03904605957643874,0.3627920820644728,1
1349.422743,grid_1992_y594_z578,474.131,592.056,577.422,91.89525790267967,0.637,-0.04868263922478275,-0.041361555841948394,0.3587082211672908,1,0.014261348998498277,-0.07455382464052647,0.3689125694253249,1,0.07871467581764409,-0.07476311144286084,0.36127654013999183,1,0.11978812569236344,-0.029175799138776076,0.37393812558794515,1,0.10961558859803074,0.03929523926266536,0.3635327694738937,1
1350.062206,grid_1993_y596_z578,474.088,594.147,577.075,93.88593825488466,0.628,-0.0465507087941375,-0.041352717708471945,0.3585267539514473,1,0.01597881972058117,-0.07453597928941177,0.36678688658272435,1,0.08108565541725728,-0.07561685773660064,0.3632686608730203,1,0.11895975811331605,-0.028587484776092652,0.3681207287241605,1,0.1091999074965507,0.03911121552930687,0.36136537147243314,1
1350.802857,grid_1994_y598_z578,473.978,596.19,577.306,95.93419814643794,0.729,-0.044102698790989936,-0.04118460967033897,0.3556731349353729,1,0.017979422046348552,-0.07555034569664665,0.36882186550274404,1,0.08303071964243475,-0.07612886819208606,0.3638312761994443,1,0.11858843457290938,-0.028253207523479106,0.3640581311938268,1,0.10901650981054889,0.03903208912059296,0.36040522829253446,1
1351.438323,grid_1995_y600_z578,474.16,598.163,577.346,97.8872319099892,0.624,-0.04245004302414752,-0.041532325711345255,0.3588979600633237,1,0.02022019841323043,-0.07683893991274766,0.3720409095880202,1,0.08485369100317937,-0.07651242053286016,0.36382239348263945,1,0.12122222845492883,-0.02830401397593455,0.3680798461445926,1,0.11122235501078685,0.03960568781763697,0.36755666134514814,1
1352.087552,grid_1996_y602_z578,474.222,600.068,577.315,99.75926082825595,0.639,-0.03984260597581785,-0.041418129838022524,0.3578252269653572,1,0.02204717551899906,-0.0763086475541657,0.3671069865126064,1,0.08696114793847867,-0.07685949146673568,0.3641842410797437,1,0.12272739842094638,-0.02818242183426644,0.3688481125069861,1,0.10919568242224462,0.03899811732280134,0.36064863668400493,1
1352.72685,grid_1997_y604_z578,474.088,602.149,577.298,101.80372163629386,0.628,-0.0380995436357132,-0.04174108244424557,0.36002804718652076,1,0.02426708022433383,-0.07776975124981954,0.37163998593463254,1,0.08883020255202947,-0.077016745711002,0.3634109510097179,1,0.12466147214475809,-0.02839221102906494,0.37103728577307127,1,0.10924591391950966,0.03893148077972782,0.36020851209402327,1
1353.479192,grid_1998_y606_z578,474.142,604.123,577.449,103.77606158454854,0.742,-0.035690067657400515,-0.0421824629799998,0.3605543283220004,1,0.026222662249173273,-0.07763306425783566,0.36825557756802924,1,0.09080364400232237,-0.07730499201266978,0.3634349041308773,1,0.12353340041335215,-0.027686118086072787,0.3644572454547251,1,0.10950215121861036,0.03896684768419416,0.36086754159769996,1
1354.120037,grid_1999_y608_z578,474.106,606.148,577.548,105.78848134839637,0.63,-0.033716129907594816,-0.042407101132950556,0.3613642092415247,1,0.028190709172284268,-0.07849391413625215,0.36970412007968284,1,0.0925876409646465,-0.07744502081765482,0.3637605433935146,1,0.12400137773384692,-0.02733141807151785,0.3626830161616266,1,0.11022598610392817,0.03922800699084618,0.3630574408257611,1
1354.811639,grid_2000_y610_z578,474.207,607.972,577.756,107.62380800269055,0.68,-0.03152302516277902,-0.04262954579958217,0.36121199474522653,1,0.030117816550842384,-0.0787296528969739,0.36796198120284396,1,0.09369446762459517,-0.07703685406665202,0.3602413777687439,1,0.12443159128535455,-0.02688791175748693,0.36050572405047443,1,0.11275940820254049,0.040142064564128256,0.370722088123975,1
1355.559897,grid_2001_y612_z578,474.022,610.172,577.37,109.72992296543369,0.738,-0.029190291471337716,-0.04232942925027292,0.3612065916624644,1,0.03244984868225716,-0.0801624612332881,0.37275423198944974,1,0.0955253831714469,-0.07716107854626697,0.35956704034325315,1,0.12529467369833794,-0.02669633357042428,0.3593531457277834,1,0.11224730102443244,0.03986660926724362,0.3683235323429467,1
1356.19178,grid_2002_y614_z578,473.941,612.055,577.81,111.65656107009562,0.621,-0.027314627832163967,-0.04275490841312093,0.36054240875929366,1,0.033958899747305885,-0.07958690513990856,0.36800357023424324,1,0.09871925796753396,-0.07845768388617133,0.3650538608292767,1,0.1269402538920512,-0.026561243352311914,0.362698040145662,1,0.10898201319388678,0.03853823458773061,0.3563850841083636,1
1356.827524,grid_2003_y616_z578,474.091,614.158,577.605,113.70512477456771,0.625,-0.0251236089961397,-0.042966744381720615,0.361172633087807,1,0.03659805669135936,-0.08078590489008708,0.3716047458501418,1,0.10055239642278493,-0.07875029221204148,0.36494918589704517,1,0.12922778035066035,-0.02652308125848294,0.3660603477014086,1,0.10721847987427462,0.03796827674032136,0.35066352968507364,1
1357.579528,grid_2004_y618_z578,474.134,616.124,577.541,115.6394601033748,0.738,-0.02305614109321682,-0.04315267217556005,0.3612161042631403,1,0.03896078180783588,-0.08201064019576684,0.37601325282301384,1,0.10274048589671883,-0.07913823922818716,0.3656221911332181,1,0.1324160201444727,-0.026744068261785808,0.37173483990755535,1,0.10929309889636685,0.03857559983870394,0.3579759529741106,1
1358.222975,grid_2005_y620_z578,474.391,618.071,577.17,117.5161710489242,0.633,-0.020613019443422805,-0.042361432168796856,0.35818506682444506,1,0.04048644531470287,-0.08127118232097277,0.37122366407132207,1,0.104372416608316,-0.07911206254107316,0.365086232744946,1,0.13238365858898365,-0.02629643933351784,0.3685908176506156,1,0.11055169867942234,0.03893750295848501,0.36188075281585136,1
1358.863368,grid_2006_y622_z578,474.311,619.996,577.501,119.46656430985199,0.629,-0.01870419737599894,-0.042490086226872205,0.3590312065629259,1,0.04277332488486778,-0.08195639340854735,0.37288538913879893,1,0.10636078582188302,-0.07904383749111413,0.36525509719817867,1,0.13369124852888808,-0.026096584355364782,0.3690134373536273,1,0.11050551053693476,0.03909880389345422,0.36061913140802854,1
1359.524542,grid_2007_y624_z578,474.476,622.152,576.729,121.49662153739098,0.65,-0.016461186743712643,-0.042620155641089084,0.3629427577444083,1,0.04467213724755743,-0.08168378414784917,0.3708836404758293,1,0.10789795116145795,-0.07886022722177437,0.36387690842923864,1,0.1352079586171952,-0.025744534940628994,0.37024496642720334,1,0.1107977211924164,0.0391124803761092,0.360574554617131,1
1360.264384,grid_2008_y626_z578,474.244,624.199,577.188,123.58167655036888,0.729,-0.013901873116353958,-0.04277895766994822,0.3627107128983855,1,0.046741927240423274,-0.08165748876675498,0.36877061693903934,1,0.1103210760352433,-0.0790282387419993,0.3646177702947234,1,0.13832769655553628,-0.025841969882965332,0.3759525961286557,1,0.11103738627384581,0.03910655051434313,0.36100843287065576,1
1360.915708,grid_2009_y628_z578,474.414,626.122,576.94,125.45679025863845,0.641,-0.011807575372965942,-0.04267219365698514,0.3612021642161461,1,0.04884633087845181,-0.0824768268511139,0.37093261365704766,1,0.1123098232421023,-0.07930881254792946,0.36565879355800696,1,0.13666053151703203,-0.025035108759283824,0.36912515260158885,1,0.11105806078186875,0.03915932422284192,0.3612852636032565,1
1361.551854,grid_2010_y630_z578,474.334,628.151,577.13,127.4909988469774,0.624,-0.009740756347815233,-0.04244180834595078,0.35880721841509083,1,0.051130023868578976,-0.08329323479734667,0.3729134703635544,1,0.11339953915267324,-0.07881284697859854,0.3632486736597656,1,0.13778152798172455,-0.024857092427090065,0.369374734458635,1,0.1122857604943496,0.0394689205962655,0.3644926987529728,1
1362.288637,grid_2011_y632_z578,474.238,630.2,577.429,129.5592691435083,0.727,-0.007431889493050027,-0.042738819704688805,0.3577148727972059,1,0.05353009925144604,-0.0838820494832628,0.37364216934604383,1,0.11570257240982736,-0.07882852437977576,0.36367729337063104,1,0.13690603961555503,-0.024157302040456085,0.3644060501647167,1,0.11252699630390017,0.0394916209899687,0.364701917235917,1
1362.925522,grid_2012_y634_z578,474.198,632.236,577.378,131.56989008888016,0.626,-0.005179704561149604,-0.04290532128447902,0.35859196955349654,1,0.05577802396204347,-0.0847401158645808,0.37498822585759767,1,0.11883656477813112,-0.07974789184165988,0.3675348160107077,1,0.1395823636448832,-0.024006240597027648,0.3687820986310351,1,0.11253549414687791,0.0395179058327182,0.3642001893489786,1
1363.578493,grid_2013_y636_z578,474.342,634.017,577.539,133.359127719103,0.642,-0.003119495846575631,-0.04339034672006028,0.36026766325843573,1,0.05748743126281769,-0.08418999728692372,0.3718598932232656,1,0.1192051116494606,-0.07847833277649086,0.3628390721346737,1,0.1400741722833036,-0.023563332943674794,0.3672988275766432,1,0.11223296931548084,0.039528028271079284,0.36277984337779146,1
1364.213755,grid_2014_y638_z578,474.435,636.039,577.548,135.36695440911714,0.625,-0.0010534151579561536,-0.04370661041271856,0.36079468755473226,1,0.05905040892327886,-0.08405829496137082,0.369272376903934,1,0.1206814719126695,-0.07826856117384126,0.3620132784997282,1,0.14244254924097596,-0.023462213555531776,0.37074231957908,1,0.11149563822581729,0.0394370834760452,0.36046189932236006,1
1364.962994,grid_2015_y640_z578,474.576,637.882,577.491,137.19039825366787,0.738,0.0012852706895312997,-0.043528377071044476,0.3595695930135706,1,0.06149483709106842,-0.08462049382614685,0.37049963616029735,1,0.12319701092564908,-0.07835556681568151,0.36291005555995487,1,0.14187404048056987,-0.02255873562884677,0.36698213249470096,1,0.11083254057279601,0.039271600804013485,0.35851812738137634,1
1365.613271,grid_2016_y642_z578,474.608,639.938,577.115,139.18464983251565,0.64,0.003189633658329292,-0.04342317635752093,0.3609068419450043,1,0.0634030151224361,-0.08482084640391838,0.37083032481538475,1,0.12444233080199414,-0.07788934006244266,0.36090052110032983,1,0.144980615940003,-0.02244237063247104,0.3726307808467154,1,0.11100122403897543,0.03932312128388753,0.3588488459635794,1
1366.251364,grid_2017_y644_z578,474.652,641.857,577.241,141.1053391406576,0.627,0.005373366460024557,-0.04308534850595652,0.35787189323682317,1,0.06495062465130137,-0.08430228429836317,0.36758079507394276,1,0.12705099138504533,-0.07833850740028626,0.3635934655659287,1,0.1444720114450108,-0.0219890404555324,0.3683496987013206,1,0.11104804937810593,0.03929508319241907,0.35847147583497546,1
1366.997457,grid_2018_y646_z578,474.889,643.85,577.138,143.07647977567808,0.735,0.007566493113851288,-0.04333648508308345,0.3603968618390552,1,0.06750119978486727,-0.08496993313108199,0.3692409250315576,1,0.12921890832677554,-0.07814715138239245,0.36417522192829643,1,0.14683200282189274,-0.021719974945420523,0.37220518118429086,1,0.11092084255836376,0.039149762175326196,0.35761810742755573,1
1367.6443,grid_2019_y648_z578,474.716,645.907,577.575,145.16666593264455,0.634,0.009862203231575675,-0.04381830301641983,0.36099633083222643,1,0.07124517733674234,-0.08715884984186621,0.377091190219709,1,0.13181397783583224,-0.07815040655676173,0.36570672960362216,1,0.14814604562345146,-0.021312825339934043,0.37323358254751116,1,0.11265094179045351,0.03960854580827468,0.363000732583027,1
1368.28451,grid_2020_y650_z578,474.7,648.003,577.48,147.236080669787,0.63,0.012118296280230522,-0.04396732828563701,0.3612251752685772,1,0.07251241120202741,-0.08625252636618068,0.3717009301759058,1,0.13335646555862898,-0.07773238845212137,0.36445624185281583,1,0.14761233574116064,-0.020624078688814284,0.3691851893268453,1,0.1138064681621935,0.04008346585099528,0.3664564650909088,1
1368.920901,grid_2021_y652_z578,474.753,649.97,577.551,149.1986585194385,0.625,0.014289835696175323,-0.044243347396526585,0.36151142127885755,1,0.07374828396478747,-0.08545049536600269,0.36732821033607177,1,0.13521906744103476,-0.07745557611373956,0.364163579177015,1,0.14987974334636128,-0.020408820710229796,0.37280748620144977,1,0.11407134005929671,0.0402326879508089,0.3671349585954201,1
1369.667581,grid_2022_y654_z578,474.99,651.751,577.479,150.96412549344296,0.735,0.01667875085720196,-0.044128127676119885,0.3613890815730577,1,0.07677988411340943,-0.08625959265257362,0.37029416695078227,1,0.13779827274517867,-0.07732225523625412,0.3653592664467894,1,0.14945968634794485,-0.019707400207327513,0.36929304897532356,1,0.1136542742723585,0.040034779385251996,0.3652593892483894,1
1370.305939,grid_2023_y656_z578,474.896,653.771,577.395,152.95932550191242,0.628,0.01835075876896854,-0.04428922997409923,0.36037157407599346,1,0.07842047762117318,-0.08633275339691249,0.36981265928195933,1,0.14021594349605032,-0.0774981434797011,0.36681582964987436,1,0.15268235291354515,-0.019680871999992584,0.37549788546421453,1,0.11344574137888938,0.039935825102473545,0.36432160457487406,1
1371.000558,grid_2024_y658_z578,475.226,655.37,577.63,154.58127891177512,0.685,0.02035977352829995,-0.04430161114028258,0.3598879494606381,1,0.08026690035652587,-0.08626312582994698,0.36808311618857353,1,0.1416607367039188,-0.07698560861002987,0.3658864884294582,1,0.15238041913890343,-0.018981750359402867,0.3723577884884862,1,0.11337623041439968,0.039902840341547396,0.36400900968370226,1
1371.742441,grid_2025_y660_z578,475.256,657.528,577.303,156.69010754032948,0.732,0.022793474889530013,-0.04360704226517946,0.35691750969044606,1,0.0823438684392411,-0.0860593980748639,0.3670215587597378,1,0.14505736330653016,-0.07711175455709429,0.3688835063098229,1,0.15078785778065495,-0.01803359051954333,0.36642447352970214,1,0.11172325496797289,0.03926412078347892,0.3579864708117976,1
1372.382406,grid_2026_y660_z580,474.686,658.285,578.581,157.57416472886663,0.63,0.024052122985430784,-0.04437349645109127,0.3568664245779575,1,0.08399468126661906,-0.08669371767253908,0.3684472455825575,1,0.14596180745742943,-0.07680227036686718,0.368535976993351,1,0.15374880104241856,-0.017958917232654595,0.3720821871838022,1,0.11276195877835804,0.03957297358825559,0.36086218050547564,1
1373.020552,grid_2027_y658_z580,474.686,658.285,578.581,157.57416472886663,0.626,0.024327933475022597,-0.04445713568203125,0.35620679865111027,1,0.08391453209546836,-0.08640478159760422,0.3670278829775392,1,0.1465887314613115,-0.07710500625917224,0.3698491128030174,1,0.15535653260947763,-0.018013698275752922,0.37554078187342893,1,0.11363456471282465,0.03984680017075555,0.3634231898140586,1
1373.774228,grid_2028_y656_z580,474.386,657.098,578.353,156.3636452664109,0.742,0.02362225340125274,-0.044710523680085656,0.361872429789827,1,0.08217967195489999,-0.08542871912992053,0.3635327898739179,1,0.1450777589028875,-0.07679831899329986,0.3677217248255683,1,0.15270943700726688,-0.01798659805260062,0.3706888622756386,1,0.11276195877835801,0.039572973588255594,0.36086218050547564,1
1374.524459,grid_2029_y654_z580,473.944,655.46,577.986,154.6876998148205,0.741,0.021967942599567226,-0.044701688848462914,0.36312704297905196,1,0.08208024596952973,-0.08674445582123828,0.3707691286722729,1,0.14322438250966588,-0.07671771575653605,0.36684576054055046,1,0.1505285874153821,-0.018359459678226338,0.3668035599151237,1,0.1126683853629072,0.039639584366059875,0.3615283553450845,1
1375.164038,grid_2030_y652_z580,473.522,653.842,577.84,153.05838001886733,0.63,0.020094135124333206,-0.04411114200431557,0.36347119655612714,1,0.07958607099926356,-0.08591958246093798,0.3688877549262696,1,0.14134502922716935,-0.07707530143648962,0.3669175684947413,1,0.15271131267695315,-0.019219143975134904,0.3740570427225291,1,0.11337623041439968,0.039902840341547396,0.36400900968370226,1
1375.905436,grid_2031_y650_z580,473.301,652.139,577.499,151.32529128007656,0.732,0.017972776228815948,-0.043717687824920685,0.3627746506522541,1,0.07807442519804839,-0.08633597946153806,0.37258388438249546,1,0.13890376687313194,-0.07715476514201784,0.36557131073710636,1,0.15058440409996732,-0.019551945312130385,0.3706014716670369,1,0.11344574137888938,0.039935825102473545,0.36432160457487406,1
1376.544158,grid_2032_y648_z580,473.033,650.311,577.725,149.53309017404817,0.628,0.01628996921942085,-0.043762189398119246,0.362374821759362,1,0.07617401839301494,-0.08617502851607016,0.3724423189440039,1,0.1363058036888011,-0.07684244091255084,0.36381077765940867,1,0.15030645929940523,-0.019865001844969553,0.3718799170063707,1,0.11386280716582761,0.04013373366803045,0.36619717392190476,1
1377.186399,grid_2033_y646_z580,472.947,648.437,577.784,147.67838252770787,0.631,0.013946043715075476,-0.04343078807366542,0.35861694347549444,1,0.07427703143300274,-0.0862471311160477,0.37320004875479046,1,0.13583622333697098,-0.07792273908177304,0.3674177558971957,1,0.14938696041725802,-0.020173572686796405,0.3713426275827509,1,0.11407134005929671,0.0402326879508089,0.3671349585954201,1
1377.936333,grid_2034_y644_z580,472.601,646.649,577.934,145.91888406234474,0.739,0.012077003912908463,-0.043452840998621615,0.35962968535473483,1,0.07230339193948046,-0.08581727342461185,0.3723971984790457,1,0.13287881516178032,-0.0774374302583581,0.36428650354946757,1,0.1498469207891422,-0.021032767353721143,0.3746609221757581,1,0.1138064681621935,0.04008346585099528,0.3664564650909088,1
1378.576125,grid_2035_y642_z580,472.616,644.498,578.099,143.80438629263026,0.63,0.009870944408460855,-0.043973271168437175,0.3615233453443793,1,0.06967284057709522,-0.0851761063742125,0.3700618117333751,1,0.13042181417379412,-0.07736525962359594,0.3628879801984185,1,0.14771105172436677,-0.021300781063406334,0.372455007775542,1,0.11327672436798708,0.03978502165136805,0.3650994780818862,1
1379.217129,grid_2036_y640_z580,472.479,642.576,577.955,141.87866940453034,0.63,0.007598991504381682,-0.04357366644701281,0.3596937254857203,1,0.06729944535133724,-0.08485905943697933,0.3698917715665134,1,0.12868116516397032,-0.07772520696888792,0.3634991925379488,1,0.14612665999415358,-0.021681214674798707,0.37064682567467505,1,0.11105029167701534,0.039178328775024404,0.35811027996306233,1
1379.863251,grid_2037_y638_z580,472.243,640.631,578.162,139.9743453422805,0.634,0.005483261138939101,-0.04394206802417001,0.3620482122085814,1,0.06627885683304427,-0.08600927322434698,0.37628814984809567,1,0.1285459000459391,-0.07914238266705971,0.36914976255649745,1,0.14329972099906643,-0.021752209904396608,0.3661898961841871,1,0.11096832221676096,0.03926630275567498,0.3585157285689731,1
1380.615106,grid_2038_y636_z580,472.024,638.681,578.32,138.06053203939211,0.741,0.003251771616797588,-0.04411197096064506,0.3618289447815486,1,0.06442219048914798,-0.08634071870805168,0.37795796996021574,1,0.12467625694730392,-0.07807889317299845,0.3631902810770547,1,0.1424628621687261,-0.02225858081621643,0.36643360981967293,1,0.11066773584384873,0.0392336134066276,0.3579804429284495,1
1381.260523,grid_2039_y634_z580,472.133,636.618,578.37,136.02237025210238,0.634,0.001262060540366467,-0.044147675137636025,0.3615871108408376,1,0.06145910169344845,-0.08445581542310938,0.3712075073875848,1,0.12319185633493183,-0.07841485462651972,0.36410891168702636,1,0.14174447084333122,-0.022787926995309276,0.3666943615420579,1,0.11089006130726653,0.039293285324800885,0.3585593782852028,1
1381.8985,grid_2040_y632_z580,472.142,634.645,578.453,134.07840177299252,0.627,-0.0009588964400017103,-0.04412257785785327,0.3618570800810975,1,0.05973301772513926,-0.0850020568400216,0.374819536025264,1,0.12174559270443716,-0.07891252307889231,0.3657559610165372,1,0.14174187578634115,-0.02328250446521659,0.36944561309607143,1,0.11177160568647346,0.03950490683251772,0.3612890514536636,1
1382.639881,grid_2041_y630_z580,472.036,632.871,578.382,132.31100677948152,0.731,-0.0029924323680537617,-0.044067751680715424,0.3620164803901208,1,0.05726677411992269,-0.08395108965740394,0.370862623731741,1,0.1188540915041523,-0.07823067292905417,0.36239001348038646,1,0.1409381355515532,-0.023679784097892943,0.36980858950757295,1,0.11185624200265791,0.039407242943697664,0.36169192110087967,1
1383.279425,grid_2042_y628_z580,472.047,630.93,578.277,130.37401615352653,0.629,-0.005210218116459843,-0.04432239002559165,0.3649478068820071,1,0.055344552597171484,-0.08381411967935422,0.3719281040435234,1,0.11737656275524704,-0.07852130352543975,0.36359726515326884,1,0.13930407066792833,-0.02384766151302467,0.36753916049899776,1,0.11282927586040041,0.03965050690269599,0.3654842276727417,1
1383.92971,grid_2043_y626_z580,472.054,628.857,578.255,128.31811127818239,0.639,-0.007511585143902768,-0.044065420069748985,0.3652085914891992,1,0.05342056119014989,-0.0837343718690982,0.3738467802261241,1,0.11479627946995914,-0.0783307961531011,0.36194005868273815,1,0.13823392552756308,-0.02435450403346378,0.3673306685372053,1,0.11248477417673022,0.03957346145932463,0.3652672817544761,1
1384.570892,grid_2044_y624_z580,472.057,626.973,577.819,126.3917388637406,0.631,-0.009492680845802449,-0.043073566993572884,0.3610207079539108,1,0.05136796690518741,-0.08336848578496067,0.3741705706637024,1,0.11332227056806479,-0.07878036389600059,0.36323518850583825,1,0.13783648025871575,-0.02475215274028822,0.3691902486975859,1,0.11161375281296475,0.03936739939502173,0.3630553511425647,1
1385.321115,grid_2045_y622_z580,472.05,624.907,577.842,124.34928600920881,0.738,-0.012002223020512941,-0.04326192337235711,0.36328192360503736,1,0.04875947656483405,-0.08219632380970508,0.37036802231103183,1,0.11104013549100326,-0.07861337131926387,0.36251911630396927,1,0.13708837438983487,-0.0250987588465179,0.37056096521499393,1,0.11126242961327679,0.03926196018183261,0.3623796281577788,1
1385.962631,grid_2046_y620_z580,472.091,622.914,577.91,122.3864601538912,0.631,-0.013973552446230341,-0.04294000849350466,0.3607049428426607,1,0.04701443919179305,-0.08259049050677016,0.3738429144338765,1,0.11041197247295935,-0.07925264620225228,0.3659703356773014,1,0.13741840285832974,-0.02572855918852294,0.37408570007953856,1,0.11118052366412548,0.039192565723169856,0.3618302861512042,1
1386.604883,grid_2047_y618_z580,471.968,620.876,578.208,120.41380991397955,0.631,-0.016220589199649804,-0.043579228556352934,0.3642392791808303,1,0.04509206606804243,-0.08292736369861782,0.3755466121438902,1,0.10720801023298085,-0.0783347201433379,0.36175958394172436,1,0.13610629228715135,-0.02609092031621178,0.3726791370092546,1,0.11103738627384581,0.03910655051434313,0.36100843287065576,1
1387.368651,grid_2048_y616_z580,471.965,618.837,578.416,118.4295842009082,0.754,-0.018436693504206195,-0.04369813202241939,0.3635486421751953,1,0.043181288905351646,-0.08258862446248454,0.37539437400263925,1,0.105908221668227,-0.07863619683750314,0.3640157495243228,1,0.13271137958102372,-0.025995315482253097,0.3667873208654077,1,0.11058626175057303,0.038952151809827154,0.36113936225103715,1
1388.009134,grid_2049_y614_z580,471.924,616.84,578.955,116.54161612488483,0.631,-0.020450076510823523,-0.04384404197064142,0.36154679855710736,1,0.040982976794345906,-0.08161770675293611,0.3714461310059544,1,0.10445133830314393,-0.0789007102689975,0.3651408618874442,1,0.13138210873819753,-0.025989217525590202,0.3657941481934732,1,0.11043359915056375,0.03891442879825085,0.36151367446430066,1
1388.661977,grid_2050_y612_z580,471.897,614.869,578.855,114.58023077739027,0.643,-0.022768568625715403,-0.044096541685942965,0.3618912706294871,1,0.039210214829663706,-0.08208066317441318,0.37576938270445154,1,0.10247056972346588,-0.07868592219837309,0.3647895366565361,1,0.13152156099710594,-0.02671405370101699,0.36941130299579517,1,0.1091016889126208,0.038569144720667865,0.35784454770892904,1
1389.30184,grid_2051_y610_z580,471.942,612.857,578.686,112.56761727512935,0.629,-0.024825618876414723,-0.04373272651746977,0.3619436684407804,1,0.03727151029445752,-0.08207883841326828,0.3769563196824796,1,0.10099422634215154,-0.07887281261511093,0.3662154325127782,1,0.1310372718392319,-0.027040837886225983,0.3713236323698489,1,0.1079794520508629,0.03818512004084894,0.35360975016166046,1
1390.058254,grid_2052_y608_z580,471.937,610.848,578.491,110.55384550525592,0.745,-0.02723630645734807,-0.04348027343137888,0.362872831696513,1,0.03484453491413351,-0.08076860667043609,0.3746960477883378,1,0.09891650238302925,-0.07852732217173394,0.3662583341089107,1,0.13096334500367307,-0.02764343585913377,0.37456792309396375,1,0.10983029059317737,0.03889489833906756,0.3594366457776215,1
1390.693106,grid_2053_y606_z580,471.993,608.96,578.162,108.63754535610612,0.624,-0.029229011110877202,-0.0433117754692292,0.36453154114772274,1,0.03258883842161899,-0.07950880679858435,0.37039633625116714,1,0.09643556400896135,-0.07775293644923816,0.36377211591091074,1,0.1269270322668281,-0.027123949200596454,0.3654835987856922,1,0.1127136627979735,0.04007186161349956,0.3700130248811989,1
1391.328743,grid_2054_y604_z580,471.96,607.038,578.166,106.74283191858838,0.626,-0.031242473102496154,-0.04290311958516938,0.36196128119982063,1,0.030139872701474037,-0.07854154876931771,0.3682458168088899,1,0.09444415032617866,-0.07741701194162964,0.3630739380094363,1,0.12764232030978506,-0.027818804994839748,0.370176585216149,1,0.11312132564519936,0.040272644217454266,0.37181703773800556,1
1392.069081,grid_2055_y602_z580,472.226,604.844,578.097,104.56953294817767,0.73,-0.03349889399262311,-0.04285007788326804,0.36244623112938956,1,0.02813370882257612,-0.07795610644978017,0.36805921839674005,1,0.0925951340884181,-0.07745554984479756,0.36375929441244037,1,0.1263881806619614,-0.028135628458890394,0.37019562444690196,1,0.11073637784476593,0.03931301470388676,0.364498444742604,1
1392.70643,grid_2056_y600_z580,472.229,602.932,578.09,102.68481580545397,0.627,-0.03558053797553941,-0.0424726452108924,0.36034563265387193,1,0.026520605689698624,-0.07820515115115621,0.3723248139668698,1,0.09111164196151315,-0.07764870109026453,0.3653464851784876,1,0.12374608958262936,-0.027849221158031782,0.36591603877054235,1,0.1095722247610506,0.038970114985426664,0.36108758855131745,1
1393.356686,grid_2057_y598_z580,472.288,600.957,578.116,100.74522612511227,0.64,-0.038157059510802074,-0.04283809139631538,0.3630754389172272,1,0.024418645111180047,-0.07857419742408085,0.374615292707084,1,0.08941545913489801,-0.07765732507330561,0.36709510044492133,1,0.12354374150440703,-0.028110724296042916,0.3683168493780592,1,0.10945831768953922,0.03898157514402769,0.361097542175082,1
1393.992982,grid_2058_y596_z580,472.326,598.82,578.32,98.68001646736799,0.626,-0.040411001961789476,-0.04294000764269666,0.3641308387999004,1,0.022260117976061502,-0.07693156499708757,0.3700142543738091,1,0.08690892699340913,-0.076902372067108,0.3647911136119978,1,0.12246503820235988,-0.028166028492694978,0.36861245288499667,1,0.1103327738163757,0.039226002845387596,0.3649610526263549,1
1394.792052,grid_2059_y594_z580,472.409,596.662,578.514,96.59615193681377,0.788,-0.0427292972971354,-0.042872416204971786,0.36158941783029175,1,0.019908325868808335,-0.07670537373102822,0.370163699168024,1,0.08507418393546455,-0.07663420808977575,0.3654127150657664,1,0.12094579860590211,-0.0283602311474044,0.368083438499695,1,0.11067780792885647,0.03943251807621447,0.3663867069876721,1
1395.427652,grid_2060_y592_z580,472.367,594.685,578.333,94.62049395876136,0.624,-0.045166850738280265,-0.04293167892528628,0.3643884074938871,1,0.0180237700280833,-0.07581320662722818,0.36833978408045265,1,0.08310418049977127,-0.07616717545841803,0.3643460628385534,1,0.118584489195052,-0.028300687888134373,0.36408002395126615,1,0.10951556299504069,0.039161738822178827,0.36216218724193927,1
1396.080707,grid_2061_y590_z580,472.29,592.559,578.536,92.57381592545485,0.643,-0.04723451686045231,-0.04259020668411636,0.362312205143244,1,0.015935433968687334,-0.07553263779868505,0.36988480640273036,1,0.08110785578842784,-0.07582789516446989,0.364207225341033,1,0.11777620625157419,-0.028324402997269182,0.3649065331162067,1,0.10954408353622258,0.039152568802345945,0.3632641648093132,1
1396.818856,grid_2062_y588_z580,472.261,590.429,578.843,90.54890570846231,0.728,-0.04908176931125965,-0.04251701433797604,0.3597277246289627,1,0.013652541079075342,-0.0754696719663766,0.3713629560482654,1,0.07868691096641009,-0.07501521502678499,0.362667075299871,1,0.119031628700436,-0.029047222378865607,0.37254353905258775,1,0.10982489883859312,0.039259526651641716,0.36479609208543806,1
1397.961616,grid_2063_y586_z580,472.415,588.442,578.679,88.5718386170232,1.029,-0.05223401428618345,-0.04312813656246848,0.36373317728597976,1,0.011042801207518462,-0.07456961929044437,0.37036350402603124,1,0.07844550718630351,-0.07627873001803645,0.3712323896777473,1,0.11482391675755199,-0.028741799613165957,0.3649133512923635,1,0.10894112733225578,0.03906306710355766,0.3619114102642765,1
1398.600157,grid_2064_y584_z580,472.323,586.558,578.816,86.75838466108048,0.627,-0.05365430305013036,-0.042659873266613905,0.3618513920758407,1,0.009965040194180807,-0.07451030974872029,0.37150513904145366,1,0.07573282629578279,-0.07473694764003425,0.3655406212209262,1,0.1145756009588971,-0.028911270559176007,0.3664985910366788,1,0.10701533140118233,0.038330154348350076,0.3563229648315217,1
1399.346949,grid_2065_y582_z580,472.665,584.242,578.826,84.50246108250339,0.737,-0.05621722776820447,-0.04290871617878626,0.3645932135692441,1,0.007875200862507963,-0.07356072505105704,0.36971928744481153,1,0.07253112010697983,-0.07309596093226553,0.3595417083023548,1,0.11424765610473508,-0.02919775544858716,0.3689102896652653,1,0.10718055053795343,0.038240364176519624,0.356828263305474,1
1399.98639,grid_2066_y580_z580,472.478,582.562,579.007,82.9032121754037,0.628,-0.058192393117442384,-0.042835854012725334,0.3629661985052946,1,0.0059147824937130205,-0.07297608068885854,0.3690510816795511,1,0.07051547503976777,-0.0722814706528793,0.3586361646155548,1,0.11502171890057775,-0.02960356005310904,0.3754359111027705,1,0.10774609322853161,0.0384279207239529,0.35897151900127455,1
1400.621611,grid_2067_y578_z580,472.629,580.546,578.848,80.90548778049613,0.625,-0.060609267077777675,-0.042979279530994674,0.36500203123797914,1,0.003993685958672199,-0.07291518952941614,0.3721556999490279,1,0.06915782508453736,-0.07241319063146881,0.36043544918211834,1,0.114822815952821,-0.029868387985777928,0.37902759991338053,1,0.10883422085157309,0.038974891467345986,0.3629934455006763,1
1401.261481,grid_2068_y576_z580,472.652,578.502,578.965,78.9454019497019,0.63,-0.06318383642708256,-0.04331673194712755,0.36801955541602877,1,0.002164124371585251,-0.07159098305841963,0.36796076219843965,1,0.0672407972667618,-0.07171884836055516,0.36062539586833403,1,0.1129217015751551,-0.02967318487341214,0.37718020231622085,1,0.10953657220301967,0.03921888569095676,0.3659238950773521,1
1402.18442,grid_2069_y574_z580,472.814,576.525,578.747,76.9755479746653,0.912,-0.06434059399980395,-0.042253307423517364,0.36026413087448955,1,-6.75887014968129e-05,-0.07070761495184914,0.3672061803829312,1,0.06500086582918428,-0.07075613606752108,0.3591181831417042,1,0.10813788033518809,-0.028649449419737967,0.36526532672137635,1,0.10940016734911148,0.039110619445812234,0.365662792454959,1
1418.960792,grid_2070_y572_z580,472.728,574.711,578.518,75.1589098044936,16.766,-0.06684867444750323,-0.04183052078216559,0.3627588421458599,1,-0.0020661773538118403,-0.07038434889831402,0.36910182389488544,1,0.062458171618990366,-0.06938155036622692,0.35417162711158273,1,0.10528490272553541,-0.02824785340306644,0.35890305576473835,1,0.10910673411344192,0.03912259118153998,0.36484585969657635,1
1419.760506,grid_2071_y570_z580,472.917,572.529,578.651,73.08024606554086,0.787,-0.06865101100023305,-0.041663139686098735,0.36113827717932556,1,-0.004020762323009597,-0.06965862142749646,0.3688612832923095,1,0.061837530891381796,-0.07017462382824032,0.36196936491614284,1,0.10636091001616077,-0.02884733697047166,0.36733639019291414,1,0.10727974429897542,0.038605673704279767,0.35918619809174707,1
1420.396897,grid_2072_y568_z580,472.879,570.589,578.493,71.16324886484605,0.626,-0.07165292604952589,-0.041997569655885705,0.3656589724778575,1,-0.005844353993509803,-0.06895999357346054,0.3700748848468073,1,0.059797202458554945,-0.06954981086999643,0.36112541458820724,1,0.10576535252400832,-0.02897212221114349,0.36876137603612197,1,0.10580334260539488,0.038054937322210276,0.35472722511077437,1
1421.030729,grid_2073_y566_z580,472.76,568.712,578.551,69.36410028970319,0.625,-0.07424494540892909,-0.042241752349194125,0.36804192377495887,1,-0.0079432953897316,-0.06790272717573231,0.36862526520202255,1,0.0568802102990467,-0.06719815735206794,0.35382837045289073,1,0.10347337950923834,-0.028475368999243068,0.3645940834479817,1,0.10633876623900822,0.038367949041032544,0.35717353940311203,1
1421.771058,grid_2074_y564_z580,472.938,566.332,578.787,67.13883145393584,0.73,-0.07655312651103459,-0.042112559157476706,0.3675809972116152,1,-0.009831497379825757,-0.06702659303687229,0.3671062009045457,1,0.05576996386071083,-0.06741663915085735,0.35942425698035063,1,0.10185501793867124,-0.028218741170620475,0.36370855400738084,1,0.10653939128424632,0.03851879422145994,0.3586247072536146,1
1422.415918,grid_2075_y562_z580,472.703,564.558,578.915,65.46819505683656,0.633,-0.07876482373623521,-0.04208598223857702,0.36724913891750716,1,-0.01196624252721957,-0.06607205154735657,0.3661390537079332,1,0.05439437765088434,-0.0674575222203102,0.36275720080996354,1,0.1010340036468951,-0.028250728243853836,0.36592547063416586,1,0.10690879463349781,0.038683310723330165,0.3601059166607998,1
1423.053253,grid_2076_y560_z580,472.634,562.475,579.209,63.5602744330136,0.627,-0.08002872568651934,-0.04179664333311827,0.36325598781673185,1,-0.013879137926648027,-0.06558434411942302,0.3666530134874793,1,0.05246144396033818,-0.06665633008618037,0.36203402918880345,1,0.09980702352803306,-0.02804415766149413,0.3659020910313824,1,0.10700426453725978,0.038719988651549575,0.361393089473481,1
1423.688858,grid_2077_y558_z580,472.644,560.348,579.624,61.66227652300877,0.626,-0.08295826994919812,-0.04239672996766944,0.3667333566505546,1,-0.015975525587689953,-0.06552056175336043,0.3697590042856932,1,0.050971138371566374,-0.06610106593874784,0.3639968731160025,1,0.09863798815539201,-0.027907616447631466,0.3669981504437187,1,0.10723560819008811,0.038711282518316695,0.36272765562724074,1
1424.427183,grid_2078_y556_z580,472.825,558.199,579.376,59.54871610706646,0.729,-0.08562335779906892,-0.0425860448684408,0.3676141516035944,1,-0.017949620418006514,-0.06410291229889478,0.36635524987814977,1,0.04877686259198781,-0.06498591138026863,0.36375581937479073,1,0.09839584017956153,-0.027947332979649187,0.37131559031635064,1,0.10713756233402565,0.03881514522815207,0.3628579268534004,1
1425.067094,grid_2079_y554_z580,472.752,556.415,579.369,57.858439989339495,0.63,-0.08734486849298181,-0.04226620194586554,0.36657282305311367,1,-0.0197868603924386,-0.06345747000011302,0.367033847261991,1,0.04713979490483391,-0.06420616146558075,0.3639032581219261,1,0.09826088311569992,-0.028025424767539064,0.37479657563463614,1,0.10881086551968555,0.03954788619561421,0.36873430841072163,1
1425.720322,grid_2080_y552_z580,472.731,554.402,579.264,55.92628688729484,0.642,-0.09034938678502627,-0.042183850390937104,0.36959581673178954,1,-0.02168373669459853,-0.06199577435089175,0.3645886240015762,1,0.04498628936448234,-0.06314165472489597,0.3632202680685803,1,0.09628459805399094,-0.027606482962986973,0.37234729587244625,1,0.10949846737049058,0.03976345008762354,0.37160884907932346,1
1426.458456,grid_2081_y550_z580,472.868,552.283,579.339,53.96724919800902,0.728,-0.09249340880834778,-0.04210153695061566,0.37030942275830886,1,-0.023855560159840285,-0.06193686703115468,0.3680745813101828,1,0.04343158521570554,-0.0626862089246067,0.36569652936257546,1,0.09506707488681562,-0.02752717687301437,0.37217881671895087,1,0.10695809314567453,0.03865196520188734,0.3633786729489706,1
1427.094262,grid_2082_y548_z580,472.592,550.601,579.196,52.340451077536606,0.626,-0.09433465233539087,-0.041698994120835955,0.3687692043015768,1,-0.025754024041087332,-0.060841201441459755,0.3668283653838949,1,0.04115682961509199,-0.06141839530718317,0.36371454459954217,1,0.09249671766721393,-0.026634503922217743,0.36794088784235546,1,0.10584234856141075,0.038435644392109586,0.3597574429604059,1
1427.735358,grid_2083_y546_z580,472.792,548.358,579.32,50.30630900791668,0.629,-0.09708294923597277,-0.04172853122231974,0.3712621882277876,1,-0.027663468198918274,-0.059968715825413146,0.36706186376869687,1,0.0392388716414359,-0.06041912736158901,0.3640587882944713,1,0.09153551652387723,-0.026345725358728023,0.36946829279745574,1,0.10584195571615262,0.03862487528210558,0.3609951136095305,1
1428.381838,grid_2084_y544_z580,472.768,546.574,579.155,48.59525998489973,0.636,-0.09984584842053215,-0.04178971385910511,0.3721088072211533,1,-0.029907526821005337,-0.05916955247811724,0.36895493344226676,1,0.037683914570879856,-0.05998557994886553,0.36770761253208306,1,0.08934973957814682,-0.025800112726768805,0.36628409044425786,1,0.10604829803995482,0.03874433337274272,0.36229195482259857,1
1429.120423,grid_2085_y542_z580,472.807,544.481,579.286,46.728081856630915,0.729,-0.10167413123618703,-0.04164791133708695,0.3708147183468983,1,-0.03188097072452524,-0.05813665088355678,0.36809602998509844,1,0.035488808319553845,-0.05834041942189013,0.36460348080698635,1,0.0878422495124999,-0.025590278766318274,0.3664851021923767,1,0.10592297275161541,0.03874617854939416,0.36200970212445455,1
1429.752833,grid_2086_y540_z580,472.832,542.585,579.095,44.923346113129256,0.622,-0.10329017750616101,-0.041265221184379274,0.369543673461735,1,-0.0337803285710101,-0.05724772277618216,0.3689523528460641,1,0.03384683738682072,-0.057129545145243855,0.36336338846529764,1,0.08794425959420223,-0.025392223898269894,0.3718669705584142,1,0.10608980483586365,0.038788538826796254,0.3626760656785054,1
1430.389174,grid_2087_y538_z580,472.885,540.726,579.237,43.306087285738485,0.624,-0.1063688946009057,-0.0413959248358586,0.37284975908449647,1,-0.035785403082060144,-0.05619957353930277,0.3686149925823556,1,0.031528302550679135,-0.05542452415465858,0.3600270736906168,1,0.0865398829349129,-0.025007742491787277,0.3718355275866216,1,0.10635456780306629,0.03916888315708902,0.3649602431279365,1
1431.130736,grid_2088_y536_z580,472.915,538.78,579.071,41.491231073565416,0.733,-0.10797903756396685,-0.04098769346977935,0.3719451772855062,1,-0.037591537291443676,-0.05529326062794158,0.36878118789398756,1,0.02986295607218084,-0.054752793348268027,0.3628253384867593,1,0.0842656197304382,-0.024243810165259904,0.3675601080500984,1,0.10490261297524742,0.03877508965428013,0.3606650168999398,1
1431.764123,grid_2089_y534_z580,472.945,536.753,579.056,39.68924798985244,0.622,-0.10940327670237997,-0.04039080208694756,0.36895677697279644,1,-0.03983721334445446,-0.05430458342062998,0.36868782312550047,1,0.028050382142561902,-0.053538796380663764,0.364615604153448,1,0.08368959352092682,-0.023956899526834878,0.37189679740577686,1,0.10542928991960512,0.03915736663443668,0.3631474862477003,1
1432.416205,grid_2090_y532_z580,472.699,534.963,578.946,38.0616346732507,0.642,-0.11354123259007962,-0.04087404443251885,0.37531114065475923,1,-0.041900160287388466,-0.05314963067380459,0.3693587635825077,1,0.02583842866480201,-0.051723543871465674,0.3611552798823173,1,0.08204725228773714,-0.02340414156348944,0.37149171055180485,1,0.10447293637514657,0.038883505506127916,0.3610346482096366,1
1433.054049,grid_2091_y530_z580,472.89,532.762,578.979,36.18273539963499,0.628,-0.11584308671020152,-0.040581825010395534,0.37536441457534214,1,-0.04384673454353568,-0.051959989402028985,0.3682450760916021,1,0.0237386085085824,-0.050520680595263344,0.3626225255365433,1,0.08007268228517536,-0.02274213042329478,0.3694634764809409,1,0.10565187937888879,0.03944803105181538,0.3653508819059562,1
1433.796547,grid_2092_y528_z580,472.867,530.706,578.953,34.42521924403679,0.731,-0.11805660627940162,-0.04039622738121253,0.3745562409466322,1,-0.04659072027945442,-0.051118941191296716,0.37152657587527804,1,0.021574150126313762,-0.04892479851578624,0.36106695100893715,1,0.0777273854447488,-0.02181821033095254,0.366039339729324,1,0.10580347385500073,0.03925604721001453,0.3662009765090115,1
1434.446974,grid_2093_y526_z580,472.815,528.608,579.073,32.75070154973779,0.639,-0.12068146331599268,-0.040351944879569564,0.3758200404423341,1,-0.048460038095827905,-0.049381084046121036,0.3693531989051625,1,0.019435650259812778,-0.047015339997242375,0.35911441253148324,1,0.07722393309066491,-0.02141151615068001,0.371592160636528,1,0.10562437155241058,0.039380694989793005,0.3665935928635034,1
1435.086784,grid_2094_y524_z580,472.775,526.604,579.045,31.1136732000579,0.629,-0.12317594799813877,-0.04010898711246522,0.37634776010887916,1,-0.0505004911024865,-0.0483768679223949,0.36975196583082737,1,0.01750218456127315,-0.04576737155107591,0.3621088788707155,1,0.07642237028153141,-0.020780745431995363,0.3746890259385104,1,0.10454957321476446,0.0391406299343718,0.36426153044503495,1
1435.820796,grid_2095_y522_z580,472.756,524.504,579.339,29.654533565713074,0.724,-0.1257041682108191,-0.04029377823765941,0.3775100340896499,1,-0.05282860535081476,-0.047431453464785014,0.3711289166362233,1,0.015700342755423796,-0.044464574244371266,0.36464321302440755,1,0.07365362097710233,-0.0196763017100196,0.371172555481876,1,0.10401631363793096,0.038994912518593314,0.3624938843198996,1
1436.454411,grid_2096_y520_z580,472.755,522.484,579.4,28.179608673649128,0.624,-0.12715739938749246,-0.039778046892302944,0.37434739352636814,1,-0.05503364128042123,-0.04601065580065382,0.3699962584817529,1,0.013392781679348782,-0.04261097654104987,0.363653980808901,1,0.07060128366358756,-0.01858647254006087,0.36429102259790247,1,0.10344860300987062,0.0388653988835424,0.3617676270034952,1
1437.089935,grid_2097_y518_z580,472.543,520.633,579.381,26.830222306197925,0.626,-0.1304927922887607,-0.04005130735587113,0.3780217826234395,1,-0.056699549569726095,-0.04452782947167025,0.3684088060263253,1,0.011252082097011241,-0.04042892418999262,0.3593104295826573,1,0.06911138126130985,-0.01766655553225158,0.36497104440184364,1,0.10207388490884958,0.03861878028308686,0.3580772724287977,1
1437.737737,grid_2098_y516_z580,472.733,518.507,579.406,25.40875404265224,0.636,-0.13260869932615177,-0.039845799424452794,0.37744289254030694,1,-0.05943641375758905,-0.043428418232680586,0.3711186621781435,1,0.009252288793429422,-0.039240077754791595,0.36577811109567754,1,0.06729380092617793,-0.016522051205725023,0.36488831581902514,1,0.10359124375389235,0.03943902333231345,0.3647353471309355,1
1438.480974,grid_2099_y514_z580,472.9,516.338,579.409,24.048194797115205,0.733,-0.1347654204954703,-0.039460680684411206,0.37713700966071106,1,-0.06115999136378166,-0.0414173466747225,0.3674768256195267,1,0.00685925409787719,-0.036987215828233166,0.3637911827662744,1,0.0652834773674195,-0.015430979923835747,0.36463059499334805,1,0.10439306088285875,0.03987929805685479,0.36826770086650934,1
1439.11361,grid_2100_y512_z580,472.844,514.495,579.468,23.02774489610302,0.622,-0.13741129256553616,-0.03933832139418729,0.3785149902015964,1,-0.06350427676671386,-0.04034941573377529,0.3690004771109725,1,0.004860729633683017,-0.0349381101931349,0.3623229297929239,1,0.06404785812856024,-0.014324041480544145,0.3671702602879084,1,0.10291386613538948,0.03976460935226309,0.3640961254268775,1
1439.752412,grid_2101_y510_z580,472.691,512.566,579.424,21.978283031210598,0.627,-0.13861706129922868,-0.03878442523632963,0.3754250526205066,1,-0.0661371218904164,-0.039262673309687364,0.3719846092505368,1,0.002663338935637816,-0.03324006444460995,0.36390961467589944,1,0.06254837981504477,-0.0130369245126287,0.36880916698823507,1,0.10313240529374448,0.03988037466979598,0.36616669409589403,1
1440.484888,grid_2102_y508_z580,472.905,510.366,579.446,21.019380794875964,0.723,-0.1422888479180434,-0.03882771683439666,0.37937420363013474,1,-0.06833136820349527,-0.037584836801197265,0.37159201854240964,1,0.0005277344836626151,-0.030875303297441387,0.36173842606013995,1,0.06048433639327559,-0.01173213219811484,0.36869193562510383,1,0.10153698448783229,0.039505954286286886,0.3612250194792611,1
1441.114845,grid_2103_y506_z580,472.898,508.438,579.375,20.243135848973587,0.62,-0.14494822150914458,-0.03860694697821691,0.37992278387499334,1,-0.07074252030351078,-0.03585897500289167,0.3717727962271928,1,-0.0018458606448673253,-0.028410238881226256,0.36155281622421154,1,0.0583610335081788,-0.010157222594247428,0.3679262921714659,1,0.10166547497017156,0.03986146521796376,0.36374480716287677,1
1441.74639,grid_2104_y504_z580,472.954,506.461,579.188,19.50605452160942,0.621,-0.1456391712874449,-0.037764210848344845,0.3759154526290192,1,-0.07281602607161541,-0.0340288894613086,0.3700156405540174,1,-0.004090484034246668,-0.02623134230784016,0.364741194577259,1,0.0566817118338245,-0.008535429946100929,0.370235559335203,1,0.10273751192284306,0.04056707805213523,0.36883097120585195,1
1442.380364,grid_2105_y502_z580,472.896,504.689,579.272,19.239827727919018,0.624,-0.1484793698572437,-0.037441661022535336,0.37728927607291374,1,-0.07578330622079632,-0.03250019466400233,0.3736110321083555,1,-0.006433955398937842,-0.023362988695054373,0.36145977733418805,1,0.05402690368800948,-0.006822963336290092,0.3664278386725516,1,0.1014118501271762,0.040198865436368726,0.36564874477136783,1
1443.169053,grid_2106_y500_z580,473.064,502.511,579.088,18.862654187573874,0.779,-0.14987606421753005,-0.036716001057214016,0.37429310078706496,1,-0.07742791106683894,-0.03009865816901437,0.36927637165012733,1,-0.009167026103069612,-0.020707740126233307,0.36189180010569233,1,0.05149021186376962,-0.00475459515261963,0.36613835495906416,1,0.10360848578462356,0.04135196344407141,0.37549286645848856,1
1443.797971,grid_2107_y500_z582,472.689,502.348,579.406,19.152748862761126,0.619,-0.1511969147718992,-0.03691294633230096,0.3763216067651377,1,-0.0780661217924685,-0.02966966626781626,0.36934958022364983,1,-0.009888713059721492,-0.020156928679575786,0.3631645635309467,1,0.051237766337977456,-0.004271246508247462,0.36830050060889336,1,0.10289098490065055,0.04128383651244945,0.3735045508507629,1
1444.433265,grid_2108_y502_z582,472.803,502.477,580.105,19.860252692249414,0.625,-0.15061863917481513,-0.03739786258971634,0.3755137719857164,1,-0.07852469206292742,-0.03037086934909272,0.37208754285954965,1,-0.009786886372875456,-0.020308054915359648,0.36192081318166835,1,0.05141562549523325,-0.004325892419204927,0.3696979547298012,1,0.10314592751732803,0.04137414567524348,0.3743361835120621,1
1445.351996,grid_2109_y504_z582,473.244,502.799,581.681,21.471705987182318,0.907,-0.15375427871439892,-0.0402778374871665,0.3843631285245868,1,-0.0780970020660815,-0.031773246978586155,0.3718960264833512,1,-0.009489142348897604,-0.02064249653227112,0.35907407791135626,1,0.0511620039866158,-0.00453049823192503,0.3675375497997448,1,0.10389959888821321,0.04158790897528508,0.37692805786193895,1
1445.99484,grid_2110_y506_z582,473.701,504.071,581.666,21.589276921657238,0.633,-0.1501174271040784,-0.03972034712908181,0.3771473141166372,1,-0.07588651452050917,-0.03218758763259244,0.36534349065079263,1,-0.008250931988553117,-0.022186978706965933,0.3609554754869948,1,0.05200756896951214,-0.0053096753185867445,0.36348490986974885,1,0.10163388114013006,0.040453464272918294,0.36750428372841826,1
1446.729791,grid_2111_y508_z582,473.469,506.08,581.62,21.82738988060642,0.725,-0.14771901705295384,-0.040030159883067705,0.37619275108464734,1,-0.07468559032120675,-0.03403285372374694,0.3695400584660787,1,-0.0061622101862275165,-0.024664910378752365,0.3627130056145886,1,0.053882353640933134,-0.006897818277208362,0.36367406065806607,1,0.10162279332931419,0.040327089705873786,0.36589716042138265,1
1447.364391,grid_2112_y510_z582,473.539,508.011,581.917,22.57615177571238,0.625,-0.14413312611103113,-0.039981746644497294,0.3731404812388815,1,-0.07146747854872612,-0.0358210091143487,0.36680319500023034,1,-0.0035583075596656378,-0.02769939691001917,0.36462708241545333,1,0.0562308889612939,-0.0089304463930049,0.36504522857525495,1,0.10197701066003202,0.04034285946320891,0.3656285099770624,1
1448.002319,grid_2113_y512_z582,473.655,509.807,581.972,23.19504658326857,0.627,-0.14323583803545042,-0.040873535413269754,0.376254642325961,1,-0.06934968038675844,-0.03758639932982253,0.3670205045674912,1,-0.0012856277577392998,-0.030029263256642614,0.3648412879489407,1,0.05819241886085567,-0.010517609868880761,0.3648366627806681,1,0.10354562955553621,0.040662398497029836,0.37038696065402277,1
1448.638867,grid_2114_y514_z582,473.586,511.819,582.107,24.080727273070448,0.625,-0.1422901087063282,-0.04175387999997495,0.3799563621410028,1,-0.06727137481537919,-0.03920050585247481,0.36735674004035,1,0.0009000240625680643,-0.031984860756406955,0.36335329240785325,1,0.060593975321011795,-0.012025849623924893,0.36862438444965645,1,0.10194354234289042,0.03979427964095624,0.3635780219081864,1
1449.381745,grid_2115_y516_z582,473.431,513.988,582.027,24.98013194520804,0.732,-0.1371804057324797,-0.04130361603328551,0.37283195869657554,1,-0.06489302118318192,-0.041171859228831306,0.36869736477104015,1,0.003435897273215196,-0.034478238110714744,0.36317273559449387,1,0.06211665144764318,-0.01352549504752911,0.3656327049772494,1,0.10199764723833986,0.03955327917774547,0.3619051869195246,1
1450.030077,grid_2116_y518_z582,473.521,515.835,582.23,26.107513669440106,0.637,-0.13617840899740846,-0.041976044293877635,0.37585380231180987,1,-0.06299844336235218,-0.04279417978356015,0.369996157987171,1,0.005370166389472665,-0.03641175351160388,0.36338613729500857,1,0.063997734766775,-0.014611218391579042,0.3657270448141084,1,0.10236762441319343,0.03974987953012531,0.36266394041704164,1
1450.666283,grid_2117_y520_z582,473.697,517.663,581.643,26.673337942597318,0.626,-0.13432651007749646,-0.04202550199973946,0.37700283657154077,1,-0.06072795547558398,-0.043897824171533366,0.36864031481846893,1,0.007663134755016942,-0.03893543994416009,0.36836258228970903,1,0.06700848243629692,-0.01596587685883224,0.372465210556408,1,0.10364218843165089,0.03978424911511347,0.366005705439992,1
1451.420191,grid_2118_y522_z582,473.511,519.915,581.886,28.244035299510543,0.743,-0.13215860480809133,-0.0424706882135165,0.3762991209416325,1,-0.05890478846469267,-0.04550534309795366,0.3698390480291123,1,0.00936299582657257,-0.03989132078493707,0.36147395342123323,1,0.0687232941230467,-0.0169887003216015,0.3726439936310638,1,0.10310777740531436,0.039265051939483174,0.36326331829439706,1
1452.062013,grid_2119_y524_z582,473.716,521.916,581.772,29.496655573132433,0.63,-0.12812392075337609,-0.04197381445326626,0.37208810404839526,1,-0.05660217611633615,-0.047052224892431896,0.3702725708052183,1,0.011810057953743956,-0.04185081630619577,0.36187167738985393,1,0.07043668211765985,-0.018067140718948597,0.3710571092755082,1,0.10276619861340645,0.03879467102383353,0.36067915548507423,1
1452.699153,grid_2120_y526_z582,473.797,523.895,581.753,30.871959072919257,0.626,-0.12657611259055793,-0.04237821072299175,0.37402652234566003,1,-0.054440435803354184,-0.04821201125792242,0.3706161889852962,1,0.013834403441056197,-0.043558769890749686,0.36155476857806357,1,0.07178648115028924,-0.01892915870653536,0.36888145882097517,1,0.10489102773130618,0.039435295066168066,0.3668994409021025,1
1453.336518,grid_2121_y528_z582,473.869,525.947,581.396,32.14101463862021,0.626,-0.12444659949826246,-0.042418537989822695,0.37401045408649597,1,-0.05213098557011027,-0.04895613546770623,0.36776172049874906,1,0.01603869791120114,-0.04557045243473415,0.3644215091232388,1,0.07437509783321677,-0.01992929113467596,0.3734177189521858,1,0.10476585322761622,0.039396109471572474,0.36490963116940395,1
1454.08046,grid_2122_y530_z582,473.768,528.11,581.349,33.760479869219914,0.733,-0.12142474878587428,-0.0424245544434812,0.37261139916729713,1,-0.049571095470143024,-0.05039663753270057,0.3677995248372007,1,0.01829308431057147,-0.047196802022393534,0.3641733030806197,1,0.07673024234138422,-0.021120823939452728,0.3761380175600932,1,0.10675254838469825,0.03999416041467598,0.3715747746026401,1
1454.725259,grid_2123_y532_z582,473.775,530.068,581.429,35.35566472292663,0.635,-0.11928976639202689,-0.04254370434747248,0.37215713148951945,1,-0.04792976720790741,-0.05184084054475809,0.3705994535459946,1,0.020065862520537235,-0.04820542936139659,0.3599537999339991,1,0.07822735695447672,-0.021922422101262683,0.37516242487577617,1,0.10572568453559328,0.039497987902742795,0.3672411633968927,1
1455.364839,grid_2124_y534_z582,473.935,532.059,581.304,36.90434069320298,0.628,-0.11744396559098207,-0.04284806826906164,0.37357763646471726,1,-0.04584733601781352,-0.053051528596730305,0.3712178686369544,1,0.022373896642469034,-0.05029636054178436,0.3632324956311913,1,0.07846860395465156,-0.022224659558769257,0.3683149023333767,1,0.10545864418158506,0.039165129936400034,0.3655047443686478,1
1456.102537,grid_2125_y536_z582,473.913,534.013,581.515,38.636843414026494,0.729,-0.11429358311874616,-0.04261944630472067,0.36962316518036253,1,-0.04343716544853012,-0.053823588391315534,0.36745043319450543,1,0.024310843572530345,-0.051569403521392755,0.3629460161879747,1,0.08039750546318845,-0.022937828888120636,0.3712089208690353,1,0.10448854144890787,0.03888603976703581,0.36238101093293357,1
1456.740436,grid_2126_y538_z582,473.734,536.057,581.826,40.51200102438786,0.626,-0.11171429038078759,-0.04295459228460048,0.3691172572757044,1,-0.041231033725239355,-0.05500481451838275,0.3669614213103149,1,0.026067359850473037,-0.052635891012710725,0.3608796607489725,1,0.08183280818955818,-0.023477431252255397,0.3704188476210125,1,0.10383974175491235,0.03870752862550431,0.3600529345814724,1
1457.390275,grid_2127_y540_z582,473.91,537.822,581.942,42.08305984597605,0.639,-0.1102976876926927,-0.04384395666660122,0.3718090718995447,1,-0.03948121538167322,-0.05654118106687197,0.3688968252487652,1,0.028014572664260228,-0.0538355457790141,0.3604595055773331,1,0.0836253898225336,-0.023913017984680644,0.3721571699802927,1,0.10591409602450134,0.03949041172523421,0.365595453951849,1
1458.025962,grid_2128_y542_z582,473.816,539.708,581.953,43.70908533703259,0.625,-0.10892602157702717,-0.044291685063985065,0.3737558745850794,1,-0.037749918629407964,-0.05760839204758371,0.36914118772498855,1,0.029632860391312542,-0.054554714579145805,0.35808946874983316,1,0.08372677012752135,-0.024176916368570167,0.3667158091088921,1,0.10560033603029542,0.03911136877511712,0.3629272847842479,1
1458.771163,grid_2129_y544_z582,473.721,541.748,582.161,45.58478386479422,0.734,-0.10609130113436645,-0.044365994334987426,0.3716242509856686,1,-0.035447232766074546,-0.05850157993805053,0.36822064122305004,1,0.031847608426746006,-0.05595120319242151,0.3583053787352439,1,0.08579304544497236,-0.024891615450564498,0.36859862884439465,1,0.10665146073787521,0.03917597530837901,0.36594645283365096,1
1459.418991,grid_2130_y546_z582,473.869,543.631,581.907,47.1327583427917,0.637,-0.1037936816070499,-0.04437731505948268,0.3708073020528016,1,-0.03341202913858287,-0.05932758930556272,0.36776945902912056,1,0.03340470658743265,-0.056765887819278785,0.3565127439883701,1,0.0883991261201498,-0.025647586298786117,0.37365801840435553,1,0.10656665789258557,0.03896209165318456,0.36451233801656385,1
1460.05567,grid_2131_y548_z582,473.857,545.627,581.992,48.94984582202477,0.625,-0.10022099846428056,-0.0439154808320804,0.3658817009254572,1,-0.031248262967704176,-0.05991201612021254,0.36506762698123385,1,0.035610687343374414,-0.058362721649880475,0.3599405828021235,1,0.08895842997796019,-0.02569090478963717,0.3705444793314734,1,0.10592297275161541,0.03874617854939416,0.36200970212445455,1
1460.800862,grid_2132_y550_z582,473.889,547.593,582.158,50.79009814914713,0.735,-0.09886386488095365,-0.04456724006157085,0.36798248763838637,1,-0.029416635444737514,-0.06080817243303875,0.36529859539854803,1,0.03735785977937163,-0.05932447519187718,0.35909412033825555,1,0.09026891981902982,-0.026222037180906838,0.37032003646483896,1,0.10592297275161541,0.03874617854939416,0.36200970212445455,1
1461.434667,grid_2133_y552_z582,473.987,549.769,581.73,52.58826570633418,0.624,-0.09692937803241355,-0.04464603976469998,0.3692935049892248,1,-0.027287861713379054,-0.06167192659660201,0.36547861234221707,1,0.03949857547778575,-0.06073898333093335,0.36081082147674337,1,0.09139494888910456,-0.026396138175776778,0.36880333947711263,1,0.10626220320107246,0.03874815080685173,0.3626254744542633,1
1462.08568,grid_2134_y554_z582,473.945,551.676,582.162,54.50351640949424,0.64,-0.09437585319203849,-0.04486683837850876,0.36884965607301406,1,-0.025186875305002732,-0.06316072954372305,0.368172695482856,1,0.04187636616331306,-0.06241503010955103,0.36382546866293286,1,0.09266756748971731,-0.02683515196998599,0.36878988717002864,1,0.10620356079552373,0.03853126820279652,0.3615308790841879,1
1462.723308,grid_2135_y556_z582,474.065,553.905,581.621,56.34790928685818,0.627,-0.09160714794005297,-0.044532641775680566,0.3662161230060503,1,-0.0230906761237548,-0.06335105613702689,0.3655461249612463,1,0.04371769714421842,-0.0632265890972635,0.36279871207644365,1,0.09427598096565855,-0.02719750255679626,0.36907927905035054,1,0.10699524912902839,0.0386937384497908,0.3635747749941356,1
1463.473052,grid_2136_y558_z582,473.953,556.077,581.571,58.33951145664491,0.739,-0.08923508889853934,-0.0444835240161816,0.36733947663964467,1,-0.020966899602816454,-0.06456725164122219,0.3674094949670411,1,0.04584496035365577,-0.06395538267819026,0.3613228750076177,1,0.09612077156678009,-0.027655098111201697,0.3702234275291731,1,0.1085254721277957,0.03932572375947831,0.36852425709168546,1
1464.119521,grid_2137_y560_z582,474.269,557.712,581.474,59.8414818416122,0.635,-0.08703002946056454,-0.04438210904753927,0.36589090867793783,1,-0.01923463542188833,-0.06540103640329424,0.36741995343242145,1,0.04742968461615604,-0.06479319042914443,0.3618278963724567,1,0.09686263521386367,-0.027699527636262277,0.368086569222318,1,0.10770532001973217,0.039057925666549274,0.36512123214995623,1
1464.756131,grid_2138_y562_z582,474.305,559.751,581.259,61.67875275165671,0.625,-0.08436092116231066,-0.044112535754307694,0.3637480303668569,1,-0.017174939485959616,-0.06572790470328124,0.3657952420381501,1,0.049058306104936625,-0.06524921717947403,0.35971141984356514,1,0.09745860273135737,-0.02765826723581557,0.36619661688714067,1,0.10711134752668347,0.03882139940821522,0.3628193098019322,1
1465.496517,grid_2139_y564_z582,474.039,562.066,581.187,63.82499262828008,0.731,-0.08257300692361755,-0.04435819494416156,0.3659644160958754,1,-0.015177321074660115,-0.06637168795995198,0.36539123548137553,1,0.05066488487584999,-0.06577246781259324,0.35787672682855054,1,0.10054783249287447,-0.028598480838101785,0.37248396850100335,1,0.10820244059592765,0.03901060732041901,0.3662978283888104,1
1466.130603,grid_2140_y566_z582,474.134,564.064,581.181,65.71619110234555,0.624,-0.07924158709644473,-0.043739985937690275,0.3610305271561905,1,-0.013071770385809145,-0.06717112039226304,0.36462643776066145,1,0.052826587412122185,-0.06664178390975732,0.3584635728490301,1,0.10070556334519583,-0.02849214928552963,0.3682729433996986,1,0.10812895631319593,0.038918938068530716,0.3644604662181225,1
1466.78437,grid_2141_y568_z582,474.369,565.785,581.36,67.4133361731935,0.644,-0.07708106864808313,-0.04423184396259981,0.36147302121048475,1,-0.011130740686624984,-0.0682489196117341,0.3653017567663973,1,0.05529840086678219,-0.06831705770540367,0.36249045572163335,1,0.10103218799704324,-0.028223451992915864,0.3646599989108317,1,0.10700747935085067,0.03869882191850702,0.36039367180952747,1
1467.43228,grid_2142_y570_z582,474.122,567.874,581.453,69.41859261754018,0.636,-0.07552802279651613,-0.044590740480209216,0.3632953998033076,1,-0.009288365956318696,-0.06896863471329295,0.36563658359707274,1,0.05684935521468546,-0.06892966959837897,0.36153633002996355,1,0.10120154843285856,-0.028078901441233445,0.36068517791728494,1,0.10681010991614495,0.038667799528153315,0.3598181615120721,1
1468.190763,grid_2143_y572_z582,474.095,569.943,581.575,71.42600059502143,0.748,-0.0732340641129382,-0.045052634468196996,0.3640132901754485,1,-0.006992484910865684,-0.07034336425903616,0.3687831203215852,1,0.05836652782638574,-0.06875881460817776,0.35646781422450147,1,0.10486760875803032,-0.028968105307333784,0.3689428423298834,1,0.10650846068526912,0.03848672316243161,0.35821664879482895,1
1468.830785,grid_2144_y574_z582,474.026,571.952,581.695,73.37779414100703,0.628,-0.07080184883587624,-0.045125452041408984,0.36168439332258845,1,-0.0052376176803498944,-0.07053420549201239,0.36651810280970176,1,0.0603580533554808,-0.0697911861635843,0.35843807960280577,1,0.10658921999727862,-0.029179403821477972,0.37096904982842416,1,0.10659345896554928,0.03842975726774121,0.3572681047824225,1
1469.532101,grid_2145_y576_z582,474.109,573.943,581.719,75.29278624808623,0.688,-0.06841193602326426,-0.045141470035901465,0.36132309373732296,1,-0.003071212824055643,-0.07168955700695752,0.367565197224644,1,0.06237310862536808,-0.0704182389151929,0.3587720947435915,1,0.10680769277179529,-0.02881265504787115,0.3666925370309615,1,0.10665376596858703,0.038414543708198294,0.3566601687320257,1
1470.292803,grid_2146_y578_z582,474.088,575.877,581.819,77.17497725299305,0.751,-0.06667903106104858,-0.04550155614012889,0.3638439796192943,1,-0.0010243556203618782,-0.07253734322464538,0.36833709276748383,1,0.0643952553917305,-0.07118276018233163,0.3594674129710743,1,0.10682480384998583,-0.028501974754628373,0.36232293351271744,1,0.10895779658839733,0.039034344575091154,0.36425789625391924,1
1470.946596,grid_2147_y580_z582,474.077,578.017,581.574,79.16467448300416,0.645,-0.0645549576017087,-0.04565063597886183,0.3643265409297067,1,0.0010139824072699938,-0.07265436700798375,0.3659052668826652,1,0.06651094649370196,-0.07209498243542074,0.36042691154748263,1,0.11098864592521633,-0.029269632924335105,0.37283177177015403,1,0.10940016734911148,0.039110619445812234,0.365662792454959,1
1471.58658,grid_2148_y582_z582,474.097,579.933,581.644,81.02989101559993,0.629,-0.062126426940281435,-0.04553874950413988,0.363122996657677,1,0.00295375951836455,-0.07328951078644522,0.36650875193495525,1,0.0686632305962608,-0.07282120585171267,0.36253937212338117,1,0.11386349772118853,-0.029772714103446403,0.378449812010733,1,0.1097184453415639,0.03936324068448279,0.3662720319072097,1
1472.338492,grid_2149_y584_z582,474.124,581.996,581.522,82.99029216721678,0.742,-0.06047817209708487,-0.04582919402922124,0.3646672275137906,1,0.004835088666846628,-0.07352907743898517,0.364598714817239,1,0.0708611860949822,-0.07388026774361367,0.364606231734413,1,0.11483097479714355,-0.029642991602611357,0.3778017367248139,1,0.10845746831094663,0.03879974441361895,0.361802614041994,1
1472.980766,grid_2150_y586_z582,474.286,583.929,581.198,84.7837135008841,0.631,-0.058224385649899714,-0.045855309128892796,0.36502733285283967,1,0.006869160524505748,-0.0744229469152308,0.367332358641682,1,0.07191980282651472,-0.07345863291242305,0.36016848623795944,1,0.11389179656982089,-0.029174123305551525,0.37037921920495825,1,0.10770109437576998,0.03839435053654506,0.3586500273542911,1
1473.624348,grid_2151_y588_z582,474.294,585.773,581.247,86.5831841987808,0.634,-0.05581860839439663,-0.04544521984562182,0.36180957230359195,1,0.00861282723203539,-0.07529481485302919,0.36879256810787703,1,0.07414946873641871,-0.0742935500948195,0.36252037736864584,1,0.11423628451141069,-0.029062632423159762,0.36783386654853223,1,0.10770514182110627,0.03833657301947157,0.3583635277531269,1
1474.276322,grid_2152_y590_z582,474.355,587.899,581.259,88.6511063495544,0.641,-0.05351562637752592,-0.04559623394520964,0.3619392381849268,1,0.010832278480456318,-0.07596533183761575,0.368431667432291,1,0.076690045577469,-0.07540273534990714,0.3647605450625279,1,0.11521743813207774,-0.028943037594032144,0.3669426633968336,1,0.10671692664307116,0.03816203248160539,0.3553791395919161,1
1475.024035,grid_2153_y592_z582,474.291,590.01,581.345,90.72076212201925,0.736,-0.050962047091022235,-0.04562964567645916,0.3611272189635609,1,0.012878616368885935,-0.07631184353061682,0.36714131442552667,1,0.07820711951185015,-0.07551197720748763,0.36273540784707187,1,0.11858568437032527,-0.029146354751325106,0.3726646603753948,1,0.1091229065117079,0.03904605957643874,0.3627920820644728,1
1475.673094,grid_2154_y594_z582,474.347,591.881,581.411,92.5575177335693,0.637,-0.04871180904253999,-0.04547404827808004,0.359165166439421,1,0.014924851006509005,-0.07691327713890328,0.366999068554345,1,0.07942964769441216,-0.07510658693677877,0.35952121053521957,1,0.11818308424630357,-0.028618888124638052,0.3681253625087311,1,0.10961558859803074,0.03929523926266536,0.3635327694738937,1
1476.311515,grid_2155_y596_z582,474.119,594.004,581.407,94.6180557821815,0.626,-0.04660394102314274,-0.04558634502191718,0.36008620571917804,1,0.01709489994498762,-0.07819160956718796,0.37069260303810225,1,0.0821205320605464,-0.07635156249544992,0.3633600922652088,1,0.11729263804501451,-0.02821673600003039,0.36237744632255875,1,0.1091999074965507,0.03911121552930687,0.36136537147243314,1
1477.055177,grid_2156_y598_z582,474.045,596.127,581.429,96.69101675440173,0.734,-0.04415250050651413,-0.04556452323867867,0.3584569895428998,1,0.019000056898156193,-0.07833263601473059,0.3689205279953894,1,0.0842177620834527,-0.07678004101385436,0.36368894095649545,1,0.12008276418962285,-0.02851380588109633,0.3674033114816673,1,0.10901650981054889,0.03903208912059296,0.36040522829253446,1
1477.693535,grid_2157_y600_z582,474.144,598.02,581.428,98.54065561990137,0.627,-0.04263593890296876,-0.046422295444608984,0.3632055907572511,1,0.02088215397240445,-0.07895749185167135,0.3690385561887869,1,0.08573425889036274,-0.07693944791031011,0.3623741963665119,1,0.12154443599697265,-0.02837694303026254,0.3682593417736236,1,0.11065786086386893,0.03942760559616827,0.36600926587781796,1
1478.337203,grid_2158_y602_z582,474.166,599.895,581.88,100.46895398579603,0.632,-0.03988744257536116,-0.04614588960491787,0.3587367248675917,1,0.023110516180446735,-0.07990542193446493,0.37032892764205627,1,0.08813869596431054,-0.07752209599726459,0.3644254636029106,1,0.12360385005961778,-0.028551157037143043,0.37057333768995376,1,0.10933956953520965,0.03903173527700492,0.3612984498043483,1
1479.136098,grid_2159_y604_z582,474.173,602.022,581.491,102.46558637903759,0.788,-0.03755859514575759,-0.04587356698448679,0.356805233748198,1,0.024788507498854678,-0.07970163793819625,0.3677022310869228,1,0.08930699422775279,-0.07715833206237116,0.3616230455320941,1,0.12341447077462168,-0.02814053710490521,0.36711290146401243,1,0.10938196156424514,0.03896725393260967,0.3606423590124361,1
1479.77224,grid_2160_y606_z582,474.035,604.026,581.629,104.45149446513436,0.626,-0.03542976908446281,-0.04598263195251,0.35732117655064793,1,0.027267190646312566,-0.08036442782048495,0.36894183912017925,1,0.09143117218822053,-0.07762546027325261,0.3619347847386566,1,0.12448220516108399,-0.028000087658885165,0.36702179844292593,1,0.10963819886334585,0.03900262083707601,0.36130138851611276,1
1480.409052,grid_2161_y608_z582,474.12,606.018,581.886,106.4554611375105,0.626,-0.03349553282820512,-0.046825534192510385,0.360921992343389,1,0.029371358565111,-0.0811287430162815,0.36932965409851815,1,0.09414582708030061,-0.07863438761027317,0.36518981044989346,1,0.1262075754796203,-0.027843918588513743,0.3685039399295281,1,0.11094982098924597,0.0394891662974982,0.3652473400538222,1
1481.045519,grid_2162_y610_z582,474.289,608.096,581.499,108.41793322140028,0.626,-0.03150672644542749,-0.04674160796514163,0.36070145440406415,1,0.03145692443692664,-0.08155908403800301,0.3692286245685225,1,0.09610691517432295,-0.07902039324849526,0.36551907674709483,1,0.12499752506416692,-0.02694417290858266,0.36177404200693036,1,0.11239749075988156,0.04001148491080224,0.36962713850994444,1
1481.850736,grid_2163_y612_z582,474.125,610.187,581.392,110.44458287304094,0.794,-0.028765283395480484,-0.04642828020076413,0.360203532986072,1,0.0338623003366727,-0.0822162924224525,0.3707860838706235,1,0.09784809128680445,-0.07872234026398606,0.3629389523550318,1,0.12884555447438997,-0.027458855185356477,0.3692080761481754,1,0.11203719920191904,0.03975250110018878,0.36732910243974326,1
1482.556749,grid_2164_y614_z582,474.282,612.026,581.161,112.2100052981016,0.695,-0.02681335700999426,-0.046457618195724096,0.36102291419511623,1,0.03589851925483724,-0.08308684554165863,0.37302637615223283,1,0.09963408701723796,-0.07898275090434868,0.36415685579065393,1,0.13059134256601693,-0.02728280444610435,0.37197118218030145,1,0.10813077465826264,0.038321222182417194,0.35389750022657923,1
1483.306957,grid_2165_y616_z582,474.212,614.231,581.149,114.37298092644085,0.74,-0.02474323472053651,-0.04654271908604494,0.36101860566691746,1,0.03761739854854654,-0.08259199606075023,0.3703605005917967,1,0.10200232977787864,-0.07936757301966499,0.3660841799118105,1,0.13170910981410724,-0.02706802602158768,0.3721485204651943,1,0.10734531561845699,0.03803261725930697,0.3511339460354076,1
1483.939277,grid_2166_y618_z582,474.176,616.328,581.059,116.4180947146963,0.622,-0.022526798240043992,-0.04651246306567472,0.36029257931508313,1,0.039674991328190815,-0.08328952433729565,0.37116476897539796,1,0.10386651890192744,-0.0795140969721235,0.3659179125822579,1,0.13149848774120892,-0.026454279936734743,0.3681940869493439,1,0.10914849905253028,0.038536463319318835,0.3572253224996086,1
1484.574499,grid_2167_y620_z582,474.104,618.281,581.051,118.33699439313133,0.625,-0.020167514279830146,-0.04645099752647687,0.36117249728355305,1,0.042085894249866404,-0.08397288686624682,0.37303563491220404,1,0.10513392506367965,-0.07901693934982948,0.36378567032762066,1,0.13215552504222552,-0.026088087344619842,0.36721610865630105,1,0.11076968214929069,0.03902601683082908,0.3625044640088065,1
1485.216052,grid_2168_y622_z582,474.169,620.221,581.089,120.25483744531864,0.63,-0.01815055230561933,-0.046348978825221814,0.35863759597086853,1,0.04342718281484198,-0.08314302975648845,0.367627125256317,1,0.10748028065788003,-0.07951538399022226,0.3654367230568788,1,0.13429611370832925,-0.02614559653344554,0.37010322949306607,1,0.11038567799622005,0.03910176882433726,0.36040219228126613,1
1485.969396,grid_2169_y624_z582,474.279,622.182,581.346,122.23257715110162,0.743,-0.01582494618958169,-0.04703525391752651,0.3622825606897361,1,0.045992604798653344,-0.08440431723526673,0.3703413538054544,1,0.10996848925365535,-0.07968524280374564,0.36547677971336345,1,0.13463445602497187,-0.025618431523651848,0.3676382733133532,1,0.1107977211924164,0.0391124803761092,0.360574554617131,1
1486.604324,grid_2170_y626_z582,474.297,624.111,581.407,124.14349077176784,0.625,-0.013701651565194133,-0.046789607117969215,0.3587169887829878,1,0.047686241724866685,-0.08429174434224876,0.3680973435965161,1,0.11089481356391517,-0.0792245957860109,0.36296425292832474,1,0.13828895043100273,-0.025799314025920488,0.3754439965816217,1,0.11107317062141572,0.03912805431654981,0.36121389619079286,1
1487.243629,grid_2171_y628_z582,474.253,626.075,581.601,126.11066128206615,0.628,-0.011570625439376692,-0.04715231185180806,0.36114656952386404,1,0.05015322641689305,-0.0853404983468582,0.3706601439630344,1,0.11307118585378144,-0.07948555781992765,0.36423886092669616,1,0.13818632054232155,-0.025239047584276968,0.3722880476030742,1,0.11103738627384581,0.03910655051434313,0.36100843287065576,1
1487.998504,grid_2172_y630_z582,474.356,627.898,581.553,127.90149319300386,0.745,-0.009578934178667899,-0.04720461422656105,0.3586902200212088,1,0.052201573048668196,-0.08579218729421224,0.370938009133643,1,0.11514636686048889,-0.07958772809941243,0.36497534978614377,1,0.1384038980230738,-0.02484938215136588,0.3701310892358478,1,0.11194975665365717,0.03941815999564361,0.3637740249477687,1
1488.634302,grid_2173_y632_z582,474.374,630.022,581.58,130.00074362095017,0.626,-0.007578548455810873,-0.047903365776501776,0.3637386274987763,1,0.05379706561786155,-0.08524637559440015,0.36736541587186333,1,0.11661275978471197,-0.07924915276489404,0.3632636440917416,1,0.1379010264228324,-0.02408246266769412,0.3657811726882746,1,0.11252699630390017,0.0394916209899687,0.364701917235917,1
1489.274637,grid_2174_y634_z582,474.505,631.933,581.405,131.86041969067142,0.629,-0.005437596131453983,-0.04745636034980181,0.3619869657914968,1,0.05594849566857215,-0.08572165811291385,0.36860672172417297,1,0.1199558116402469,-0.08020260196944987,0.367879303314883,1,0.13932600396458317,-0.02391702222300048,0.3669696852751162,1,0.11226052901416379,0.039378831623405545,0.3633576394768213,1
1489.922982,grid_2175_y636_z582,474.444,634.017,581.172,133.87969457315035,0.636,-0.0030698666577099,-0.04716764824652237,0.36048050973908863,1,0.058865960678714656,-0.08735079260812126,0.3746413298515313,1,0.12129818697384431,-0.07955593739475911,0.36594548275866795,1,0.1408284036300493,-0.023595724623628286,0.3688732272971934,1,0.11232582140316263,0.03961372344440152,0.363210421307254,1
1490.666597,grid_2176_y638_z582,474.62,635.8,581.41,135.68122547353408,0.733,-0.0007221542957513992,-0.047021785077483794,0.3578298003438346,1,0.06066114471429407,-0.08641298638386744,0.3693700891255422,1,0.1246147274927426,-0.08027399835317825,0.3694202761433154,1,0.14331951218896866,-0.023370274678759326,0.3720263268060073,1,0.11083254057279601,0.039271600804013485,0.35851812738137634,1
1491.309345,grid_2177_y640_z582,474.635,638.066,581.225,137.89163319070528,0.631,0.0013508524012865845,-0.04730257675037365,0.35970965434173635,1,0.062025472512538225,-0.08593321018890324,0.3663642467729839,1,0.1247152093308774,-0.07910768571938044,0.36482055775491806,1,0.14322212806849074,-0.022859916172112135,0.36963565610428306,1,0.11061021510937823,0.0392119288858402,0.35793919202462304,1
1491.956937,grid_2178_y642_z582,474.679,639.853,581.487,139.69821931935994,0.636,0.0035953981172053132,-0.047622366395782954,0.3603233574106727,1,0.06501225873676007,-0.08752401913529667,0.37111561441085106,1,0.12541472196170034,-0.07810820371678513,0.36052505029157916,1,0.14331437630067925,-0.022077990304133134,0.3676283973189311,1,0.11111238677068433,0.039352957242974176,0.35913831364195603,1
1492.698323,grid_2179_y644_z582,474.67,641.973,581.457,141.78889603209413,0.73,0.005770149371179558,-0.0476287951265593,0.36057919698996466,1,0.06751950279365634,-0.08804852385560782,0.3725209974299809,1,0.1281245850673766,-0.07838455255043933,0.3626235448480101,1,0.1448953840904825,-0.021833688617760843,0.36920384050399757,1,0.11108906796512792,0.03931635595517582,0.3587888883182364,1
1493.335294,grid_2180_y646_z582,474.683,643.899,581.598,143.71429293567152,0.626,0.007796197540433818,-0.0479898392416738,0.3605095837343165,1,0.06933417954148047,-0.08803795746418823,0.37079280942058035,1,0.1304353420185714,-0.07850187890264382,0.3633733184185316,1,0.14682246570594637,-0.021479297481175472,0.3717150596870774,1,0.11091731750079278,0.03913379403336921,0.35747111606712945,1
1493.976415,grid_2181_y648_z582,474.727,645.837,581.579,145.62885236449543,0.63,0.010160376707601556,-0.04817348691320082,0.36110768130911464,1,0.07196694321731809,-0.08877912044575623,0.37300605077575316,1,0.13280499202372514,-0.07836844496694816,0.3647729836835876,1,0.1490119212905972,-0.021352117916994894,0.37438560047603786,1,0.11241019411157158,0.03949492188446248,0.36225007332263187,1
1494.626617,grid_2182_y650_z582,474.839,647.727,581.33,147.46494757060066,0.639,0.01214812934965081,-0.04787589079621871,0.3605864652399204,1,0.07464595870066364,-0.08971485828922661,0.37630468243625537,1,0.13462634342759344,-0.07817474413594408,0.36482388321415593,1,0.1491226496912263,-0.020639680373462227,0.3723726008691782,1,0.1138064681621935,0.04008346585099528,0.3664564650909088,1
1495.36388,grid_2183_y652_z582,475.156,649.451,581.399,149.18773505218186,0.727,0.014315339494194793,-0.047731448113044986,0.35913832720533756,1,0.07632799315400443,-0.08908032268982322,0.372678351715324,1,0.13768850279909234,-0.07840383096726115,0.3669598843808888,1,0.15045146929760003,-0.020281900401349723,0.37353748329051484,1,0.11407134005929671,0.0402326879508089,0.3671349585954201,1
1496.003619,grid_2184_y654_z582,475.13,651.652,581.395,151.36519589720754,0.63,0.016306789279953916,-0.04804323723258189,0.3603255165912367,1,0.07656788595000742,-0.08745773475388435,0.3648731966746962,1,0.13977513475469222,-0.0784025308815118,0.36798129753585557,1,0.15024836527590418,-0.01980032149903113,0.37114923826197677,1,0.11386280716582761,0.04013373366803045,0.3661971739219047,1
1496.657562,grid_2185_y656_z582,475.31,653.588,581.46,153.29505049413694,0.642,0.018560725828290846,-0.047907754960830745,0.3587733376688978,1,0.07860595688502069,-0.08695291031950345,0.3624475103336088,1,0.14217182195734845,-0.07791870808751203,0.36863577846995527,1,0.1509568047459602,-0.019158633833670682,0.37069729484716546,1,0.11351525234337909,0.03996880986339969,0.36463419946604586,1
1498.08169,grid_2186_y658_z582,475.19,655.686,581.54,155.38088535595367,1.413,0.021614321584586683,-0.047726739015926854,0.3566900828620617,1,0.0812331754778279,-0.08668532392230585,0.3613311734686243,1,0.1442445878798485,-0.07739361360936023,0.36731707542184067,1,0.15244676862082068,-0.018463141845838287,0.370584514662569,1,0.11337623041439968,0.039902840341547396,0.36400900968370226,1
1498.719919,grid_2187_y660_z582,475.324,657.639,581.277,157.2829268229709,0.627,0.023059783497585994,-0.04782809529525422,0.35815516788190715,1,0.08380193127965352,-0.0882240005317623,0.3668145155574381,1,0.1453835751802279,-0.07672840572058652,0.366285275802752,1,0.15309140626766765,-0.018090650767971415,0.3710098334773596,1,0.11259719789538387,0.03956240298124315,0.36078182553551047,1
1499.459268,grid_2188_y660_z584,474.602,658.387,582.426,158.16625082172237,0.731,0.024404759347514092,-0.0485393572952026,0.3603197771647739,1,0.08513250807579083,-0.08846855109505081,0.36702931042127307,1,0.14679736977348687,-0.07660290348908835,0.367121781138188,1,0.15484557293133183,-0.01797789158618514,0.3743003542498844,1,0.11276195877835804,0.03957297358825559,0.36086218050547564,1
1500.094821,grid_2189_y658_z584,474.602,658.387,582.426,158.16625082172237,0.625,0.02471761296012256,-0.048837107368209856,0.3607299325832739,1,0.08531847095646783,-0.08848322188842354,0.36667013447456737,1,0.14588833688050948,-0.07610289179920718,0.364816341100367,1,0.15535653260947763,-0.018013698275752922,0.37554078187342893,1,0.11334369606800246,0.03975552464325556,0.36256952004453097,1
1500.748309,grid_2190_y656_z584,474.432,657.247,581.928,156.9653248172984,0.641,0.02383254327211038,-0.0484303215055529,0.35971291479736267,1,0.08476565711352432,-0.08863724074557763,0.36836551220153174,1,0.14640480419110408,-0.07691158383322276,0.36776220340678256,1,0.15161017923272477,-0.01782206297356856,0.3668859092242296,1,0.11188935284389138,0.03929914700575563,0.35830117119689275,1
1501.383747,grid_2191_y654_z584,473.97,655.528,581.963,155.2608327202969,0.625,0.02230892055981515,-0.04818468628005896,0.35955960043528196,1,0.0829143350904264,-0.08810171638020767,0.36744142452499595,1,0.1419607553195005,-0.07553224485369443,0.36048226819413254,1,0.1517390987343996,-0.01824998421678506,0.3684541104169076,1,0.1126683853629072,0.039639584366059875,0.3615283553450845,1
1502.125634,grid_2192_y652_z584,473.417,653.816,582.358,153.6153087586,0.731,0.020210368570442273,-0.048658262679231276,0.36215626142753476,1,0.08108484658678637,-0.0881110437941749,0.3678648712175146,1,0.1409651148287508,-0.07637812108616682,0.3629833010495351,1,0.1518288727284951,-0.018922184543206152,0.37175419027070183,1,0.11337623041439968,0.039902840341547396,0.36400900968370226,1
1502.771115,grid_2193_y650_z584,473.173,651.962,582.487,151.7972601333766,0.635,0.018474281459584803,-0.04874591200811933,0.3628156907870878,1,0.07964881960791001,-0.08857093652963977,0.3699749965371565,1,0.14058001894248545,-0.07724824284965234,0.36570916879195636,1,0.15175418101954735,-0.019453978016271457,0.3731069578290186,1,0.11344574137888938,0.039935825102473545,0.36432160457487406,1
1503.409035,grid_2194_y648_z584,472.916,650.186,582.15,149.98898172199188,0.627,0.016313404760251345,-0.04855732134289843,0.3631089236109207,1,0.07764666603851585,-0.08873718139732475,0.37222832766974434,1,0.13829170851598022,-0.0775986510242458,0.36535512989426056,1,0.14933053343083286,-0.019595942416559663,0.3692302023938295,1,0.11386280716582761,0.04013373366803045,0.36619717392190476,1
1504.153571,grid_2195_y646_z584,472.665,648.432,581.899,148.2154549161457,0.734,0.01447509760025748,-0.048342325210187914,0.3645594102387239,1,0.0754637062682775,-0.08813786612033575,0.3714412220166891,1,0.13605959849231392,-0.0776226162583207,0.36453063039567135,1,0.1501332436775676,-0.02014620676587562,0.37300234217279704,1,0.11407134005929671,0.0402326879508089,0.3671349585954201,1
1504.792597,grid_2196_y644_z584,472.694,646.534,581.588,146.29261038753805,0.628,0.012449197579654427,-0.047844259784218426,0.3639438300512251,1,0.07392954217627304,-0.08837708080605579,0.37405348592904175,1,0.1342806473927939,-0.07795895290629615,0.36491586272567283,1,0.15007270507328538,-0.02098821784527834,0.37515008312042586,1,0.11371817752982576,0.04003372515105741,0.36623030058940503,1
1505.451356,grid_2197_y642_z584,472.544,644.675,581.582,144.4519559265294,0.647,0.010151479451808903,-0.047715166328451006,0.363235816007294,1,0.07158753403749024,-0.08828108174379087,0.3742000886734177,1,0.1335103997338317,-0.07880691419951251,0.36819197387853064,1,0.14850923153969023,-0.021267800002434493,0.37374659021372764,1,0.11336501500035481,0.03983476235130592,0.36532564258338995,1
1506.094066,grid_2198_y640_z584,472.347,642.749,581.715,142.56631939206403,0.633,0.008306016724987136,-0.04782984943586189,0.3639164484163426,1,0.0696087184489955,-0.08802457365115769,0.3738558342181801,1,0.13192896601033924,-0.0791893296545202,0.36857665395936634,1,0.147819267657839,-0.02157070788325617,0.3743674854439564,1,0.1118071873684747,0.03936703921764547,0.3603199728978735,1
1506.856157,grid_2199_y638_z584,472.462,640.782,581.752,140.62816192356357,0.75,0.005701006838424287,-0.04753148721182137,0.3617512919063736,1,0.06601366679770641,-0.08593890730949472,0.3659119947508739,1,0.12923798084086954,-0.07928604934096155,0.36727347120914244,1,0.1439334190382858,-0.02165718858255482,0.3667201947569264,1,0.11130926267373391,0.039358638447857086,0.3594100212750594,1
1507.508721,grid_2200_y636_z584,472.66,638.616,581.985,138.5254145238339,0.642,0.0035714585135430176,-0.04805489299089706,0.36474030394091467,1,0.06419877593419802,-0.08614974583191198,0.3676829957733053,1,0.12649046905373504,-0.07882155427154018,0.3647585689989474,1,0.14503569012009326,-0.0224099203564606,0.3719709292714185,1,0.11066773584384873,0.0392336134066276,0.3579804429284495,1
1508.1427,grid_2201_y634_z584,472.518,636.598,582.103,136.55069697734976,0.624,0.0014065048077372426,-0.04815309866866675,0.3639317116045302,1,0.06250629767436519,-0.08659189263619392,0.36976323200252664,1,0.12476347734040683,-0.07892951894462517,0.3650850142671352,1,0.14131033573320698,-0.022274239298660254,0.3644195460811502,1,0.11089006130726653,0.039293285324800885,0.35855937828520273,1
1508.885785,grid_2202_y632_z584,472.323,634.643,582.08,134.616543686131,0.733,-0.0008706938824671386,-0.04773053165291524,0.3628277044541436,1,0.06113861387170551,-0.08757309037730607,0.37502933260705246,1,0.1228724635267651,-0.079186150615219,0.36544618027939085,1,0.14121039252691836,-0.023069335291927152,0.36718638969486683,1,0.11199393114989124,0.03956457875069101,0.3618679868104168,1
1509.52005,grid_2203_y630_z584,472.264,632.613,582.35,132.6581698162613,0.624,-0.003065721270029141,-0.048527085248630294,0.36703698350024483,1,0.058631622909941596,-0.08671098578149983,0.3722119125758785,1,0.1198629128300857,-0.07865413294296729,0.3622372980384993,1,0.13949646832050822,-0.023356566892736397,0.3659322169283848,1,0.11219646865977503,0.03949652901829893,0.3627274272651411,1
1510.178017,grid_2204_y628_z584,471.863,630.875,582.303,130.93590762277552,0.649,-0.005053050305901616,-0.04840998112852476,0.3649924054003256,1,0.0558748900878122,-0.08535877171119906,0.367931862152161,1,0.118160442221623,-0.07876583357610412,0.36281179701873145,1,0.1401447377224908,-0.023940711093255834,0.3697784380431802,1,0.11245355087551953,0.03945847072247425,0.36438090765497616,1
1510.814693,grid_2205_y626_z584,471.782,628.981,582.373,129.08120525467683,0.626,-0.0068718975007366154,-0.04867953265281421,0.3673289761883753,1,0.055132894112077294,-0.08645395400227157,0.37436273182347085,1,0.11793828729081383,-0.07966080435213814,0.36694346426709934,1,0.13788368717896493,-0.024058565168578218,0.3658969154394989,1,0.11282077801742266,0.039624222059946514,0.3659859555596801,1
1511.555196,grid_2206_y624_z584,471.958,626.938,582.363,127.06722364559637,0.73,-0.009567486250519818,-0.04852703453486033,0.36686438183537884,1,0.05284950629462032,-0.08666208449283805,0.3761474092460239,1,0.11404520933848225,-0.07873573958592822,0.3622004820240399,1,0.13939014215675316,-0.025005619432487358,0.37281712432724873,1,0.11141473913058413,0.0392628585319626,0.3622807681410614,1
1512.198984,grid_2207_y622_z584,471.916,625.082,582.354,125.23823437752549,0.632,-0.011521381100620271,-0.04828339977054722,0.36633686283834177,1,0.050204398128931904,-0.08503039489693587,0.3705474695234757,1,0.11323683757323591,-0.07940267707488632,0.36521458963669245,1,0.13761452733117982,-0.025064696303984314,0.3712165616459237,1,0.11128787670683524,0.039257077129789895,0.3624466761116155,1
1512.895902,grid_2208_y620_z584,471.809,623.209,582.207,123.36870447970179,0.686,-0.013709275736827998,-0.047932297276439294,0.36421816255808,1,0.04781368180740041,-0.08441701998489091,0.3693289151155469,1,0.11033691145617282,-0.07860099842485367,0.3620661634049919,1,0.1371961678002096,-0.02561943598046109,0.3729663017208996,1,0.11110895496898565,0.03914955811875649,0.36141935951092996,1
1513.640185,grid_2209_y618_z584,471.912,621.092,581.996,121.24809769229373,0.733,-0.015592413333309612,-0.0471016008893476,0.3615931818958057,1,0.046129290798523494,-0.08443581289779978,0.37195769385320754,1,0.10909627047407548,-0.07906480975156822,0.36450656056147535,1,0.13448943723651555,-0.025620934044078773,0.36820822000084197,1,0.11103738627384581,0.03910655051434313,0.36100843287065576,1
1514.277041,grid_2210_y616_z584,472.051,619.035,581.791,119.18800201782057,0.628,-0.017851037255590556,-0.04692001584196369,0.3623846137698302,1,0.04422677829249109,-0.08407801147408558,0.3722501746393698,1,0.1075850746442281,-0.0793200681564988,0.36527124738085537,1,0.13339522502655515,-0.025854481407617442,0.3677808985129968,1,0.11091793353472301,0.039126245881335245,0.36198651378719465,1
1514.978869,grid_2211_y614_z584,471.794,617.181,581.718,117.35123298457503,0.69,-0.020061729616060585,-0.04663984946755141,0.3598308012747846,1,0.04185383021533895,-0.08342945013181804,0.3715037189775404,1,0.10540125550818294,-0.0790531786290631,0.3643866893739772,1,0.13262195232677837,-0.026238849336578125,0.3686516360269068,1,0.11051869183753,0.038982164129961056,0.3619425476159317,1
1515.720361,grid_2212_y612_z584,471.869,615.006,581.964,115.25956866568607,0.73,-0.0225920202992091,-0.04717118059547769,0.36330974783336006,1,0.0395874385513295,-0.08277309063628017,0.3703477011074564,1,0.10276079158673243,-0.07861841125102095,0.3627415149993635,1,0.13355914902854643,-0.027167113516430086,0.3746219545332273,1,0.10961514564397445,0.038656828522764884,0.3597010032490661,1
1516.371124,grid_2213_y610_z584,471.914,612.923,582.346,113.28825437352279,0.641,-0.024760126030795908,-0.04744621935325509,0.36394156527110433,1,0.037892790325457094,-0.08330004480966417,0.3733954716891512,1,0.10112940211246065,-0.07872147979128928,0.36354594863340156,1,0.13127182181600744,-0.02705276225930921,0.37144868474090886,1,0.10775295404917544,0.03813037957670333,0.3528061249898654,1
1517.064977,grid_2214_y608_z584,471.667,610.974,582.57,111.42176665714835,0.683,-0.027034664492925103,-0.047339582245813895,0.3615742808504264,1,0.035630336928850585,-0.08315134825917421,0.3734763601594804,1,0.09957025764887441,-0.07908497616395616,0.3650427214847207,1,0.13139601472728696,-0.02751407569618583,0.375223662156709,1,0.11079469804442033,0.03925122448861447,0.3626845674178429,1
1517.80662,grid_2215_y606_z584,471.913,608.735,582.931,109.30320594108852,0.729,-0.02917602981148616,-0.047706457631802715,0.36265092002841115,1,0.03345721683302287,-0.08264531159286957,0.37238935976232057,1,0.0972969671060709,-0.07847622960216985,0.36329473594323214,1,0.1298273981667744,-0.02768871751553869,0.3741552517387536,1,0.112370476632535,0.03990900478681721,0.3688542713269562,1
1518.444045,grid_2216_y604_z584,472.033,606.761,582.878,107.3618857788927,0.627,-0.030829792902998965,-0.04711848674687903,0.3583798516426001,1,0.03168669862498349,-0.08227753067004547,0.37194675219749695,1,0.09653124989482038,-0.07903840996811314,0.36658624308230203,1,0.12707791775262808,-0.02746750057314239,0.3681324197095353,1,0.11312132564519936,0.040272644217454266,0.37181703773800556,1
1519.07689,grid_2217_y602_z584,471.887,604.89,582.726,105.50082985929544,0.624,-0.03343023255791548,-0.047606385441108214,0.3627857327616105,1,0.029440888697799632,-0.08131896917160521,0.36959034754553793,1,0.09468251384497246,-0.07891211140316792,0.36702537509649846,1,0.1257476331093953,-0.027850742761837403,0.36756265927057247,1,0.11073637784476593,0.03931301470388676,0.364498444742604,1
1519.919744,grid_2218_y600_z584,472.018,602.785,582.532,103.40329477826128,0.73,-0.03606895014794988,-0.04761491354318037,0.3637903389087042,1,0.027267189762917317,-0.08081302787326056,0.37123182499649404,1,0.09095609161058785,-0.07730800120031658,0.3616421720799547,1,0.1238140500370831,-0.027809195091096157,0.3657368319221183,1,0.1095298035329995,0.03898313553979393,0.360988715893371,1
1520.55957,grid_2219_y598_z584,472.047,600.855,582.282,101.46493373574937,0.629,-0.03752837880024731,-0.04688514224879091,0.3617403553354106,1,0.025231314797629585,-0.08045697772649422,0.37160696501273066,1,0.08954499250210493,-0.07714983555779742,0.3625077530804087,1,0.12316719109262027,-0.028127320182516364,0.36633927872527705,1,0.10919795009722193,0.03894488677147985,0.36037114108267054,1
1521.195592,grid_2220_y596_z584,472.089,598.939,582.181,99.57324817941816,0.625,-0.039843973527713655,-0.04667795630537944,0.36258849424176,1,0.0233789040671352,-0.07954849765570317,0.3702956306611854,1,0.08847376145515365,-0.0777975602212797,0.3658102611096546,1,0.12363142988462605,-0.028612738412307992,0.3712084610053379,1,0.11001271869447149,0.0392854388640835,0.36320774171267967,1
1521.937833,grid_2221_y594_z584,472.276,596.81,582.135,97.4879734377528,0.731,-0.042321864597685874,-0.04658768891279425,0.3627380541870099,1,0.02124703927524172,-0.0798689330412806,0.37357554050445235,1,0.08621726814077131,-0.07742247321603438,0.3655693366646619,1,0.1215820294685056,-0.028586920335467447,0.3687720689745137,1,0.11092555565870195,0.03952486009391078,0.367121171179008,1
1522.572089,grid_2222_y592_z584,472.317,594.93,582.128,95.65539199125158,0.625,-0.04414103204472507,-0.0462193442533476,0.36082756539540056,1,0.019338468418450556,-0.07866602073191029,0.3704357742252059,1,0.08432095876146517,-0.07702623054981805,0.3654882137978188,1,0.12058967022851186,-0.028555495610455887,0.36916524376114007,1,0.10976508958728659,0.03922656367297176,0.3630406667166418,1
1523.217876,grid_2223_y590_z584,472.196,593.008,582.24,93.81076745235599,0.635,-0.046451356275307845,-0.046445018873093026,0.36265242118873714,1,0.01743586765560546,-0.07826052247260674,0.37133590065147215,1,0.08240992962629155,-0.07631577491163874,0.36369490826166695,1,0.11942524935235618,-0.028566932682834112,0.3685968158051685,1,0.10926326823385202,0.03904561095305017,0.36173223753318834,1
1523.862174,grid_2224_y588_z584,472.148,591.058,582.395,91.95302707904727,0.633,-0.04879519153483654,-0.046696064573204535,0.363964274426459,1,0.015298989405372767,-0.07752281731368497,0.36975840522596404,1,0.08021597306562853,-0.07582081242371991,0.3626987977374402,1,0.11708329286137346,-0.028336970523086057,0.3653849764702236,1,0.10946860843974557,0.03919154878902299,0.36334433321661647,1
1524.626226,grid_2225_y586_z584,472.447,588.772,582.374,89.73239259598516,0.754,-0.05129790232086469,-0.046634698414018544,0.3639062226413203,1,0.013018762359894836,-0.07697017249695923,0.3693384454387352,1,0.07804114946273114,-0.07532539797550009,0.362566317952579,1,0.1182969945015047,-0.02910480241147868,0.37287368994587144,1,0.10917403851945176,0.03912428404994779,0.3626996645127712,1
1525.268326,grid_2226_y584_z584,472.243,586.923,582.507,87.97370698680375,0.632,-0.05327985929440895,-0.04668551638480149,0.3648363182055151,1,0.011086978961133398,-0.07602952982603635,0.3673012591581303,1,0.07657400237853364,-0.07516205472386554,0.36323412153118856,1,0.11623912837477082,-0.02901776086239713,0.3700564444835678,1,0.10724824258837833,0.0383913712947402,0.3571112190800164,1
1525.908586,grid_2227_y582_z584,472.226,584.832,582.668,85.99386044363867,0.629,-0.05539800388510113,-0.046640728686942794,0.36405254443879204,1,0.009167644555073674,-0.0760537658050264,0.36952536990165263,1,0.07409718163182956,-0.07418776446429892,0.36094194999105045,1,0.1132420361488831,-0.028711582619384536,0.36458821801346836,1,0.10718055053795343,0.038240364176519624,0.356828263305474,1
1526.668429,grid_2228_y580_z584,472.324,582.56,583.02,83.8976073198753,0.75,-0.05723856820564473,-0.04636487738188518,0.3604352048485042,1,0.007142853234494458,-0.07571133684770022,0.3701322120354486,1,0.07261805416264487,-0.07414394606423028,0.36335539990838644,1,0.11321113891817278,-0.029095342115940205,0.3682093520990362,1,0.10770109437576998,0.03839435053654506,0.35865002735429113,1
1527.317788,grid_2229_y578_z584,472.287,580.655,583.004,82.06089384109828,0.638,-0.060583690916882885,-0.047454957597517174,0.36769997840723645,1,0.0051117409228780535,-0.07510128160316201,0.3698821149906607,1,0.07032883797048299,-0.0731249683619576,0.3609089731782292,1,0.11414083329742439,-0.0296412649567711,0.3754367812310774,1,0.10841246945818499,0.038766174226211106,0.3614811223950106,1
1527.954171,grid_2230_y576_z584,472.406,578.664,582.931,80.1298616559395,0.625,-0.062006369346555436,-0.046456746881936295,0.3627503969602885,1,0.003011638408866982,-0.0739631399652767,0.36730996575612673,1,0.0684189074533025,-0.07266246662856386,0.361446406719027,1,0.11285248221747071,-0.02960357080016921,0.3755116266545014,1,0.10913732023601239,0.0390269535435258,0.3645723177951782,1
1528.595627,grid_2231_y574_z584,472.627,576.46,583.103,78.07050321344167,0.631,-0.06408157475784701,-0.04635635968617391,0.36132069126403166,1,0.0007225463482392507,-0.07381349961589881,0.36931937420533456,1,0.06680227847388365,-0.07249538722493308,0.3635535739218709,1,0.10979839460273126,-0.028908635137345234,0.3689680412649857,1,0.10940016734911148,0.039110619445812234,0.365662792454959,1
1529.341452,grid_2232_y572_z584,472.897,574.338,583.174,76.06869864142541,0.735,-0.06656008294339309,-0.04657664352235697,0.3616020639889305,1,-0.0013546025585485378,-0.0730962983618709,0.36837087398454516,1,0.0647070184396898,-0.07197786869428327,0.3629668727969638,1,0.1067269671470441,-0.02847996532023974,0.3633581658258548,1,0.10896001749560713,0.039128577049403854,0.36443739331738506,1
1530.000602,grid_2233_y570_z584,472.814,572.579,583.206,74.40196504797436,0.649,-0.0696393193392704,-0.04708502380038091,0.36667440474763197,1,-0.0031220480395124793,-0.0720007395481599,0.36660408800968236,1,0.06276294146937182,-0.07107835446937323,0.36222043780696184,1,0.10579496625402411,-0.028604650155404737,0.36451136416994456,1,0.10736747930079527,0.0386556352689418,0.3594004504815103,1
1530.651869,grid_2234_y568_z584,472.926,570.348,583.307,72.31679291146695,0.64,-0.07171882673211435,-0.046979597516089336,0.36506292960295517,1,-0.005282658857113583,-0.07200400831196016,0.36886618921879527,1,0.06015143655752092,-0.06968736553024932,0.3585583778883182,1,0.10565593385304088,-0.0289872230551045,0.3684239923074165,1,0.10601143972411313,0.03817874836396231,0.35565375456850334,1
1531.407713,grid_2235_y566_z584,472.957,568.264,583.229,70.31967798561087,0.745,-0.07376940347298969,-0.04674809780085879,0.3655748914089303,1,-0.007105733977651224,-0.07076924613456995,0.3667266159550083,1,0.059053916555177485,-0.06986655363572858,0.3629182009467245,1,0.10334132079711478,-0.028451657156888903,0.36395541812817644,1,0.10607336632816804,0.03826605269950363,0.35663817691601024,1
1532.106139,grid_2236_y564_z584,473.055,566.356,582.973,68.43570310883057,0.687,-0.07505934665211592,-0.046047472478981735,0.36194875816673855,1,-0.009140435882754263,-0.06988187753120409,0.36686647772189485,1,0.05736916851785342,-0.06937419214159297,0.3648463716661856,1,0.10240078062850588,-0.028283190687783243,0.3648931528637367,1,0.10657709743810581,0.03854142876717516,0.35882489634327,1
1532.758562,grid_2237_y562_z584,473.082,564.33,582.939,66.51701837124094,0.643,-0.07798271890164599,-0.04596731398634277,0.3638170819271421,1,-0.01150780635913098,-0.06911577249273504,0.36714583005279866,1,0.05504612039274611,-0.06810786196786464,0.36263826374454167,1,0.10118754249419715,-0.028299561370624882,0.3657367619316573,1,0.10752489296209526,0.0387775605458749,0.36238243230641787,1
1533.507318,grid_2238_y560_z584,473.103,562.404,582.69,64.62358604255883,0.738,-0.08060682426337604,-0.04616347561047748,0.36613202968577,1,-0.0134105341619601,-0.06834073110438953,0.36753446371342874,1,0.052851052363815834,-0.0670611225228285,0.35940556371086985,1,0.1005802095634463,-0.028356855562813428,0.3690358414971379,1,0.1078702823206222,0.03901418171782432,0.36475676750529223,1
1534.148098,grid_2239_y558_z584,473.016,560.45,582.766,62.820288362916685,0.628,-0.08299392385717584,-0.04592099585432835,0.3661492864534142,1,-0.01567385332490908,-0.06790554677670928,0.3698491587262872,1,0.05072586962815832,-0.06594977958509063,0.35809875440249633,1,0.0984290869718741,-0.027921158446709376,0.36544732774048894,1,0.10762645356697642,0.03884635313871938,0.3642775666686452,1
1534.782632,grid_2240_y556_z584,472.827,558.613,582.62,61.05177463432172,0.623,-0.08441680194158196,-0.045377178896266294,0.3646261021649398,1,-0.01736727789182031,-0.06717382206404124,0.37045390168709635,1,0.048975284451080056,-0.0653206693494213,0.358945733486337,1,0.09730798821722017,-0.027836997423525318,0.3661131217336881,1,0.10716377714136782,0.03880889104808891,0.3628965439048686,1
1535.421141,grid_2241_y554_z584,472.928,556.451,582.944,59.170551619872555,0.63,-0.08712532983397994,-0.04561852356022361,0.366161679388785,1,-0.01923134919244167,-0.06561422154337973,0.36607985144838334,1,0.04686310060352826,-0.06404700140856683,0.3570181845457779,1,0.09792993425464266,-0.028022496810879576,0.3732581904951014,1,0.10939734554486931,0.0397855123670159,0.3708078471756592,1
1536.160125,grid_2242_y552_z584,473.175,554.194,582.917,57.08748787606614,0.729,-0.08947323810482126,-0.04564401799011657,0.36620347020045185,1,-0.02151738858613545,-0.06495217581203705,0.36752867338202144,1,0.04510649985149517,-0.06358484830447449,0.3605058065772222,1,0.09659258079021463,-0.027665631387987888,0.37376411262875436,1,0.10949846737049058,0.03976345008762354,0.37160884907932346,1
1536.798895,grid_2243_y550_z584,472.741,552.467,583.119,55.580242577736215,0.629,-0.09221044113033357,-0.04594157478750786,0.3691862672496781,1,-0.023310549452338472,-0.06455872002681255,0.3696254463616765,1,0.043644722553535055,-0.06284685581169305,0.3610375096703974,1,0.0947611183910182,-0.02731253958622875,0.3706055787194066,1,0.10695809314567453,0.03865196520188734,0.3633786729489706,1
1537.440263,grid_2244_y548_z584,472.677,550.53,583.464,53.96668113753153,0.63,-0.09436132014762653,-0.046082287645570354,0.36853803708637833,1,-0.0250948085287346,-0.0628147088902562,0.3634937182132413,1,0.041159750169510276,-0.06130834619757284,0.357849200016424,1,0.0918873048425409,-0.0265088931658257,0.3654975112780373,1,0.10564408726808446,0.03839149676829078,0.3596157653866052,1
1538.188256,grid_2245_y546_z584,472.745,548.397,583.343,51.996345304261574,0.739,-0.09630991381933117,-0.046075994299297755,0.3687109713036107,1,-0.02719476515865394,-0.06295839678714407,0.36919605202281147,1,0.039894177712581524,-0.0611968300140713,0.3622737422330328,1,0.0906213028098006,-0.026234045241367236,0.36503112772504914,1,0.1061469645461767,0.03868718704979131,0.3620381798637658,1
1538.825569,grid_2246_y544_z584,472.703,546.506,583.287,50.28241684724394,0.627,-0.0981913728386548,-0.0456207735567282,0.3680070917461353,1,-0.029281447323671977,-0.0619687137101107,0.3688899007967629,1,0.0378712591667677,-0.059965252790886915,0.3615086111307861,1,0.090634032192983,-0.02633837565376586,0.3713578372941195,1,0.10604829803995482,0.03874433337274272,0.36229195482259857,1
1539.476439,grid_2247_y542_z584,472.859,544.38,583.448,48.48212809891909,0.639,-0.10261997666345454,-0.04638854817050839,0.3747272317634839,1,-0.03167132768243215,-0.06109792099906575,0.36954116624323774,1,0.03582744146728592,-0.05889432562446527,0.36181148693122245,1,0.08869039953317044,-0.025944754828643123,0.3697994143975218,1,0.10592297275161541,0.03874617854939416,0.36200970212445455,1
1540.111821,grid_2248_y540_z584,472.669,542.611,583.233,46.826489864178356,0.624,-0.10377801075745463,-0.04567106931769449,0.3716941902068422,1,-0.033368174231487566,-0.059795844811220134,0.3671428644823817,1,0.033697065320783655,-0.057422240761266174,0.3604269820359355,1,0.08759783691550271,-0.025603116350057208,0.3704913712880802,1,0.10707176500073354,0.03902632078785053,0.3665486210482988,1
1540.854738,grid_2249_y538_z584,472.985,540.199,583.475,44.872248495033084,0.732,-0.10581303742516708,-0.04546599745151094,0.3701611605402172,1,-0.035712373967638364,-0.05893800775712395,0.3684375087114072,1,0.032038011960034155,-0.05709651859106331,0.36733103366651837,1,0.08580509620129365,-0.02491687577664542,0.3700798953628045,1,0.10609102638612813,0.039053719709144646,0.36430658818970063,1
1541.553439,grid_2250_y536_z584,472.819,538.472,583.291,43.30136940097856,0.689,-0.1087865243583439,-0.045588030868903125,0.3739994696673201,1,-0.037300337659631984,-0.05753712093988374,0.36633960583603886,1,0.02997348970896897,-0.055205457929667766,0.36177246988048156,1,0.085053158941085,-0.024476922882792046,0.37119335742526954,1,0.10531097448736701,0.0389614669536862,0.3623016290979379,1
1542.192301,grid_2251_y534_z584,472.928,536.405,583.322,41.58561495276942,0.628,-0.11089344287471836,-0.04521727393087135,0.3732822896913521,1,-0.039559383305312334,-0.05669313404399397,0.3680351559992004,1,0.027937600126646544,-0.05394306928856838,0.3613912849470467,1,0.0837097066247201,-0.0241488397043708,0.3729322433717738,1,0.10534572251029609,0.039241790701669374,0.3636852851550504,1
1542.945908,grid_2252_y532_z584,473.058,534.357,583.28,39.87751480471166,0.743,-0.11374909361953545,-0.04535511893571481,0.3743218029993976,1,-0.04188854272210682,-0.0556034399516195,0.36815269453768784,1,0.025854149554138832,-0.0525751896015863,0.3627765962262012,1,0.08125864302434105,-0.023195003509417122,0.3699514563837477,1,0.10435463299663532,0.03886260848762076,0.3608100389385981,1
1543.588374,grid_2253_y530_z584,473.12,532.459,583.184,38.288439861138194,0.631,-0.11523860684818851,-0.04482148542637522,0.3724555790338521,1,-0.04394180057377703,-0.05489243835431011,0.36977964688684245,1,0.023700688279855782,-0.05061932032777178,0.35783240917550757,1,0.0790597735006781,-0.022430467941132782,0.3655704856587159,1,0.10539394796400652,0.03916378469181413,0.36462949919951104,1
1544.236181,grid_2254_y528_z584,473.056,530.564,583.215,36.805780103130544,0.636,-0.11869296981910223,-0.04494041232861303,0.37511150879678257,1,-0.04605297289902026,-0.053446603343959856,0.3687617973738099,1,0.02179364990319426,-0.04979976087704767,0.36300448603390095,1,0.07797755934967673,-0.021931789640627225,0.3688279281913483,1,0.10558974580172473,0.0392101591665265,0.3656421026651568,1
1544.973249,grid_2255_y526_z584,473.244,528.414,583.248,35.180293546245494,0.726,-0.11970212577991006,-0.0444636891284733,0.3726638978082661,1,-0.04790357259790665,-0.052225772238102784,0.36872706950787526,1,0.019946462244526113,-0.04877730751498942,0.364822166449401,1,0.0773027094684341,-0.021560112838879868,0.37181509973275234,1,0.10610923199893588,0.03957027931567016,0.3684911493574636,1
1545.611395,grid_2256_y524_z584,473.185,526.54,582.953,33.58270376250247,0.628,-0.12322575771901711,-0.044323280511108,0.37599554300493176,1,-0.05020724541985396,-0.05069998496975799,0.36815093925924713,1,0.01763533988479525,-0.04627866424696696,0.35951181393401205,1,0.0760873472362058,-0.020757042676220312,0.37376727541552396,1,0.10526355632221629,0.03949506155597747,0.36657862390075807,1
1546.23974,grid_2257_y522_z584,473.155,524.578,582.929,32.14672375219593,0.618,-0.12433659922361924,-0.043616257159018575,0.37269526396092323,1,-0.05242880644413521,-0.04964311402609821,0.3690247209571086,1,0.015773254996526122,-0.045011510168123325,0.3627081793607071,1,0.07298394848158107,-0.019578306682255166,0.3681386382710207,1,0.103697125709264,0.03894495825126215,0.3614132608734425,1
1546.86975,grid_2258_y520_z584,472.964,522.617,583.068,30.88301220736083,0.619,-0.12752152600847638,-0.043774985854214334,0.37635406697946105,1,-0.054301023415145755,-0.04811548786886748,0.36750708954719824,1,0.013866787567228547,-0.04383358073426612,0.3654394028664438,1,0.07095796134270124,-0.018778310537847048,0.366647194820207,1,0.10325661490262798,0.03893629340938073,0.3615073243404791,1
1547.609823,grid_2259_y518_z584,473.12,520.457,583.086,29.491202400037892,0.73,-0.13108539229052957,-0.04403003705379108,0.3793040713345306,1,-0.0571436542689291,-0.047127179979644024,0.37107609826575133,1,0.011402489758194842,-0.04165443438575918,0.36491078527730947,1,0.06888103629550311,-0.01767079997873438,0.3651431329349192,1,0.10166394559174911,0.03873018372805034,0.3571085018683144,1
1548.246866,grid_2260_y516_z584,473.026,518.468,583.105,28.2861733891313,0.625,-0.13237529213242483,-0.043573907937786836,0.37668826415052903,1,-0.05895009665329033,-0.04559094535138874,0.36937694274246563,1,0.009368173674050947,-0.03986658993948302,0.3649818070232757,1,0.06730654215464886,-0.0167374471833426,0.3660461456011411,1,0.10309892597819006,0.039342107059633834,0.3631232261159361,1
1548.885301,grid_2261_y514_z584,473.065,516.297,583.133,27.089554905904276,0.628,-0.13454125902933387,-0.04330582884960308,0.3765729783620776,1,-0.061912278028266196,-0.04430718636912593,0.37273910293631596,1,0.006935807142799405,-0.03773857344345478,0.3630500035613634,1,0.06534396679864027,-0.015438397340856603,0.36499053153415445,1,0.10393783799377243,0.03988635616211459,0.36743309655739204,1
1549.636839,grid_2262_y512_z584,472.992,514.376,583.218,26.183205495126025,0.74,-0.13549214564987708,-0.042574616362855276,0.3732206300638345,1,-0.06397832670538048,-0.04287487324549622,0.3716987595226696,1,0.004870803502554567,-0.03565342029365084,0.3631802813872869,1,0.0635183481433208,-0.014137076192922066,0.3647491434569988,1,0.10257259528780023,0.0397705493289098,0.3633521803606879,1
1550.271419,grid_2263_y510_z584,472.945,512.382,583.413,25.46113233931278,0.626,-0.13848493239827436,-0.042642021496316664,0.37456609029345755,1,-0.0658779017243983,-0.04117815428260782,0.36959571254806745,1,0.002500071050379744,-0.03336860266671046,0.36133734989073796,1,0.06204890536027334,-0.013019929589257026,0.36949481904419634,1,0.10258292413933474,0.039757418420670446,0.36432587844883335,1
1550.90597,grid_2264_y508_z584,472.757,510.592,583.442,24.78992579658115,0.624,-0.14017939026626042,-0.0422545968306314,0.37339614517564196,1,-0.06844848747693985,-0.03984721139140854,0.3719221036273678,1,0.0002948382278032497,-0.03135404150301897,0.3621396135586613,1,0.06024226554908202,-0.01177138574762408,0.3693965722829187,1,0.10337172205323156,0.040357720791037735,0.3688117105674767,1
1551.541633,grid_2265_y506_z584,472.987,508.346,583.491,24.14306699655201,0.624,-0.14238900820223704,-0.04210421449803829,0.37331295412414783,1,-0.07127308225424789,-0.0382907177484339,0.3737682379098218,1,-0.001892745638747877,-0.02907857286981036,0.36210060715640874,1,0.05806971624868416,-0.010107606462143013,0.36823283773845245,1,0.10190268118426508,0.04014089989291343,0.36475153399531907,1
1552.27473,grid_2266_y504_z584,472.895,506.564,583.36,23.589593150370362,0.723,-0.14484826096247153,-0.04160789309241495,0.3734338068374675,1,-0.07295308515392888,-0.03616229577372796,0.3703188679943299,1,-0.004411344279654334,-0.026749047319341163,0.364899387396447,1,0.05517678362166094,-0.00818829039794704,0.3648793521132313,1,0.10276095469710977,0.04062003490353319,0.3690228002301174,1
1552.908933,grid_2267_y502_z584,472.948,504.527,583.435,23.341275929134568,0.624,-0.14890315090397793,-0.04182795542715626,0.3786754488600382,1,-0.07466785059063161,-0.03428788295229824,0.36790954767656026,1,-0.006641531259913122,-0.0244408519593916,0.3656467771383465,1,0.05370736687128626,-0.006591250587091634,0.3670187565888997,1,0.1014118501271762,0.040198865436368726,0.36564874477136783,1
1553.555333,grid_2268_y500_z584,472.705,502.811,583.266,23.024002562543235,0.637,-0.1495830998765768,-0.04097739209369233,0.3752487691754025,1,-0.07737663102567649,-0.03278148881638419,0.3707556156389188,1,-0.009091670462410713,-0.02186892666733153,0.36546531505928614,1,0.051548470252052045,-0.00476207143208385,0.3662911559072759,1,0.10097030511711613,0.04052619435002967,0.3661969536461411,1
1554.301494,grid_2269_y500_z586,472.43,502.374,583.849,23.58210204795157,0.736,-0.15110047448565253,-0.0414579827698157,0.37751365767921063,1,-0.07882453450893048,-0.032369028321798644,0.3727346510659554,1,-0.010036592689942569,-0.02087938081823971,0.3623794023942808,1,0.049825737967360305,-0.003923862719841636,0.3618676959283067,1,0.10115531952517949,0.04094480096494752,0.36818763891600853,1
1554.934471,grid_2270_y502_z586,472.488,502.482,584.333,24.070236247282615,0.622,-0.14925581411409145,-0.0414792607661177,0.37304028048676796,1,-0.07812200254209326,-0.03263175140174545,0.37031325286612204,1,-0.01006710629443892,-0.02107997492663543,0.36338730671251707,1,0.04964311496340525,-0.0038772507156444023,0.3610056806082985,1,0.1002365833634157,0.04062960204027172,0.36448405800498757,1
1555.569071,grid_2271_y504_z586,472.93,502.868,586.073,25.837946454778447,0.624,-0.14846569676252824,-0.04287356265356967,0.3712105751055713,1,-0.07777146221947442,-0.03349852111521705,0.3699957269404766,1,-0.009854576154520293,-0.021431212055763777,0.3630299647732408,1,0.05070547500809578,-0.00397103344164779,0.3673103586589158,1,0.1002365833634157,0.04062960204027172,0.3644840580049875,1
1556.207059,grid_2272_y506_z586,473.456,504.035,586.012,25.880456468153657,0.628,-0.14881374121735266,-0.04394365027787314,0.37458183629423086,1,-0.07662413140187303,-0.03481196689314749,0.3697659282948977,1,-0.008508652639675093,-0.022818199742308996,0.36010218249756193,1,0.05159778102492243,-0.005171983243843635,0.3647494556911483,1,0.10201193845018744,0.04094452625584337,0.36986987387127673,1
1556.942187,grid_2273_y508_z586,473.419,506.026,585.89,26.00499253989508,0.725,-0.14826405838556295,-0.04460395637809707,0.3783126346226515,1,-0.07505467465461838,-0.03699363034843857,0.3726243796806069,1,-0.006195342947999615,-0.025333299481940613,0.3613231895615204,1,0.05394349197330245,-0.0069811269977125365,0.36727710776654365,1,0.10102759492372951,0.04015479082463397,0.3651845074722841,1
1557.591454,grid_2274_y510_z586,473.64,507.742,586.104,26.56081787144368,0.639,-0.14664057381573517,-0.04501921067613923,0.3798433882039567,1,-0.07221213038535151,-0.03832111279647819,0.3697096311852046,1,-0.003980796535014925,-0.0277463588458357,0.3620533050377996,1,0.056076862275368865,-0.008772037221651246,0.367200702667818,1,0.10250772439550435,0.040604718465906894,0.36862549998351374,1
1558.226335,grid_2275_y512_z586,473.733,509.521,586.032,26.952041369810967,0.624,-0.14355682236040526,-0.04506563118627953,0.3766939068667502,1,-0.06997799584013473,-0.03972023538958658,0.3686685294340526,1,-0.0018693213459248822,-0.02982267318614129,0.3589054084667621,1,0.0575457704742167,-0.010105886145425715,0.36445757457192646,1,0.10226834122662828,0.040276032721236685,0.3668237124180562,1
1558.968547,grid_2276_y514_z586,473.63,511.953,585.68,27.41287454828473,0.731,-0.14041677966923516,-0.04497571667242026,0.3743389952212272,1,-0.06734126051160283,-0.041205151638670445,0.36735349656305205,1,0.0005232846158475362,-0.03171722092330592,0.3569759909891718,1,0.06018010915713876,-0.011809545237114083,0.3682071046056058,1,0.10107387289069254,0.039542388555737835,0.3605201377042318,1
1559.608565,grid_2277_y516_z586,473.663,513.856,585.997,28.46120454232388,0.627,-0.13741185691315044,-0.04516616754453555,0.37228534355267817,1,-0.06511201643037948,-0.0429319751759494,0.3675377920329743,1,0.002817950675727847,-0.0343601679507221,0.3601637764709766,1,0.06246134088599473,-0.013118249564247403,0.3701021669320666,1,0.10263594679665175,0.03975186678453796,0.3649066507733825,1
1560.25079,grid_2278_y518_z586,473.957,515.727,585.589,28.96587925473698,0.633,-0.1350986471521305,-0.045236683887157694,0.37209924632641644,1,-0.06342106275171758,-0.0449126536119749,0.37112760015127694,1,0.005144659944786245,-0.03670010278671819,0.36195623396807264,1,0.06420764796757705,-0.014357785557114536,0.3685575181124374,1,0.10258613323620802,0.0397871638557455,0.36366472718242804,1
1560.889072,grid_2279_y520_z586,473.849,517.762,585.702,30.08490334037984,0.628,-0.13380143456860774,-0.0458729374023842,0.3749104755300234,1,-0.06071534442429516,-0.046115396987802114,0.36835736292544585,1,0.007472017205537224,-0.039220133026724634,0.36604905905280055,1,0.06658107737208449,-0.015770005267566927,0.3707574005767314,1,0.10364218843165089,0.03978424911511347,0.366005705439992,1
1561.630073,grid_2280_y522_z586,473.88,519.965,585.349,31.025379256344372,0.729,-0.13071287555198915,-0.0456621818702714,0.3731886320392136,1,-0.05805493381244934,-0.04741627034671386,0.3669983927916846,1,0.009943456373007259,-0.040832993116656766,0.36076084634012684,1,0.06838797987375275,-0.01697266288485822,0.37022488993734715,1,0.10382821257100276,0.039621003271328566,0.3660463663980177,1
1562.265509,grid_2281_y524_z586,473.875,521.97,585.624,32.45397746039771,0.625,-0.13051082004343137,-0.04667632213916434,0.37884501481465865,1,-0.056209468629153304,-0.04919763581694604,0.3694088977416152,1,0.011798258831530508,-0.04237197894515134,0.3595181647032029,1,0.07008477401519216,-0.017880674912935414,0.3705089759615678,1,0.10276298948824351,0.038845717708260084,0.36081517933060175,1
1562.914657,grid_2282_y526_z586,474.135,523.839,585.443,33.5284255669723,0.638,-0.12790899915939513,-0.04682333116414455,0.3777784700425702,1,-0.05467125268997407,-0.05109429420414495,0.3737047352441132,1,0.01402838563567968,-0.04428260872758504,0.36111378636858693,1,0.07231563171283416,-0.019041822739774762,0.37247431690787963,1,0.10301833844683542,0.038760654041924594,0.3611162810785191,1
1563.650113,grid_2283_y528_z586,473.861,525.873,585.944,35.24445746496888,0.726,-0.12425057771305989,-0.04677423934147888,0.373081549964983,1,-0.05218153897838673,-0.0519087612794593,0.36968499652729037,1,0.016049978522582376,-0.045879803393179625,0.3618555898742424,1,0.07401645742115441,-0.01999314354117407,0.3731545124321113,1,0.1040519392696404,0.039095671899872765,0.362857983927839,1
1564.278519,grid_2284_y530_z586,473.985,527.697,585.84,36.44872417520265,0.617,-0.12251471178841303,-0.04726451158916162,0.3753643407286279,1,-0.04975580899423156,-0.05297798142181202,0.3693783050516098,1,0.018100779979276525,-0.04716719349326458,0.35892484861480256,1,0.07640166477373052,-0.021102015091698123,0.3757801640714056,1,0.10498994337889415,0.039372304371517036,0.36547017431361606,1
1564.925078,grid_2285_y532_z586,473.871,529.728,585.755,37.854756108050644,0.635,-0.11966658661654139,-0.04720361561039542,0.37240756921440743,1,-0.047730498604294604,-0.05427426091584801,0.36885812227112885,1,0.020080123587443367,-0.04899789694937717,0.36094814773194595,1,0.07586617970604903,-0.02109996424002703,0.36574497786419174,1,0.10505553682185968,0.03933061527410599,0.36493332687377944,1
1565.562873,grid_2286_y534_z586,473.983,531.644,585.965,39.43201323797712,0.627,-0.11727889109165626,-0.04741617841745764,0.37159296957701626,1,-0.04572947456166663,-0.055694148037812086,0.3693715255447294,1,0.022323121438284337,-0.05096909120818723,0.3638628524217181,1,0.07669149318851824,-0.021669693274585757,0.36273695206441836,1,0.10542174558604515,0.039146109163893425,0.3652984517967246,1
1566.314163,grid_2287_y536_z586,473.648,533.802,586.333,41.3037242025462,0.741,-0.11461324749390127,-0.047792418945660144,0.37104282711390385,1,-0.04304743598446744,-0.056375604025983204,0.3654755468351131,1,0.024295521952417652,-0.05199169725489502,0.36089689775879225,1,0.08003824237168367,-0.022928013631834585,0.37005795341039444,1,0.10609579864191951,0.03948194834293058,0.366780117543922,1
1566.952692,grid_2288_y538_z586,473.811,535.762,585.899,42.58505395088748,0.628,-0.11217426708797244,-0.047626916388858756,0.3701046284008543,1,-0.04130782929571298,-0.05798800726240562,0.3687856515983598,1,0.026111580237788784,-0.052983108764969845,0.3583416853244993,1,0.08180524090898247,-0.023570523486812885,0.372316245834494,1,0.10454873254120955,0.038918143086310364,0.36148630801483217,1
1567.587216,grid_2289_y540_z586,473.796,537.651,586.028,44.180460149256014,0.623,-0.11044799189110861,-0.04814510039193688,0.3717950614084716,1,-0.039461634541672716,-0.059284803833125954,0.37034850818414916,1,0.028212671794488282,-0.0545106120420068,0.35972635555196886,1,0.0834459203365526,-0.023944875047070196,0.37244282465898815,1,0.10583651960596421,0.039452834544709214,0.36518845080771545,1
1568.331517,grid_2290_y542_z586,473.717,539.765,586.075,45.935299073806,0.733,-0.10743456521766084,-0.04798823028983758,0.36844518087682376,1,-0.037244373970113764,-0.06030858742195537,0.36996051478872133,1,0.029783914749931473,-0.0551724152449032,0.3560666288528684,1,0.08455327052980446,-0.02432579899329889,0.3706444442863777,1,0.10544580525963114,0.0391340822074739,0.3626433010885395,1
1568.967203,grid_2291_y544_z586,473.912,541.776,585.919,47.53471532469714,0.625,-0.1051558020233905,-0.04817547615689822,0.36920097902972066,1,-0.03492441499750136,-0.060801461528970105,0.36729434424113333,1,0.03224249051556622,-0.056939508403446484,0.3593066858149129,1,0.08613138239019984,-0.0251339323562918,0.3705812339612692,1,0.105972985919669,0.03889711738252001,0.3637356484064248,1
1569.610033,grid_2292_y546_z586,473.785,543.822,586.048,49.32954231492526,0.632,-0.10252779898371926,-0.04831769470771982,0.3681288780200768,1,-0.033033839161781466,-0.06233697732603154,0.3690685312141857,1,0.034721364547246496,-0.05886153924437807,0.36385885530206474,1,0.08847186802745637,-0.025725580478346062,0.3736764199626384,1,0.10606800131436608,0.038843532142007184,0.3629332358538872,1
1570.240119,grid_2293_y548_z586,474.089,545.673,585.94,50.87380400559805,0.619,-0.10076656738953124,-0.04840193733676391,0.36834579490287883,1,-0.03099704553201473,-0.0630557377803523,0.3676936918139703,1,0.036495837016513086,-0.059790980610200085,0.36305367291180435,1,0.08971110544687111,-0.026177717556725145,0.37320832585190494,1,0.10592297275161541,0.03874617854939416,0.36200970212445455,1
1571.040165,grid_2294_y550_z586,474.009,547.998,585.588,52.718472142124945,0.79,-0.09762214477337272,-0.047924339805546876,0.36675973841914417,1,-0.028341377774086414,-0.06392789838218431,0.3670111408406165,1,0.03883824465754647,-0.06133468899779941,0.36439114751244384,1,0.09051747302842288,-0.026313684249597753,0.3694893696648566,1,0.10596474784772855,0.03874556349051035,0.3621037863571693,1
1571.675947,grid_2295_y552_z586,473.993,549.897,585.342,54.275477096014605,0.626,-0.09559829737007475,-0.04780856801563804,0.366888710783208,1,-0.02633693590989248,-0.06392306754543166,0.3648543244753906,1,0.04037082363295058,-0.061947385952780244,0.3625502533236068,1,0.0916725575322467,-0.026347911189028028,0.36780228379619606,1,0.10625717352052047,0.03874125807832365,0.3627623759861719,1
1572.308826,grid_2296_y554_z586,474.16,551.717,585.541,55.990905100739376,0.623,-0.09428387941728826,-0.048388844622550074,0.368849252829294,1,-0.024546793650448664,-0.06463635617498945,0.3639504320742324,1,0.042176501885987115,-0.06285218080522283,0.36247686741801083,1,0.0922661569305232,-0.026743340508146148,0.36657316806278917,1,0.1055977850326841,0.0385604953478314,0.3596870681423301,1
1573.051079,grid_2297_y556_z586,474.173,554.049,584.984,57.839856759850306,0.732,-0.09124197421231625,-0.04796170385019009,0.367330455298008,1,-0.022410669494815193,-0.06585739680243072,0.36644095137235,1,0.044487348963324826,-0.06406730242836756,0.3634136737308434,1,0.09410321070152132,-0.02727249110226576,0.36675277083255764,1,0.10730090031312026,0.03889134945678526,0.3645069616455902,1
1573.687361,grid_2298_y558_z586,474.366,555.696,585.27,59.45949762653569,0.625,-0.08943033116778162,-0.04805254084986243,0.36723325717780086,1,-0.020620382602032073,-0.06645750684480876,0.3655666567691834,1,0.04563748493398367,-0.06410558559642979,0.3596451332695646,1,0.09615419424621288,-0.027799013730515337,0.3705845101693961,1,0.1085254721277957,0.03932572375947831,0.36852425709168546,1
1574.322686,grid_2299_y560_z586,474.251,557.818,585.164,61.3415255516196,0.624,-0.08659805444100291,-0.0480993717765953,0.3648467415818726,1,-0.018611775763123457,-0.06725491444037397,0.3652473455810113,1,0.04794503788096542,-0.06531688136842895,0.36142805399816147,1,0.09761688989557635,-0.02782703601780543,0.37109230271379845,1,0.10770532001973217,0.039057925666549274,0.36512123214995623,1
1575.059141,grid_2300_y562_z586,474.242,559.779,585.363,63.21560619024392,0.726,-0.08447605776384039,-0.04806607508768178,0.3646711821732017,1,-0.016577971466794714,-0.06845000766423597,0.3672221931462768,1,0.05053118967073903,-0.06695758951488406,0.3656457537851582,1,0.0973865513634837,-0.027653858104473367,0.3659224930758622,1,0.10708513271934131,0.038827653588278374,0.362780692750464,1
1575.699351,grid_2301_y564_z586,474.056,562.01,585.588,65.34773665552618,0.63,-0.08209702919926162,-0.048715329697339146,0.3646101054496374,1,-0.014559374969065864,-0.06974772048759406,0.3683150803972846,1,0.05175897499182911,-0.06691731370655929,0.35958438255660136,1,0.09968390442900435,-0.028260254174502057,0.3692518716084531,1,0.10773553848333209,0.038897240824127655,0.3646744202497759,1
1576.339185,grid_2302_y566_z586,474.177,563.834,585.703,67.079699880068,0.63,-0.07979012568190089,-0.048915195052704585,0.3644952867864272,1,-0.01243066545528965,-0.07059548755296965,0.36865445779950257,1,0.0536120886472321,-0.06772891322709322,0.35934208844098714,1,0.10025748739171532,-0.028277003251938958,0.3662042391549888,1,0.1076358393932582,0.03881182575230252,0.3627984410276198,1
1576.974866,grid_2303_y568_z586,473.939,565.962,585.976,69.14535007504121,0.625,-0.07728924098538875,-0.04887006783666381,0.3628079787938802,1,-0.01035395785334999,-0.07107507510401591,0.36633531188940716,1,0.05623075888888705,-0.06956338765385091,0.3640052923625208,1,0.10140908213665631,-0.028281204679345556,0.3654794940252365,1,0.10710616406820353,0.03871433311368388,0.3606814269582551,1
1577.716482,grid_2304_y570_z586,474.098,567.877,585.802,70.86801548653663,0.731,-0.0756424029542428,-0.04967709075872713,0.36592161666802214,1,-0.008451139562726279,-0.07235185253385139,0.3686023289683531,1,0.058488338542536045,-0.07037384702494837,0.36483407542949564,1,0.10174517685875846,-0.02815065968572029,0.3617042907040037,1,0.10681010991614495,0.038667799528153315,0.3598181615120721,1
1578.358046,grid_2305_y572_z586,474.081,569.852,585.839,72.72534317553959,0.631,-0.07301395183730988,-0.049204714070374155,0.3626762891271576,1,-0.006697453732029355,-0.07324248495435515,0.3694398102764302,1,0.06027934542154804,-0.07123059970835846,0.36552554214276906,1,0.10450619902245553,-0.028885086043355247,0.36821795466848606,1,0.10654616683912858,0.03850935770814682,0.3584168378844844,1
1579.00784,grid_2306_y574_z586,474.061,571.735,586.045,74.56050901784404,0.638,-0.07082424588544475,-0.04949789692422345,0.3631099382943945,1,-0.004315524724458762,-0.07384420150707147,0.36892948306856066,1,0.0611263806796893,-0.07037639302116497,0.35830888185178045,1,0.1067417479882223,-0.02919895164992699,0.3708741681353104,1,0.10656285770393692,0.03841061474684781,0.3570812492559755,1
1579.801515,grid_2307_y576_z586,474.021,574.046,585.509,76.55272784166486,0.785,-0.06839068670245027,-0.049137799603135274,0.3615640812741076,1,-0.0023590937992842504,-0.07500891083082634,0.3716355604875506,1,0.06297020187927957,-0.07087320107446995,0.35831043409592633,1,0.10558607866163794,-0.028516091322992442,0.36232433146423604,1,0.10698224228028859,0.03861017944198935,0.35802295114378685,1
1580.435537,grid_2308_y578_z586,474.071,575.976,585.54,78.38808348849972,0.624,-0.06617889195750756,-0.04912324349148763,0.36234441463503575,1,-0.00017883517340841585,-0.07509500088541106,0.369476398981446,1,0.0655459335208831,-0.07240743409096735,0.36152332588235353,1,0.10919192764298277,-0.029127738436623217,0.3704187603859827,1,0.10866214244551795,0.038952083836506196,0.3632614664320708,1
1581.072897,grid_2309_y580_z586,474.319,577.844,585.312,80.09384960781952,0.627,-0.06414948321909915,-0.04902406736919534,0.3627668088715638,1,0.0016086678098647916,-0.0753976513870361,0.3677387177144093,1,0.06738850498278268,-0.07283552696757388,0.3611672533196903,1,0.11215167967106461,-0.02964256177534854,0.3763757216599337,1,0.10940016734911148,0.039110619445812234,0.365662792454959,1
1581.815027,grid_2310_y582_z586,474.188,580.064,585.22,82.17252252425989,0.732,-0.061494035125128944,-0.048668355338867944,0.35905347128229187,1,0.0037099347083769294,-0.07546770982996213,0.36526178530036457,1,0.06946044255271164,-0.07378105853214167,0.36217037960298826,1,0.11400938909572904,-0.02975117158079855,0.3783006654068136,1,0.10962750877229177,0.03929106318771977,0.36609796349228096,1
1582.455839,grid_2311_y584_z586,474.186,582.09,585.212,84.10189689894044,0.629,-0.059189396331581344,-0.04875863554550233,0.35908776992160607,1,0.005688584779986293,-0.07609750365760219,0.3656659792914962,1,0.07147532392632856,-0.07431653808360393,0.3628989806038184,1,0.1136621906781263,-0.02939737654926316,0.37284963841094676,1,0.10845746831094663,0.03879974441361895,0.361802614041994,1
1583.102374,grid_2312_y586_z586,474.053,584.139,585.324,86.08897391652431,0.636,-0.057025155680547765,-0.0491219617766537,0.3610479431735133,1,0.007898293967480903,-0.07767239315305899,0.36935872416665905,1,0.07351635509005716,-0.07490524096044522,0.36316656226380706,1,0.11325902779201395,-0.028917361975929378,0.36689726449747456,1,0.10777580959515562,0.0384066835665412,0.3588677784719322,1
1583.739901,grid_2313_y588_z586,474.057,586.137,585.453,88.03868232203384,0.627,-0.05493307224515999,-0.049386539627546376,0.36032532951541035,1,0.009991200413067778,-0.07888196936751342,0.37218032850606614,1,0.07539487683671409,-0.0753621715649195,0.36322401147873146,1,0.11373539836461384,-0.028763754742208554,0.36528682392750184,1,0.10740469619611033,0.03827736326650806,0.35748151665839734,1
1584.479841,grid_2314_y590_z586,474.098,588.032,585.55,89.88383726788709,0.731,-0.05301040449707861,-0.05013983789417366,0.3631860529756385,1,0.012061117026580113,-0.07879151077587723,0.3691419133814933,1,0.07684203910139088,-0.07496749794706636,0.35931533384451464,1,0.11664140489816596,-0.028989756657122535,0.3696489554979797,1,0.10649119623746084,0.03811515575863802,0.35471487961482767,1
1585.114187,grid_2315_y592_z586,473.884,590.243,585.509,91.99061129267494,0.624,-0.051080209535816844,-0.050377567447006874,0.3636752072797931,1,0.013919974250944114,-0.0795206618505109,0.36967978230923065,1,0.07857901106516885,-0.07539197648788536,0.35949491851593424,1,0.11857179125908272,-0.02899591663054163,0.37211623140851485,1,0.108747973727042,0.03891512192009903,0.3616559094675815,1
1585.765003,grid_2316_y594_z586,473.982,592.112,585.57,93.80754635955468,0.64,-0.04831286815416478,-0.05005598177631772,0.36095415041072204,1,0.0163425161149148,-0.08005118884096021,0.36918468560356876,1,0.08083174894297078,-0.07610086416727344,0.3610187807210585,1,0.11639170767290419,-0.028163103356519947,0.3616545951677149,1,0.10968906959317615,0.03929886658450901,0.36397038598371134,1
1586.502636,grid_2317_y596_z586,473.837,594.117,585.715,95.77444830955696,0.728,-0.04683394494200332,-0.05051749283059019,0.36392391101544325,1,0.01805636475868423,-0.08037864410644444,0.36788645162476474,1,0.08217837156681747,-0.07625794547375464,0.35915521190655253,1,0.11715423826864306,-0.0281860957961697,0.36100985882280207,1,0.1091999074965507,0.03911121552930687,0.36136537147243314,1
1587.141885,grid_2318_y598_z586,473.844,596.149,585.563,97.6952135675029,0.628,-0.04429455061167202,-0.05036511964887438,0.3624763311463459,1,0.02005026317612588,-0.08033072466676369,0.36553638503409674,1,0.08474551801503982,-0.0770522297019598,0.36209025383812,1,0.12097208558366757,-0.02866757925406648,0.3695235388477226,1,0.10901650981054889,0.03903208912059296,0.36040522829253446,1
1587.78038,grid_2319_y600_z586,474.09,597.995,585.734,99.52808469472326,0.627,-0.04202715430090031,-0.050398077773256535,0.3605656964539743,1,0.022116523506519062,-0.08136456986452248,0.3675923835995206,1,0.08659312323545909,-0.07732584143643681,0.3623009750333279,1,0.12219899229723521,-0.028611607452126032,0.36988360866525455,1,0.11065188547893616,0.03944438947371377,0.36617487023919526,1
1588.430775,grid_2320_y602_z586,474.142,600.01,585.754,101.48306222222506,0.64,-0.03992857439830329,-0.05045873218117034,0.359772403736144,1,0.023914988683342457,-0.08152958725214302,0.36643085208449216,1,0.08982027644776516,-0.0788211202409829,0.36687919608020125,1,0.12360487268382558,-0.02864318270826018,0.37002384026132373,1,0.10926623354639797,0.03903487199059576,0.360981253833665,1
1589.17402,grid_2321_y604_z586,474.225,602.105,585.436,103.43590346683308,0.732,-0.03735064955759755,-0.05024330725560705,0.3603768337042447,1,0.026487745555824012,-0.08288746466105137,0.3703623229361719,1,0.09164254768735362,-0.07905062955595756,0.3658535221918111,1,0.12394949820361974,-0.02813165833287871,0.3675434907684784,1,0.10938196156424515,0.03896725393260967,0.3606423590124361,1
1589.808117,grid_2322_y606_z586,474.042,604.227,585.341,105.46815507061835,0.624,-0.035177771325073395,-0.05007809468009844,0.3591663807517551,1,0.02841209288189772,-0.08307682354502052,0.369983364499815,1,0.09287010154731298,-0.07880036648712876,0.3635091264626323,1,0.12489985314621195,-0.02803327370230228,0.36767038849071276,1,0.10963819886334585,0.03900262083707601,0.36130138851611276,1
1590.460385,grid_2323_y608_z586,474.008,606.336,585.138,107.4695967146058,0.641,-0.032883664519476705,-0.05008228179677776,0.35979577650405103,1,0.030448528064853937,-0.08258515522903068,0.3663781779387338,1,0.0945357424154522,-0.07853453491671564,0.36236768181024526,1,0.12725420452329522,-0.027978803200071272,0.3704766050691975,1,0.11022598610392817,0.03922800699084617,0.3630574408257611,1
1591.194239,grid_2324_y610_z586,474.157,608.333,584.928,109.36862832640811,0.725,-0.0309175973360666,-0.050089073602110665,0.36067084081034345,1,0.03239713287544915,-0.0831164002056505,0.36733966762873205,1,0.09634706115882348,-0.07880891215527976,0.36271552381144445,1,0.1276435748014738,-0.027679012641818084,0.3686236273728591,1,0.11275940820254049,0.040142064564128256,0.370722088123975,1
1591.833107,grid_2325_y612_z586,474.019,610.289,585.176,111.32704153978045,0.628,-0.028386359648736897,-0.04967472908868239,0.35726862407316384,1,0.034456946175435245,-0.08357297660430754,0.3674143523557402,1,0.09804134714050373,-0.07869297073791655,0.3609559231157321,1,0.1307831640861107,-0.027834084932465426,0.3745122000100716,1,0.11231552074757689,0.039896586507220125,0.3685158659818417,1
1592.470474,grid_2326_y614_z586,474.014,612.333,585.021,113.28574285407672,0.626,-0.026302528411764347,-0.05019241890539172,0.3601383436084893,1,0.036939195994604816,-0.08480222463756874,0.3705296959647541,1,0.10097622692090422,-0.0796121125155709,0.364587592149948,1,0.13131993200304046,-0.027336968330454126,0.3736595059314868,1,0.10873604880513114,0.03848080975790783,0.3556481183641376,1
1593.109624,grid_2327_y616_z586,473.974,614.357,585.365,115.33489386131154,0.628,-0.02423345798923986,-0.050567235345289674,0.36025364369846175,1,0.03874544051759567,-0.08486977983142155,0.3683116542757189,1,0.10260832501939132,-0.07950121568051141,0.36316870437112636,1,0.13273140636115321,-0.027227309764746604,0.37427918350184497,1,0.10737989908476409,0.037992364060009526,0.35117413915652,1
1593.862448,grid_2328_y618_z586,473.866,616.354,585.534,117.3188157372892,0.742,-0.021924551898986486,-0.05111925022929614,0.36192005843894215,1,0.04143177915153884,-0.08593806449115662,0.37123986960566613,1,0.10545426083621781,-0.0802163470049373,0.3654993827505297,1,0.13195778801355115,-0.026428559647910094,0.368565436133007,1,0.1096792364791461,0.03870175705694963,0.3596088288504013,1
1594.501325,grid_2329_y620_z586,473.893,618.254,585.568,119.18236702213967,0.628,-0.019829780832338717,-0.050889972159681066,0.3590769108320925,1,0.042855274768621464,-0.08597697437177503,0.36903105723330587,1,0.10665713370621613,-0.07995855342223876,0.3641625261099486,1,0.13317659004229832,-0.02617256443565801,0.36926047972023823,1,0.11046914100461191,0.03891517378892815,0.36169280768550005,1
1595.140177,grid_2330_y622_z586,473.854,620.227,585.719,121.1418008533801,0.629,-0.01770221563184675,-0.05110633292766784,0.3595397112903924,1,0.04528939441663867,-0.08667568910250478,0.37081699015525327,1,0.10973283452681118,-0.08085985293992387,0.36813672736282943,1,0.13341783139395066,-0.02580696562376611,0.3672216760343742,1,0.11049984060735674,0.03909128790150694,0.36067492168631093,1
1595.901802,grid_2331_y624_z586,474.093,622.191,585.338,122.98851360188077,0.752,-0.015654856107686993,-0.051117169039366264,0.35951507083374185,1,0.047055576340031935,-0.08662488590415504,0.36859127110785195,1,0.11130703175648449,-0.08065744498930186,0.36675671783891667,1,0.13381785153586406,-0.025540781661953123,0.36548335721019487,1,0.1107977211924164,0.0391124803761092,0.360574554617131,1
1596.540113,grid_2332_y626_z586,474.027,624.284,585.462,125.06167269391531,0.628,-0.013571478315558513,-0.051508926753310535,0.36179837128366554,1,0.049146860026917705,-0.08692997494580386,0.3687317245930471,1,0.11142722388582212,-0.07931381282243204,0.361104387156712,1,0.1364279108091205,-0.02539948594157735,0.37007581540994716,1,0.11103738627384581,0.03910655051434313,0.36100843287065576,1
1597.188859,grid_2333_y628_z586,474.134,626.265,585.179,126.9485529889963,0.637,-0.011124901394377187,-0.051112595530140005,0.36033523469503437,1,0.05156663240447064,-0.0872871577791361,0.36963944839046564,1,0.1147921056230482,-0.08037160855781918,0.3652661383867225,1,0.13896514387607536,-0.02517843729285399,0.37336883571571355,1,0.11105806078186875,0.03915932422284192,0.3612852636032566,1
1597.823492,grid_2334_y630_z586,474.085,628.256,585.459,128.954619444206,0.624,-0.009089520222065538,-0.051176965536977016,0.35945912605001573,1,0.0535520692106086,-0.08797025353421986,0.37060534055240046,1,0.11556696680501614,-0.07952178441389318,0.36163637930382303,1,0.1404074226627579,-0.025163324992640086,0.37442021297279116,1,0.1122857604943496,0.0394689205962655,0.3644926987529728,1
1598.572416,grid_2335_y632_z586,474.328,630.329,585.134,130.93046274645175,0.738,-0.006469265965670346,-0.05112694442093274,0.3605437371830494,1,0.05593912509136304,-0.08803943643546172,0.3700758589900791,1,0.11791993283514517,-0.07953661072835343,0.36238000707087903,1,0.1383454533624377,-0.02399825453842997,0.3655728245520737,1,0.11274733258904204,0.03959107179245206,0.36566494597873933,1
1599.224921,grid_2336_y634_z586,474.156,632.272,585.46,132.89645810931162,0.642,-0.004463085882587069,-0.051386235038303384,0.36072968270568817,1,0.05798029544922144,-0.08845005526264192,0.3701019026122723,1,0.11949556059601125,-0.07909654089827277,0.3615957677558215,1,0.13823228418574435,-0.02345319316736488,0.36378371550401006,1,0.1123066600187583,0.03939217018748535,0.36373888849309466,1
1599.860486,grid_2337_y636_z586,474.155,634.265,585.41,134.84422904225454,0.625,-0.00224462240658983,-0.051666011358705674,0.3621205028073697,1,0.06044647243002338,-0.0891306659066019,0.3717326021875659,1,0.12207512453520648,-0.07946518194582358,0.3637149903270485,1,0.14142945455219236,-0.02345027661977986,0.36951246140521804,1,0.1118028143250999,0.039435528797050354,0.36137514405196874,1
1600.603362,grid_2338_y638_z586,474.322,636.153,585.541,136.72647134333576,0.733,-0.00025314678810413424,-0.05193164629651579,0.3634760359004351,1,0.06177018525037763,-0.08854308046069467,0.36798728556216126,1,0.12396653441038978,-0.07941401996586521,0.36368294431036263,1,0.14076971926683646,-0.02274288353919205,0.36522826337521164,1,0.11171796368923508,0.03949675539421847,0.3610408346791133,1
1601.256195,grid_2339_y640_z586,474.151,638.188,585.563,138.72756847865531,0.643,0.0020657554960383817,-0.05198148289236957,0.36298851334345805,1,0.06378776768806882,-0.08850503031578227,0.367034410221535,1,0.12695495875052862,-0.07989203041378595,0.3665010947492042,1,0.1440232831881872,-0.02264615287671689,0.3708716753363112,1,0.11055657311213984,0.03920377744754096,0.3576909752500729,1
1601.947679,grid_2340_y642_z586,474.364,639.988,585.507,140.49125126142204,0.681,0.004373050572714726,-0.05145375835181938,0.35949139950961057,1,0.06601969180870718,-0.08874246806568692,0.3669840451081014,1,0.12877618021843987,-0.07948345997486106,0.3660824497303762,1,0.14393479534162135,-0.0219145044409565,0.36826918147686244,1,0.11089006130726653,0.039293285324800885,0.3585593782852028,1
1602.694815,grid_2341_y644_z586,474.475,641.875,585.389,142.32887230987257,0.738,0.0061216959858173365,-0.051705034552249785,0.3607082985333104,1,0.06833172892121239,-0.089892270515506,0.3700685654157786,1,0.12974760723963835,-0.07896819281868808,0.3644094927408232,1,0.14632682061773922,-0.02188533987201702,0.3722450492385689,1,0.11037846223386212,0.0390907695291511,0.3566304828028192,1
1603.333876,grid_2342_y646_z586,474.498,643.946,585.362,144.36322569823662,0.629,0.008298695757871968,-0.05150373490598912,0.3597315625721037,1,0.06997759587374944,-0.0894400360618387,0.3672715378890078,1,0.13171929544950267,-0.07875509611617364,0.3643263686437665,1,0.14723063783168142,-0.02146782039084218,0.37238712459221157,1,0.11138996094845119,0.039246881965568234,0.3590435351766201,1
1603.998777,grid_2343_y648_z586,474.751,645.807,585.557,146.23446749997078,0.653,0.010674853893747267,-0.05201344165833447,0.3613313048676627,1,0.07225911921711323,-0.08943920526011293,0.3666314876435067,1,0.13441517928064614,-0.0790831025260497,0.3660003428380309,1,0.14856620866237877,-0.021203120070489977,0.3729153242103294,1,0.1125626511580858,0.0395588051083368,0.36277456808152325,1
1604.647742,grid_2344_y650_z586,474.717,647.816,585.456,148.19535414107966,0.637,0.012891309671538512,-0.05239013371512645,0.363742483905252,1,0.07414223555532343,-0.08965670880021288,0.36623468165080475,1,0.136913849247018,-0.0787527380732862,0.36712367349656055,1,0.1498590375782976,-0.020618068923798295,0.37422692472062263,1,0.1138064681621935,0.04008346585099528,0.3664564650909088,1
1605.395812,grid_2345_y652_z586,474.874,649.932,585.262,150.25140077217253,0.737,0.015152519180144338,-0.05191490841433018,0.36101551233502327,1,0.07654382259878752,-0.08994393960161275,0.36660671079370444,1,0.1398677467522455,-0.07888199046554503,0.3688892511534916,1,0.14917553554722987,-0.0197159893355099,0.36960407330620154,1,0.11407134005929671,0.0402326879508089,0.3671349585954201,1
1606.04293,grid_2346_y654_z586,474.801,651.897,585.382,152.20725787556918,0.636,0.017276636639091146,-0.052300937120662847,0.3633477119992612,1,0.0791987892061092,-0.09068828875673685,0.36840964438703877,1,0.1416285178678182,-0.07868926899315132,0.36847240453575825,1,0.15043373870895813,-0.01959939638521455,0.37058629983393065,1,0.1137237852368482,0.040067764146178145,0.36557198413956116,1
1606.735824,grid_2347_y656_z586,475.061,653.639,585.216,153.90369005972536,0.683,0.019688116167795935,-0.05214528209025737,0.3626985772517868,1,0.08134484788046012,-0.09056803786635946,0.36758448103283814,1,0.1427568736377531,-0.07761292441611664,0.36627306161576506,1,0.1513633179230112,-0.01908622322760229,0.37109903812441514,1,0.11351525234337909,0.03996880986339969,0.36463419946604586,1
1607.490479,grid_2348_y658_z586,474.923,655.849,585.106,156.06402038266228,0.745,0.02182658459611424,-0.05200483178483504,0.3616104802938091,1,0.08322175967308562,-0.09020531302234465,0.3660566150802695,1,0.1456716127764683,-0.07784080577168657,0.36866871024856673,1,0.15056552104844895,-0.018316347666178633,0.3663114736062118,1,0.11337623041439968,0.039902840341547396,0.36400900968370226,1
1608.128643,grid_2349_y660_z586,474.838,657.83,585.776,158.12467300835763,0.627,0.023848642457476282,-0.05256465339455313,0.36205408159562114,1,0.08577911192760673,-0.09087834455110658,0.36838912570711335,1,0.14816700177510836,-0.07783721365141463,0.37046650578685464,1,0.1533942530401687,-0.01796575330940286,0.37127221973759134,1,0.11201546060573944,0.03937985192624318,0.3590744859964552,1
1608.77563,grid_2350_y660_z588,474.346,658.422,586.896,158.88385795290853,0.636,0.02502001277555758,-0.053592349348801104,0.3624259750530775,1,0.087042532922058,-0.09129238925420033,0.36740270211731374,1,0.1480312555915572,-0.07678464099630823,0.36699635745604275,1,0.15538348545674557,-0.017987117313475316,0.3752403061080612,1,0.11247109013353582,0.039481698060755605,0.360008510735948,1
1609.516701,grid_2351_y658_z588,474.374,658.402,586.902,158.86560475445913,0.731,0.025231510518344585,-0.05407481641527366,0.36462564027258904,1,0.08616144779679044,-0.090251924775378,0.3623548136572378,1,0.14772086189216047,-0.07650274208026486,0.3657141137055719,1,0.15540145402159083,-0.017969396671956912,0.37503998893114937,1,0.11159848419906919,0.03920787147825565,0.3574475014273651,1
1610.155842,grid_2352_y656_z588,474.372,657.313,586.254,157.6842006131242,0.629,0.02474668175273205,-0.0537428425534233,0.3660640700282534,1,0.0861476130488848,-0.09068993268487044,0.36639983693927947,1,0.14883742345201995,-0.07760572710092692,0.3705716530925917,1,0.15532642570053057,-0.017999949921568056,0.375388253882467,1,0.11283314624588137,0.039650154973072324,0.3616087103150497,1
1610.809528,grid_2353_y654_z588,473.853,655.728,585.878,156.0513906538484,0.643,0.022779012857790146,-0.052566473501393984,0.3620247113951604,1,0.08430391564498493,-0.0905167931939808,0.36737950110207446,1,0.14682137878932705,-0.07781307214942697,0.3699122874698187,1,0.15154646242498676,-0.018119516968575652,0.3677767938937325,1,0.1126683853629072,0.039639584366059875,0.3615283553450845,1
1611.447856,grid_2354_y652_z588,473.857,653.669,585.676,153.9874477676671,0.628,0.020766381272973852,-0.05200956500823152,0.3617295062932234,1,0.08379016832256178,-0.09203946874953103,0.3744301281109162,1,0.1429437856678627,-0.0768856894776234,0.36468371536512,1,0.15142876700822588,-0.018755746605398943,0.3702454453160337,1,0.11337623041439968,0.039902840341547396,0.36400900968370226,1
1612.193694,grid_2355_y650_z588,473.615,651.803,585.462,152.10878468385712,0.735,0.018254654251725615,-0.051781803154069585,0.3615214904090525,1,0.08082916227586298,-0.09115612788454179,0.3727568531692157,1,0.1444997966446664,-0.0794835058762814,0.37461188292673664,1,0.1514705937989612,-0.01946036116764769,0.37241659535061383,1,0.1137237852368482,0.040067764146178145,0.3655719841395612,1
1612.839737,grid_2356_y648_z588,473.382,650.061,585.529,150.3997802059565,0.636,0.016507808418491206,-0.05234650945123794,0.3648296693477087,1,0.07768753207654128,-0.08954344272375035,0.36716617812872215,1,0.1418916690441417,-0.0793571935776281,0.3723129426634629,1,0.14928723763256255,-0.019521763855865713,0.3686524601035406,1,0.11393231813031732,0.040166718428956596,0.3665097688130765,1
1613.478864,grid_2357_y646_z588,473.094,648.108,585.892,148.53427761294697,0.624,0.014721267588643833,-0.052594229944331695,0.36688077906893657,1,0.07580175365698658,-0.08964904384606205,0.36784382734324017,1,0.13803472081360152,-0.07843221689110544,0.3669413815393031,1,0.150279694179571,-0.02015575260439522,0.37314055262206564,1,0.11407134005929671,0.0402326879508089,0.3671349585954201,1
1614.220689,grid_2358_y644_z588,472.917,646.299,585.952,146.76176580431294,0.732,0.012558975146753684,-0.052226451061223825,0.3629867697913614,1,0.07418474699082869,-0.09005319575078644,0.369827329120198,1,0.13665305222139648,-0.07875786778286939,0.3677710056466107,1,0.14789429075738988,-0.02050364348782632,0.36976480611728657,1,0.11345330563272256,0.03988450305124379,0.3655518070848937,1
1614.861313,grid_2359_y642_z588,472.635,644.385,586.397,144.95526569600707,0.629,0.010372061346354678,-0.052771427878533894,0.3655856540015086,1,0.0723270605522973,-0.08999075888020514,0.3697763864262338,1,0.13439447494610937,-0.07900149770506062,0.36696273959616554,1,0.14767747142632204,-0.021077011893945022,0.37126703860803156,1,0.11318843373561933,0.039735280951430176,0.36487331358038244,1
1615.508714,grid_2360_y640_z588,472.393,642.463,586.41,143.0662828691652,0.637,0.008209286018936297,-0.05274345015472641,0.3641024918675489,1,0.07079914535821416,-0.09066023510418376,0.37285767534446007,1,0.13051746111609955,-0.07807184893155095,0.3615176817948652,1,0.1471610198581687,-0.02142788434669981,0.3727409779131271,1,0.11126189826429525,0.03925443455957222,0.3590678703493898,1
1616.141602,grid_2361_y638_z588,472.189,640.628,586.191,141.22146495487158,0.624,0.006325965681976992,-0.05260914840274637,0.3650931913747434,1,0.06830781368192268,-0.08944184105374356,0.36988338278836774,1,0.12901759008531694,-0.07838846690241746,0.36273654358964696,1,0.14393011921061885,-0.02156346596319307,0.36606965746317754,1,0.11077889857555763,0.03926344936571424,0.35826991060682617,1
1616.880412,grid_2362_y636_z588,471.949,638.855,586.031,139.44879988368496,0.729,0.004137813078180866,-0.05255188611370254,0.3665802883813824,1,0.06674540599848047,-0.08991491142301448,0.3734016957008118,1,0.12749941264035106,-0.07895945679761433,0.36469045622882024,1,0.14440623989148124,-0.022098047125626685,0.36965976106322335,1,0.11089006130726653,0.039293285324800885,0.3585593782852028,1
1617.521482,grid_2363_y634_z588,472.082,636.817,586.087,137.45709623733512,0.63,0.0022672198856886197,-0.051662996521206185,0.36086176511845147,1,0.06459685438133551,-0.08946797275095483,0.37263757308520107,1,0.12556117523017502,-0.07893413888817956,0.36367140317027513,1,0.1436643945541666,-0.0226535606960965,0.37023147283700847,1,0.11111238677068433,0.039352957242974176,0.35913831364195603,1
1618.164812,grid_2364_y632_z588,471.987,635.013,586.024,135.67344404119774,0.632,-0.00015466607319141696,-0.05197458862311196,0.36413668612568717,1,0.06202065460790869,-0.08893568328823273,0.37146778118398815,1,0.12366873745605333,-0.07925932602912619,0.3637222157655157,1,0.14311359067304347,-0.0231898871068138,0.3711283850589645,1,0.1115531589602878,0.039458767996832594,0.36050315022618645,1
1618.905093,grid_2365_y630_z588,471.942,633.064,586.201,133.7944676173122,0.73,-0.0020829664210510693,-0.05238953298491357,0.36682744166470443,1,0.059991405237723526,-0.08840424830921595,0.37014192039574156,1,0.12214593359394055,-0.0794240043727554,0.364485734109842,1,0.14234228125453,-0.023489532233517962,0.3714598915279523,1,0.11236127338872233,0.03953451641568481,0.36326511171806797,1
1619.542087,grid_2366_y628_z588,472.01,631.111,586.093,131.85792911311782,0.625,-0.004240441152660314,-0.05213059627884783,0.3654739215823654,1,0.05827012953959071,-0.08871878723745688,0.37269627021511226,1,0.12056609829456524,-0.07972202827926105,0.36565935608500133,1,0.1401872555408706,-0.023792611774533925,0.36839118829983813,1,0.1126277561560669,0.0395445829608778,0.36496268738152515,1
1620.183897,grid_2367_y626_z588,471.954,629.045,586.298,129.87334520601215,0.629,-0.006431967417445031,-0.051461494208059455,0.3605396941886784,1,0.05686456533027988,-0.08951977873092617,0.37722015098618733,1,0.11856460305936974,-0.07991589743246226,0.36544948108914704,1,0.13820024672768516,-0.024075633007503545,0.36624170917967624,1,0.11265277609707644,0.03959884175963557,0.3656266186570781,1
1620.834706,grid_2368_y624_z588,471.963,627.025,586.047,127.84412149567144,0.639,-0.00884741626421499,-0.05121081511677833,0.3596256452631759,1,0.05361142039130408,-0.08770362605605328,0.3714958707540661,1,0.11766115823471797,-0.08071611508725332,0.3690295872143875,1,0.13899418809873917,-0.024852842951279718,0.3710988468394267,1,0.11123639995622643,0.039211091377402266,0.361783015872159,1
1621.580465,grid_2369_y622_z588,471.88,625.056,586.037,125.91400200533703,0.732,-0.011155958917170219,-0.051620946332989096,0.36222802652401576,1,0.0509354717223577,-0.0868558017608397,0.3685747381760231,1,0.1146500882054079,-0.08003135318937846,0.3660721633008096,1,0.13744714140285896,-0.02503746774505594,0.37027964982862155,1,0.11132366105440517,0.03927858093199658,0.3626521394317527,1
1622.229034,grid_2370_y620_z588,471.684,622.965,586.466,123.95783548852414,0.637,-0.013140886886720899,-0.05135495423876735,0.36018106845835485,1,0.04977714364485623,-0.08791592701909663,0.3741301723318295,1,0.11314145303795828,-0.08027989959138253,0.3665749277748278,1,0.13757022559860127,-0.02555193144537681,0.3733435469887222,1,0.11118052366412548,0.039192565723169856,0.3618302861512042,1
1622.921641,grid_2371_y618_z588,471.675,620.969,586.596,122.03557026539443,0.68,-0.015513822737368222,-0.05203446157267714,0.36338997313528776,1,0.047586885040112256,-0.08737289971151138,0.37255036697035837,1,0.11107876125831598,-0.08013779466198008,0.3660464415234169,1,0.13497264935278402,-0.025530197067703424,0.3687377536716049,1,0.11103738627384581,0.03910655051434313,0.36100843287065576,1
1623.729769,grid_2372_y616_z588,471.618,618.985,586.485,120.07478908580272,0.797,-0.01778874701763608,-0.051472503089729414,0.3602427232109107,1,0.0446736760343972,-0.0857251097159857,0.36767624183139275,1,0.10821504048532941,-0.07973953508584455,0.3643634496468344,1,0.13492354808375487,-0.02612633021674756,0.37165568201165206,1,0.1102933965005691,0.0387631412217026,0.360413396504878,1
1624.371692,grid_2373_y614_z588,471.577,617.116,586.562,118.26868064284814,0.632,-0.019613764184847608,-0.051591934345612746,0.3616277549707763,1,0.04341950073030755,-0.08610035888435782,0.3707982902634597,1,0.10681259506184318,-0.07973619035627785,0.3645111487356424,1,0.13375885475598379,-0.026455568982845724,0.3710244578251324,1,0.11012855689692573,0.038831541730268426,0.36076371935474844,1
1625.020699,grid_2374_y612_z588,471.669,615.176,586.507,116.36545434105439,0.639,-0.021727484068247035,-0.05195318080694109,0.36403692539499916,1,0.04162428676647393,-0.08650240622885555,0.37343909799287783,1,0.10508876122793351,-0.07972139907087486,0.36516636339445135,1,0.13227692663107918,-0.02642834313821421,0.3697667775777037,1,0.10976170756848191,0.03872936610300673,0.36017719264627107,1
1625.769567,grid_2375_y610_z588,471.696,613.213,586.386,114.4261225201658,0.738,-0.023871546709015527,-0.05131996611627114,0.361201829746176,1,0.03901076244904942,-0.08520426012909502,0.36986711205222095,1,0.10293871882860262,-0.07955443905808551,0.36496677891256246,1,0.13060050656299865,-0.026562594921256566,0.3681537110166459,1,0.10868147048760066,0.03833142575658601,0.35550008755544227,1
1626.462629,grid_2376_y608_z588,471.465,611.388,586.093,112.58287077526496,0.683,-0.026183353902365276,-0.051591002509463656,0.3652771289761833,1,0.037180178382324326,-0.08500286715534472,0.37100881145883535,1,0.10054486531801407,-0.07889158558599382,0.36260862366189467,1,0.12917351580583944,-0.026657406409067406,0.3669584725376323,1,0.10895969109850785,0.038589689364050384,0.3562886394387225,1
1627.099452,grid_2377_y606_z588,471.786,609.236,585.904,110.4448753451241,0.627,-0.02808850267439448,-0.05060155306383681,0.36148149858704764,1,0.034947296964898,-0.08413426593697135,0.3697374208842842,1,0.09920201473541045,-0.0794074279534063,0.36588059538306295,1,0.1271715010676188,-0.02695562356516496,0.3637168855647496,1,0.112106516769202,0.03982410610215461,0.3678811332380495,1
1627.839342,grid_2378_y604_z588,471.795,607.249,585.71,108.46741874867315,0.729,-0.030475223559917376,-0.05045647290308301,0.3627165112494851,1,0.03263692402547399,-0.08334752177617735,0.3690983994461783,1,0.09668368212614656,-0.07897511531597338,0.3643488476750453,1,0.12515827077562197,-0.026861782946712015,0.3610390951443525,1,0.11312132564519936,0.040272644217454266,0.37181703773800556,1
1628.491752,grid_2379_y602_z588,471.618,605.365,585.978,106.7011581708465,0.64,-0.03285553438349413,-0.051321467314897964,0.3677414887973027,1,0.030969346411012066,-0.08334862035859517,0.3712216675480011,1,0.09500602587115918,-0.07881199210225445,0.3646480685279699,1,0.125885402320071,-0.027563143079151264,0.36643960916954554,1,0.11035324978808148,0.03918894532774438,0.3633540587996003,1
1629.124904,grid_2380_y600_z588,471.593,603.376,586.045,104.78827945910744,0.623,-0.034601921908986644,-0.05052765188605231,0.3624274819947547,1,0.029228638336065794,-0.08400201448328751,0.37510040846063963,1,0.09365094793626569,-0.07902612039855514,0.366044039601222,1,0.12554900523181822,-0.027982685459568536,0.368693295805761,1,0.10957866646141419,0.03899291311821007,0.3611593265180153,1
1629.859652,grid_2381_y598_z588,471.726,601.191,586.425,102.76761142500106,0.724,-0.03730302520812541,-0.05126484646103946,0.3659063107890456,1,0.02690400141300332,-0.08253296776988105,0.36965786382064103,1,0.09105407134175093,-0.07801036515239063,0.36317766326365464,1,0.12417207003348199,-0.028049109107614618,0.36830250146223403,1,0.10948728461286657,0.03890473442373289,0.36098439478226496,1
1630.491949,grid_2382_y596_z588,471.591,599.161,586.93,100.9380030414709,0.622,-0.03923332220772709,-0.05140635041469628,0.3637628338936624,1,0.02490652195119273,-0.08279896932051226,0.37173358141289026,1,0.089291165432121,-0.0779052315945825,0.3637180507333964,1,0.12392019935324083,-0.028471772531347445,0.3716339647600127,1,0.10904146833090804,0.03889097944016886,0.36080985977039226,1
1631.123577,grid_2383_y594_z588,471.641,597.081,587.001,98.95238831377445,0.622,-0.0409739191236767,-0.05087411883106382,0.35901675595460797,1,0.02279424716927645,-0.08222499519200809,0.3705590124642978,1,0.08688988502364833,-0.07739593660624323,0.362345531394763,1,0.12157205132298317,-0.028416199220114347,0.3672113691998398,1,0.11094419167962973,0.039520333502068274,0.3671134030521075,1
1631.759356,grid_2384_y592_z588,471.641,595.083,586.866,96.99301330508294,0.625,-0.044003400961500315,-0.051727074270790985,0.3658647583042999,1,0.020889935041218267,-0.08215615012328945,0.37342656720503753,1,0.08473110230457839,-0.07691680219589361,0.3612286534799695,1,0.12037579132068396,-0.028379750962635314,0.36767936889925334,1,0.10976508958728659,0.03922656367297176,0.3630406667166418,1
1632.499395,grid_2385_y590_z588,471.771,593.027,586.714,94.97490979200778,0.729,-0.045707102124406485,-0.050657362751527046,0.3600658564303597,1,0.01826205508206987,-0.08037125940261503,0.3681331965232606,1,0.08284702131472069,-0.07663529084746865,0.3626348954861383,1,0.1187352619016101,-0.0283642552122391,0.3662571966325711,1,0.10947227367255266,0.03907995644613129,0.3628616620500873,1
1633.141121,grid_2386_y588_z588,471.793,590.975,586.636,92.98359174607101,0.632,-0.04750406534640966,-0.05039170791131318,0.3587108440793859,1,0.01655304645967736,-0.08010003092693066,0.36902140234355024,1,0.08064241759672777,-0.07565624304425514,0.3595749255449811,1,0.1184168203652666,-0.028542662282508707,0.36818071771311567,1,0.10980096221736982,0.0392353225329035,0.3646619244990294,1
1633.786081,grid_2387_y586_z588,471.921,589.009,586.575,91.08240109373494,0.633,-0.050118922841927926,-0.05037571306604671,0.35969308877750433,1,0.01433657916231568,-0.08053446260282629,0.3735747555534799,1,0.07919825177797167,-0.07591858299443274,0.3627917810916709,1,0.1188805427566563,-0.02917184172295374,0.3738660508258471,1,0.10987277208103971,0.03930793488911815,0.36506442725825533,1
1634.585291,grid_2388_y584_z588,472.139,586.9,586.545,89.05704511154633,0.788,-0.053340749630638375,-0.05111833312061611,0.36564301732411736,1,0.011879961506959347,-0.0784290046421973,0.36670619042957214,1,0.07757853715694166,-0.07616631233063005,0.3655017227141426,1,0.11665293860036183,-0.02906951730525421,0.37105540936873743,1,0.10687330980371242,0.03826043363840049,0.35597504648312517,1
1635.220077,grid_2389_y582_z588,472.263,584.847,586.482,87.07909917999841,0.625,-0.05524613306613178,-0.05073949805612301,0.3648019540377987,1,0.010063139172761169,-0.07841471889773324,0.3691707319431943,1,0.0751877912860707,-0.07496141841385423,0.3619219219001376,1,0.11435184090466062,-0.028851322880134457,0.36704364880549517,1,0.10718055053795343,0.038240364176519624,0.356828263305474,1
1635.85541,grid_2390_y580_z588,472.214,583.008,586.584,85.35823607596403,0.626,-0.057094104858160945,-0.05048872466290537,0.3625114575172904,1,0.008218056968629423,-0.0783101789223409,0.37109107010812525,1,0.07378733179746852,-0.07508073443893833,0.3644220071554778,1,0.11281093517103784,-0.02875179739237598,0.3657861695108623,1,0.10767859494938917,0.03837756544284114,0.35848928153079945,1
1636.763764,grid_2391_y578_z588,472.686,580.663,586.532,83.1179228987347,0.898,-0.059688126297585783,-0.05070996171784492,0.3647495517738613,1,0.006034033381182759,-0.07673713109728972,0.36704201141427617,1,0.07194118475563774,-0.07455397154289196,0.3641291515712763,1,0.11296398268488246,-0.029313191167293674,0.37050169949582584,1,0.10838997003180417,0.03874938913250718,0.3613203765715189,1
1637.411413,grid_2392_y576_z588,472.346,578.94,586.632,81.51418847047432,0.637,-0.06137903071897492,-0.050205536907286866,0.3617277829068273,1,0.0038769259209405693,-0.07639247351612477,0.3674668946793488,1,0.06992273326967656,-0.07415349206887756,0.3645603380007192,1,0.11376207030873786,-0.029741434793222214,0.37738663711842474,1,0.10913732023601239,0.0390269535435258,0.3645723177951782,1
1638.149234,grid_2393_y574_z588,472.739,576.636,586.515,79.30247834714875,0.728,-0.06415879568831764,-0.05032967030754161,0.3654630017393249,1,0.0019878046455495037,-0.07632476657807598,0.37045176763206883,1,0.06754352540970883,-0.07281617770197583,0.3617571489353636,1,0.11235400394355408,-0.029653395890599243,0.376475794027681,1,0.10940016734911148,0.039110619445812234,0.365662792454959,1
1638.785483,grid_2394_y572_z588,472.47,574.772,586.692,77.6031758757334,0.626,-0.06637847386066191,-0.05032354107309221,0.36470606447852455,1,-0.00012295285007047835,-0.07576502888009959,0.37059352166253345,1,0.0656372441938724,-0.07230143897537963,0.36186393417144097,1,0.1094344497996909,-0.02918851248475183,0.3713082960183656,1,0.10940016734911148,0.039110619445812234,0.365662792454959,1
1639.419595,grid_2395_y570_z588,472.769,572.58,586.71,75.5554399696012,0.624,-0.06845545433575677,-0.05018742906568603,0.3631169337382177,1,-0.002151497220130267,-0.07489631951886087,0.3697111390347291,1,0.0636623884576918,-0.0718182513449939,0.3616934820321843,1,0.10611102984629314,-0.02863440172118043,0.3641410680622626,1,0.10754479718024242,0.03866879192197133,0.3599957723871485,1
1640.258629,grid_2396_y568_z588,472.743,570.434,586.969,73.64213657954257,0.728,-0.07087318369764115,-0.05027555436034205,0.36230574001552923,1,-0.004622065364576491,-0.07517678743263555,0.37433823934613375,1,0.0618624010202508,-0.0714778195218105,0.36407863421824455,1,0.10594214002830131,-0.029039859099400916,0.36909457091395154,1,0.1053493800269433,0.03785054336598185,0.35330712872199543,1
1640.893368,grid_2397_y566_z588,472.685,568.459,587.165,71.87743974989645,0.625,-0.07337079579962218,-0.05090077109357053,0.36561176880475327,1,-0.006377541675789364,-0.07441448177036429,0.3732360201629534,1,0.060153291871159684,-0.0707623807929135,0.3638948073761286,1,0.1050482043874114,-0.0290114291747944,0.36936798129850507,1,0.10604539469681176,0.03824249375857235,0.3563747328894129,1
1641.604297,grid_2398_y564_z588,472.596,566.4,587.475,70.0908603528306,0.7,-0.0756670307094894,-0.050907975891336534,0.3649835179846068,1,-0.008537259778249985,-0.0730237846645669,0.3698772801905231,1,0.05833283448468727,-0.07056376219959455,0.36518558024420295,1,0.10292353690873639,-0.028487105328542327,0.36665839600982525,1,0.10681010991614495,0.038667799528153315,0.3598181615120721,1
1642.349788,grid_2399_y562_z588,472.543,564.627,587.4,68.42994229136829,0.736,-0.07770813573871409,-0.05088047605083211,0.3654146311938789,1,-0.010233744010877063,-0.07177000085360721,0.3674938258334425,1,0.056551563141413394,-0.06987245880754778,0.3656335196597921,1,0.1015482334869368,-0.028311384993874245,0.36590793062055466,1,0.10800833032499924,0.03910948942219208,0.3638463458637,1
1642.985833,grid_2400_y560_z588,472.489,562.665,587.524,66.68319822863926,0.626,-0.07987702237705328,-0.05082092946299973,0.3660055687366702,1,-0.012074528001753498,-0.07118338871651589,0.3668757290507808,1,0.054001735578158724,-0.06811797671722664,0.3610169783191773,1,0.10051849681869715,-0.028324727209466532,0.3664661358907468,1,0.10772570491354541,0.03905140587262931,0.36405996342248403,1
1643.628106,grid_2401_y558_z588,472.392,560.817,587.537,65.00538689985626,0.633,-0.08228635906109996,-0.050908757667626134,0.367165871893843,1,-0.014185229117143877,-0.07069901390822445,0.36783561740358195,1,0.05194360202589001,-0.06727356308482248,0.35945162838932443,1,0.10059560885545853,-0.028469606671306196,0.3720438157913657,1,0.10734280886158387,0.038789822763015624,0.36331470675250965,1
1644.386035,grid_2402_y556_z588,472.632,558.614,587.566,63.02760910902465,0.748,-0.08444488840149929,-0.05083454425059562,0.36735535616626136,1,-0.016130172331939936,-0.06976931842581191,0.3678739753898819,1,0.05020296710943406,-0.06652578554270487,0.3599684293051296,1,0.09848623829151557,-0.027953254540987505,0.36803699369916343,1,0.10716377714136782,0.03880889104808891,0.3628965439048686,1
1645.026564,grid_2403_y554_z588,472.623,556.632,587.535,61.233218043803596,0.628,-0.08692544990853142,-0.05087835889654324,0.3685240294592075,1,-0.018238504234901035,-0.06921060758195138,0.3684642433330055,1,0.04842532071716042,-0.06590052090632093,0.3614639383606353,1,0.09722364787549716,-0.02776251073178705,0.36875958138144016,1,0.10939734554486932,0.0397855123670159,0.3708078471756592,1
1645.678334,grid_2404_y552_z588,472.699,554.626,587.389,59.37811132058681,0.64,-0.08919688739225191,-0.05061370097062688,0.3679587695835098,1,-0.020277257439223886,-0.06783999002075389,0.36671223876905545,1,0.046245722315511696,-0.06475337043998355,0.3608350244678461,1,0.09713894076725056,-0.02790638060925903,0.37479060636629014,1,0.10949846737049058,0.03976345008762354,0.37160884907932346,1
1646.318023,grid_2405_y550_z588,472.655,552.601,587.269,57.52704460512466,0.629,-0.09094594602041657,-0.0499652140190938,0.3660812950041722,1,-0.02244486065199915,-0.06719744885133136,0.3685139891141293,1,0.044272787065452304,-0.0637362441410763,0.3602838839570047,1,0.09517730932802597,-0.027419491980876027,0.3717534434962834,1,0.10695809314567453,0.03865196520188734,0.3633786729489706,1
1647.061817,grid_2406_y548_z588,472.574,550.614,587.161,55.72690367318107,0.732,-0.09380103331231895,-0.04996232616136173,0.3690080032918658,1,-0.024721649146344823,-0.06678322293714083,0.3702534231072376,1,0.04239027000683602,-0.06272753185194693,0.3610606227457037,1,0.09176619171535745,-0.026519235788657163,0.3643759098693188,1,0.10592303665688534,0.03848113404671365,0.36012611846377107,1
1647.709937,grid_2407_y546_z588,472.53,548.809,586.821,53.984363939940984,0.636,-0.09664116800078475,-0.04986792659131809,0.37194584094380506,1,-0.02637450932557967,-0.06487989497634523,0.36752394252215115,1,0.04062622258957427,-0.06204955071838514,0.36360656266691765,1,0.0910907367617096,-0.026315885042225283,0.36637613456841633,1,0.10619636823684768,0.03872970570290198,0.3620936976956768,1
1648.348951,grid_2408_y544_z588,472.728,546.615,586.823,52.08947273682084,0.628,-0.09847840187709518,-0.049374659638542914,0.3698740880986461,1,-0.028772637228854182,-0.06399204489073998,0.3686221619743509,1,0.03842323002076516,-0.060791344372353895,0.36260391636763256,1,0.09118800911397426,-0.02651789964211552,0.37349227041964334,1,0.10604829803995482,0.03874433337274272,0.36229195482259857,1
1649.095926,grid_2409_y542_z588,472.94,544.518,586.822,50.30080394983766,0.737,-0.10068592146735127,-0.049350946229699946,0.37024629376243795,1,-0.030719690685084282,-0.0632420535553134,0.36876556592907594,1,0.03628253343661729,-0.05940449499926191,0.36024338336825623,1,0.08808132298079394,-0.02577961544709808,0.36624850047006785,1,0.10592297275161541,0.03874617854939416,0.36200970212445455,1
1649.731546,grid_2410_y540_z588,472.815,542.624,586.722,48.645483418298994,0.625,-0.1027900558124463,-0.048968326884452074,0.36972405072214676,1,-0.032817996566213835,-0.06218642027273742,0.36841720026617153,1,0.03441735026729358,-0.05844627857359312,0.36187916421544775,1,0.08717194428379635,-0.025576215665841097,0.36855394453076695,1,0.10687537296775955,0.03897876439563967,0.3657741099743401,1
1650.36689,grid_2411_y538_z588,472.88,540.599,586.95,47.08939153355039,0.623,-0.10585035626437952,-0.049221326430139226,0.37217309707723656,1,-0.03483393696075906,-0.06109997188157038,0.3674056957830816,1,0.032762008836691704,-0.057862564007267234,0.3660534217439177,1,0.08607982238535275,-0.02497821698483218,0.36967201891001417,1,0.10639515558238774,0.039210309522715946,0.3653932442656614,1
1651.284863,grid_2412_y536_z588,472.76,538.714,586.876,45.502899577939026,0.907,-0.10820737173536395,-0.04925795953383859,0.37403634365886784,1,-0.03661459065376503,-0.060236914717124626,0.36816433643672175,1,0.03049470447686347,-0.056153750063094185,0.3615302906242751,1,0.08443486049215802,-0.024532679099665118,0.3692084047541277,1,0.10547208255750666,0.03899816209371028,0.3626852756943612,1
1651.934132,grid_2413_y534_z588,472.717,536.685,586.985,43.93831905068738,0.638,-0.11057490892855823,-0.0491020295719215,0.3734294610922343,1,-0.03863186033347628,-0.05831193542882064,0.36381426980476994,1,0.02836928881773822,-0.054619228269774944,0.3616757582465113,1,0.08345041626627521,-0.024110900748430898,0.3719449375815659,1,0.10485723701353741,0.03903725675278185,0.3623097513667782,1
1652.566758,grid_2414_y532_z588,472.769,534.59,587.104,42.370789950153224,0.622,-0.11288131641624055,-0.04901391627634434,0.37365559360550027,1,-0.04093280223630629,-0.05799506916397632,0.36827652168446123,1,0.02634011067273153,-0.053040552927052766,0.3592082397699313,1,0.08224701995271726,-0.023476378928502482,0.3723257837729429,1,0.10435926536508973,0.03888580021818607,0.36108773045256576,1
1653.308705,grid_2415_y530_z588,472.793,532.526,587.146,40.822867819397445,0.73,-0.1162231343366991,-0.04926340108397102,0.37666316233498265,1,-0.04324888026218136,-0.05680539419453826,0.3676879589372647,1,0.024152411301121057,-0.05193337788650104,0.36356345878650514,1,0.07904214515163999,-0.022454433895203536,0.3660348379747179,1,0.10543178590812681,0.03911450879725864,0.3651873530745873,1
1653.953188,grid_2416_y528_z588,472.582,530.679,587.302,39.553125123054436,0.633,-0.11802032190881909,-0.04923332847090954,0.37630834857543866,1,-0.04530344339084343,-0.055991917157034776,0.36831852528059655,1,0.022500326862061742,-0.05096640612623289,0.36429907857531785,1,0.07883080657249619,-0.02227634674246364,0.3721097388787891,1,0.10560299999270481,0.03919192110640763,0.36606793336928967,1
1654.656319,grid_2417_y526_z588,472.667,528.434,587.546,38.12126552201541,0.693,-0.11979229625255232,-0.04881698033086257,0.37350643749445894,1,-0.04798174677498327,-0.05467065818395246,0.3698966257895674,1,0.01959711771457286,-0.04803588632501756,0.3572754995695741,1,0.07663979740817209,-0.02134976366870713,0.37023440543766173,1,0.10604843268311819,0.03965147286237956,0.3691461365962292,1
1655.401552,grid_2418_y524_z588,472.707,526.52,587.495,36.77294788292067,0.735,-0.12208866717177683,-0.04875862323560705,0.373990033746175,1,-0.05015005875447946,-0.05396983605235624,0.37164648289194674,1,0.017897351647943028,-0.04716754519476141,0.36121300975600423,1,0.07467096600464944,-0.020431847499772747,0.3681672219109097,1,0.10437748024401199,0.03915707191772388,0.3638720161864983,1
1656.039604,grid_2419_y522_z588,472.661,524.63,587.465,35.50604878045432,0.626,-0.12607554203553337,-0.04926405336361454,0.37954621300959385,1,-0.05269110311472443,-0.05293424229970628,0.37441033930722956,1,0.015895321703324795,-0.04561210297371711,0.36067648247014755,1,0.0728458664724094,-0.019649796312607735,0.3668478750073936,1,0.10452844615016207,0.03930845517538688,0.3649149270662164,1
1656.68122,grid_2420_y520_z588,472.535,522.725,587.489,34.32839018946276,0.63,-0.1277639217383179,-0.04876850924231805,0.37811623737422,1,-0.05428674046740171,-0.05128962004103762,0.37095135939761475,1,0.013880546799909698,-0.04396112513454408,0.36121653731410563,1,0.07086213091369457,-0.01868961367410777,0.3663087866805735,1,0.10382091956875146,0.039049785909457506,0.3635947781457692,1
1657.446119,grid_2421_y518_z588,472.641,520.637,587.619,33.20686201675792,0.752,-0.12937605105947014,-0.04840986372754429,0.37641459147974143,1,-0.05651358142603672,-0.04985615627942602,0.3717418719792173,1,0.01186318585942387,-0.04250131024320123,0.3630728445269408,1,0.0690565261210642,-0.017951987853955867,0.3659220568081448,1,0.10148679164331212,0.03852319241765351,0.35622568134919297,1
1658.087488,grid_2422_y516_z588,472.628,518.732,587.761,32.28516868470718,0.63,-0.13126583670269343,-0.04809056227849684,0.3751082392072947,1,-0.05894335658602038,-0.048710230961860085,0.3726736240969218,1,0.009560512186635178,-0.04074594097671175,0.3639553830638139,1,0.06808794983466729,-0.016974392986951494,0.37110495103279917,1,0.10365365944817706,0.039596143015613885,0.36531327138373854,1
1658.72884,grid_2423_y514_z588,472.802,516.534,587.872,31.291992298350024,0.63,-0.1345429128113172,-0.04823348626637632,0.37777716352817325,1,-0.06071359918214381,-0.04685655828116738,0.3687959989011642,1,0.007234944154485895,-0.03905355901831447,0.3677925895400703,1,0.06588317704829952,-0.015575441955273314,0.36815568772568913,1,0.10291386613538948,0.03976460935226309,0.3640961254268775,1
1659.371993,grid_2424_y512_z588,472.654,514.83,587.535,30.21800570851755,0.631,-0.13650523349171956,-0.04769945108031049,0.3774337512230355,1,-0.06285763226874315,-0.04515797879058897,0.3681896060707353,1,0.00503492694526623,-0.036843316774916875,0.36505043534374515,1,0.06441782921706456,-0.01453541712204015,0.3701233995094155,1,0.10236762441319343,0.03974987953012531,0.36266394041704164,1
1660.113971,grid_2425_y510_z588,473.001,512.407,587.517,29.25110707306654,0.732,-0.13762027726267995,-0.046879660144024414,0.37322577115769456,1,-0.0658614417224146,-0.0434389164460318,0.36973293508199073,1,0.0024299102623296857,-0.034173357561777494,0.3629499133437089,1,0.06253869136229405,-0.012990140505322911,0.3735961132443828,1,0.10104884389114777,0.03933203287815862,0.3595426040931594,1
1660.761565,grid_2426_y508_z588,472.841,510.625,587.419,28.553763972548325,0.637,-0.1414566522621648,-0.04689679073472871,0.3770818238566272,1,-0.06830619873728554,-0.04200652248063648,0.37140419496067506,1,0.0001441383876585062,-0.03174885166798529,0.3606055151011061,1,0.05990485128804901,-0.011523924598691013,0.36875413770672677,1,0.10328646258269454,0.04043142402599037,0.36880754665005616,1
1661.612686,grid_2427_y506_z588,473.102,508.404,587.24,27.78509330558384,0.842,-0.14472738658631978,-0.04676225532084448,0.3798029935249059,1,-0.07012469577320428,-0.03991479865278264,0.3685645067736482,1,-0.002260654243147944,-0.029488527211645153,0.3611421124126391,1,0.058041505946198335,-0.010001035601520023,0.36900726698696945,1,0.1032482955133511,0.040707323128981746,0.3701141521812322,1
1662.252127,grid_2428_y504_z588,472.928,506.705,587.339,27.520639273098332,0.628,-0.14395688576931157,-0.04541121666965264,0.3722366272696239,1,-0.07286605097132262,-0.03843425229576174,0.3702890326515143,1,-0.0045889827199788995,-0.027242403194565095,0.36281473699887534,1,0.055274084409832835,-0.008197980006811037,0.3658421391523877,1,0.10241370854439333,0.04059662946146466,0.3683278855415252,1
1662.888078,grid_2429_y502_z588,473.137,504.428,587.031,26.911091319379757,0.626,-0.1468209847548157,-0.04492039984753701,0.3730962779599273,1,-0.0756704906136592,-0.036535695877661145,0.37207375196056514,1,-0.007206232073836756,-0.02438901651308049,0.36367267862271263,1,0.05262054417554847,-0.006197117777746603,0.363010649512417,1,0.10136092427128902,0.04025308538041385,0.36614962709525944,1
1663.520293,grid_2430_y500_z588,472.958,502.677,586.932,26.689703988617037,0.621,-0.1493419920409573,-0.044493458205700206,0.37476125446704045,1,-0.07864337972056071,-0.034923501923179515,0.37506383356768086,1,-0.009722287222531463,-0.022205035832378754,0.3683164441213303,1,0.050251459644179465,-0.004333695669798407,0.36192147934326596,1,0.10171232162009516,0.04099824510668367,0.3697679135129402,1
1664.264161,grid_2431_y500_z590,472.951,502.064,587.228,26.97207861845276,0.731,-0.15128572292480308,-0.044843862195669756,0.3769808554010061,1,-0.07901163461586384,-0.033690993183477846,0.37104789142375655,1,-0.01090728256883898,-0.020811606033095946,0.3672872469224621,1,0.048951390562003295,-0.0033301909361982316,0.36072245322642743,1,0.1018534369037067,0.04129931773076918,0.3712652519249742,1
1664.903441,grid_2432_y502_z590,473.036,502.253,588.051,27.800425356458156,0.628,-0.1527108828031783,-0.045943984025749576,0.38028021104050685,1,-0.07984447313958538,-0.03464380397098758,0.3743037438419508,1,-0.010631455226182921,-0.020720730576012793,0.3615690281671872,1,0.04988790933852709,-0.003143790687355113,0.368446200731584,1,0.1018534369037067,0.04129931773076918,0.3712652519249742,1
1665.548255,grid_2433_y504_z590,473.523,502.626,589.724,29.504536413914416,0.635,-0.15163430221680724,-0.04726740639208024,0.3779912953025958,1,-0.07944491613622763,-0.03572945307796084,0.374714942984653,1,-0.010514100162016923,-0.021134216293048003,0.35945657833828515,1,0.04979186440948638,-0.003301867345122493,0.36628825422913297,1,0.1018534369037067,0.04129931773076918,0.3712652519249742,1
1666.182154,grid_2434_y506_z590,473.965,503.799,589.608,29.474553194238513,0.625,-0.15017388066904694,-0.04778156305832999,0.37659877937287967,1,-0.07782277545085756,-0.03658857359224832,0.3720274777616378,1,-0.009275192870588268,-0.022802950365568293,0.36355164516590566,1,0.05037074612835931,-0.004456903818270746,0.36322595355130927,1,0.10085524483482496,0.04079872388923624,0.36687921816635377,1
1666.932815,grid_2435_y508_z590,473.722,505.967,589.77,29.843259523718213,0.741,-0.14952026872059232,-0.04891731107510961,0.3819672895740422,1,-0.07432903322288556,-0.038582530494019183,0.3686652103018472,1,-0.006440626638507746,-0.025995114667079256,0.3638091898787247,1,0.05376066391854648,-0.00687760175553794,0.368555224588849,1,0.10075233478669225,0.04004609363072553,0.3639890609685833,1
1667.572241,grid_2436_y510_z590,473.576,508.011,589.901,30.31519087850177,0.629,-0.14417692474224086,-0.048257430650477585,0.3731716065835568,1,-0.0724955299346101,-0.04041921997294202,0.3701393461503708,1,-0.004374568306699371,-0.028175380095020092,0.3614967757495033,1,0.055136874072546284,-0.008355124949279133,0.36576698856984036,1,0.10237044430879216,0.040534006358620395,0.3683274136429855,1
1668.226577,grid_2437_y512_z590,473.712,509.795,590.046,30.878143257003043,0.643,-0.14298240641316062,-0.0491948201642632,0.3761685745601695,1,-0.07065992093184313,-0.042676725184631,0.3731469613700259,1,-0.0018385832972309443,-0.030921993059846786,0.36380594340035943,1,0.05768167027142461,-0.010191809084155677,0.3688188286347061,1,0.10228493975410871,0.04033166445983915,0.367034320111695,1
1668.976145,grid_2438_y514_z590,473.568,511.914,590.148,31.580999572527794,0.739,-0.14256324369887516,-0.050311175865664935,0.3813020153309442,1,-0.06757670000607154,-0.04414349556640657,0.3701198590913137,1,0.0006661355225185036,-0.03339790875167763,0.3646383979120801,1,0.05998576534068932,-0.011850733577480704,0.3682816475897627,1,0.10321983634550165,0.040498853302327165,0.36904538051263963,1
1669.619762,grid_2439_y516_z590,473.575,513.882,590.035,32.1607525409465,0.634,-0.13909870137585362,-0.05012874524529494,0.3780281947974907,1,-0.06485081208035362,-0.04543140719578132,0.3678935158210014,1,0.0029929276372625503,-0.035861733941549755,0.36739291014095116,1,0.06159142607851403,-0.013150255040825325,0.3665729225222315,1,0.10350685016606262,0.0401292102339525,0.3684213608977279,1
1670.25641,grid_2440_y518_z590,473.71,515.579,590.262,33.04921764580812,0.624,-0.13688159356834062,-0.0504239149303317,0.37754332487861214,1,-0.06283671955273376,-0.0469378947639445,0.3682411374819834,1,0.005218928254244337,-0.037683103157842575,0.36637997458997884,1,0.06343935215941479,-0.014323519572426053,0.36787988414436457,1,0.10269538764771531,0.03980580601855559,0.3641651205651213,1
1670.997527,grid_2441_y520_z590,473.394,518.167,589.826,33.8108081388186,0.731,-0.13377862530432444,-0.05033117093281549,0.3755637030089817,1,-0.06063623010090816,-0.04870157850797181,0.36929478028552765,1,0.007446062365586625,-0.03982287775382611,0.36574404927680276,1,0.06616010614168605,-0.01567165686828106,0.37002033911765053,1,0.10349417212386969,0.03978235320906372,0.3657216783168889,1
1671.635877,grid_2442_y522_z590,473.556,519.85,589.828,34.66628572547107,0.627,-0.13005322839950106,-0.050068374973893257,0.37173576895777644,1,-0.05812312091549723,-0.05003791194946665,0.36875589020289995,1,0.009656677799609565,-0.04166654898106838,0.36366743833564164,1,0.06870393817983142,-0.017013127545810948,0.3730613257411144,1,0.10418843015384696,0.039798978937251255,0.3674378904498279,1
1672.285907,grid_2443_y524_z590,473.536,521.852,589.921,35.82525049458834,0.639,-0.12897977729686258,-0.05088766778301842,0.37580204512650905,1,-0.055734202733181734,-0.05147478441986536,0.3681757823363033,1,0.012032683896825953,-0.04380795193631217,0.3649982508430617,1,0.0695127413337409,-0.01786493944052494,0.3679589204746049,1,0.10183781915541557,0.03883468988625151,0.35812216416058557,1
1672.920236,grid_2444_y526_z590,473.644,524.087,589.535,36.820099429523516,0.626,-0.1270038317689427,-0.05110094116298327,0.3767314070882864,1,-0.05369987497133699,-0.05312134441979308,0.36982990109440383,1,0.014328238560528065,-0.045347740803575086,0.36370273678368453,1,0.07225898859741592,-0.0190403332372782,0.3721038548747913,1,0.10258757083733942,0.0387636157086043,0.35970949862538076,1
1673.66298,grid_2445_y528_z590,473.566,526.221,589.523,38.136459117227986,0.732,-0.12282220186620552,-0.05036325381282323,0.3718092889438097,1,-0.0508492170870891,-0.054078485280830625,0.3673802200124242,1,0.016768262005747197,-0.047209582024182704,0.36328012409678506,1,0.07403555920288686,-0.020041482742315174,0.37157478416138534,1,0.10353989007825806,0.03892345963081197,0.36102869527939896,1
1674.29836,grid_2446_y530_z590,473.532,528.182,589.662,39.5224701404151,0.624,-0.12120427164290097,-0.050849682753378,0.37305492901209414,1,-0.04908262086529382,-0.05545279530583922,0.3686999339340661,1,0.01867759240598007,-0.04836376566420374,0.36096909063080385,1,0.0759311244831105,-0.020967284554479087,0.37339022923572585,1,0.10439035428520053,0.039193681367874614,0.3633129416472981,1
1674.951446,grid_2447_y532_z590,473.791,530.064,589.419,40.6400602361758,0.643,-0.11931210397906362,-0.05113793810816669,0.37445835761513724,1,-0.04663098414057057,-0.056487852959315785,0.3676428075979105,1,0.020837133129480028,-0.049721681512336094,0.3592945030672642,1,0.07765390366995906,-0.02173292399535587,0.37273118620500634,1,0.10505886371244373,0.0393131014909085,0.36506563719508367,1
1675.691309,grid_2448_y534_z590,473.781,532.19,589.4,42.132514581971044,0.727,-0.1164332916052178,-0.05085976464842688,0.37107757011997056,1,-0.04479921508530784,-0.057520272744966426,0.3678823253180183,1,0.022627040200847152,-0.05122412565316501,0.3593857256712706,1,0.07796813315362576,-0.02213110463902896,0.36776697917359935,1,0.10542174558604515,0.039146109163893425,0.3652984517967246,1
1676.326268,grid_2449_y536_z590,473.772,533.985,589.784,43.70274319765295,0.625,-0.11485662964998491,-0.0516267539922735,0.37335170525380923,1,-0.04229697001874716,-0.0582998657501695,0.3643079222452806,1,0.024848743500311847,-0.05290234632393711,0.36143021238366846,1,0.07991142483179399,-0.022813937277439755,0.36931833405201964,1,0.10597446703090366,0.039375909360612,0.3664259279078396,1
1676.959429,grid_2450_y538_z590,473.662,536.039,589.428,45.00046811978737,0.623,-0.11290809182417812,-0.05177852143301013,0.3738852234554845,1,-0.040726820215283864,-0.06020526984892004,0.36936273543391707,1,0.02689292971406936,-0.054257792945754314,0.3609741221915556,1,0.08209960275163712,-0.023750057078374336,0.3723301454013604,1,0.10451242713461154,0.03888394868956074,0.3613574749497001,1
1677.593793,grid_2451_y540_z590,473.84,537.854,589.676,46.559979703603894,0.623,-0.10969402512359824,-0.05147297650049322,0.370301254296299,1,-0.03855732317652642,-0.0609936575888988,0.3683797005292582,1,0.028570041163577038,-0.05523990252830434,0.3596376032631919,1,0.08332175069583124,-0.02390020878651616,0.3703444866781175,1,0.10555060386032047,0.03934304916617061,0.36441513541625686,1
1678.352202,grid_2452_y542_z590,473.747,539.909,589.861,48.27787987267046,0.748,-0.10690726943717606,-0.05187439635786155,0.36906515535290824,1,-0.03647048398348614,-0.06284159542248444,0.37005527910229297,1,0.03102977438744578,-0.05701235085087007,0.36228970795821375,1,0.08476108602274428,-0.024595773795609777,0.3703111737024198,1,0.1049891868359101,0.03892927420575493,0.36115687995772305,1
1678.998961,grid_2453_y544_z590,473.731,541.935,589.771,49.83854838375607,0.637,-0.10511296017178443,-0.052251381630949965,0.37010864069101057,1,-0.03420639475513878,-0.06324125728058227,0.36643338674849935,1,0.03275770574386171,-0.05802547092807684,0.3608364451137496,1,0.08675422996754854,-0.025453138201948923,0.3730848787704719,1,0.10550158386247359,0.038815179834921554,0.36224609757886483,1
1679.64138,grid_2454_y546_z590,473.754,543.833,589.856,51.42889712019886,0.631,-0.10309791580499088,-0.0525219156797246,0.3710812804521707,1,-0.03232904270440242,-0.06463784956956016,0.36862127423555674,1,0.03463717572643289,-0.058678239946426694,0.3569668323409339,1,0.08749869298989166,-0.025483384140509824,0.369381045672842,1,0.10604074679334197,0.03880691017842827,0.36284368451877064,1
1680.385338,grid_2455_y548_z590,473.655,545.891,589.924,53.15827222549654,0.732,-0.1005884723189471,-0.05251695191230706,0.36872493856093985,1,-0.03015212227195026,-0.06524961955034954,0.36658011120300094,1,0.03710683244887823,-0.06090302817828469,0.3639347912744933,1,0.09005463203643702,-0.026303472548535656,0.37430153887171813,1,0.10592297275161541,0.03874617854939416,0.36200970212445455,1
1681.023345,grid_2456_y550_z590,473.591,548.062,589.948,54.98297180946117,0.625,-0.0980597510944126,-0.0525228688867236,0.3684785124130027,1,-0.027928244524767377,-0.06630583423568906,0.36693041964255124,1,0.03883480517470586,-0.06131511496467316,0.3598987663609977,1,0.0913170651063908,-0.026578499972716014,0.372624151762636,1,0.10592297275161541,0.03874617854939416,0.36200970212445455,1
1681.672179,grid_2457_y552_z590,473.835,549.866,589.996,56.54271225365829,0.638,-0.0954943982894875,-0.052804541757309385,0.36796863408430425,1,-0.02574067311949489,-0.06714622477132323,0.3669091167217037,1,0.04078150971869458,-0.0620252235692381,0.35830187055099516,1,0.0924942945222691,-0.026805098477533727,0.37192499985790267,1,0.10625717352052047,0.03874125807832365,0.3627623759861719,1
1682.304283,grid_2458_y554_z590,473.876,551.789,589.961,58.169708044651564,0.621,-0.09377596377195144,-0.05322025094868606,0.3687712217860042,1,-0.02391898981856974,-0.06797571915690995,0.3661776485711291,1,0.04239081145835081,-0.06292439040360011,0.3582323299433862,1,0.09298325070634375,-0.027006136746246273,0.36890562118181813,1,0.1053480379072779,0.03850226406223626,0.3589698626137989,1
1683.104142,grid_2459_y556_z590,473.822,554.012,589.697,59.95886307294357,0.789,-0.09037852222086888,-0.05229830691922155,0.3651247185926542,1,-0.02173150248398989,-0.06891846365805243,0.3678275362587854,1,0.044928303432984165,-0.06434104589785374,0.3606719935867712,1,0.09443690786635137,-0.027339844034578308,0.3680348046933107,1,0.10591462525762467,0.03836268819667762,0.36011318911225354,1
1683.738916,grid_2460_y558_z590,473.967,555.941,589.557,61.584123449148855,0.624,-0.08820987428939003,-0.052269107340060406,0.3645582180359827,1,-0.01984391302592412,-0.06997271162097358,0.368874649825076,1,0.047031668026007285,-0.06551897650759819,0.36232552084040603,1,0.0965050776616631,-0.02772505513093621,0.37079153994018843,1,0.10821199633137146,0.03919097204796011,0.3674951402631425,1
1684.376246,grid_2461_y560_z590,474.12,557.933,589.315,63.23637771093475,0.627,-0.08653174817861277,-0.052534064926971956,0.36642503983707087,1,-0.017757257779588323,-0.07036929245286995,0.36656757854666144,1,0.0483786084142841,-0.06583900534304438,0.35769828053105174,1,0.09662898081830332,-0.027644860911319243,0.36716238945728874,1,0.10770532001973217,0.039057925666549274,0.36512123214995623,1
1685.173647,grid_2462_y562_z590,474.171,559.98,589.273,65.04327079721625,0.787,-0.0842751064976395,-0.052706316974797815,0.36763929344042395,1,-0.015320046910808618,-0.07132848873274986,0.3676229557633114,1,0.05033737710016066,-0.06625893736197612,0.3560043403069401,1,0.09810075947710312,-0.027783771996017052,0.3657224758718526,1,0.10708513271934131,0.038827653588278374,0.362780692750464,1
1685.810829,grid_2463_y564_z590,474.158,562.027,589.207,66.8513670316472,0.627,-0.08240742031117579,-0.052689714560526055,0.36719480540302135,1,-0.013835222485787838,-0.07215928820555054,0.3681829671052969,1,0.05233630960054307,-0.06726334833831431,0.3590378594480875,1,0.09941547143025109,-0.028108761635928726,0.36767464872687167,1,0.10726863637073651,0.03878387432783631,0.3630510121107414,1
1686.445785,grid_2464_y566_z590,474.126,563.963,589.217,68.6036709076125,0.624,-0.07977400248014732,-0.052528870764032766,0.364623672700269,1,-0.011852969027128322,-0.07274761233885611,0.3666658927170614,1,0.05448209017269055,-0.06848234697644281,0.36085397059164814,1,0.10066912149813372,-0.02834522881173588,0.36748768411046784,1,0.10777850440584946,0.038798443942762065,0.36333594269466224,1
1687.18467,grid_2465_y568_z590,473.886,566.138,589.262,70.59121207345856,0.728,-0.07624572159373082,-0.05201864819345485,0.3603030141349208,1,-0.009517967941836826,-0.07319419561189049,0.36569369756215586,1,0.05683011159687005,-0.06978892088551021,0.3622733074247815,1,0.10172430518464096,-0.02829326487551794,0.3651785592348741,1,0.10700747935085067,0.03869882191850702,0.36039367180952747,1
1687.829259,grid_2466_y570_z590,474.17,567.78,589.709,72.28054546695117,0.633,-0.07466809253005761,-0.052861752455532526,0.36155638132305923,1,-0.007650424294733882,-0.07449213428326038,0.3665861932506152,1,0.058870953184132026,-0.07073536918767741,0.363123986111228,1,0.102929057684029,-0.028585407588630256,0.36548881512468284,1,0.10681010991614495,0.038667799528153315,0.3598181615120721,1
1688.464155,grid_2467_y572_z590,473.993,570.047,589.513,74.2727219980526,0.623,-0.07337903720122031,-0.05379593623618414,0.3663006962600028,1,-0.0054874239889315625,-0.07539304835827473,0.3688242631168365,1,0.06015409152687744,-0.07039860858779819,0.358254390256661,1,0.1058769914954272,-0.0292309785188188,0.3715499747259364,1,0.10636667407373648,0.038412858209716925,0.3576694065229088,1
1689.202578,grid_2468_y574_z590,473.926,571.996,589.943,76.23172888633707,0.728,-0.07108388524346726,-0.0537315155110604,0.3651343084763219,1,-0.003584135763613774,-0.07616144664953091,0.36854883988493825,1,0.06254296822536057,-0.07209020545053227,0.36303781264189716,1,0.10583775090452122,-0.02893935816791725,0.36686919131750106,1,0.1060573404228105,0.038178855619518934,0.3555392880368632,1
1689.839704,grid_2469_y576_z590,473.997,573.91,589.566,77.8570767560663,0.625,-0.06790638715708201,-0.05321553341831692,0.36076616714804755,1,-0.0013778323018650575,-0.07638531112430029,0.36513067518590886,1,0.06433690185301852,-0.07232716715305691,0.36158151325367016,1,0.10527286351544578,-0.028407762142864917,0.36087508714128824,1,0.10659663222837956,0.03838372466442966,0.3566327718687094,1
1690.477607,grid_2470_y578_z590,474.067,575.733,590.077,79.73989649479108,0.627,-0.06622042785718593,-0.05366762298559099,0.36202930282301116,1,0.00026867922197211335,-0.07786725398228603,0.368367872357673,1,0.0665170157980122,-0.07316693164175173,0.3629191369275198,1,0.1095222612486049,-0.029174612663931752,0.3714256567502526,1,0.10860500870531047,0.03892126479273756,0.3632340695687545,1
1691.115975,grid_2471_y580_z590,474.154,577.779,589.786,81.53714689023647,0.628,-0.06422140439446777,-0.053885275952465485,0.3629167869438177,1,0.002360483655206201,-0.07828794535090151,0.3685890515111751,1,0.06826298609897698,-0.07382042006233204,0.36276112977522523,1,0.11247642935817874,-0.029692335445296404,0.37733471426909293,1,0.10940016734911148,0.039110619445812234,0.365662792454959,1
1691.868939,grid_2472_y582_z590,474.057,579.804,589.922,83.4727267854597,0.742,-0.06183849513662645,-0.05374418992661238,0.3625552125211987,1,0.004594659897371544,-0.07887795167672092,0.3677730654767649,1,0.07021048130712333,-0.07417081116456567,0.36202444881916246,1,0.11272858571104985,-0.02955648315864188,0.3734547427558995,1,0.10944563563374754,0.03914670819419374,0.36574982666242334,1
1692.505017,grid_2473_y584_z590,474.303,581.848,589.433,85.22426567592117,0.626,-0.05962110534859355,-0.05346197562457363,0.3604195800359202,1,0.006400537230583221,-0.07923031301931432,0.36717457621264976,1,0.07244569641500638,-0.07507843365655065,0.36428155864836553,1,0.11303107696007356,-0.02927397398184205,0.3710073057459514,1,0.10832106345703844,0.03869147816847442,0.36154151141960084,1
1693.138425,grid_2474_y586_z590,474.19,583.942,589.504,87.2145024981511,0.623,-0.05700998165575777,-0.05325650571071148,0.3590109568583175,1,0.008625308407060496,-0.08054308529900094,0.37048716191570946,1,0.0738692168589376,-0.07525787489370364,0.3620494250867191,1,0.11325190270530532,-0.0289942891666007,0.36732466101309386,1,0.10770109437576998,0.03839435053654506,0.3586500273542911,1
1693.876497,grid_2475_y588_z590,474.267,586.017,589.422,89.14673693411338,0.728,-0.05520745315592408,-0.05370252333856451,0.36262155074241714,1,0.010773146423537657,-0.08108867550053421,0.37089817191103497,1,0.07602947072796314,-0.07600119606557051,0.3626113180520344,1,0.11410533275979787,-0.028809918273277356,0.36599329970015193,1,0.10793245697417005,0.03839332737541787,0.35903879435438046,1
1694.514027,grid_2476_y590_z590,474.28,588.101,589.334,91.0902184155906,0.627,-0.05258098142904616,-0.05348691425190717,0.3597198674882715,1,0.012746480382498256,-0.08126590486792717,0.3685430471877914,1,0.078696709265093,-0.07696449799991847,0.3658532848665569,1,0.11700326505298815,-0.029063096652228504,0.3709487571955041,1,0.10657648979305465,0.03810218940463474,0.35504222786768463,1
1695.16662,grid_2477_y592_z590,474.345,590.116,589.136,92.94154307412805,0.642,-0.050629183915141984,-0.05374336383230603,0.36270321077479595,1,0.015022764180999465,-0.08151983250144705,0.36829298865362164,1,0.08069917509337897,-0.0773211499330261,0.36514281251389524,1,0.11726731121384455,-0.02859653298329129,0.3678588697760147,1,0.108747973727042,0.03891512192009903,0.3616559094675815,1
1695.804986,grid_2478_y594_z590,474.341,591.965,589.287,94.74620222995755,0.627,-0.04819201051113775,-0.053405889483567205,0.3590380292414753,1,0.016895548250315695,-0.08216580721198584,0.36875587123382897,1,0.0824258134914678,-0.07759550682056422,0.36497232254117806,1,0.11643009913650482,-0.028164548005761923,0.3616963476978375,1,0.10976255058832159,0.03930249390635267,0.3644080024935289,1
1696.54824,grid_2479_y596_z590,474.202,594.071,589.334,96.76295598523231,0.733,-0.04614733319700639,-0.05397492143435857,0.3618284579706571,1,0.01935222747504891,-0.08347154495666817,0.37151181655703425,1,0.08350637648588666,-0.07690716043553178,0.3599391508639404,1,0.1204142723519396,-0.028965180241791417,0.37100795531676783,1,0.10896869831355822,0.03897834621397497,0.361087568829343,1
1697.193083,grid_2480_y598_z590,474.244,595.906,589.671,98.61519496000602,0.635,-0.044429869539329925,-0.054601502074257305,0.3624681298853678,1,0.020984130318839028,-0.08350797029908534,0.369352061474226,1,0.0854592167395206,-0.0774653986946651,0.36122276691911964,1,0.12211642360861519,-0.028925721980154816,0.3726765222475442,1,0.10913988902220044,0.039038850036821574,0.36106873291286135,1
1697.828781,grid_2481_y600_z590,474.271,597.976,589.333,100.49480625385573,0.626,-0.041707332907341584,-0.05405531670286878,0.36001917690785,1,0.02309633717423577,-0.08405907668022654,0.3691461307397887,1,0.08838468463824992,-0.07879311766401693,0.36528721618515003,1,0.12236292529592088,-0.028631225616096278,0.3695983839169409,1,0.11076319595627016,0.03948586307614349,0.3665545846154515,1
1698.572945,grid_2482_y602_z590,474.116,599.999,589.525,102.48342116654774,0.735,-0.039762303282887365,-0.054212424915637124,0.36010735558279316,1,0.02501464978341033,-0.0843334617982113,0.3683087748408277,1,0.08927350251062124,-0.07827521235234176,0.3615916381062713,1,0.12378224941328135,-0.028724629461225164,0.3705206573639807,1,0.10918970703731186,0.03901490120034684,0.3608142410453822,1
1699.209572,grid_2483_y604_z590,474.193,601.888,589.582,104.31253300059399,0.626,-0.03766563751506594,-0.054465686733687305,0.35993334783044734,1,0.02701644108848137,-0.08492343336571322,0.3679233235984375,1,0.09139364647254591,-0.0788399581303505,0.36265135711792,1,0.12419933457053448,-0.028227994795003243,0.3685580984512637,1,0.10921984422874023,0.038998612641954034,0.3603726069057166,1
1699.857511,grid_2484_y606_z590,474.213,603.9,589.772,106.29749621228152,0.636,-0.03533835269767057,-0.05475426043225583,0.3608876488588459,1,0.029213682975792216,-0.08530133631660174,0.3680838961513674,1,0.09308133505192974,-0.07858676977597054,0.36093873913971625,1,0.12519378680228535,-0.028074356875472366,0.3682772971313722,1,0.10945390369191943,0.03898984129133012,0.3608970329439337,1
1700.492432,grid_2485_y608_z590,474.296,605.995,589.403,108.21328248417569,0.625,-0.03309349063249934,-0.05452330263215083,0.35899783749349934,1,0.031233909333570387,-0.08588650985985492,0.36853672069506277,1,0.09596583655573829,-0.07972830811468215,0.3649301396226579,1,0.12804916245413167,-0.02827706946412309,0.37315205098518933,1,0.10971874361667433,0.039002628941525216,0.36145467929121994,1
1701.236623,grid_2486_y610_z590,474.454,607.923,589.313,110.05081349085978,0.733,-0.03067986011981889,-0.05434734097271254,0.358773478961139,1,0.03339859216247613,-0.08594582123566967,0.3672225770687726,1,0.09797983059997109,-0.07977328724317656,0.3645358942044229,1,0.12799338714000957,-0.02770189031535829,0.3690209944366542,1,0.11241870137390712,0.040004974633618615,0.36967657483891764,1
1701.893052,grid_2487_y612_z590,474.381,610.015,589.398,112.089766910276,0.646,-0.028464395273597752,-0.054116591118054044,0.35750479626155884,1,0.03564931021966765,-0.08683738519052753,0.36938796144683406,1,0.09946583803196174,-0.07953545922510472,0.3628323680169355,1,0.12833654991529653,-0.0273120044557345,0.36702656930732214,1,0.11310188581896537,0.0402351785435477,0.37164429182458447,1
1702.587599,grid_2488_y614_z590,474.485,611.911,589.374,113.91752949392817,0.683,-0.026291674499517376,-0.05483691855763806,0.36122419987999466,1,0.037988112670329074,-0.08752789510343914,0.3702231315493758,1,0.10184369928276948,-0.07999975070357605,0.3642938097619761,1,0.12962700033744673,-0.026932889443389736,0.36771802704501316,1,0.10906070117591846,0.03865618802390096,0.3569989976565303,1
1703.326926,grid_2489_y616_z590,474.383,614.161,589.095,116.02176234224333,0.729,-0.024120281146683763,-0.054601021223774124,0.35980260662642183,1,0.0398592903823501,-0.08740061895686488,0.36847259557746304,1,0.10301257726638635,-0.0793693780590036,0.3613895225487539,1,0.13402851320586293,-0.027405685367830647,0.37708839630566493,1,0.10709935122970135,0.03797519242948418,0.3503969802911816,1
1703.964353,grid_2490_y618_z590,474.316,616.123,589.251,117.9595515844309,0.627,-0.02207296436180541,-0.05454820977023874,0.35925631648854245,1,0.04152731760558266,-0.08721496469738081,0.366267126108228,1,0.10507616610962023,-0.07977655438173785,0.3626845917162326,1,0.13273645823735142,-0.026585354964678627,0.3708709728737623,1,0.10815729612631904,0.0382801235726216,0.3542134491671852,1
1704.600269,grid_2491_y620_z590,474.236,618.145,589.517,119.98304572730267,0.625,-0.019763695388245357,-0.054955880612130914,0.36022942333089575,1,0.04420416500186344,-0.08854964840084625,0.3699534093326524,1,0.10686527452427189,-0.07990941460369767,0.3618654260411916,1,0.1334465962805157,-0.02618181542529458,0.36966856448605,1,0.1101355703233865,0.03882897794189142,0.36062708114582553,1
1705.353911,grid_2492_y622_z590,474.385,619.946,589.655,121.76649598309056,0.742,-0.01759714142599092,-0.05449766181015956,0.35503675436003623,1,0.045725010018834555,-0.08831946148756889,0.3666975431319494,1,0.10948890657035748,-0.0804601133954838,0.3646052087441209,1,0.133919832086578,-0.02584945367600317,0.3682737959155595,1,0.11076599342753686,0.03924662079665804,0.3622503763472131,1
1705.993933,grid_2493_y624_z590,474.345,621.836,589.789,123.63215817901104,0.63,-0.01563812400429209,-0.05533868666552706,0.3588947694226769,1,0.04784910002446713,-0.088812204581358,0.36700880882658266,1,0.1121709056388009,-0.08107580750468475,0.366652822988564,1,0.13416047931007885,-0.025456790183914734,0.36633488029928724,1,0.1106778886517017,0.039115445306992236,0.3603576154903686,1
1706.636924,grid_2494_y626_z590,474.446,623.853,589.459,125.51634555706276,0.632,-0.013592665711830636,-0.055372046296823775,0.3603432911133627,1,0.050209060922384384,-0.0898205167851333,0.370099431388995,1,0.1136034790660208,-0.08057025034582377,0.36522461222668956,1,0.1352489417881325,-0.0250882226578302,0.36702709394568,1,0.11103738627384581,0.03910655051434313,0.36100843287065576,1
1707.288115,grid_2495_y628_z590,474.578,625.64,589.849,127.34748721902605,0.64,-0.011586727573626148,-0.05609630796744429,0.36258810977651074,1,0.052337097931467715,-0.09031433530914347,0.37029471070323094,1,0.11476720120156925,-0.08017936107512438,0.36262168942896816,1,0.1388819928896703,-0.025171276674021505,0.3732791052953905,1,0.11118052366412548,0.039192565723169856,0.3618302861512042,1
1708.031872,grid_2496_y630_z590,474.654,627.724,589.597,129.31925102242133,0.734,-0.009208974017028092,-0.055475921383872376,0.359673777841278,1,0.054809025566796656,-0.09101397400013976,0.37097283842450146,1,0.11723839931226385,-0.08048221925949292,0.3638834670536212,1,0.13788381162881683,-0.024586457970985152,0.3681202285661387,1,0.11135965492142363,0.0393860332530626,0.3628860193439352,1
1708.737971,grid_2497_y632_z590,474.895,629.599,589.277,131.08002684238366,0.696,-0.00708001174570292,-0.05476325913103093,0.3554302741143359,1,0.05645810561668228,-0.0907248880655324,0.3687584453008099,1,0.1200423615624173,-0.08107467862373625,0.3672868150835338,1,0.13766319082579886,-0.02396109027270085,0.3648009203722543,1,0.112316772256384,0.03954808115901368,0.364907944851874,1
1709.384243,grid_2498_y634_z590,474.842,631.742,589.084,133.12705392218365,0.636,-0.004866622493117019,-0.055185772955350945,0.3610095542993286,1,0.0584524587172359,-0.09063476454764488,0.3682629599485699,1,0.12109555936602061,-0.08038652679545763,0.364492370468324,1,0.13849094023402653,-0.023488564449370912,0.3647690318535036,1,0.11245355087551953,0.03945847072247425,0.3643809076549762,1
1710.131357,grid_2499_y636_z590,474.731,633.868,589.348,135.2569255934794,0.737,-0.002308258390294064,-0.054829333110577194,0.3568941829112045,1,0.06106156436606732,-0.09107377018486944,0.3689344525321137,1,0.12304290098573767,-0.08006384297354731,0.36359415685519336,1,0.14219585196778067,-0.023509313154460823,0.3713411196422736,1,0.11223296931548084,0.039528028271079284,0.36277984337779146,1
1710.780802,grid_2500_y638_z590,474.762,635.994,589.221,137.30735604839242,0.636,-0.00019716140693203755,-0.055261056926127074,0.3581596807062683,1,0.06347942052357705,-0.09194389160028509,0.37116155882214436,1,0.1250814818215295,-0.08001743916231777,0.36387492088664075,1,0.1419527298743246,-0.022936352967981737,0.3679265796251367,1,0.1112771914996316,0.03939094464036006,0.35967599809488293,1
1711.41269,grid_2501_y640_z590,475.003,637.797,589.214,139.07388192611873,0.623,0.0019023698269751415,-0.05511651139385387,0.357326266884454,1,0.065782093381221,-0.09229973386190575,0.3718070918620072,1,0.12654676697031766,-0.07962909380285624,0.363357419974497,1,0.1431247201643877,-0.02255835358398356,0.3682972168695538,1,0.11105486603621381,0.03933127272218677,0.3590970627381297,1
1712.153741,grid_2502_y642_z590,474.928,639.768,589.439,141.04646142672283,0.73,0.003907342733509649,-0.05580500072699438,0.3596568264089666,1,0.06684816589546491,-0.09123149395204114,0.36662989043145366,1,0.12854532988707423,-0.07948265470441788,0.36349358883787,1,0.14597524760985245,-0.022470935771759352,0.37371585529988127,1,0.11044541038043094,0.03917394148845431,0.3574015075716962,1
1712.791896,grid_2503_y644_z590,474.896,641.636,589.668,142.92036969585544,0.627,0.006079949509486299,-0.05655120807630393,0.3630384444164366,1,0.06944424493975355,-0.09225381266205165,0.3690367127440893,1,0.13126301472220286,-0.07991224289604017,0.3656991240287417,1,0.147641865203886,-0.022137315797047207,0.37557594602821964,1,0.11060533822184837,0.03917254483302456,0.3574080624960465,1
1713.553101,grid_2504_y646_z590,475.018,643.647,589.196,144.79620584462847,0.752,0.008326458989731056,-0.05603950764911292,0.3617049724260325,1,0.07122863374488485,-0.0919254754643509,0.36746552186472237,1,0.13329865850169792,-0.07939574517223653,0.3656506941846254,1,0.1478644475677296,-0.021494619092560802,0.373731524281174,1,0.11055099948586075,0.03908885080806364,0.35661877201007497,1
1714.296898,grid_2505_y648_z590,475.182,645.42,589.413,146.58017354676585,0.734,0.010453603946306433,-0.05558476713963549,0.35828599777007486,1,0.07331442938718737,-0.09197529518816414,0.36642306240004174,1,0.13621378496961217,-0.07957087557726887,0.3678029195076866,1,0.1461555246757372,-0.02075385511802469,0.3672286847992732,1,0.11268479120921196,0.03960743702430262,0.36323691679128256,1
1714.947735,grid_2506_y650_z590,475.199,647.444,589.778,148.63618606853447,0.641,0.012588555853013331,-0.05629551029677822,0.3601603484924266,1,0.07561672399012406,-0.09256457126254725,0.36704628560955055,1,0.1380615309653003,-0.0794301542771542,0.36761389274269113,1,0.14842177884569666,-0.02041804845231963,0.3707771620026361,1,0.11336501500035483,0.03983476235130592,0.36532564258338995,1
1715.579728,grid_2507_y652_z590,475.333,649.545,589.476,150.6397098178299,0.623,0.014872515327477399,-0.056863650269518326,0.36283166929297117,1,0.07788204256915698,-0.09281249022627977,0.3674242810753958,1,0.13888604645502492,-0.07849804424180337,0.3648642885213106,1,0.15001296204937423,-0.019978264954041418,0.37225788390795433,1,0.1138064681621935,0.04008346585099528,0.3664564650909088,1
1716.317861,grid_2508_y654_z590,475.383,651.44,589.562,152.51635610976294,0.729,0.017107094576053854,-0.05669311238005144,0.3621599709619593,1,0.08140448597878727,-0.09455799092222263,0.37376332947579527,1,0.14196596015620067,-0.07854518965868325,0.3673603156287254,1,0.15046603524501295,-0.019591372091207905,0.3707565918259216,1,0.11407134005929671,0.0402326879508089,0.3671349585954201,1
1716.953508,grid_2509_y656_z590,475.24,653.463,589.58,154.50178138455232,0.625,0.019181606060590377,-0.05651146688916224,0.3604794238240325,1,0.08353565807425918,-0.09441157028016264,0.3731254391392931,1,0.14342761583958583,-0.07815208637354958,0.3662467848889534,1,0.15100717279828785,-0.01912951196020065,0.37053885145122567,1,0.1137237852368482,0.040067764146178145,0.3655719841395612,1
1717.598013,grid_2510_y658_z590,475.198,655.673,589.134,156.5879742860224,0.634,0.021603345974262774,-0.056107050836236703,0.3610042887642043,1,0.0852313942034264,-0.09368646371065278,0.3705696911271657,1,0.14683616436737856,-0.07835395936440145,0.37010069187661665,1,0.1511838745021804,-0.018511180018334433,0.3682894822123819,1,0.11344574137888938,0.039935825102473545,0.36432160457487406,1
1718.24195,grid_2511_y660_z590,475.327,657.447,589.256,158.3566333122803,0.632,0.023812957259266094,-0.056129971596454276,0.360481383573532,1,0.08800082522800878,-0.09425099425573412,0.3725194458124283,1,0.14985904560367058,-0.07852754123215425,0.372732934622925,1,0.15344664608228686,-0.018011205358460267,0.37168068017639777,1,0.1126683853629072,0.03963958436605988,0.3615283553450846,1
